{
  "type": "FeatureCollection",
  "bbox": [
    106.30907,
    21.11113,
    106.426956,
    21.196846
  ],
  "features": [
    {
      "type": "Feature",
      "id": "10570",
      "bbox": [
        106.30907,
        21.11113,
        106.426956,
        21.196846
      ],
      "geometry": {
        "type": "MultiPolygon",
        "coordinates": [
          [
            [
              [
                106.386137,
                21.195875
              ],
              [
                106.386328,
                21.195471
              ],
              [
                106.386535,
                21.195096
              ],
              [
                106.386719,
                21.194787
              ],
              [
                106.386881,
                21.194632
              ],
              [
                106.3872,
                21.194462
              ],
              [
                106.387713,
                21.194311
              ],
              [
                106.387915,
                21.194258
              ],
              [
                106.388414,
                21.194261
              ],
              [
                106.388609,
                21.194223
              ],
              [
                106.388889,
                21.194177
              ],
              [
                106.389347,
                21.194012
              ],
              [
                106.389503,
                21.19393
              ],
              [
                106.389955,
                21.193682
              ],
              [
                106.389919,
                21.193622
              ],
              [
                106.389778,
                21.193371
              ],
              [
                106.389697,
                21.19324
              ],
              [
                106.38961,
                21.193132
              ],
              [
                106.389514,
                21.193058
              ],
              [
                106.389366,
                21.192981
              ],
              [
                106.389282,
                21.192912
              ],
              [
                106.389274,
                21.192905
              ],
              [
                106.389163,
                21.192804
              ],
              [
                106.389101,
                21.192761
              ],
              [
                106.389042,
                21.192735
              ],
              [
                106.388972,
                21.192712
              ],
              [
                106.38893,
                21.192694
              ],
              [
                106.388892,
                21.192677
              ],
              [
                106.388796,
                21.19262
              ],
              [
                106.388473,
                21.19234
              ],
              [
                106.388323,
                21.192196
              ],
              [
                106.388258,
                21.192154
              ],
              [
                106.388178,
                21.192109
              ],
              [
                106.388094,
                21.192077
              ],
              [
                106.388065,
                21.192041
              ],
              [
                106.388054,
                21.192003
              ],
              [
                106.388058,
                21.191967
              ],
              [
                106.388074,
                21.191924
              ],
              [
                106.388088,
                21.191874
              ],
              [
                106.38809,
                21.191853
              ],
              [
                106.388089,
                21.191838
              ],
              [
                106.388081,
                21.191817
              ],
              [
                106.388214,
                21.191532
              ],
              [
                106.388356,
                21.190941
              ],
              [
                106.388495,
                21.190699
              ],
              [
                106.388705,
                21.190438
              ],
              [
                106.388888,
                21.190081
              ],
              [
                106.389072,
                21.189212
              ],
              [
                106.389029,
                21.188737
              ],
              [
                106.389058,
                21.188442
              ],
              [
                106.389045,
                21.188325
              ],
              [
                106.389088,
                21.188068
              ],
              [
                106.389215,
                21.187781
              ],
              [
                106.389285,
                21.187623
              ],
              [
                106.389443,
                21.187346
              ],
              [
                106.389591,
                21.187031
              ],
              [
                106.389716,
                21.186725
              ],
              [
                106.389735,
                21.186677
              ],
              [
                106.389862,
                21.18638
              ],
              [
                106.389913,
                21.18627
              ],
              [
                106.390099,
                21.186111
              ],
              [
                106.390164,
                21.186086
              ],
              [
                106.390216,
                21.186098
              ],
              [
                106.390366,
                21.186163
              ],
              [
                106.390495,
                21.186186
              ],
              [
                106.390632,
                21.186185
              ],
              [
                106.390735,
                21.186172
              ],
              [
                106.390864,
                21.18608
              ],
              [
                106.390954,
                21.18597
              ],
              [
                106.390998,
                21.185854
              ],
              [
                106.391016,
                21.18569
              ],
              [
                106.391053,
                21.185526
              ],
              [
                106.391104,
                21.18541
              ],
              [
                106.391239,
                21.185258
              ],
              [
                106.391399,
                21.185104
              ],
              [
                106.391535,
                21.18503
              ],
              [
                106.39171,
                21.184999
              ],
              [
                106.391917,
                21.184997
              ],
              [
                106.392138,
                21.185007
              ],
              [
                106.392339,
                21.185042
              ],
              [
                106.392554,
                21.185162
              ],
              [
                106.392632,
                21.185238
              ],
              [
                106.392763,
                21.18544
              ],
              [
                106.3929,
                21.185733
              ],
              [
                106.392942,
                21.185878
              ],
              [
                106.393109,
                21.186084
              ],
              [
                106.393229,
                21.186203
              ],
              [
                106.393452,
                21.186385
              ],
              [
                106.393633,
                21.186446
              ],
              [
                106.393876,
                21.186449
              ],
              [
                106.394107,
                21.186428
              ],
              [
                106.394267,
                21.186383
              ],
              [
                106.394431,
                21.18628
              ],
              [
                106.394497,
                21.186193
              ],
              [
                106.394547,
                21.186077
              ],
              [
                106.394624,
                21.185989
              ],
              [
                106.394778,
                21.185891
              ],
              [
                106.395003,
                21.185769
              ],
              [
                106.395235,
                21.185709
              ],
              [
                106.395569,
                21.185634
              ],
              [
                106.395945,
                21.185563
              ],
              [
                106.396269,
                21.185479
              ],
              [
                106.396487,
                21.185454
              ],
              [
                106.396782,
                21.185452
              ],
              [
                106.397005,
                21.185459
              ],
              [
                106.39718,
                21.185508
              ],
              [
                106.39734,
                21.185579
              ],
              [
                106.397638,
                21.185808
              ],
              [
                106.397848,
                21.185992
              ],
              [
                106.398014,
                21.186163
              ],
              [
                106.398249,
                21.186483
              ],
              [
                106.398358,
                21.186695
              ],
              [
                106.39842,
                21.186785
              ],
              [
                106.39852,
                21.186643
              ],
              [
                106.39858,
                21.186449
              ],
              [
                106.39862,
                21.186314
              ],
              [
                106.398721,
                21.186146
              ],
              [
                106.398926,
                21.185951
              ],
              [
                106.399172,
                21.185794
              ],
              [
                106.39939,
                21.185664
              ],
              [
                106.399775,
                21.185484
              ],
              [
                106.400229,
                21.185256
              ],
              [
                106.400512,
                21.185077
              ],
              [
                106.400682,
                21.184927
              ],
              [
                106.40084,
                21.184808
              ],
              [
                106.400913,
                21.184695
              ],
              [
                106.400981,
                21.184582
              ],
              [
                106.401014,
                21.184465
              ],
              [
                106.40104,
                21.184272
              ],
              [
                106.401079,
                21.184106
              ],
              [
                106.401145,
                21.183903
              ],
              [
                106.401207,
                21.183753
              ],
              [
                106.401299,
                21.183586
              ],
              [
                106.401357,
                21.183524
              ],
              [
                106.401503,
                21.183339
              ],
              [
                106.4016,
                21.18322
              ],
              [
                106.401681,
                21.183092
              ],
              [
                106.401783,
                21.182891
              ],
              [
                106.401879,
                21.182644
              ],
              [
                106.401954,
                21.1825
              ],
              [
                106.402035,
                21.182387
              ],
              [
                106.402111,
                21.18231
              ],
              [
                106.402165,
                21.182273
              ],
              [
                106.402361,
                21.1822
              ],
              [
                106.402476,
                21.182179
              ],
              [
                106.402711,
                21.182213
              ],
              [
                106.402947,
                21.182257
              ],
              [
                106.403297,
                21.1823
              ],
              [
                106.403461,
                21.182304
              ],
              [
                106.40356,
                21.182287
              ],
              [
                106.403707,
                21.18222
              ],
              [
                106.403875,
                21.182121
              ],
              [
                106.404005,
                21.182007
              ],
              [
                106.404081,
                21.18193
              ],
              [
                106.404146,
                21.181825
              ],
              [
                106.404264,
                21.181614
              ],
              [
                106.404345,
                21.181434
              ],
              [
                106.404389,
                21.18122
              ],
              [
                106.404404,
                21.181045
              ],
              [
                106.404414,
                21.180741
              ],
              [
                106.404407,
                21.180492
              ],
              [
                106.404405,
                21.180285
              ],
              [
                106.404216,
                21.180197
              ],
              [
                106.404139,
                21.180129
              ],
              [
                106.404056,
                21.180051
              ],
              [
                106.403978,
                21.179978
              ],
              [
                106.403876,
                21.179892
              ],
              [
                106.403808,
                21.179842
              ],
              [
                106.40376,
                21.17983
              ],
              [
                106.403744,
                21.179831
              ],
              [
                106.403534,
                21.17966
              ],
              [
                106.40327,
                21.179481
              ],
              [
                106.402999,
                21.179308
              ],
              [
                106.402572,
                21.179077
              ],
              [
                106.402251,
                21.178921
              ],
              [
                106.401781,
                21.178756
              ],
              [
                106.401733,
                21.178739
              ],
              [
                106.401762,
                21.178611
              ],
              [
                106.401772,
                21.178421
              ],
              [
                106.401764,
                21.178205
              ],
              [
                106.401721,
                21.17806
              ],
              [
                106.401587,
                21.177821
              ],
              [
                106.40145,
                21.177636
              ],
              [
                106.401299,
                21.177477
              ],
              [
                106.401004,
                21.177134
              ],
              [
                106.400831,
                21.176922
              ],
              [
                106.400594,
                21.176624
              ],
              [
                106.400414,
                21.176379
              ],
              [
                106.400326,
                21.17618
              ],
              [
                106.400267,
                21.175927
              ],
              [
                106.400168,
                21.175377
              ],
              [
                106.400103,
                21.175045
              ],
              [
                106.400021,
                21.174667
              ],
              [
                106.400008,
                21.174498
              ],
              [
                106.400005,
                21.174256
              ],
              [
                106.400043,
                21.17405
              ],
              [
                106.400064,
                21.173913
              ],
              [
                106.400095,
                21.173804
              ],
              [
                106.400112,
                21.17377
              ],
              [
                106.400157,
                21.173757
              ],
              [
                106.400293,
                21.173689
              ],
              [
                106.400424,
                21.173606
              ],
              [
                106.400639,
                21.173498
              ],
              [
                106.400869,
                21.173395
              ],
              [
                106.400929,
                21.173352
              ],
              [
                106.40094,
                21.173338
              ],
              [
                106.400964,
                21.173304
              ],
              [
                106.400989,
                21.173212
              ],
              [
                106.401024,
                21.17307
              ],
              [
                106.401052,
                21.173016
              ],
              [
                106.401105,
                21.172975
              ],
              [
                106.401208,
                21.172925
              ],
              [
                106.401292,
                21.1729
              ],
              [
                106.40142,
                21.172882
              ],
              [
                106.401494,
                21.172875
              ],
              [
                106.401489,
                21.172862
              ],
              [
                106.401439,
                21.172687
              ],
              [
                106.401406,
                21.172521
              ],
              [
                106.401394,
                21.172395
              ],
              [
                106.401393,
                21.17234
              ],
              [
                106.401408,
                21.172235
              ],
              [
                106.401451,
                21.172179
              ],
              [
                106.401557,
                21.172093
              ],
              [
                106.40177,
                21.171955
              ],
              [
                106.401898,
                21.171864
              ],
              [
                106.401962,
                21.171783
              ],
              [
                106.401988,
                21.171702
              ],
              [
                106.402008,
                21.171511
              ],
              [
                106.402007,
                21.171426
              ],
              [
                106.401987,
                21.171343
              ],
              [
                106.401962,
                21.171269
              ],
              [
                106.401937,
                21.171162
              ],
              [
                106.401936,
                21.171117
              ],
              [
                106.401978,
                21.171026
              ],
              [
                106.402059,
                21.17093
              ],
              [
                106.40203,
                21.170839
              ],
              [
                106.401993,
                21.17071
              ],
              [
                106.401955,
                21.170591
              ],
              [
                106.401906,
                21.170479
              ],
              [
                106.401777,
                21.170282
              ],
              [
                106.40171,
                21.170135
              ],
              [
                106.40176,
                21.17003
              ],
              [
                106.401914,
                21.16992
              ],
              [
                106.402262,
                21.169809
              ],
              [
                106.402328,
                21.169791
              ],
              [
                106.402485,
                21.169779
              ],
              [
                106.402587,
                21.169781
              ],
              [
                106.402595,
                21.169784
              ],
              [
                106.40263,
                21.169803
              ],
              [
                106.402658,
                21.169833
              ],
              [
                106.402701,
                21.169886
              ],
              [
                106.402728,
                21.169913
              ],
              [
                106.402755,
                21.169934
              ],
              [
                106.402792,
                21.169949
              ],
              [
                106.402945,
                21.169985
              ],
              [
                106.40302,
                21.170001
              ],
              [
                106.403088,
                21.170019
              ],
              [
                106.403123,
                21.170038
              ],
              [
                106.403151,
                21.170059
              ],
              [
                106.403158,
                21.170053
              ],
              [
                106.403399,
                21.169982
              ],
              [
                106.403658,
                21.1699
              ],
              [
                106.403743,
                21.169887
              ],
              [
                106.403884,
                21.169865
              ],
              [
                106.404003,
                21.169822
              ],
              [
                106.404245,
                21.169708
              ],
              [
                106.404588,
                21.169598
              ],
              [
                106.405129,
                21.169418
              ],
              [
                106.405495,
                21.169282
              ],
              [
                106.405845,
                21.169183
              ],
              [
                106.405956,
                21.169126
              ],
              [
                106.406089,
                21.169005
              ],
              [
                106.406292,
                21.168792
              ],
              [
                106.406315,
                21.168739
              ],
              [
                106.406315,
                21.168709
              ],
              [
                106.406425,
                21.168511
              ],
              [
                106.406697,
                21.168242
              ],
              [
                106.406779,
                21.168064
              ],
              [
                106.406797,
                21.167737
              ],
              [
                106.406764,
                21.167579
              ],
              [
                106.406757,
                21.166531
              ],
              [
                106.40669,
                21.166467
              ],
              [
                106.406546,
                21.166316
              ],
              [
                106.406127,
                21.165917
              ],
              [
                106.405857,
                21.165636
              ],
              [
                106.406053,
                21.165654
              ],
              [
                106.406781,
                21.165645
              ],
              [
                106.406845,
                21.165161
              ],
              [
                106.406871,
                21.164383
              ],
              [
                106.406949,
                21.16387
              ],
              [
                106.407128,
                21.163511
              ],
              [
                106.406824,
                21.163248
              ],
              [
                106.406597,
                21.162988
              ],
              [
                106.406509,
                21.162581
              ],
              [
                106.406578,
                21.162069
              ],
              [
                106.406542,
                21.161463
              ],
              [
                106.406336,
                21.158139
              ],
              [
                106.406328,
                21.158002
              ],
              [
                106.406598,
                21.157886
              ],
              [
                106.407119,
                21.157691
              ],
              [
                106.407347,
                21.157528
              ],
              [
                106.407562,
                21.157407
              ],
              [
                106.407972,
                21.157305
              ],
              [
                106.408083,
                21.157283
              ],
              [
                106.408376,
                21.157191
              ],
              [
                106.408718,
                21.15705
              ],
              [
                106.408946,
                21.156941
              ],
              [
                106.409168,
                21.156826
              ],
              [
                106.410212,
                21.156022
              ],
              [
                106.410423,
                21.155909
              ],
              [
                106.410518,
                21.155797
              ],
              [
                106.410685,
                21.155504
              ],
              [
                106.410772,
                21.155312
              ],
              [
                106.410997,
                21.15488
              ],
              [
                106.411187,
                21.154741
              ],
              [
                106.411339,
                21.154662
              ],
              [
                106.411726,
                21.15454
              ],
              [
                106.412445,
                21.154372
              ],
              [
                106.41294,
                21.154231
              ],
              [
                106.413727,
                21.153884
              ],
              [
                106.414301,
                21.153581
              ],
              [
                106.414579,
                21.153429
              ],
              [
                106.415053,
                21.153497
              ],
              [
                106.415109,
                21.153508
              ],
              [
                106.415143,
                21.153439
              ],
              [
                106.415102,
                21.153416
              ],
              [
                106.415067,
                21.153377
              ],
              [
                106.415038,
                21.153325
              ],
              [
                106.415029,
                21.153286
              ],
              [
                106.415039,
                21.153245
              ],
              [
                106.415079,
                21.15322
              ],
              [
                106.41514,
                21.153205
              ],
              [
                106.415201,
                21.153184
              ],
              [
                106.415296,
                21.153131
              ],
              [
                106.415299,
                21.153128
              ],
              [
                106.415363,
                21.153073
              ],
              [
                106.415419,
                21.153005
              ],
              [
                106.415437,
                21.152969
              ],
              [
                106.415445,
                21.15292
              ],
              [
                106.415439,
                21.152888
              ],
              [
                106.415422,
                21.152872
              ],
              [
                106.415404,
                21.152854
              ],
              [
                106.415248,
                21.15282
              ],
              [
                106.415198,
                21.152819
              ],
              [
                106.41517,
                21.152798
              ],
              [
                106.415162,
                21.152765
              ],
              [
                106.415201,
                21.152688
              ],
              [
                106.415288,
                21.152498
              ],
              [
                106.415333,
                21.152292
              ],
              [
                106.415329,
                21.152126
              ],
              [
                106.415294,
                21.151967
              ],
              [
                106.415275,
                21.151879
              ],
              [
                106.41525,
                21.151799
              ],
              [
                106.415178,
                21.15172
              ],
              [
                106.415121,
                21.151689
              ],
              [
                106.415084,
                21.151661
              ],
              [
                106.415076,
                21.15162
              ],
              [
                106.415056,
                21.151523
              ],
              [
                106.415016,
                21.151483
              ],
              [
                106.414913,
                21.151466
              ],
              [
                106.414866,
                21.15146
              ],
              [
                106.414836,
                21.151438
              ],
              [
                106.414791,
                21.151386
              ],
              [
                106.414769,
                21.151259
              ],
              [
                106.414748,
                21.151144
              ],
              [
                106.414752,
                21.151112
              ],
              [
                106.41478,
                21.151089
              ],
              [
                106.414813,
                21.151087
              ],
              [
                106.414839,
                21.151086
              ],
              [
                106.41491,
                21.151064
              ],
              [
                106.414966,
                21.151014
              ],
              [
                106.414994,
                21.150932
              ],
              [
                106.41501,
                21.150845
              ],
              [
                106.415019,
                21.150778
              ],
              [
                106.415031,
                21.150745
              ],
              [
                106.415039,
                21.150724
              ],
              [
                106.415079,
                21.150686
              ],
              [
                106.41511,
                21.15064
              ],
              [
                106.415377,
                21.150636
              ],
              [
                106.415404,
                21.150636
              ],
              [
                106.415436,
                21.150636
              ],
              [
                106.415345,
                21.149641
              ],
              [
                106.415321,
                21.149441
              ],
              [
                106.415303,
                21.149289
              ],
              [
                106.415293,
                21.149195
              ],
              [
                106.415289,
                21.149084
              ],
              [
                106.415293,
                21.149031
              ],
              [
                106.415314,
                21.148959
              ],
              [
                106.415367,
                21.148858
              ],
              [
                106.415377,
                21.148846
              ],
              [
                106.415485,
                21.148728
              ],
              [
                106.415608,
                21.148556
              ],
              [
                106.415731,
                21.148367
              ],
              [
                106.415749,
                21.148338
              ],
              [
                106.41585,
                21.148175
              ],
              [
                106.416224,
                21.147437
              ],
              [
                106.416558,
                21.14697
              ],
              [
                106.416697,
                21.146736
              ],
              [
                106.416796,
                21.146576
              ],
              [
                106.416994,
                21.146315
              ],
              [
                106.417045,
                21.146225
              ],
              [
                106.417132,
                21.146059
              ],
              [
                106.417195,
                21.145957
              ],
              [
                106.417234,
                21.145845
              ],
              [
                106.417252,
                21.145729
              ],
              [
                106.417238,
                21.145619
              ],
              [
                106.417179,
                21.145482
              ],
              [
                106.417103,
                21.145316
              ],
              [
                106.417026,
                21.145125
              ],
              [
                106.416978,
                21.145004
              ],
              [
                106.41696,
                21.144894
              ],
              [
                106.416959,
                21.144799
              ],
              [
                106.416984,
                21.144711
              ],
              [
                106.417026,
                21.144591
              ],
              [
                106.417088,
                21.144462
              ],
              [
                106.417142,
                21.144359
              ],
              [
                106.417202,
                21.144226
              ],
              [
                106.417334,
                21.143965
              ],
              [
                106.417475,
                21.143698
              ],
              [
                106.417659,
                21.143288
              ],
              [
                106.418094,
                21.142461
              ],
              [
                106.418219,
                21.1422
              ],
              [
                106.418265,
                21.142127
              ],
              [
                106.418283,
                21.142103
              ],
              [
                106.418288,
                21.142095
              ],
              [
                106.418371,
                21.142074
              ],
              [
                106.418917,
                21.142059
              ],
              [
                106.419253,
                21.142059
              ],
              [
                106.419413,
                21.142034
              ],
              [
                106.41949,
                21.141998
              ],
              [
                106.419534,
                21.141967
              ],
              [
                106.419634,
                21.141885
              ],
              [
                106.419995,
                21.141582
              ],
              [
                106.421483,
                21.140459
              ],
              [
                106.422864,
                21.139398
              ],
              [
                106.423138,
                21.139189
              ],
              [
                106.423237,
                21.139093
              ],
              [
                106.423276,
                21.139048
              ],
              [
                106.423283,
                21.13903
              ],
              [
                106.423391,
                21.138946
              ],
              [
                106.425621,
                21.137399
              ],
              [
                106.426795,
                21.136534
              ],
              [
                106.42613,
                21.135599
              ],
              [
                106.42573,
                21.134995
              ],
              [
                106.425704,
                21.134959
              ],
              [
                106.425552,
                21.134741
              ],
              [
                106.425452,
                21.134622
              ],
              [
                106.425386,
                21.134555
              ],
              [
                106.42528,
                21.134478
              ],
              [
                106.425157,
                21.134401
              ],
              [
                106.424397,
                21.133974
              ],
              [
                106.424319,
                21.133907
              ],
              [
                106.424271,
                21.133852
              ],
              [
                106.424251,
                21.133803
              ],
              [
                106.424251,
                21.133781
              ],
              [
                106.424249,
                21.133455
              ],
              [
                106.424193,
                21.13345
              ],
              [
                106.423735,
                21.133353
              ],
              [
                106.423366,
                21.133236
              ],
              [
                106.423178,
                21.133177
              ],
              [
                106.422588,
                21.132907
              ],
              [
                106.422317,
                21.132771
              ],
              [
                106.422015,
                21.132618
              ],
              [
                106.421839,
                21.132521
              ],
              [
                106.421839,
                21.132521
              ],
              [
                106.422053,
                21.132321
              ],
              [
                106.422231,
                21.132197
              ],
              [
                106.422295,
                21.132104
              ],
              [
                106.422318,
                21.132071
              ],
              [
                106.422458,
                21.131959
              ],
              [
                106.42263,
                21.131896
              ],
              [
                106.422805,
                21.131859
              ],
              [
                106.423179,
                21.131781
              ],
              [
                106.423362,
                21.131715
              ],
              [
                106.423559,
                21.131573
              ],
              [
                106.423889,
                21.131323
              ],
              [
                106.424034,
                21.131268
              ],
              [
                106.424133,
                21.131242
              ],
              [
                106.424331,
                21.131226
              ],
              [
                106.424732,
                21.131086
              ],
              [
                106.424936,
                21.131061
              ],
              [
                106.425011,
                21.130993
              ],
              [
                106.42524,
                21.130418
              ],
              [
                106.425533,
                21.129612
              ],
              [
                106.42572,
                21.1294
              ],
              [
                106.425935,
                21.129064
              ],
              [
                106.425995,
                21.128858
              ],
              [
                106.426007,
                21.128599
              ],
              [
                106.425784,
                21.127583
              ],
              [
                106.42575,
                21.127208
              ],
              [
                106.425879,
                21.126849
              ],
              [
                106.42585,
                21.126775
              ],
              [
                106.425826,
                21.126715
              ],
              [
                106.425785,
                21.126682
              ],
              [
                106.425653,
                21.126564
              ],
              [
                106.425527,
                21.126478
              ],
              [
                106.425376,
                21.12637
              ],
              [
                106.425329,
                21.12633
              ],
              [
                106.425223,
                21.126294
              ],
              [
                106.425088,
                21.126269
              ],
              [
                106.425002,
                21.126215
              ],
              [
                106.42494,
                21.12614
              ],
              [
                106.424912,
                21.126074
              ],
              [
                106.424897,
                21.126
              ],
              [
                106.424894,
                21.125943
              ],
              [
                106.424944,
                21.125819
              ],
              [
                106.425003,
                21.12573
              ],
              [
                106.425015,
                21.125676
              ],
              [
                106.425012,
                21.125602
              ],
              [
                106.425003,
                21.125568
              ],
              [
                106.424992,
                21.125525
              ],
              [
                106.42499,
                21.125465
              ],
              [
                106.424997,
                21.125414
              ],
              [
                106.425021,
                21.12538
              ],
              [
                106.425189,
                21.12531
              ],
              [
                106.425789,
                21.125076
              ],
              [
                106.425816,
                21.125062
              ],
              [
                106.426044,
                21.124948
              ],
              [
                106.426102,
                21.124907
              ],
              [
                106.426167,
                21.12484
              ],
              [
                106.426185,
                21.124773
              ],
              [
                106.42616,
                21.124603
              ],
              [
                106.426137,
                21.124446
              ],
              [
                106.425996,
                21.124089
              ],
              [
                106.425996,
                21.124089
              ],
              [
                106.425961,
                21.124017
              ],
              [
                106.425696,
                21.12334
              ],
              [
                106.425436,
                21.122806
              ],
              [
                106.425245,
                21.122507
              ],
              [
                106.425191,
                21.122273
              ],
              [
                106.42544,
                21.122113
              ],
              [
                106.426482,
                21.122396
              ],
              [
                106.426956,
                21.122284
              ],
              [
                106.426948,
                21.121901
              ],
              [
                106.426887,
                21.121574
              ],
              [
                106.426852,
                21.121391
              ],
              [
                106.42671,
                21.121403
              ],
              [
                106.426189,
                21.121401
              ],
              [
                106.426029,
                21.121399
              ],
              [
                106.425842,
                21.121338
              ],
              [
                106.425817,
                21.121317
              ],
              [
                106.425793,
                21.121296
              ],
              [
                106.425773,
                21.121255
              ],
              [
                106.42577,
                21.121172
              ],
              [
                106.425791,
                21.12108
              ],
              [
                106.425916,
                21.120933
              ],
              [
                106.42609,
                21.120778
              ],
              [
                106.426153,
                21.1207
              ],
              [
                106.42617,
                21.120652
              ],
              [
                106.426179,
                21.120584
              ],
              [
                106.426165,
                21.120515
              ],
              [
                106.426117,
                21.12042
              ],
              [
                106.426019,
                21.120315
              ],
              [
                106.425852,
                21.120236
              ],
              [
                106.42548,
                21.120159
              ],
              [
                106.425196,
                21.120076
              ],
              [
                106.42502,
                21.11999
              ],
              [
                106.424902,
                21.119916
              ],
              [
                106.424792,
                21.119828
              ],
              [
                106.424689,
                21.119697
              ],
              [
                106.424668,
                21.119621
              ],
              [
                106.424647,
                21.119546
              ],
              [
                106.424641,
                21.119458
              ],
              [
                106.42465,
                21.119361
              ],
              [
                106.424664,
                21.1193
              ],
              [
                106.424711,
                21.119177
              ],
              [
                106.424729,
                21.119093
              ],
              [
                106.424768,
                21.118628
              ],
              [
                106.424752,
                21.118585
              ],
              [
                106.424752,
                21.118585
              ],
              [
                106.424713,
                21.118479
              ],
              [
                106.424709,
                21.11847
              ],
              [
                106.424912,
                21.118326
              ],
              [
                106.425081,
                21.118198
              ],
              [
                106.42521,
                21.118435
              ],
              [
                106.425346,
                21.118646
              ],
              [
                106.425474,
                21.118719
              ],
              [
                106.425611,
                21.11876
              ],
              [
                106.42579,
                21.118767
              ],
              [
                106.425914,
                21.118766
              ],
              [
                106.426038,
                21.118718
              ],
              [
                106.426148,
                21.118591
              ],
              [
                106.426425,
                21.117585
              ],
              [
                106.426433,
                21.117477
              ],
              [
                106.426423,
                21.117382
              ],
              [
                106.426387,
                21.117296
              ],
              [
                106.426265,
                21.117212
              ],
              [
                106.425969,
                21.1172
              ],
              [
                106.425775,
                21.11725
              ],
              [
                106.425633,
                21.117323
              ],
              [
                106.425362,
                21.117636
              ],
              [
                106.425232,
                21.117735
              ],
              [
                106.425118,
                21.117772
              ],
              [
                106.425026,
                21.117779
              ],
              [
                106.424968,
                21.117762
              ],
              [
                106.424728,
                21.117491
              ],
              [
                106.424725,
                21.117359
              ],
              [
                106.42472,
                21.117139
              ],
              [
                106.424691,
                21.117026
              ],
              [
                106.424668,
                21.116994
              ],
              [
                106.424629,
                21.116973
              ],
              [
                106.424582,
                21.116949
              ],
              [
                106.424521,
                21.116949
              ],
              [
                106.424444,
                21.116982
              ],
              [
                106.424227,
                21.117114
              ],
              [
                106.424199,
                21.117123
              ],
              [
                106.424153,
                21.117139
              ],
              [
                106.424055,
                21.117173
              ],
              [
                106.423918,
                21.117184
              ],
              [
                106.423661,
                21.117132
              ],
              [
                106.423526,
                21.117106
              ],
              [
                106.423525,
                21.117104
              ],
              [
                106.423499,
                21.117066
              ],
              [
                106.423471,
                21.117025
              ],
              [
                106.42343,
                21.116865
              ],
              [
                106.423421,
                21.116646
              ],
              [
                106.423406,
                21.116485
              ],
              [
                106.423317,
                21.116338
              ],
              [
                106.423233,
                21.116269
              ],
              [
                106.422745,
                21.116121
              ],
              [
                106.42221,
                21.115976
              ],
              [
                106.421919,
                21.115807
              ],
              [
                106.421555,
                21.115757
              ],
              [
                106.42119,
                21.115707
              ],
              [
                106.421176,
                21.115705
              ],
              [
                106.419326,
                21.11555
              ],
              [
                106.417172,
                21.115356
              ],
              [
                106.416018,
                21.11526
              ],
              [
                106.415894,
                21.115247
              ],
              [
                106.415764,
                21.115231
              ],
              [
                106.415709,
                21.115215
              ],
              [
                106.415637,
                21.115216
              ],
              [
                106.415514,
                21.115217
              ],
              [
                106.415443,
                21.115218
              ],
              [
                106.415295,
                21.114976
              ],
              [
                106.415265,
                21.114913
              ],
              [
                106.414869,
                21.114097
              ],
              [
                106.414795,
                21.113986
              ],
              [
                106.414684,
                21.113925
              ],
              [
                106.414553,
                21.113911
              ],
              [
                106.414354,
                21.113963
              ],
              [
                106.414063,
                21.114099
              ],
              [
                106.41401,
                21.114124
              ],
              [
                106.41363,
                21.11429
              ],
              [
                106.413494,
                21.114328
              ],
              [
                106.41334,
                21.114348
              ],
              [
                106.413252,
                21.114326
              ],
              [
                106.413197,
                21.114241
              ],
              [
                106.413168,
                21.114179
              ],
              [
                106.412957,
                21.113726
              ],
              [
                106.412825,
                21.113442
              ],
              [
                106.412787,
                21.11336
              ],
              [
                106.412722,
                21.113301
              ],
              [
                106.412601,
                21.113309
              ],
              [
                106.412176,
                21.113419
              ],
              [
                106.411638,
                21.113557
              ],
              [
                106.41158,
                21.113512
              ],
              [
                106.41153,
                21.113329
              ],
              [
                106.411253,
                21.112223
              ],
              [
                106.411244,
                21.112187
              ],
              [
                106.411195,
                21.112138
              ],
              [
                106.411177,
                21.112119
              ],
              [
                106.410739,
                21.111998
              ],
              [
                106.410486,
                21.111946
              ],
              [
                106.40865,
                21.111149
              ],
              [
                106.408642,
                21.11114
              ],
              [
                106.40859,
                21.11113
              ],
              [
                106.408443,
                21.111152
              ],
              [
                106.408028,
                21.111225
              ],
              [
                106.406988,
                21.111405
              ],
              [
                106.406963,
                21.11141
              ],
              [
                106.406899,
                21.111422
              ],
              [
                106.406811,
                21.111438
              ],
              [
                106.406785,
                21.111443
              ],
              [
                106.406643,
                21.111496
              ],
              [
                106.406497,
                21.111548
              ],
              [
                106.406417,
                21.111571
              ],
              [
                106.406036,
                21.111601
              ],
              [
                106.405474,
                21.111635
              ],
              [
                106.405156,
                21.111656
              ],
              [
                106.404962,
                21.111669
              ],
              [
                106.404688,
                21.111687
              ],
              [
                106.404612,
                21.111708
              ],
              [
                106.404557,
                21.111741
              ],
              [
                106.404392,
                21.111663
              ],
              [
                106.404319,
                21.111657
              ],
              [
                106.404193,
                21.111679
              ],
              [
                106.403934,
                21.111721
              ],
              [
                106.403724,
                21.111708
              ],
              [
                106.403424,
                21.111489
              ],
              [
                106.403282,
                21.111432
              ],
              [
                106.403102,
                21.111394
              ],
              [
                106.402724,
                21.111448
              ],
              [
                106.402018,
                21.111479
              ],
              [
                106.401787,
                21.111434
              ],
              [
                106.401788,
                21.111438
              ],
              [
                106.40138,
                21.111448
              ],
              [
                106.401664,
                21.112521
              ],
              [
                106.401754,
                21.112863
              ],
              [
                106.401763,
                21.112897
              ],
              [
                106.401831,
                21.113152
              ],
              [
                106.401977,
                21.113698
              ],
              [
                106.402005,
                21.113803
              ],
              [
                106.40203,
                21.113934
              ],
              [
                106.402037,
                21.113999
              ],
              [
                106.402038,
                21.114043
              ],
              [
                106.40203,
                21.114133
              ],
              [
                106.402003,
                21.114276
              ],
              [
                106.401983,
                21.114379
              ],
              [
                106.401978,
                21.114403
              ],
              [
                106.401882,
                21.114845
              ],
              [
                106.401874,
                21.114872
              ],
              [
                106.40186,
                21.114919
              ],
              [
                106.401642,
                21.115666
              ],
              [
                106.401611,
                21.115783
              ],
              [
                106.401438,
                21.116428
              ],
              [
                106.401423,
                21.116481
              ],
              [
                106.401393,
                21.116575
              ],
              [
                106.401385,
                21.116601
              ],
              [
                106.400441,
                21.119328
              ],
              [
                106.395202,
                21.116023
              ],
              [
                106.395192,
                21.116087
              ],
              [
                106.39519,
                21.116112
              ],
              [
                106.393589,
                21.115327
              ],
              [
                106.392924,
                21.11501
              ],
              [
                106.392906,
                21.115002
              ],
              [
                106.392319,
                21.114722
              ],
              [
                106.391784,
                21.114467
              ],
              [
                106.391771,
                21.114481
              ],
              [
                106.391696,
                21.114604
              ],
              [
                106.391401,
                21.114973
              ],
              [
                106.391214,
                21.115375
              ],
              [
                106.390752,
                21.115455
              ],
              [
                106.390362,
                21.115518
              ],
              [
                106.390145,
                21.115569
              ],
              [
                106.390047,
                21.115596
              ],
              [
                106.389969,
                21.11563
              ],
              [
                106.389896,
                21.115675
              ],
              [
                106.389797,
                21.115755
              ],
              [
                106.389734,
                21.115812
              ],
              [
                106.389695,
                21.115838
              ],
              [
                106.389412,
                21.115984
              ],
              [
                106.389261,
                21.116067
              ],
              [
                106.389206,
                21.116092
              ],
              [
                106.389051,
                21.116141
              ],
              [
                106.388951,
                21.116256
              ],
              [
                106.388838,
                21.116357
              ],
              [
                106.388738,
                21.116396
              ],
              [
                106.388646,
                21.116409
              ],
              [
                106.388532,
                21.116428
              ],
              [
                106.388528,
                21.116405
              ],
              [
                106.388515,
                21.116379
              ],
              [
                106.388502,
                21.116368
              ],
              [
                106.388476,
                21.116361
              ],
              [
                106.38844,
                21.11636
              ],
              [
                106.388355,
                21.116374
              ],
              [
                106.388247,
                21.116412
              ],
              [
                106.387977,
                21.116549
              ],
              [
                106.387814,
                21.116615
              ],
              [
                106.387787,
                21.116653
              ],
              [
                106.387757,
                21.116724
              ],
              [
                106.387711,
                21.116802
              ],
              [
                106.387667,
                21.116841
              ],
              [
                106.387708,
                21.117211
              ],
              [
                106.387721,
                21.117239
              ],
              [
                106.387747,
                21.117257
              ],
              [
                106.387777,
                21.117269
              ],
              [
                106.387809,
                21.117289
              ],
              [
                106.387844,
                21.117323
              ],
              [
                106.38786,
                21.11739
              ],
              [
                106.387786,
                21.11763
              ],
              [
                106.387705,
                21.117781
              ],
              [
                106.387556,
                21.117841
              ],
              [
                106.387455,
                21.117929
              ],
              [
                106.387392,
                21.118001
              ],
              [
                106.387241,
                21.118175
              ],
              [
                106.387059,
                21.118379
              ],
              [
                106.386867,
                21.118452
              ],
              [
                106.386613,
                21.118516
              ],
              [
                106.386647,
                21.118791
              ],
              [
                106.386647,
                21.118791
              ],
              [
                106.386572,
                21.11923
              ],
              [
                106.386517,
                21.119335
              ],
              [
                106.386414,
                21.11946
              ],
              [
                106.386365,
                21.119512
              ],
              [
                106.386263,
                21.119593
              ],
              [
                106.386165,
                21.119674
              ],
              [
                106.386033,
                21.119744
              ],
              [
                106.385871,
                21.119809
              ],
              [
                106.385831,
                21.11983
              ],
              [
                106.385687,
                21.119881
              ],
              [
                106.38518,
                21.120551
              ],
              [
                106.385114,
                21.120335
              ],
              [
                106.385052,
                21.120207
              ],
              [
                106.385014,
                21.120157
              ],
              [
                106.38497,
                21.120127
              ],
              [
                106.384932,
                21.120118
              ],
              [
                106.384845,
                21.120118
              ],
              [
                106.384797,
                21.120118
              ],
              [
                106.384662,
                21.120123
              ],
              [
                106.384515,
                21.120139
              ],
              [
                106.384458,
                21.120097
              ],
              [
                106.384333,
                21.119817
              ],
              [
                106.384196,
                21.119658
              ],
              [
                106.383953,
                21.119505
              ],
              [
                106.383903,
                21.119466
              ],
              [
                106.383864,
                21.119409
              ],
              [
                106.383841,
                21.11934
              ],
              [
                106.383792,
                21.119262
              ],
              [
                106.383754,
                21.11924
              ],
              [
                106.383713,
                21.119232
              ],
              [
                106.383644,
                21.119251
              ],
              [
                106.383605,
                21.119282
              ],
              [
                106.383568,
                21.119313
              ],
              [
                106.383535,
                21.119335
              ],
              [
                106.383457,
                21.119354
              ],
              [
                106.38337,
                21.119356
              ],
              [
                106.383321,
                21.119368
              ],
              [
                106.383295,
                21.11939
              ],
              [
                106.383285,
                21.119415
              ],
              [
                106.383051,
                21.119475
              ],
              [
                106.382996,
                21.119346
              ],
              [
                106.382987,
                21.11933
              ],
              [
                106.382962,
                21.119309
              ],
              [
                106.382927,
                21.119296
              ],
              [
                106.382887,
                21.119294
              ],
              [
                106.382796,
                21.119278
              ],
              [
                106.382638,
                21.119348
              ],
              [
                106.382499,
                21.119448
              ],
              [
                106.382379,
                21.119545
              ],
              [
                106.382224,
                21.119656
              ],
              [
                106.382122,
                21.119675
              ],
              [
                106.382023,
                21.119664
              ],
              [
                106.38195,
                21.11965
              ],
              [
                106.381703,
                21.119523
              ],
              [
                106.381459,
                21.119316
              ],
              [
                106.38129,
                21.119207
              ],
              [
                106.381041,
                21.119143
              ],
              [
                106.380527,
                21.119076
              ],
              [
                106.380081,
                21.119002
              ],
              [
                106.379781,
                21.118977
              ],
              [
                106.379278,
                21.119007
              ],
              [
                106.379228,
                21.11901
              ],
              [
                106.379151,
                21.119014
              ],
              [
                106.378916,
                21.119017
              ],
              [
                106.377832,
                21.118848
              ],
              [
                106.377792,
                21.118855
              ],
              [
                106.377763,
                21.118904
              ],
              [
                106.377734,
                21.118965
              ],
              [
                106.377673,
                21.118977
              ],
              [
                106.377506,
                21.118999
              ],
              [
                106.377449,
                21.119026
              ],
              [
                106.377442,
                21.119034
              ],
              [
                106.377437,
                21.119066
              ],
              [
                106.377419,
                21.11915
              ],
              [
                106.377379,
                21.119217
              ],
              [
                106.377273,
                21.119369
              ],
              [
                106.377165,
                21.119484
              ],
              [
                106.377036,
                21.119569
              ],
              [
                106.376875,
                21.119647
              ],
              [
                106.376875,
                21.119647
              ],
              [
                106.37653,
                21.119728
              ],
              [
                106.37628,
                21.119224
              ],
              [
                106.376059,
                21.11902
              ],
              [
                106.375944,
                21.119014
              ],
              [
                106.375607,
                21.118995
              ],
              [
                106.375159,
                21.119026
              ],
              [
                106.374208,
                21.119224
              ],
              [
                106.373301,
                21.119275
              ],
              [
                106.373235,
                21.119168
              ],
              [
                106.372983,
                21.118744
              ],
              [
                106.372659,
                21.11805
              ],
              [
                106.372268,
                21.117142
              ],
              [
                106.371919,
                21.117161
              ],
              [
                106.371639,
                21.117212
              ],
              [
                106.371309,
                21.11731
              ],
              [
                106.370998,
                21.117432
              ],
              [
                106.370725,
                21.117536
              ],
              [
                106.370496,
                21.117591
              ],
              [
                106.370203,
                21.117612
              ],
              [
                106.369974,
                21.117589
              ],
              [
                106.3697,
                21.117586
              ],
              [
                106.369516,
                21.117623
              ],
              [
                106.369389,
                21.117684
              ],
              [
                106.369263,
                21.117852
              ],
              [
                106.369168,
                21.117925
              ],
              [
                106.369073,
                21.117937
              ],
              [
                106.368952,
                21.11792
              ],
              [
                106.36883,
                21.117856
              ],
              [
                106.368421,
                21.117644
              ],
              [
                106.367871,
                21.117403
              ],
              [
                106.367481,
                21.117293
              ],
              [
                106.367303,
                21.117282
              ],
              [
                106.367029,
                21.117291
              ],
              [
                106.366878,
                21.117325
              ],
              [
                106.366683,
                21.117352
              ],
              [
                106.366454,
                21.117368
              ],
              [
                106.366186,
                21.117349
              ],
              [
                106.365865,
                21.117312
              ],
              [
                106.36541,
                21.117273
              ],
              [
                106.365055,
                21.117261
              ],
              [
                106.364672,
                21.117239
              ],
              [
                106.36434,
                21.117249
              ],
              [
                106.364046,
                21.117284
              ],
              [
                106.363836,
                21.117321
              ],
              [
                106.363546,
                21.117323
              ],
              [
                106.363248,
                21.117319
              ],
              [
                106.362831,
                21.117261
              ],
              [
                106.362509,
                21.117221
              ],
              [
                106.362215,
                21.11718
              ],
              [
                106.361932,
                21.117164
              ],
              [
                106.361573,
                21.117156
              ],
              [
                106.36129,
                21.11718
              ],
              [
                106.360912,
                21.117223
              ],
              [
                106.360561,
                21.117254
              ],
              [
                106.360412,
                21.11728
              ],
              [
                106.360176,
                21.117354
              ],
              [
                106.359906,
                21.117464
              ],
              [
                106.359583,
                21.117617
              ],
              [
                106.359381,
                21.117712
              ],
              [
                106.359224,
                21.117814
              ],
              [
                106.359037,
                21.117966
              ],
              [
                106.358921,
                21.118098
              ],
              [
                106.358795,
                21.118281
              ],
              [
                106.358644,
                21.1185
              ],
              [
                106.358511,
                21.118681
              ],
              [
                106.358391,
                21.118935
              ],
              [
                106.358348,
                21.119046
              ],
              [
                106.358314,
                21.119189
              ],
              [
                106.358319,
                21.11931
              ],
              [
                106.358332,
                21.119398
              ],
              [
                106.358361,
                21.119409
              ],
              [
                106.358448,
                21.119454
              ],
              [
                106.358514,
                21.119511
              ],
              [
                106.358607,
                21.119592
              ],
              [
                106.358684,
                21.119705
              ],
              [
                106.35873,
                21.119792
              ],
              [
                106.358764,
                21.119839
              ],
              [
                106.358818,
                21.119868
              ],
              [
                106.358931,
                21.119901
              ],
              [
                106.35904,
                21.119908
              ],
              [
                106.359212,
                21.119909
              ],
              [
                106.359308,
                21.119932
              ],
              [
                106.359409,
                21.119966
              ],
              [
                106.35948,
                21.120023
              ],
              [
                106.359582,
                21.120139
              ],
              [
                106.359708,
                21.120341
              ],
              [
                106.359714,
                21.120422
              ],
              [
                106.359705,
                21.120639
              ],
              [
                106.359693,
                21.1208
              ],
              [
                106.359665,
                21.120866
              ],
              [
                106.359606,
                21.120904
              ],
              [
                106.359486,
                21.12096
              ],
              [
                106.359298,
                21.12103
              ],
              [
                106.35915,
                21.121089
              ],
              [
                106.359063,
                21.121185
              ],
              [
                106.358975,
                21.121334
              ],
              [
                106.358879,
                21.121617
              ],
              [
                106.358824,
                21.121805
              ],
              [
                106.358803,
                21.121966
              ],
              [
                106.358782,
                21.122164
              ],
              [
                106.358794,
                21.122541
              ],
              [
                106.358807,
                21.122739
              ],
              [
                106.358817,
                21.122863
              ],
              [
                106.358784,
                21.122987
              ],
              [
                106.358735,
                21.123083
              ],
              [
                106.358611,
                21.12339
              ],
              [
                106.359102,
                21.124007
              ],
              [
                106.359105,
                21.12401
              ],
              [
                106.359303,
                21.124219
              ],
              [
                106.359625,
                21.124858
              ],
              [
                106.359837,
                21.125277
              ],
              [
                106.359978,
                21.12566
              ],
              [
                106.360027,
                21.126025
              ],
              [
                106.36006,
                21.126297
              ],
              [
                106.360114,
                21.126466
              ],
              [
                106.360173,
                21.12669
              ],
              [
                106.360103,
                21.127257
              ],
              [
                106.360195,
                21.127926
              ],
              [
                106.360389,
                21.128488
              ],
              [
                106.360719,
                21.128959
              ],
              [
                106.361034,
                21.129401
              ],
              [
                106.360658,
                21.130064
              ],
              [
                106.359866,
                21.130963
              ],
              [
                106.359161,
                21.132212
              ],
              [
                106.358569,
                21.133686
              ],
              [
                106.358102,
                21.134199
              ],
              [
                106.357729,
                21.13418
              ],
              [
                106.357019,
                21.134246
              ],
              [
                106.356545,
                21.134232
              ],
              [
                106.356235,
                21.134192
              ],
              [
                106.355703,
                21.134114
              ],
              [
                106.355298,
                21.134095
              ],
              [
                106.354702,
                21.134079
              ],
              [
                106.354533,
                21.134073
              ],
              [
                106.354204,
                21.134011
              ],
              [
                106.35384,
                21.133844
              ],
              [
                106.353249,
                21.133768
              ],
              [
                106.352972,
                21.133666
              ],
              [
                106.352582,
                21.133358
              ],
              [
                106.35226,
                21.133023
              ],
              [
                106.351731,
                21.132624
              ],
              [
                106.351294,
                21.132414
              ],
              [
                106.350926,
                21.132288
              ],
              [
                106.350363,
                21.132247
              ],
              [
                106.349477,
                21.132283
              ],
              [
                106.348393,
                21.132399
              ],
              [
                106.347743,
                21.132419
              ],
              [
                106.347506,
                21.132399
              ],
              [
                106.346723,
                21.132182
              ],
              [
                106.345665,
                21.131947
              ],
              [
                106.345243,
                21.131821
              ],
              [
                106.344714,
                21.131578
              ],
              [
                106.344349,
                21.13143
              ],
              [
                106.34391,
                21.131151
              ],
              [
                106.343839,
                21.131066
              ],
              [
                106.343597,
                21.130883
              ],
              [
                106.343279,
                21.130774
              ],
              [
                106.343097,
                21.130691
              ],
              [
                106.342763,
                21.130468
              ],
              [
                106.342347,
                21.13017
              ],
              [
                106.341958,
                21.129858
              ],
              [
                106.341702,
                21.129784
              ],
              [
                106.34148,
                21.129779
              ],
              [
                106.340816,
                21.130145
              ],
              [
                106.340291,
                21.130382
              ],
              [
                106.339803,
                21.130606
              ],
              [
                106.339341,
                21.130924
              ],
              [
                106.338815,
                21.131192
              ],
              [
                106.33858,
                21.131198
              ],
              [
                106.33806,
                21.131174
              ],
              [
                106.337342,
                21.131151
              ],
              [
                106.336846,
                21.131323
              ],
              [
                106.336304,
                21.131414
              ],
              [
                106.33583,
                21.131432
              ],
              [
                106.335112,
                21.131452
              ],
              [
                106.334726,
                21.131394
              ],
              [
                106.334583,
                21.131259
              ],
              [
                106.334435,
                21.130973
              ],
              [
                106.334283,
                21.130574
              ],
              [
                106.333834,
                21.130408
              ],
              [
                106.333305,
                21.130269
              ],
              [
                106.333099,
                21.130249
              ],
              [
                106.333,
                21.130275
              ],
              [
                106.332832,
                21.130365
              ],
              [
                106.332539,
                21.130407
              ],
              [
                106.332298,
                21.130388
              ],
              [
                106.332026,
                21.130375
              ],
              [
                106.33164,
                21.130303
              ],
              [
                106.331345,
                21.130209
              ],
              [
                106.330673,
                21.129995
              ],
              [
                106.330535,
                21.129915
              ],
              [
                106.330468,
                21.129801
              ],
              [
                106.330405,
                21.129653
              ],
              [
                106.3303,
                21.129517
              ],
              [
                106.330227,
                21.129443
              ],
              [
                106.330035,
                21.129337
              ],
              [
                106.329552,
                21.129175
              ],
              [
                106.329139,
                21.129129
              ],
              [
                106.328535,
                21.129028
              ],
              [
                106.328296,
                21.128921
              ],
              [
                106.327954,
                21.128773
              ],
              [
                106.327786,
                21.128749
              ],
              [
                106.327189,
                21.128693
              ],
              [
                106.326834,
                21.128681
              ],
              [
                106.326521,
                21.128694
              ],
              [
                106.326174,
                21.128758
              ],
              [
                106.32613,
                21.128777
              ],
              [
                106.326011,
                21.128824
              ],
              [
                106.325797,
                21.12888
              ],
              [
                106.325763,
                21.128887
              ],
              [
                106.325666,
                21.128887
              ],
              [
                106.323989,
                21.128996
              ],
              [
                106.32268,
                21.129004
              ],
              [
                106.322073,
                21.128993
              ],
              [
                106.321793,
                21.128925
              ],
              [
                106.321546,
                21.128835
              ],
              [
                106.321296,
                21.128732
              ],
              [
                106.321121,
                21.128683
              ],
              [
                106.320911,
                21.129126
              ],
              [
                106.320853,
                21.12936
              ],
              [
                106.320873,
                21.129373
              ],
              [
                106.320973,
                21.129466
              ],
              [
                106.321145,
                21.129646
              ],
              [
                106.321261,
                21.129758
              ],
              [
                106.321458,
                21.129902
              ],
              [
                106.321653,
                21.130015
              ],
              [
                106.321835,
                21.130114
              ],
              [
                106.321884,
                21.130134
              ],
              [
                106.321897,
                21.130139
              ],
              [
                106.321915,
                21.130146
              ],
              [
                106.322352,
                21.130509
              ],
              [
                106.32299,
                21.130919
              ],
              [
                106.323128,
                21.130892
              ],
              [
                106.323209,
                21.130927
              ],
              [
                106.323322,
                21.130977
              ],
              [
                106.323335,
                21.130983
              ],
              [
                106.323566,
                21.131107
              ],
              [
                106.323706,
                21.131185
              ],
              [
                106.323846,
                21.131262
              ],
              [
                106.32395,
                21.131384
              ],
              [
                106.323971,
                21.131498
              ],
              [
                106.323948,
                21.131534
              ],
              [
                106.323876,
                21.131581
              ],
              [
                106.323605,
                21.131662
              ],
              [
                106.323596,
                21.131671
              ],
              [
                106.323552,
                21.131713
              ],
              [
                106.323488,
                21.131835
              ],
              [
                106.323523,
                21.131907
              ],
              [
                106.323564,
                21.131935
              ],
              [
                106.3237,
                21.132027
              ],
              [
                106.323713,
                21.132043
              ],
              [
                106.323835,
                21.132188
              ],
              [
                106.324047,
                21.132405
              ],
              [
                106.324101,
                21.132426
              ],
              [
                106.324194,
                21.132425
              ],
              [
                106.324203,
                21.132428
              ],
              [
                106.324218,
                21.132425
              ],
              [
                106.324235,
                21.132425
              ],
              [
                106.324616,
                21.132357
              ],
              [
                106.324848,
                21.132215
              ],
              [
                106.324977,
                21.132132
              ],
              [
                106.325036,
                21.132115
              ],
              [
                106.325201,
                21.13209
              ],
              [
                106.32528,
                21.132082
              ],
              [
                106.325281,
                21.132082
              ],
              [
                106.325369,
                21.132056
              ],
              [
                106.325506,
                21.131998
              ],
              [
                106.325636,
                21.131971
              ],
              [
                106.325724,
                21.131989
              ],
              [
                106.325759,
                21.132024
              ],
              [
                106.325767,
                21.13211
              ],
              [
                106.325756,
                21.132193
              ],
              [
                106.325704,
                21.132276
              ],
              [
                106.325635,
                21.132348
              ],
              [
                106.325594,
                21.132424
              ],
              [
                106.325583,
                21.13251
              ],
              [
                106.325611,
                21.132642
              ],
              [
                106.325635,
                21.132753
              ],
              [
                106.325613,
                21.132843
              ],
              [
                106.32553,
                21.132912
              ],
              [
                106.32547,
                21.132916
              ],
              [
                106.325411,
                21.13292
              ],
              [
                106.325365,
                21.132884
              ],
              [
                106.325318,
                21.132806
              ],
              [
                106.32528,
                21.132745
              ],
              [
                106.325238,
                21.132738
              ],
              [
                106.325237,
                21.132738
              ],
              [
                106.325188,
                21.132772
              ],
              [
                106.325145,
                21.132815
              ],
              [
                106.325007,
                21.13291
              ],
              [
                106.324605,
                21.133196
              ],
              [
                106.324461,
                21.133387
              ],
              [
                106.324428,
                21.133477
              ],
              [
                106.324432,
                21.133574
              ],
              [
                106.324442,
                21.133598
              ],
              [
                106.324393,
                21.13364
              ],
              [
                106.324341,
                21.133688
              ],
              [
                106.32428,
                21.133794
              ],
              [
                106.324214,
                21.133917
              ],
              [
                106.324076,
                21.134149
              ],
              [
                106.323973,
                21.134297
              ],
              [
                106.323846,
                21.134428
              ],
              [
                106.323797,
                21.134463
              ],
              [
                106.323756,
                21.134473
              ],
              [
                106.323726,
                21.134471
              ],
              [
                106.323664,
                21.134428
              ],
              [
                106.323613,
                21.134394
              ],
              [
                106.323572,
                21.134398
              ],
              [
                106.323469,
                21.134437
              ],
              [
                106.323284,
                21.134522
              ],
              [
                106.323181,
                21.134581
              ],
              [
                106.32311,
                21.134606
              ],
              [
                106.322805,
                21.13474
              ],
              [
                106.322586,
                21.13482
              ],
              [
                106.322502,
                21.134844
              ],
              [
                106.322364,
                21.134855
              ],
              [
                106.322158,
                21.134895
              ],
              [
                106.321977,
                21.134938
              ],
              [
                106.321831,
                21.134983
              ],
              [
                106.321656,
                21.135071
              ],
              [
                106.321478,
                21.135181
              ],
              [
                106.321346,
                21.135234
              ],
              [
                106.321244,
                21.135261
              ],
              [
                106.321167,
                21.135311
              ],
              [
                106.321092,
                21.135358
              ],
              [
                106.321009,
                21.135376
              ],
              [
                106.320882,
                21.135387
              ],
              [
                106.320881,
                21.135287
              ],
              [
                106.320799,
                21.135166
              ],
              [
                106.320631,
                21.135084
              ],
              [
                106.320579,
                21.13507
              ],
              [
                106.320305,
                21.134994
              ],
              [
                106.320233,
                21.134975
              ],
              [
                106.320147,
                21.134923
              ],
              [
                106.319863,
                21.13475
              ],
              [
                106.319674,
                21.134636
              ],
              [
                106.31951,
                21.134452
              ],
              [
                106.319428,
                21.134513
              ],
              [
                106.319243,
                21.134649
              ],
              [
                106.319089,
                21.134762
              ],
              [
                106.318423,
                21.135253
              ],
              [
                106.317491,
                21.13594
              ],
              [
                106.318189,
                21.137205
              ],
              [
                106.320652,
                21.143218
              ],
              [
                106.321405,
                21.145602
              ],
              [
                106.322552,
                21.14841
              ],
              [
                106.32295,
                21.150938
              ],
              [
                106.322965,
                21.152611
              ],
              [
                106.322965,
                21.15267
              ],
              [
                106.3229,
                21.153045
              ],
              [
                106.322407,
                21.154824
              ],
              [
                106.322162,
                21.155385
              ],
              [
                106.321981,
                21.155849
              ],
              [
                106.320936,
                21.158682
              ],
              [
                106.320143,
                21.16036
              ],
              [
                106.319854,
                21.160971
              ],
              [
                106.318287,
                21.163881
              ],
              [
                106.31713,
                21.165585
              ],
              [
                106.316175,
                21.166437
              ],
              [
                106.314374,
                21.167975
              ],
              [
                106.313745,
                21.168906
              ],
              [
                106.312935,
                21.170944
              ],
              [
                106.312282,
                21.172831
              ],
              [
                106.312013,
                21.173941
              ],
              [
                106.311429,
                21.175414
              ],
              [
                106.310985,
                21.17663
              ],
              [
                106.31054,
                21.177666
              ],
              [
                106.310286,
                21.178298
              ],
              [
                106.309901,
                21.179246
              ],
              [
                106.309543,
                21.180488
              ],
              [
                106.309155,
                21.182704
              ],
              [
                106.30907,
                21.184897
              ],
              [
                106.309342,
                21.186714
              ],
              [
                106.309922,
                21.188483
              ],
              [
                106.31047,
                21.190019
              ],
              [
                106.311452,
                21.191611
              ],
              [
                106.311899,
                21.192178
              ],
              [
                106.312883,
                21.193086
              ],
              [
                106.313292,
                21.193438
              ],
              [
                106.31368,
                21.193598
              ],
              [
                106.314266,
                21.193632
              ],
              [
                106.314731,
                21.193659
              ],
              [
                106.315301,
                21.193551
              ],
              [
                106.315595,
                21.19341
              ],
              [
                106.316771,
                21.193055
              ],
              [
                106.320216,
                21.192275
              ],
              [
                106.322486,
                21.192082
              ],
              [
                106.322883,
                21.192099
              ],
              [
                106.324,
                21.192216
              ],
              [
                106.324118,
                21.19157
              ],
              [
                106.324215,
                21.191036
              ],
              [
                106.32434,
                21.190819
              ],
              [
                106.324427,
                21.190716
              ],
              [
                106.324497,
                21.190658
              ],
              [
                106.324531,
                21.190599
              ],
              [
                106.324539,
                21.190563
              ],
              [
                106.324541,
                21.190556
              ],
              [
                106.324536,
                21.190538
              ],
              [
                106.324527,
                21.1905
              ],
              [
                106.324518,
                21.190462
              ],
              [
                106.324455,
                21.190262
              ],
              [
                106.324425,
                21.190164
              ],
              [
                106.32436,
                21.189955
              ],
              [
                106.324294,
                21.189728
              ],
              [
                106.324278,
                21.189672
              ],
              [
                106.324173,
                21.189314
              ],
              [
                106.323913,
                21.188479
              ],
              [
                106.323886,
                21.188384
              ],
              [
                106.323809,
                21.188119
              ],
              [
                106.323733,
                21.187859
              ],
              [
                106.323509,
                21.187063
              ],
              [
                106.323254,
                21.186095
              ],
              [
                106.323071,
                21.185442
              ],
              [
                106.322712,
                21.184128
              ],
              [
                106.322704,
                21.184096
              ],
              [
                106.322702,
                21.184091
              ],
              [
                106.322752,
                21.184082
              ],
              [
                106.322753,
                21.184081
              ],
              [
                106.323436,
                21.18394
              ],
              [
                106.324138,
                21.183795
              ],
              [
                106.324266,
                21.183768
              ],
              [
                106.324837,
                21.183648
              ],
              [
                106.325046,
                21.183598
              ],
              [
                106.32533,
                21.183514
              ],
              [
                106.32534,
                21.183503
              ],
              [
                106.325911,
                21.183486
              ],
              [
                106.326294,
                21.18348
              ],
              [
                106.326587,
                21.183475
              ],
              [
                106.327771,
                21.18339
              ],
              [
                106.327776,
                21.182148
              ],
              [
                106.328277,
                21.182144
              ],
              [
                106.328358,
                21.180973
              ],
              [
                106.328864,
                21.181044
              ],
              [
                106.329131,
                21.181075
              ],
              [
                106.329409,
                21.181107
              ],
              [
                106.329912,
                21.181182
              ],
              [
                106.330151,
                21.181197
              ],
              [
                106.330801,
                21.181326
              ],
              [
                106.330892,
                21.180873
              ],
              [
                106.330923,
                21.180718
              ],
              [
                106.331052,
                21.180017
              ],
              [
                106.331057,
                21.179994
              ],
              [
                106.331283,
                21.17882
              ],
              [
                106.331412,
                21.178094
              ],
              [
                106.331495,
                21.177541
              ],
              [
                106.331491,
                21.177409
              ],
              [
                106.331475,
                21.17734
              ],
              [
                106.331442,
                21.17728
              ],
              [
                106.331523,
                21.177239
              ],
              [
                106.331594,
                21.177143
              ],
              [
                106.331618,
                21.177066
              ],
              [
                106.331721,
                21.176539
              ],
              [
                106.33194,
                21.175405
              ],
              [
                106.332013,
                21.175031
              ],
              [
                106.332025,
                21.174967
              ],
              [
                106.33205,
                21.174841
              ],
              [
                106.332379,
                21.174792
              ],
              [
                106.332814,
                21.174696
              ],
              [
                106.332848,
                21.174688
              ],
              [
                106.333581,
                21.174532
              ],
              [
                106.333932,
                21.174478
              ],
              [
                106.334096,
                21.174453
              ],
              [
                106.334161,
                21.174423
              ],
              [
                106.334612,
                21.174357
              ],
              [
                106.334658,
                21.173863
              ],
              [
                106.334814,
                21.173218
              ],
              [
                106.334772,
                21.172621
              ],
              [
                106.335995,
                21.172753
              ],
              [
                106.336219,
                21.172032
              ],
              [
                106.336525,
                21.172245
              ],
              [
                106.336986,
                21.171869
              ],
              [
                106.33746,
                21.171695
              ],
              [
                106.338422,
                21.171742
              ],
              [
                106.33838,
                21.171918
              ],
              [
                106.338724,
                21.171984
              ],
              [
                106.338519,
                21.172388
              ],
              [
                106.338943,
                21.172552
              ],
              [
                106.339224,
                21.172661
              ],
              [
                106.339678,
                21.172738
              ],
              [
                106.3399,
                21.172713
              ],
              [
                106.340218,
                21.172768
              ],
              [
                106.340509,
                21.172819
              ],
              [
                106.344132,
                21.168015
              ],
              [
                106.344629,
                21.167355
              ],
              [
                106.344575,
                21.166888
              ],
              [
                106.344495,
                21.166903
              ],
              [
                106.344224,
                21.166355
              ],
              [
                106.343886,
                21.166095
              ],
              [
                106.34394,
                21.165859
              ],
              [
                106.343978,
                21.165694
              ],
              [
                106.344144,
                21.165728
              ],
              [
                106.344227,
                21.165698
              ],
              [
                106.344232,
                21.165692
              ],
              [
                106.344353,
                21.165565
              ],
              [
                106.34456,
                21.165229
              ],
              [
                106.344699,
                21.165055
              ],
              [
                106.34487,
                21.164964
              ],
              [
                106.344991,
                21.164939
              ],
              [
                106.345118,
                21.16495
              ],
              [
                106.345265,
                21.164996
              ],
              [
                106.345426,
                21.16512
              ],
              [
                106.345676,
                21.165382
              ],
              [
                106.345833,
                21.165683
              ],
              [
                106.345879,
                21.165904
              ],
              [
                106.345939,
                21.166045
              ],
              [
                106.34611,
                21.166447
              ],
              [
                106.346185,
                21.167166
              ],
              [
                106.346356,
                21.167387
              ],
              [
                106.346636,
                21.167549
              ],
              [
                106.346963,
                21.167507
              ],
              [
                106.347197,
                21.167419
              ],
              [
                106.347384,
                21.167582
              ],
              [
                106.347383,
                21.167787
              ],
              [
                106.346793,
                21.168722
              ],
              [
                106.34583,
                21.170589
              ],
              [
                106.3454,
                21.171463
              ],
              [
                106.345351,
                21.17174
              ],
              [
                106.345445,
                21.172017
              ],
              [
                106.345724,
                21.172359
              ],
              [
                106.346269,
                21.172871
              ],
              [
                106.346802,
                21.173277
              ],
              [
                106.347181,
                21.173485
              ],
              [
                106.347427,
                21.173559
              ],
              [
                106.347701,
                21.173509
              ],
              [
                106.348282,
                21.173198
              ],
              [
                106.349132,
                21.172626
              ],
              [
                106.349374,
                21.172485
              ],
              [
                106.35014,
                21.172036
              ],
              [
                106.350781,
                21.171643
              ],
              [
                106.35125,
                21.17141
              ],
              [
                106.351369,
                21.171384
              ],
              [
                106.35246,
                21.17111
              ],
              [
                106.352806,
                21.171069
              ],
              [
                106.352872,
                21.171065
              ],
              [
                106.353317,
                21.171141
              ],
              [
                106.353839,
                21.171386
              ],
              [
                106.354655,
                21.172002
              ],
              [
                106.355121,
                21.172283
              ],
              [
                106.355668,
                21.172491
              ],
              [
                106.355871,
                21.172476
              ],
              [
                106.356056,
                21.172469
              ],
              [
                106.356291,
                21.172419
              ],
              [
                106.35645,
                21.17237
              ],
              [
                106.356583,
                21.172357
              ],
              [
                106.356705,
                21.172368
              ],
              [
                106.35696,
                21.172456
              ],
              [
                106.357222,
                21.172555
              ],
              [
                106.357356,
                21.17259
              ],
              [
                106.357573,
                21.172588
              ],
              [
                106.357732,
                21.172521
              ],
              [
                106.358157,
                21.172345
              ],
              [
                106.358494,
                21.172258
              ],
              [
                106.35899,
                21.172188
              ],
              [
                106.359028,
                21.172182
              ],
              [
                106.359289,
                21.172132
              ],
              [
                106.359587,
                21.172034
              ],
              [
                106.359955,
                21.171852
              ],
              [
                106.36014,
                21.171722
              ],
              [
                106.360388,
                21.17152
              ],
              [
                106.360502,
                21.171453
              ],
              [
                106.360616,
                21.171422
              ],
              [
                106.360788,
                21.171397
              ],
              [
                106.360967,
                21.171414
              ],
              [
                106.361082,
                21.171526
              ],
              [
                106.361224,
                21.171692
              ],
              [
                106.361333,
                21.171805
              ],
              [
                106.36152,
                21.172043
              ],
              [
                106.361726,
                21.17228
              ],
              [
                106.361899,
                21.172368
              ],
              [
                106.362035,
                21.17242
              ],
              [
                106.36217,
                21.172448
              ],
              [
                106.362291,
                21.17245
              ],
              [
                106.36246,
                21.172464
              ],
              [
                106.362566,
                21.172472
              ],
              [
                106.362729,
                21.172552
              ],
              [
                106.362979,
                21.172729
              ],
              [
                106.363588,
                21.173112
              ],
              [
                106.363982,
                21.173387
              ],
              [
                106.364097,
                21.173458
              ],
              [
                106.364282,
                21.173516
              ],
              [
                106.364757,
                21.173533
              ],
              [
                106.365471,
                21.173535
              ],
              [
                106.365564,
                21.173558
              ],
              [
                106.36554,
                21.173726
              ],
              [
                106.365506,
                21.173968
              ],
              [
                106.365493,
                21.174247
              ],
              [
                106.365465,
                21.174408
              ],
              [
                106.364477,
                21.174594
              ],
              [
                106.36452,
                21.174878
              ],
              [
                106.365024,
                21.17486
              ],
              [
                106.365029,
                21.175014
              ],
              [
                106.365214,
                21.175002
              ],
              [
                106.365214,
                21.175138
              ],
              [
                106.365551,
                21.175048
              ],
              [
                106.365785,
                21.17599
              ],
              [
                106.365314,
                21.176052
              ],
              [
                106.364823,
                21.17654
              ],
              [
                106.364775,
                21.177002
              ],
              [
                106.364535,
                21.177036
              ],
              [
                106.364476,
                21.178407
              ],
              [
                106.364779,
                21.178559
              ],
              [
                106.365144,
                21.178641
              ],
              [
                106.365246,
                21.178799
              ],
              [
                106.365242,
                21.179073
              ],
              [
                106.365843,
                21.179249
              ],
              [
                106.366169,
                21.17951
              ],
              [
                106.366602,
                21.179958
              ],
              [
                106.366669,
                21.180006
              ],
              [
                106.366871,
                21.18019
              ],
              [
                106.367413,
                21.180748
              ],
              [
                106.367841,
                21.181157
              ],
              [
                106.367848,
                21.181163
              ],
              [
                106.367971,
                21.181283
              ],
              [
                106.368231,
                21.181517
              ],
              [
                106.368336,
                21.181486
              ],
              [
                106.368768,
                21.18136
              ],
              [
                106.369203,
                21.181338
              ],
              [
                106.369265,
                21.181313
              ],
              [
                106.36947,
                21.181296
              ],
              [
                106.369517,
                21.181418
              ],
              [
                106.369738,
                21.181391
              ],
              [
                106.369977,
                21.181392
              ],
              [
                106.37001,
                21.181408
              ],
              [
                106.370177,
                21.181378
              ],
              [
                106.370323,
                21.181329
              ],
              [
                106.370517,
                21.181607
              ],
              [
                106.370444,
                21.18168
              ],
              [
                106.370434,
                21.18173
              ],
              [
                106.370476,
                21.181943
              ],
              [
                106.370524,
                21.182067
              ],
              [
                106.370604,
                21.182195
              ],
              [
                106.370112,
                21.18286
              ],
              [
                106.369974,
                21.182987
              ],
              [
                106.370025,
                21.183028
              ],
              [
                106.370079,
                21.183088
              ],
              [
                106.370093,
                21.183117
              ],
              [
                106.370101,
                21.183134
              ],
              [
                106.370118,
                21.183235
              ],
              [
                106.370082,
                21.183375
              ],
              [
                106.369852,
                21.183889
              ],
              [
                106.369802,
                21.184028
              ],
              [
                106.370035,
                21.184248
              ],
              [
                106.370078,
                21.184288
              ],
              [
                106.370138,
                21.184255
              ],
              [
                106.370537,
                21.184035
              ],
              [
                106.370635,
                21.184169
              ],
              [
                106.370838,
                21.183974
              ],
              [
                106.370855,
                21.183898
              ],
              [
                106.371048,
                21.183947
              ],
              [
                106.371011,
                21.184157
              ],
              [
                106.370991,
                21.184427
              ],
              [
                106.371036,
                21.184764
              ],
              [
                106.371072,
                21.184879
              ],
              [
                106.371317,
                21.185063
              ],
              [
                106.371674,
                21.185356
              ],
              [
                106.371947,
                21.185638
              ],
              [
                106.372079,
                21.18568
              ],
              [
                106.372256,
                21.185698
              ],
              [
                106.372381,
                21.185736
              ],
              [
                106.372457,
                21.185805
              ],
              [
                106.372548,
                21.185979
              ],
              [
                106.372684,
                21.186234
              ],
              [
                106.372751,
                21.186299
              ],
              [
                106.372878,
                21.186345
              ],
              [
                106.37306,
                21.186358
              ],
              [
                106.373242,
                21.186326
              ],
              [
                106.373469,
                21.186219
              ],
              [
                106.373617,
                21.186159
              ],
              [
                106.373696,
                21.18616
              ],
              [
                106.373779,
                21.186263
              ],
              [
                106.373821,
                21.186422
              ],
              [
                106.373859,
                21.186566
              ],
              [
                106.374054,
                21.186668
              ],
              [
                106.373569,
                21.187112
              ],
              [
                106.373351,
                21.187454
              ],
              [
                106.373419,
                21.188096
              ],
              [
                106.373463,
                21.188327
              ],
              [
                106.373553,
                21.188616
              ],
              [
                106.373115,
                21.1891
              ],
              [
                106.372884,
                21.189392
              ],
              [
                106.372817,
                21.189841
              ],
              [
                106.372871,
                21.19002
              ],
              [
                106.373016,
                21.190272
              ],
              [
                106.373161,
                21.190512
              ],
              [
                106.373366,
                21.191016
              ],
              [
                106.373462,
                21.191325
              ],
              [
                106.373534,
                21.191553
              ],
              [
                106.373582,
                21.191793
              ],
              [
                106.373655,
                21.191917
              ],
              [
                106.373779,
                21.192106
              ],
              [
                106.373852,
                21.192207
              ],
              [
                106.374078,
                21.192412
              ],
              [
                106.374162,
                21.192633
              ],
              [
                106.374164,
                21.192986
              ],
              [
                106.374151,
                21.193053
              ],
              [
                106.374116,
                21.193194
              ],
              [
                106.374052,
                21.193381
              ],
              [
                106.374015,
                21.193549
              ],
              [
                106.374003,
                21.194123
              ],
              [
                106.374017,
                21.194353
              ],
              [
                106.374091,
                21.194645
              ],
              [
                106.374108,
                21.19481
              ],
              [
                106.374129,
                21.194888
              ],
              [
                106.374175,
                21.195249
              ],
              [
                106.374204,
                21.195438
              ],
              [
                106.374441,
                21.195651
              ],
              [
                106.374593,
                21.195788
              ],
              [
                106.374639,
                21.195806
              ],
              [
                106.374754,
                21.195861
              ],
              [
                106.374826,
                21.195886
              ],
              [
                106.374968,
                21.195898
              ],
              [
                106.375082,
                21.19589
              ],
              [
                106.375225,
                21.19586
              ],
              [
                106.375367,
                21.195868
              ],
              [
                106.375493,
                21.195926
              ],
              [
                106.375694,
                21.196018
              ],
              [
                106.375919,
                21.196206
              ],
              [
                106.376052,
                21.196282
              ],
              [
                106.376308,
                21.19636
              ],
              [
                106.376558,
                21.196335
              ],
              [
                106.376797,
                21.196269
              ],
              [
                106.376876,
                21.196255
              ],
              [
                106.376876,
                21.196255
              ],
              [
                106.378097,
                21.196223
              ],
              [
                106.37811,
                21.196215
              ],
              [
                106.378386,
                21.196146
              ],
              [
                106.378511,
                21.196189
              ],
              [
                106.379272,
                21.196106
              ],
              [
                106.379554,
                21.196054
              ],
              [
                106.380317,
                21.195868
              ],
              [
                106.380654,
                21.195873
              ],
              [
                106.38096,
                21.19587
              ],
              [
                106.381372,
                21.195844
              ],
              [
                106.381381,
                21.195842
              ],
              [
                106.381435,
                21.195823
              ],
              [
                106.381485,
                21.195806
              ],
              [
                106.38152,
                21.195796
              ],
              [
                106.381576,
                21.195781
              ],
              [
                106.381611,
                21.195779
              ],
              [
                106.381643,
                21.195778
              ],
              [
                106.381738,
                21.195767
              ],
              [
                106.381805,
                21.195767
              ],
              [
                106.381848,
                21.19577
              ],
              [
                106.38186,
                21.195771
              ],
              [
                106.381919,
                21.195767
              ],
              [
                106.382204,
                21.195768
              ],
              [
                106.382334,
                21.19581
              ],
              [
                106.382472,
                21.195895
              ],
              [
                106.382578,
                21.195962
              ],
              [
                106.382628,
                21.19599
              ],
              [
                106.383064,
                21.196075
              ],
              [
                106.383578,
                21.196192
              ],
              [
                106.384435,
                21.196358
              ],
              [
                106.385202,
                21.196538
              ],
              [
                106.385516,
                21.196669
              ],
              [
                106.385559,
                21.196674
              ],
              [
                106.385652,
                21.196704
              ],
              [
                106.385742,
                21.196755
              ],
              [
                106.385772,
                21.196775
              ],
              [
                106.385817,
                21.196791
              ],
              [
                106.385862,
                21.196807
              ],
              [
                106.385948,
                21.196846
              ],
              [
                106.385993,
                21.196381
              ],
              [
                106.386137,
                21.195875
              ],
              [
                106.386137,
                21.195875
              ]
            ]
          ]
        ]
      },
      "properties": {
        "code": "10570",
        "name": "Trần Hưng Đạo",
        "nameEn": "Tran Hung Dao",
        "fullName": "Phường Trần Hưng Đạo",
        "fullNameEn": "Tran Hung Dao Ward",
        "codeName": "tran_hung_dao",
        "postalCode": "03528",
        "postalCodePrefix": "",
        "gisServerId": "diaphanhanhchinhcapxa_2025.871",
        "areaKm2": 66.89
      }
    }
  ]
}