{
  "type": "FeatureCollection",
  "bbox": [
    106.404963,
    21.064202,
    106.490287,
    21.180444
  ],
  "features": [
    {
      "type": "Feature",
      "id": "10573",
      "bbox": [
        106.404963,
        21.064202,
        106.490287,
        21.180444
      ],
      "geometry": {
        "type": "MultiPolygon",
        "coordinates": [
          [
            [
              [
                106.489141,
                21.18041
              ],
              [
                106.489326,
                21.180382
              ],
              [
                106.489506,
                21.180355
              ],
              [
                106.489505,
                21.18032
              ],
              [
                106.489562,
                21.180248
              ],
              [
                106.48982,
                21.179945
              ],
              [
                106.489933,
                21.179786
              ],
              [
                106.490134,
                21.179512
              ],
              [
                106.490209,
                21.179392
              ],
              [
                106.490262,
                21.178928
              ],
              [
                106.490287,
                21.178591
              ],
              [
                106.490273,
                21.17848
              ],
              [
                106.490218,
                21.178337
              ],
              [
                106.49014,
                21.178209
              ],
              [
                106.490079,
                21.17815
              ],
              [
                106.489964,
                21.1781
              ],
              [
                106.489794,
                21.178015
              ],
              [
                106.489733,
                21.177971
              ],
              [
                106.489675,
                21.177897
              ],
              [
                106.489581,
                21.17773
              ],
              [
                106.489483,
                21.177504
              ],
              [
                106.489424,
                21.177373
              ],
              [
                106.489346,
                21.177168
              ],
              [
                106.489265,
                21.176998
              ],
              [
                106.489232,
                21.176912
              ],
              [
                106.489195,
                21.176718
              ],
              [
                106.489149,
                21.176539
              ],
              [
                106.489091,
                21.176474
              ],
              [
                106.488953,
                21.17638
              ],
              [
                106.488722,
                21.176238
              ],
              [
                106.488526,
                21.176123
              ],
              [
                106.488424,
                21.176035
              ],
              [
                106.488273,
                21.175902
              ],
              [
                106.488067,
                21.175691
              ],
              [
                106.487774,
                21.17538
              ],
              [
                106.487478,
                21.175102
              ],
              [
                106.48716,
                21.174827
              ],
              [
                106.487117,
                21.174738
              ],
              [
                106.487097,
                21.174645
              ],
              [
                106.487095,
                21.174424
              ],
              [
                106.4871,
                21.174129
              ],
              [
                106.487069,
                21.173778
              ],
              [
                106.487015,
                21.173653
              ],
              [
                106.486947,
                21.173539
              ],
              [
                106.486826,
                21.173356
              ],
              [
                106.486618,
                21.17316
              ],
              [
                106.486455,
                21.173017
              ],
              [
                106.486412,
                21.172938
              ],
              [
                106.486411,
                21.172883
              ],
              [
                106.486432,
                21.17283
              ],
              [
                106.486619,
                21.172582
              ],
              [
                106.486764,
                21.17239
              ],
              [
                106.486969,
                21.172158
              ],
              [
                106.48717,
                21.171988
              ],
              [
                106.487295,
                21.171898
              ],
              [
                106.487522,
                21.171775
              ],
              [
                106.487679,
                21.171708
              ],
              [
                106.487822,
                21.17165
              ],
              [
                106.487944,
                21.171551
              ],
              [
                106.488023,
                21.171425
              ],
              [
                106.488057,
                21.17132
              ],
              [
                106.488074,
                21.171188
              ],
              [
                106.488115,
                21.171082
              ],
              [
                106.488287,
                21.170798
              ],
              [
                106.488472,
                21.170405
              ],
              [
                106.488648,
                21.170062
              ],
              [
                106.488733,
                21.169808
              ],
              [
                106.488756,
                21.169689
              ],
              [
                106.488737,
                21.169509
              ],
              [
                106.488728,
                21.169331
              ],
              [
                106.488738,
                21.169262
              ],
              [
                106.488789,
                21.169133
              ],
              [
                106.488844,
                21.168692
              ],
              [
                106.48884,
                21.168607
              ],
              [
                106.488828,
                21.168508
              ],
              [
                106.48877,
                21.168259
              ],
              [
                106.488725,
                21.16797
              ],
              [
                106.488653,
                21.167767
              ],
              [
                106.488645,
                21.167708
              ],
              [
                106.488659,
                21.167658
              ],
              [
                106.488711,
                21.167595
              ],
              [
                106.488741,
                21.167516
              ],
              [
                106.488786,
                21.167427
              ],
              [
                106.488839,
                21.167257
              ],
              [
                106.488868,
                21.167063
              ],
              [
                106.488855,
                21.166911
              ],
              [
                106.488807,
                21.166729
              ],
              [
                106.488754,
                21.166558
              ],
              [
                106.488663,
                21.166391
              ],
              [
                106.488623,
                21.166279
              ],
              [
                106.488578,
                21.16602
              ],
              [
                106.488518,
                21.165832
              ],
              [
                106.488356,
                21.165574
              ],
              [
                106.488211,
                21.165299
              ],
              [
                106.488136,
                21.165219
              ],
              [
                106.488136,
                21.165219
              ],
              [
                106.487644,
                21.164638
              ],
              [
                106.487539,
                21.164509
              ],
              [
                106.487144,
                21.16401
              ],
              [
                106.486925,
                21.16374
              ],
              [
                106.486517,
                21.163088
              ],
              [
                106.486136,
                21.162653
              ],
              [
                106.485997,
                21.162431
              ],
              [
                106.485892,
                21.162283
              ],
              [
                106.485737,
                21.162123
              ],
              [
                106.485433,
                21.161901
              ],
              [
                106.485341,
                21.161825
              ],
              [
                106.484966,
                21.16161
              ],
              [
                106.48473,
                21.161496
              ],
              [
                106.484482,
                21.161377
              ],
              [
                106.484224,
                21.161246
              ],
              [
                106.48406,
                21.16115
              ],
              [
                106.484023,
                21.161129
              ],
              [
                106.483875,
                21.161004
              ],
              [
                106.483799,
                21.160949
              ],
              [
                106.483696,
                21.16086
              ],
              [
                106.483622,
                21.160783
              ],
              [
                106.48355,
                21.160699
              ],
              [
                106.483472,
                21.160644
              ],
              [
                106.483388,
                21.160605
              ],
              [
                106.48328,
                21.160571
              ],
              [
                106.48315,
                21.160504
              ],
              [
                106.483003,
                21.160373
              ],
              [
                106.482978,
                21.160293
              ],
              [
                106.482948,
                21.160198
              ],
              [
                106.482946,
                21.159968
              ],
              [
                106.48297,
                21.15971
              ],
              [
                106.483085,
                21.159368
              ],
              [
                106.483174,
                21.159066
              ],
              [
                106.483404,
                21.15871
              ],
              [
                106.48304,
                21.158426
              ],
              [
                106.482762,
                21.158195
              ],
              [
                106.482572,
                21.157964
              ],
              [
                106.482561,
                21.157917
              ],
              [
                106.482493,
                21.157598
              ],
              [
                106.482434,
                21.157436
              ],
              [
                106.48245,
                21.157409
              ],
              [
                106.482486,
                21.157313
              ],
              [
                106.482525,
                21.157194
              ],
              [
                106.482648,
                21.156979
              ],
              [
                106.482686,
                21.156896
              ],
              [
                106.482689,
                21.156838
              ],
              [
                106.482688,
                21.156749
              ],
              [
                106.482664,
                21.156655
              ],
              [
                106.4826,
                21.156466
              ],
              [
                106.482464,
                21.15617
              ],
              [
                106.482413,
                21.15607
              ],
              [
                106.482361,
                21.155994
              ],
              [
                106.482218,
                21.155836
              ],
              [
                106.482125,
                21.15571
              ],
              [
                106.482035,
                21.155542
              ],
              [
                106.481995,
                21.155397
              ],
              [
                106.481977,
                21.155291
              ],
              [
                106.481967,
                21.155154
              ],
              [
                106.481966,
                21.155053
              ],
              [
                106.481934,
                21.154931
              ],
              [
                106.481886,
                21.154756
              ],
              [
                106.481843,
                21.154567
              ],
              [
                106.481851,
                21.154471
              ],
              [
                106.481867,
                21.154388
              ],
              [
                106.481896,
                21.154311
              ],
              [
                106.481927,
                21.154224
              ],
              [
                106.481875,
                21.154209
              ],
              [
                106.48182,
                21.154176
              ],
              [
                106.481764,
                21.154132
              ],
              [
                106.481732,
                21.154067
              ],
              [
                106.481708,
                21.154002
              ],
              [
                106.481683,
                21.153895
              ],
              [
                106.48167,
                21.15387
              ],
              [
                106.481653,
                21.153843
              ],
              [
                106.481621,
                21.153822
              ],
              [
                106.481303,
                21.152746
              ],
              [
                106.481174,
                21.15231
              ],
              [
                106.481163,
                21.152272
              ],
              [
                106.481143,
                21.152152
              ],
              [
                106.481095,
                21.151861
              ],
              [
                106.480987,
                21.151228
              ],
              [
                106.480804,
                21.15058
              ],
              [
                106.480635,
                21.150555
              ],
              [
                106.480453,
                21.150512
              ],
              [
                106.480338,
                21.150485
              ],
              [
                106.480232,
                21.150438
              ],
              [
                106.480152,
                21.150364
              ],
              [
                106.480112,
                21.150288
              ],
              [
                106.480057,
                21.150216
              ],
              [
                106.480001,
                21.150171
              ],
              [
                106.479958,
                21.150156
              ],
              [
                106.47987,
                21.150151
              ],
              [
                106.479728,
                21.150173
              ],
              [
                106.4795,
                21.150202
              ],
              [
                106.479353,
                21.150226
              ],
              [
                106.479356,
                21.150203
              ],
              [
                106.47934,
                21.150148
              ],
              [
                106.479333,
                21.150137
              ],
              [
                106.479223,
                21.149929
              ],
              [
                106.479217,
                21.149911
              ],
              [
                106.47919,
                21.149844
              ],
              [
                106.479136,
                21.149682
              ],
              [
                106.47909,
                21.149522
              ],
              [
                106.479077,
                21.149385
              ],
              [
                106.479107,
                21.149196
              ],
              [
                106.479109,
                21.14918
              ],
              [
                106.479145,
                21.148798
              ],
              [
                106.47914,
                21.148692
              ],
              [
                106.479131,
                21.14854
              ],
              [
                106.479041,
                21.148106
              ],
              [
                106.479031,
                21.148042
              ],
              [
                106.479,
                21.147859
              ],
              [
                106.478994,
                21.14782
              ],
              [
                106.47895,
                21.147467
              ],
              [
                106.478925,
                21.147352
              ],
              [
                106.478837,
                21.14695
              ],
              [
                106.478776,
                21.146636
              ],
              [
                106.478749,
                21.146236
              ],
              [
                106.478695,
                21.145757
              ],
              [
                106.478681,
                21.145629
              ],
              [
                106.478642,
                21.145273
              ],
              [
                106.478638,
                21.145236
              ],
              [
                106.478609,
                21.145115
              ],
              [
                106.478856,
                21.145058
              ],
              [
                106.479179,
                21.144991
              ],
              [
                106.479441,
                21.144986
              ],
              [
                106.47965,
                21.145003
              ],
              [
                106.480159,
                21.1451
              ],
              [
                106.480368,
                21.145139
              ],
              [
                106.480722,
                21.145231
              ],
              [
                106.48083,
                21.145263
              ],
              [
                106.480914,
                21.145315
              ],
              [
                106.481033,
                21.145417
              ],
              [
                106.481135,
                21.145487
              ],
              [
                106.481238,
                21.145537
              ],
              [
                106.481491,
                21.145644
              ],
              [
                106.481708,
                21.14569
              ],
              [
                106.481932,
                21.145696
              ],
              [
                106.482075,
                21.145673
              ],
              [
                106.482229,
                21.145566
              ],
              [
                106.482517,
                21.145337
              ],
              [
                106.482793,
                21.14515
              ],
              [
                106.482854,
                21.145128
              ],
              [
                106.482945,
                21.145127
              ],
              [
                106.483198,
                21.145171
              ],
              [
                106.483372,
                21.145224
              ],
              [
                106.483418,
                21.145232
              ],
              [
                106.483738,
                21.145237
              ],
              [
                106.483773,
                21.144959
              ],
              [
                106.483783,
                21.144881
              ],
              [
                106.483786,
                21.144857
              ],
              [
                106.48389,
                21.14376
              ],
              [
                106.483952,
                21.143234
              ],
              [
                106.483989,
                21.142909
              ],
              [
                106.484052,
                21.142505
              ],
              [
                106.48413,
                21.141995
              ],
              [
                106.48417,
                21.14151
              ],
              [
                106.484199,
                21.141152
              ],
              [
                106.484275,
                21.140722
              ],
              [
                106.484287,
                21.140621
              ],
              [
                106.484295,
                21.14055
              ],
              [
                106.483866,
                21.140502
              ],
              [
                106.483705,
                21.139821
              ],
              [
                106.483805,
                21.1396
              ],
              [
                106.483974,
                21.139227
              ],
              [
                106.484618,
                21.138086
              ],
              [
                106.484554,
                21.137606
              ],
              [
                106.484548,
                21.137564
              ],
              [
                106.484544,
                21.137551
              ],
              [
                106.484531,
                21.137528
              ],
              [
                106.484475,
                21.137468
              ],
              [
                106.484335,
                21.137336
              ],
              [
                106.484111,
                21.137122
              ],
              [
                106.483763,
                21.136827
              ],
              [
                106.483631,
                21.136675
              ],
              [
                106.483209,
                21.136189
              ],
              [
                106.482722,
                21.135642
              ],
              [
                106.482626,
                21.135522
              ],
              [
                106.482529,
                21.135402
              ],
              [
                106.482231,
                21.134864
              ],
              [
                106.482109,
                21.134667
              ],
              [
                106.482071,
                21.134643
              ],
              [
                106.481995,
                21.134201
              ],
              [
                106.481907,
                21.133831
              ],
              [
                106.482417,
                21.133491
              ],
              [
                106.48294,
                21.132822
              ],
              [
                106.483297,
                21.132297
              ],
              [
                106.483739,
                21.131729
              ],
              [
                106.484249,
                21.130991
              ],
              [
                106.484377,
                21.130805
              ],
              [
                106.484211,
                21.130415
              ],
              [
                106.48402,
                21.130124
              ],
              [
                106.48398,
                21.130065
              ],
              [
                106.483736,
                21.129797
              ],
              [
                106.48353,
                21.129555
              ],
              [
                106.483448,
                21.12947
              ],
              [
                106.48333,
                21.129408
              ],
              [
                106.483243,
                21.129376
              ],
              [
                106.483105,
                21.129363
              ],
              [
                106.482957,
                21.129364
              ],
              [
                106.482794,
                21.129361
              ],
              [
                106.482585,
                21.129319
              ],
              [
                106.48236,
                21.129235
              ],
              [
                106.481991,
                21.129066
              ],
              [
                106.481715,
                21.128916
              ],
              [
                106.481576,
                21.128783
              ],
              [
                106.481483,
                21.12861
              ],
              [
                106.481391,
                21.128274
              ],
              [
                106.481376,
                21.128066
              ],
              [
                106.481387,
                21.127937
              ],
              [
                106.481402,
                21.127854
              ],
              [
                106.481449,
                21.127783
              ],
              [
                106.481547,
                21.127656
              ],
              [
                106.48161,
                21.127584
              ],
              [
                106.481686,
                21.127511
              ],
              [
                106.481746,
                21.127429
              ],
              [
                106.481802,
                21.127343
              ],
              [
                106.481839,
                21.127228
              ],
              [
                106.481835,
                21.127144
              ],
              [
                106.481804,
                21.127049
              ],
              [
                106.481755,
                21.126987
              ],
              [
                106.48167,
                21.126938
              ],
              [
                106.481553,
                21.126901
              ],
              [
                106.481441,
                21.126897
              ],
              [
                106.48128,
                21.126924
              ],
              [
                106.481148,
                21.126947
              ],
              [
                106.480998,
                21.126965
              ],
              [
                106.480914,
                21.126961
              ],
              [
                106.480823,
                21.126922
              ],
              [
                106.480786,
                21.126898
              ],
              [
                106.480714,
                21.126853
              ],
              [
                106.48068,
                21.126835
              ],
              [
                106.48066,
                21.126825
              ],
              [
                106.480584,
                21.126804
              ],
              [
                106.480505,
                21.126805
              ],
              [
                106.480403,
                21.12681
              ],
              [
                106.480291,
                21.126821
              ],
              [
                106.480166,
                21.126848
              ],
              [
                106.480016,
                21.126888
              ],
              [
                106.479971,
                21.12691
              ],
              [
                106.479869,
                21.12693
              ],
              [
                106.4798,
                21.126925
              ],
              [
                106.479726,
                21.126893
              ],
              [
                106.479654,
                21.126817
              ],
              [
                106.479581,
                21.126619
              ],
              [
                106.479331,
                21.126105
              ],
              [
                106.479174,
                21.125882
              ],
              [
                106.479016,
                21.125687
              ],
              [
                106.478911,
                21.125585
              ],
              [
                106.478739,
                21.125498
              ],
              [
                106.478502,
                21.125417
              ],
              [
                106.478111,
                21.125303
              ],
              [
                106.477924,
                21.12525
              ],
              [
                106.477789,
                21.125193
              ],
              [
                106.477671,
                21.125106
              ],
              [
                106.477614,
                21.125016
              ],
              [
                106.477554,
                21.124885
              ],
              [
                106.477488,
                21.124689
              ],
              [
                106.47742,
                21.124405
              ],
              [
                106.477314,
                21.124013
              ],
              [
                106.477312,
                21.124007
              ],
              [
                106.477312,
                21.124006
              ],
              [
                106.477231,
                21.12378
              ],
              [
                106.477168,
                21.1237
              ],
              [
                106.477085,
                21.123624
              ],
              [
                106.476988,
                21.123575
              ],
              [
                106.476876,
                21.123554
              ],
              [
                106.476759,
                21.123583
              ],
              [
                106.476619,
                21.12368
              ],
              [
                106.476313,
                21.124006
              ],
              [
                106.476311,
                21.124007
              ],
              [
                106.476305,
                21.124013
              ],
              [
                106.476219,
                21.12409
              ],
              [
                106.475985,
                21.124147
              ],
              [
                106.475901,
                21.124133
              ],
              [
                106.475768,
                21.124112
              ],
              [
                106.475552,
                21.124013
              ],
              [
                106.475535,
                21.124006
              ],
              [
                106.475464,
                21.123947
              ],
              [
                106.475357,
                21.123813
              ],
              [
                106.475264,
                21.123642
              ],
              [
                106.47519,
                21.123442
              ],
              [
                106.475167,
                21.123251
              ],
              [
                106.475175,
                21.123019
              ],
              [
                106.475163,
                21.122808
              ],
              [
                106.475098,
                21.122643
              ],
              [
                106.475047,
                21.122557
              ],
              [
                106.474924,
                21.122529
              ],
              [
                106.474822,
                21.122543
              ],
              [
                106.474717,
                21.12261
              ],
              [
                106.474591,
                21.122697
              ],
              [
                106.474377,
                21.122788
              ],
              [
                106.474187,
                21.122803
              ],
              [
                106.47389,
                21.122766
              ],
              [
                106.47372,
                21.122696
              ],
              [
                106.473367,
                21.122493
              ],
              [
                106.473274,
                21.122326
              ],
              [
                106.473265,
                21.122229
              ],
              [
                106.473303,
                21.122168
              ],
              [
                106.473454,
                21.122092
              ],
              [
                106.473732,
                21.122029
              ],
              [
                106.473879,
                21.121924
              ],
              [
                106.473977,
                21.121784
              ],
              [
                106.47399,
                21.121694
              ],
              [
                106.474006,
                21.121583
              ],
              [
                106.473966,
                21.121446
              ],
              [
                106.47391,
                21.121351
              ],
              [
                106.473803,
                21.121244
              ],
              [
                106.473643,
                21.121148
              ],
              [
                106.47343,
                21.121031
              ],
              [
                106.4733,
                21.120894
              ],
              [
                106.473263,
                21.120837
              ],
              [
                106.473139,
                21.120535
              ],
              [
                106.473118,
                21.120158
              ],
              [
                106.473098,
                21.119865
              ],
              [
                106.473031,
                21.119535
              ],
              [
                106.472903,
                21.119285
              ],
              [
                106.472826,
                21.119136
              ],
              [
                106.47273,
                21.119022
              ],
              [
                106.472566,
                21.118866
              ],
              [
                106.472195,
                21.118631
              ],
              [
                106.471932,
                21.118523
              ],
              [
                106.471767,
                21.118503
              ],
              [
                106.471608,
                21.118528
              ],
              [
                106.471348,
                21.118603
              ],
              [
                106.471076,
                21.11872
              ],
              [
                106.470847,
                21.118773
              ],
              [
                106.470617,
                21.11878
              ],
              [
                106.470477,
                21.118742
              ],
              [
                106.470179,
                21.118617
              ],
              [
                106.470166,
                21.118612
              ],
              [
                106.469837,
                21.118459
              ],
              [
                106.469737,
                21.118395
              ],
              [
                106.46966,
                21.118336
              ],
              [
                106.469506,
                21.118181
              ],
              [
                106.469326,
                21.118041
              ],
              [
                106.46911,
                21.117956
              ],
              [
                106.468897,
                21.11791
              ],
              [
                106.468723,
                21.117901
              ],
              [
                106.468619,
                21.117905
              ],
              [
                106.468476,
                21.117936
              ],
              [
                106.468428,
                21.117952
              ],
              [
                106.468292,
                21.11797
              ],
              [
                106.468217,
                21.11797
              ],
              [
                106.468133,
                21.117961
              ],
              [
                106.468039,
                21.117946
              ],
              [
                106.467862,
                21.117892
              ],
              [
                106.467697,
                21.117846
              ],
              [
                106.467434,
                21.117799
              ],
              [
                106.467245,
                21.117772
              ],
              [
                106.46709,
                21.117729
              ],
              [
                106.467025,
                21.117698
              ],
              [
                106.466999,
                21.11768
              ],
              [
                106.4668,
                21.11755
              ],
              [
                106.466615,
                21.117373
              ],
              [
                106.466427,
                21.11717
              ],
              [
                106.466154,
                21.116945
              ],
              [
                106.466078,
                21.116883
              ],
              [
                106.465813,
                21.116742
              ],
              [
                106.465656,
                21.116686
              ],
              [
                106.465197,
                21.116618
              ],
              [
                106.464904,
                21.116596
              ],
              [
                106.464531,
                21.116632
              ],
              [
                106.464036,
                21.116753
              ],
              [
                106.463847,
                21.116765
              ],
              [
                106.46369,
                21.11676
              ],
              [
                106.463516,
                21.116707
              ],
              [
                106.463281,
                21.116573
              ],
              [
                106.462894,
                21.116221
              ],
              [
                106.462603,
                21.116
              ],
              [
                106.462552,
                21.115971
              ],
              [
                106.462482,
                21.115943
              ],
              [
                106.462391,
                21.115931
              ],
              [
                106.462257,
                21.115926
              ],
              [
                106.46215,
                21.115931
              ],
              [
                106.461539,
                21.115939
              ],
              [
                106.461024,
                21.115918
              ],
              [
                106.460503,
                21.115852
              ],
              [
                106.460091,
                21.115815
              ],
              [
                106.459838,
                21.11582
              ],
              [
                106.459548,
                21.115868
              ],
              [
                106.459278,
                21.115952
              ],
              [
                106.459121,
                21.116022
              ],
              [
                106.459048,
                21.116093
              ],
              [
                106.459019,
                21.116161
              ],
              [
                106.458994,
                21.116261
              ],
              [
                106.459021,
                21.116446
              ],
              [
                106.459123,
                21.116946
              ],
              [
                106.459217,
                21.117192
              ],
              [
                106.459238,
                21.117296
              ],
              [
                106.45924,
                21.117371
              ],
              [
                106.459208,
                21.117457
              ],
              [
                106.459104,
                21.117531
              ],
              [
                106.458913,
                21.117642
              ],
              [
                106.45856,
                21.117823
              ],
              [
                106.458422,
                21.117948
              ],
              [
                106.458233,
                21.118269
              ],
              [
                106.458119,
                21.118556
              ],
              [
                106.458108,
                21.118691
              ],
              [
                106.458111,
                21.118834
              ],
              [
                106.458182,
                21.119217
              ],
              [
                106.458238,
                21.119424
              ],
              [
                106.458246,
                21.119533
              ],
              [
                106.458244,
                21.11963
              ],
              [
                106.458228,
                21.119681
              ],
              [
                106.458188,
                21.119729
              ],
              [
                106.458118,
                21.119777
              ],
              [
                106.458041,
                21.119808
              ],
              [
                106.457958,
                21.119825
              ],
              [
                106.457878,
                21.119828
              ],
              [
                106.45776,
                21.1198
              ],
              [
                106.457685,
                21.119768
              ],
              [
                106.457565,
                21.1197
              ],
              [
                106.45732,
                21.119453
              ],
              [
                106.457214,
                21.119337
              ],
              [
                106.457145,
                21.119224
              ],
              [
                106.457086,
                21.119087
              ],
              [
                106.457058,
                21.118943
              ],
              [
                106.457028,
                21.11868
              ],
              [
                106.457014,
                21.118527
              ],
              [
                106.456991,
                21.118453
              ],
              [
                106.456872,
                21.118225
              ],
              [
                106.456872,
                21.118225
              ],
              [
                106.456755,
                21.118077
              ],
              [
                106.456755,
                21.118077
              ],
              [
                106.456422,
                21.117734
              ],
              [
                106.456281,
                21.11761
              ],
              [
                106.456144,
                21.117538
              ],
              [
                106.456067,
                21.117497
              ],
              [
                106.455868,
                21.117441
              ],
              [
                106.455751,
                21.117444
              ],
              [
                106.455634,
                21.117447
              ],
              [
                106.45545,
                21.117514
              ],
              [
                106.455142,
                21.117645
              ],
              [
                106.454943,
                21.117777
              ],
              [
                106.454943,
                21.117777
              ],
              [
                106.454807,
                21.117907
              ],
              [
                106.454517,
                21.118153
              ],
              [
                106.454251,
                21.118401
              ],
              [
                106.454251,
                21.118401
              ],
              [
                106.454099,
                21.118526
              ],
              [
                106.454063,
                21.118535
              ],
              [
                106.454009,
                21.11855
              ],
              [
                106.453931,
                21.118549
              ],
              [
                106.453864,
                21.118543
              ],
              [
                106.4537,
                21.118504
              ],
              [
                106.453417,
                21.11843
              ],
              [
                106.453296,
                21.118403
              ],
              [
                106.453145,
                21.118405
              ],
              [
                106.452955,
                21.118463
              ],
              [
                106.452663,
                21.118599
              ],
              [
                106.452212,
                21.1188
              ],
              [
                106.452073,
                21.118851
              ],
              [
                106.451949,
                21.118878
              ],
              [
                106.451867,
                21.11888
              ],
              [
                106.451795,
                21.118871
              ],
              [
                106.45173,
                21.118854
              ],
              [
                106.451677,
                21.118824
              ],
              [
                106.451618,
                21.118766
              ],
              [
                106.451542,
                21.11864
              ],
              [
                106.451518,
                21.118583
              ],
              [
                106.451512,
                21.118457
              ],
              [
                106.451535,
                21.118391
              ],
              [
                106.451568,
                21.118291
              ],
              [
                106.45171,
                21.11809
              ],
              [
                106.452041,
                21.117696
              ],
              [
                106.452224,
                21.117477
              ],
              [
                106.452246,
                21.117415
              ],
              [
                106.452253,
                21.117356
              ],
              [
                106.45225,
                21.117299
              ],
              [
                106.452222,
                21.117243
              ],
              [
                106.452185,
                21.117202
              ],
              [
                106.452112,
                21.117174
              ],
              [
                106.45204,
                21.117176
              ],
              [
                106.451944,
                21.117184
              ],
              [
                106.451798,
                21.117249
              ],
              [
                106.451658,
                21.117346
              ],
              [
                106.451501,
                21.117457
              ],
              [
                106.451331,
                21.117635
              ],
              [
                106.45086,
                21.118036
              ],
              [
                106.45061,
                21.11817
              ],
              [
                106.450429,
                21.11825
              ],
              [
                106.450221,
                21.118308
              ],
              [
                106.450064,
                21.118327
              ],
              [
                106.449819,
                21.118323
              ],
              [
                106.44952,
                21.118258
              ],
              [
                106.449178,
                21.118147
              ],
              [
                106.44883,
                21.118022
              ],
              [
                106.448236,
                21.117761
              ],
              [
                106.447834,
                21.117586
              ],
              [
                106.44771,
                21.117556
              ],
              [
                106.44771,
                21.117556
              ],
              [
                106.447688,
                21.117553
              ],
              [
                106.447537,
                21.117529
              ],
              [
                106.447409,
                21.117538
              ],
              [
                106.447289,
                21.117569
              ],
              [
                106.447204,
                21.117607
              ],
              [
                106.447115,
                21.117658
              ],
              [
                106.447023,
                21.117727
              ],
              [
                106.446888,
                21.117849
              ],
              [
                106.446838,
                21.117902
              ],
              [
                106.446489,
                21.118297
              ],
              [
                106.446264,
                21.118452
              ],
              [
                106.44613,
                21.118495
              ],
              [
                106.445995,
                21.118507
              ],
              [
                106.445839,
                21.118497
              ],
              [
                106.445683,
                21.118468
              ],
              [
                106.445563,
                21.11843
              ],
              [
                106.445484,
                21.11837
              ],
              [
                106.445414,
                21.118294
              ],
              [
                106.445341,
                21.118151
              ],
              [
                106.445323,
                21.118017
              ],
              [
                106.445332,
                21.117896
              ],
              [
                106.445387,
                21.11767
              ],
              [
                106.445481,
                21.117432
              ],
              [
                106.445687,
                21.117096
              ],
              [
                106.445894,
                21.116726
              ],
              [
                106.445947,
                21.116557
              ],
              [
                106.445942,
                21.116484
              ],
              [
                106.445918,
                21.116403
              ],
              [
                106.445847,
                21.116311
              ],
              [
                106.445777,
                21.116277
              ],
              [
                106.445684,
                21.116268
              ],
              [
                106.445577,
                21.116287
              ],
              [
                106.445451,
                21.116342
              ],
              [
                106.445363,
                21.116406
              ],
              [
                106.445159,
                21.116622
              ],
              [
                106.444978,
                21.116927
              ],
              [
                106.444978,
                21.116927
              ],
              [
                106.444828,
                21.117205
              ],
              [
                106.444828,
                21.117205
              ],
              [
                106.444554,
                21.117583
              ],
              [
                106.444487,
                21.117649
              ],
              [
                106.444351,
                21.11778
              ],
              [
                106.444169,
                21.117875
              ],
              [
                106.444036,
                21.117913
              ],
              [
                106.443913,
                21.117896
              ],
              [
                106.443815,
                21.117844
              ],
              [
                106.443644,
                21.117679
              ],
              [
                106.443521,
                21.117351
              ],
              [
                106.443472,
                21.117243
              ],
              [
                106.44333,
                21.116946
              ],
              [
                106.443233,
                21.11685
              ],
              [
                106.443137,
                21.116819
              ],
              [
                106.442946,
                21.116811
              ],
              [
                106.442745,
                21.116817
              ],
              [
                106.442562,
                21.116895
              ],
              [
                106.442437,
                21.117016
              ],
              [
                106.442021,
                21.117423
              ],
              [
                106.441851,
                21.117504
              ],
              [
                106.441561,
                21.117575
              ],
              [
                106.441405,
                21.117575
              ],
              [
                106.441347,
                21.117575
              ],
              [
                106.441235,
                21.117485
              ],
              [
                106.441115,
                21.11729
              ],
              [
                106.440866,
                21.116816
              ],
              [
                106.440568,
                21.116045
              ],
              [
                106.440497,
                21.115665
              ],
              [
                106.440532,
                21.115049
              ],
              [
                106.440629,
                21.114667
              ],
              [
                106.441041,
                21.113896
              ],
              [
                106.441404,
                21.113405
              ],
              [
                106.44144,
                21.113358
              ],
              [
                106.441933,
                21.112714
              ],
              [
                106.442196,
                21.1122
              ],
              [
                106.442322,
                21.111674
              ],
              [
                106.442351,
                21.111284
              ],
              [
                106.44233,
                21.111016
              ],
              [
                106.442279,
                21.110789
              ],
              [
                106.442187,
                21.110563
              ],
              [
                106.44213,
                21.110467
              ],
              [
                106.441963,
                21.110299
              ],
              [
                106.44174,
                21.11009
              ],
              [
                106.441675,
                21.110016
              ],
              [
                106.440995,
                21.109481
              ],
              [
                106.439983,
                21.108902
              ],
              [
                106.439628,
                21.108665
              ],
              [
                106.439248,
                21.108324
              ],
              [
                106.439022,
                21.10802
              ],
              [
                106.438874,
                21.107714
              ],
              [
                106.438856,
                21.107657
              ],
              [
                106.438835,
                21.107365
              ],
              [
                106.438922,
                21.106951
              ],
              [
                106.439128,
                21.106536
              ],
              [
                106.439614,
                21.105776
              ],
              [
                106.441091,
                21.103827
              ],
              [
                106.441426,
                21.10336
              ],
              [
                106.44301,
                21.101227
              ],
              [
                106.44365,
                21.100542
              ],
              [
                106.444384,
                21.099876
              ],
              [
                106.445462,
                21.099151
              ],
              [
                106.44661,
                21.098573
              ],
              [
                106.447862,
                21.097887
              ],
              [
                106.449094,
                21.097171
              ],
              [
                106.44961,
                21.096812
              ],
              [
                106.450168,
                21.096282
              ],
              [
                106.450433,
                21.095905
              ],
              [
                106.450593,
                21.095562
              ],
              [
                106.450677,
                21.0952
              ],
              [
                106.450699,
                21.094832
              ],
              [
                106.450681,
                21.094511
              ],
              [
                106.450608,
                21.09412
              ],
              [
                106.450434,
                21.093726
              ],
              [
                106.450282,
                21.093444
              ],
              [
                106.450087,
                21.09318
              ],
              [
                106.449735,
                21.092886
              ],
              [
                106.449373,
                21.092655
              ],
              [
                106.448538,
                21.092163
              ],
              [
                106.447829,
                21.09176
              ],
              [
                106.447533,
                21.091557
              ],
              [
                106.447147,
                21.091292
              ],
              [
                106.446219,
                21.090593
              ],
              [
                106.445624,
                21.089858
              ],
              [
                106.445231,
                21.089176
              ],
              [
                106.445049,
                21.088571
              ],
              [
                106.444701,
                21.086446
              ],
              [
                106.444418,
                21.08496
              ],
              [
                106.444158,
                21.084064
              ],
              [
                106.443831,
                21.083302
              ],
              [
                106.443464,
                21.082644
              ],
              [
                106.44309,
                21.08219
              ],
              [
                106.442642,
                21.081777
              ],
              [
                106.441751,
                21.081137
              ],
              [
                106.441365,
                21.08082
              ],
              [
                106.441365,
                21.08082
              ],
              [
                106.440964,
                21.080394
              ],
              [
                106.440809,
                21.080201
              ],
              [
                106.44071,
                21.080079
              ],
              [
                106.440618,
                21.079857
              ],
              [
                106.440572,
                21.079746
              ],
              [
                106.440568,
                21.079614
              ],
              [
                106.440562,
                21.079408
              ],
              [
                106.440591,
                21.07901
              ],
              [
                106.440787,
                21.078595
              ],
              [
                106.440997,
                21.07815
              ],
              [
                106.440997,
                21.07815
              ],
              [
                106.441335,
                21.077658
              ],
              [
                106.441724,
                21.077305
              ],
              [
                106.442511,
                21.076889
              ],
              [
                106.443761,
                21.076482
              ],
              [
                106.444334,
                21.076315
              ],
              [
                106.444566,
                21.076247
              ],
              [
                106.44512,
                21.076058
              ],
              [
                106.445552,
                21.075875
              ],
              [
                106.445933,
                21.0756
              ],
              [
                106.446344,
                21.075164
              ],
              [
                106.446515,
                21.074873
              ],
              [
                106.44672,
                21.074414
              ],
              [
                106.446804,
                21.07408
              ],
              [
                106.446867,
                21.073392
              ],
              [
                106.446819,
                21.072275
              ],
              [
                106.446819,
                21.071975
              ],
              [
                106.446819,
                21.071975
              ],
              [
                106.446858,
                21.071197
              ],
              [
                106.446858,
                21.071197
              ],
              [
                106.446896,
                21.071021
              ],
              [
                106.446958,
                21.070727
              ],
              [
                106.447075,
                21.070428
              ],
              [
                106.447129,
                21.070288
              ],
              [
                106.447212,
                21.070185
              ],
              [
                106.447409,
                21.06994
              ],
              [
                106.447699,
                21.069749
              ],
              [
                106.448076,
                21.069609
              ],
              [
                106.448403,
                21.069521
              ],
              [
                106.448896,
                21.069469
              ],
              [
                106.449918,
                21.069557
              ],
              [
                106.450364,
                21.069616
              ],
              [
                106.452021,
                21.069831
              ],
              [
                106.452617,
                21.069895
              ],
              [
                106.45294,
                21.06993
              ],
              [
                106.453324,
                21.069944
              ],
              [
                106.45369,
                21.069958
              ],
              [
                106.454166,
                21.069919
              ],
              [
                106.454546,
                21.06979
              ],
              [
                106.454785,
                21.069629
              ],
              [
                106.455026,
                21.06928
              ],
              [
                106.455164,
                21.068914
              ],
              [
                106.455258,
                21.068438
              ],
              [
                106.455276,
                21.06778
              ],
              [
                106.455139,
                21.066639
              ],
              [
                106.455139,
                21.066639
              ],
              [
                106.455069,
                21.066326
              ],
              [
                106.454899,
                21.065562
              ],
              [
                106.452336,
                21.066079
              ],
              [
                106.451015,
                21.066306
              ],
              [
                106.450953,
                21.066283
              ],
              [
                106.445885,
                21.066662
              ],
              [
                106.440382,
                21.066422
              ],
              [
                106.435686,
                21.064574
              ],
              [
                106.435631,
                21.064553
              ],
              [
                106.434739,
                21.064202
              ],
              [
                106.435527,
                21.064741
              ],
              [
                106.435591,
                21.064785
              ],
              [
                106.435355,
                21.065171
              ],
              [
                106.43491,
                21.065854
              ],
              [
                106.434887,
                21.065936
              ],
              [
                106.434755,
                21.066422
              ],
              [
                106.43459,
                21.066843
              ],
              [
                106.434361,
                21.067393
              ],
              [
                106.434359,
                21.06742
              ],
              [
                106.434204,
                21.067692
              ],
              [
                106.434205,
                21.067695
              ],
              [
                106.433885,
                21.068503
              ],
              [
                106.433002,
                21.068865
              ],
              [
                106.432504,
                21.069167
              ],
              [
                106.43193,
                21.06977
              ],
              [
                106.431776,
                21.070055
              ],
              [
                106.431557,
                21.070329
              ],
              [
                106.431149,
                21.07077
              ],
              [
                106.431101,
                21.070845
              ],
              [
                106.430977,
                21.071087
              ],
              [
                106.430805,
                21.071401
              ],
              [
                106.430771,
                21.071502
              ],
              [
                106.430764,
                21.071602
              ],
              [
                106.430796,
                21.071718
              ],
              [
                106.430871,
                21.071947
              ],
              [
                106.430875,
                21.072062
              ],
              [
                106.430904,
                21.072398
              ],
              [
                106.43094,
                21.072489
              ],
              [
                106.431118,
                21.07279
              ],
              [
                106.431352,
                21.07322
              ],
              [
                106.431737,
                21.073664
              ],
              [
                106.431863,
                21.073839
              ],
              [
                106.431957,
                21.07402
              ],
              [
                106.43205,
                21.074157
              ],
              [
                106.432135,
                21.074307
              ],
              [
                106.43218,
                21.074419
              ],
              [
                106.431985,
                21.074686
              ],
              [
                106.431848,
                21.074915
              ],
              [
                106.43182,
                21.075013
              ],
              [
                106.431815,
                21.075154
              ],
              [
                106.43184,
                21.075458
              ],
              [
                106.431848,
                21.075499
              ],
              [
                106.431986,
                21.076033
              ],
              [
                106.43074,
                21.077402
              ],
              [
                106.430576,
                21.077716
              ],
              [
                106.430512,
                21.077877
              ],
              [
                106.430373,
                21.078345
              ],
              [
                106.430014,
                21.078721
              ],
              [
                106.42993,
                21.079517
              ],
              [
                106.429836,
                21.08012
              ],
              [
                106.428145,
                21.082225
              ],
              [
                106.427707,
                21.082393
              ],
              [
                106.427597,
                21.082452
              ],
              [
                106.427537,
                21.082528
              ],
              [
                106.427488,
                21.082855
              ],
              [
                106.427518,
                21.08308
              ],
              [
                106.427598,
                21.083246
              ],
              [
                106.427809,
                21.083491
              ],
              [
                106.427882,
                21.083643
              ],
              [
                106.427874,
                21.083863
              ],
              [
                106.427794,
                21.083974
              ],
              [
                106.427145,
                21.084384
              ],
              [
                106.42696,
                21.084562
              ],
              [
                106.426938,
                21.084634
              ],
              [
                106.426958,
                21.084748
              ],
              [
                106.426992,
                21.084796
              ],
              [
                106.427087,
                21.08489
              ],
              [
                106.427731,
                21.085059
              ],
              [
                106.428483,
                21.085388
              ],
              [
                106.429102,
                21.085693
              ],
              [
                106.429579,
                21.086024
              ],
              [
                106.429784,
                21.086227
              ],
              [
                106.429697,
                21.086292
              ],
              [
                106.429367,
                21.086527
              ],
              [
                106.429044,
                21.086824
              ],
              [
                106.428905,
                21.087042
              ],
              [
                106.428903,
                21.087049
              ],
              [
                106.42869,
                21.08757
              ],
              [
                106.428661,
                21.087907
              ],
              [
                106.428661,
                21.087931
              ],
              [
                106.428178,
                21.087723
              ],
              [
                106.427981,
                21.087692
              ],
              [
                106.427717,
                21.087718
              ],
              [
                106.42753,
                21.087734
              ],
              [
                106.426598,
                21.087885
              ],
              [
                106.426163,
                21.087967
              ],
              [
                106.425595,
                21.088061
              ],
              [
                106.425339,
                21.088173
              ],
              [
                106.42525,
                21.088234
              ],
              [
                106.425052,
                21.088401
              ],
              [
                106.424634,
                21.088444
              ],
              [
                106.423777,
                21.088379
              ],
              [
                106.423559,
                21.088377
              ],
              [
                106.423019,
                21.088352
              ],
              [
                106.422514,
                21.088223
              ],
              [
                106.422272,
                21.08815
              ],
              [
                106.421488,
                21.088026
              ],
              [
                106.421176,
                21.087938
              ],
              [
                106.420542,
                21.087792
              ],
              [
                106.42003,
                21.087609
              ],
              [
                106.419525,
                21.087501
              ],
              [
                106.419079,
                21.087408
              ],
              [
                106.418444,
                21.087369
              ],
              [
                106.418216,
                21.086355
              ],
              [
                106.41799,
                21.085469
              ],
              [
                106.417653,
                21.084459
              ],
              [
                106.41763,
                21.084385
              ],
              [
                106.417334,
                21.084578
              ],
              [
                106.416958,
                21.08485
              ],
              [
                106.416442,
                21.085185
              ],
              [
                106.41591,
                21.085534
              ],
              [
                106.415782,
                21.085618
              ],
              [
                106.414736,
                21.087128
              ],
              [
                106.414608,
                21.087281
              ],
              [
                106.41445,
                21.087427
              ],
              [
                106.414309,
                21.087518
              ],
              [
                106.414087,
                21.087703
              ],
              [
                106.413821,
                21.087957
              ],
              [
                106.413659,
                21.088131
              ],
              [
                106.413258,
                21.088625
              ],
              [
                106.412988,
                21.088811
              ],
              [
                106.410391,
                21.09017
              ],
              [
                106.412863,
                21.090057
              ],
              [
                106.415461,
                21.093362
              ],
              [
                106.415391,
                21.096834
              ],
              [
                106.414914,
                21.10028
              ],
              [
                106.409965,
                21.104814
              ],
              [
                106.40557,
                21.103321
              ],
              [
                106.404963,
                21.107958
              ],
              [
                106.405014,
                21.107991
              ],
              [
                106.405096,
                21.108024
              ],
              [
                106.405565,
                21.108082
              ],
              [
                106.406279,
                21.108214
              ],
              [
                106.406438,
                21.108266
              ],
              [
                106.406489,
                21.108327
              ],
              [
                106.406537,
                21.108542
              ],
              [
                106.406579,
                21.108604
              ],
              [
                106.406655,
                21.108651
              ],
              [
                106.406697,
                21.108703
              ],
              [
                106.406712,
                21.109221
              ],
              [
                106.406756,
                21.109816
              ],
              [
                106.406814,
                21.111436
              ],
              [
                106.406811,
                21.111438
              ],
              [
                106.406899,
                21.111422
              ],
              [
                106.406963,
                21.11141
              ],
              [
                106.406988,
                21.111405
              ],
              [
                106.408028,
                21.111225
              ],
              [
                106.408443,
                21.111152
              ],
              [
                106.40859,
                21.11113
              ],
              [
                106.408642,
                21.11114
              ],
              [
                106.40865,
                21.111149
              ],
              [
                106.410486,
                21.111946
              ],
              [
                106.410739,
                21.111998
              ],
              [
                106.411177,
                21.112119
              ],
              [
                106.411195,
                21.112138
              ],
              [
                106.411244,
                21.112187
              ],
              [
                106.411253,
                21.112223
              ],
              [
                106.41153,
                21.113329
              ],
              [
                106.41158,
                21.113512
              ],
              [
                106.411638,
                21.113557
              ],
              [
                106.412176,
                21.113419
              ],
              [
                106.412601,
                21.113309
              ],
              [
                106.412722,
                21.113301
              ],
              [
                106.412787,
                21.11336
              ],
              [
                106.412825,
                21.113442
              ],
              [
                106.412957,
                21.113726
              ],
              [
                106.413168,
                21.114179
              ],
              [
                106.413197,
                21.114241
              ],
              [
                106.413252,
                21.114326
              ],
              [
                106.41334,
                21.114348
              ],
              [
                106.413494,
                21.114328
              ],
              [
                106.41363,
                21.11429
              ],
              [
                106.41401,
                21.114124
              ],
              [
                106.414063,
                21.114099
              ],
              [
                106.414354,
                21.113963
              ],
              [
                106.414553,
                21.113911
              ],
              [
                106.414684,
                21.113925
              ],
              [
                106.414795,
                21.113986
              ],
              [
                106.414869,
                21.114097
              ],
              [
                106.415265,
                21.114913
              ],
              [
                106.415295,
                21.114976
              ],
              [
                106.415443,
                21.115218
              ],
              [
                106.415514,
                21.115217
              ],
              [
                106.415637,
                21.115216
              ],
              [
                106.415709,
                21.115215
              ],
              [
                106.415764,
                21.115231
              ],
              [
                106.415894,
                21.115247
              ],
              [
                106.416018,
                21.11526
              ],
              [
                106.417172,
                21.115356
              ],
              [
                106.419326,
                21.11555
              ],
              [
                106.421176,
                21.115705
              ],
              [
                106.42119,
                21.115707
              ],
              [
                106.421555,
                21.115757
              ],
              [
                106.421919,
                21.115807
              ],
              [
                106.42221,
                21.115976
              ],
              [
                106.422745,
                21.116121
              ],
              [
                106.423233,
                21.116269
              ],
              [
                106.423317,
                21.116338
              ],
              [
                106.423406,
                21.116485
              ],
              [
                106.423421,
                21.116646
              ],
              [
                106.42343,
                21.116865
              ],
              [
                106.423471,
                21.117025
              ],
              [
                106.423499,
                21.117066
              ],
              [
                106.423525,
                21.117104
              ],
              [
                106.423526,
                21.117106
              ],
              [
                106.423661,
                21.117132
              ],
              [
                106.423918,
                21.117184
              ],
              [
                106.424055,
                21.117173
              ],
              [
                106.424153,
                21.117139
              ],
              [
                106.424199,
                21.117123
              ],
              [
                106.424227,
                21.117114
              ],
              [
                106.424444,
                21.116982
              ],
              [
                106.424521,
                21.116949
              ],
              [
                106.424582,
                21.116949
              ],
              [
                106.424629,
                21.116973
              ],
              [
                106.424668,
                21.116994
              ],
              [
                106.424691,
                21.117026
              ],
              [
                106.42472,
                21.117139
              ],
              [
                106.424725,
                21.117359
              ],
              [
                106.424728,
                21.117491
              ],
              [
                106.424968,
                21.117762
              ],
              [
                106.425026,
                21.117779
              ],
              [
                106.425118,
                21.117772
              ],
              [
                106.425232,
                21.117735
              ],
              [
                106.425362,
                21.117636
              ],
              [
                106.425633,
                21.117323
              ],
              [
                106.425775,
                21.11725
              ],
              [
                106.425969,
                21.1172
              ],
              [
                106.426265,
                21.117212
              ],
              [
                106.426387,
                21.117296
              ],
              [
                106.426423,
                21.117382
              ],
              [
                106.426433,
                21.117477
              ],
              [
                106.426425,
                21.117585
              ],
              [
                106.426148,
                21.118591
              ],
              [
                106.426038,
                21.118718
              ],
              [
                106.425914,
                21.118766
              ],
              [
                106.42579,
                21.118767
              ],
              [
                106.425611,
                21.11876
              ],
              [
                106.425474,
                21.118719
              ],
              [
                106.425346,
                21.118646
              ],
              [
                106.42521,
                21.118435
              ],
              [
                106.425081,
                21.118198
              ],
              [
                106.424912,
                21.118326
              ],
              [
                106.424709,
                21.11847
              ],
              [
                106.424713,
                21.118479
              ],
              [
                106.424752,
                21.118585
              ],
              [
                106.424752,
                21.118585
              ],
              [
                106.424768,
                21.118628
              ],
              [
                106.424729,
                21.119093
              ],
              [
                106.424711,
                21.119177
              ],
              [
                106.424664,
                21.1193
              ],
              [
                106.42465,
                21.119361
              ],
              [
                106.424641,
                21.119458
              ],
              [
                106.424647,
                21.119546
              ],
              [
                106.424668,
                21.119621
              ],
              [
                106.424689,
                21.119697
              ],
              [
                106.424792,
                21.119828
              ],
              [
                106.424902,
                21.119916
              ],
              [
                106.42502,
                21.11999
              ],
              [
                106.425196,
                21.120076
              ],
              [
                106.42548,
                21.120159
              ],
              [
                106.425852,
                21.120236
              ],
              [
                106.426019,
                21.120315
              ],
              [
                106.426117,
                21.12042
              ],
              [
                106.426165,
                21.120515
              ],
              [
                106.426179,
                21.120584
              ],
              [
                106.42617,
                21.120652
              ],
              [
                106.426153,
                21.1207
              ],
              [
                106.42609,
                21.120778
              ],
              [
                106.425916,
                21.120933
              ],
              [
                106.425791,
                21.12108
              ],
              [
                106.42577,
                21.121172
              ],
              [
                106.425773,
                21.121255
              ],
              [
                106.425793,
                21.121296
              ],
              [
                106.425817,
                21.121317
              ],
              [
                106.425842,
                21.121338
              ],
              [
                106.426029,
                21.121399
              ],
              [
                106.426189,
                21.121401
              ],
              [
                106.42671,
                21.121403
              ],
              [
                106.426852,
                21.121391
              ],
              [
                106.426887,
                21.121574
              ],
              [
                106.426948,
                21.121901
              ],
              [
                106.426956,
                21.122284
              ],
              [
                106.426482,
                21.122396
              ],
              [
                106.42544,
                21.122113
              ],
              [
                106.425191,
                21.122273
              ],
              [
                106.425245,
                21.122507
              ],
              [
                106.425436,
                21.122806
              ],
              [
                106.425696,
                21.12334
              ],
              [
                106.425961,
                21.124017
              ],
              [
                106.425996,
                21.124089
              ],
              [
                106.425996,
                21.124089
              ],
              [
                106.426137,
                21.124446
              ],
              [
                106.42616,
                21.124603
              ],
              [
                106.426185,
                21.124773
              ],
              [
                106.426167,
                21.12484
              ],
              [
                106.426102,
                21.124907
              ],
              [
                106.426044,
                21.124948
              ],
              [
                106.425816,
                21.125062
              ],
              [
                106.425789,
                21.125076
              ],
              [
                106.425189,
                21.12531
              ],
              [
                106.425021,
                21.12538
              ],
              [
                106.424997,
                21.125414
              ],
              [
                106.42499,
                21.125465
              ],
              [
                106.424992,
                21.125525
              ],
              [
                106.425003,
                21.125568
              ],
              [
                106.425012,
                21.125602
              ],
              [
                106.425015,
                21.125676
              ],
              [
                106.425003,
                21.12573
              ],
              [
                106.424944,
                21.125819
              ],
              [
                106.424894,
                21.125943
              ],
              [
                106.424897,
                21.126
              ],
              [
                106.424912,
                21.126074
              ],
              [
                106.42494,
                21.12614
              ],
              [
                106.425002,
                21.126215
              ],
              [
                106.425088,
                21.126269
              ],
              [
                106.425223,
                21.126294
              ],
              [
                106.425329,
                21.12633
              ],
              [
                106.425376,
                21.12637
              ],
              [
                106.425527,
                21.126478
              ],
              [
                106.425653,
                21.126564
              ],
              [
                106.425785,
                21.126682
              ],
              [
                106.425826,
                21.126715
              ],
              [
                106.42585,
                21.126775
              ],
              [
                106.425879,
                21.126849
              ],
              [
                106.42575,
                21.127208
              ],
              [
                106.425784,
                21.127583
              ],
              [
                106.426007,
                21.128599
              ],
              [
                106.425995,
                21.128858
              ],
              [
                106.425935,
                21.129064
              ],
              [
                106.42572,
                21.1294
              ],
              [
                106.425533,
                21.129612
              ],
              [
                106.42524,
                21.130418
              ],
              [
                106.425011,
                21.130993
              ],
              [
                106.424936,
                21.131061
              ],
              [
                106.424732,
                21.131086
              ],
              [
                106.424331,
                21.131226
              ],
              [
                106.424133,
                21.131242
              ],
              [
                106.424034,
                21.131268
              ],
              [
                106.423889,
                21.131323
              ],
              [
                106.423559,
                21.131573
              ],
              [
                106.423362,
                21.131715
              ],
              [
                106.423179,
                21.131781
              ],
              [
                106.422805,
                21.131859
              ],
              [
                106.42263,
                21.131896
              ],
              [
                106.422458,
                21.131959
              ],
              [
                106.422318,
                21.132071
              ],
              [
                106.422295,
                21.132104
              ],
              [
                106.422231,
                21.132197
              ],
              [
                106.422053,
                21.132321
              ],
              [
                106.421839,
                21.132521
              ],
              [
                106.421839,
                21.132521
              ],
              [
                106.422015,
                21.132618
              ],
              [
                106.422317,
                21.132771
              ],
              [
                106.422588,
                21.132907
              ],
              [
                106.423178,
                21.133177
              ],
              [
                106.423366,
                21.133236
              ],
              [
                106.423735,
                21.133353
              ],
              [
                106.424193,
                21.13345
              ],
              [
                106.424249,
                21.133455
              ],
              [
                106.424251,
                21.133781
              ],
              [
                106.424251,
                21.133803
              ],
              [
                106.424271,
                21.133852
              ],
              [
                106.424319,
                21.133907
              ],
              [
                106.424397,
                21.133974
              ],
              [
                106.425157,
                21.134401
              ],
              [
                106.42528,
                21.134478
              ],
              [
                106.425386,
                21.134555
              ],
              [
                106.425452,
                21.134622
              ],
              [
                106.425552,
                21.134741
              ],
              [
                106.425704,
                21.134959
              ],
              [
                106.42573,
                21.134995
              ],
              [
                106.42613,
                21.135599
              ],
              [
                106.426795,
                21.136534
              ],
              [
                106.425621,
                21.137399
              ],
              [
                106.423391,
                21.138946
              ],
              [
                106.423283,
                21.13903
              ],
              [
                106.423276,
                21.139048
              ],
              [
                106.423237,
                21.139093
              ],
              [
                106.423138,
                21.139189
              ],
              [
                106.422864,
                21.139398
              ],
              [
                106.421483,
                21.140459
              ],
              [
                106.419995,
                21.141582
              ],
              [
                106.419634,
                21.141885
              ],
              [
                106.419534,
                21.141967
              ],
              [
                106.41949,
                21.141998
              ],
              [
                106.419413,
                21.142034
              ],
              [
                106.419253,
                21.142059
              ],
              [
                106.418917,
                21.142059
              ],
              [
                106.418371,
                21.142074
              ],
              [
                106.418288,
                21.142095
              ],
              [
                106.418283,
                21.142103
              ],
              [
                106.418265,
                21.142127
              ],
              [
                106.418219,
                21.1422
              ],
              [
                106.418094,
                21.142461
              ],
              [
                106.417659,
                21.143288
              ],
              [
                106.417475,
                21.143698
              ],
              [
                106.417334,
                21.143965
              ],
              [
                106.417202,
                21.144226
              ],
              [
                106.417142,
                21.144359
              ],
              [
                106.417088,
                21.144462
              ],
              [
                106.417026,
                21.144591
              ],
              [
                106.416984,
                21.144711
              ],
              [
                106.416959,
                21.144799
              ],
              [
                106.41696,
                21.144894
              ],
              [
                106.416978,
                21.145004
              ],
              [
                106.417026,
                21.145125
              ],
              [
                106.417103,
                21.145316
              ],
              [
                106.417179,
                21.145482
              ],
              [
                106.417238,
                21.145619
              ],
              [
                106.417252,
                21.145729
              ],
              [
                106.417234,
                21.145845
              ],
              [
                106.417195,
                21.145957
              ],
              [
                106.417132,
                21.146059
              ],
              [
                106.417045,
                21.146225
              ],
              [
                106.416994,
                21.146315
              ],
              [
                106.416796,
                21.146576
              ],
              [
                106.416697,
                21.146736
              ],
              [
                106.416558,
                21.14697
              ],
              [
                106.416224,
                21.147437
              ],
              [
                106.41585,
                21.148175
              ],
              [
                106.415749,
                21.148338
              ],
              [
                106.415731,
                21.148367
              ],
              [
                106.415608,
                21.148556
              ],
              [
                106.415485,
                21.148728
              ],
              [
                106.415377,
                21.148846
              ],
              [
                106.415367,
                21.148858
              ],
              [
                106.415314,
                21.148959
              ],
              [
                106.415293,
                21.149031
              ],
              [
                106.415289,
                21.149084
              ],
              [
                106.415293,
                21.149195
              ],
              [
                106.415303,
                21.149289
              ],
              [
                106.415321,
                21.149441
              ],
              [
                106.415345,
                21.149641
              ],
              [
                106.415436,
                21.150636
              ],
              [
                106.415404,
                21.150636
              ],
              [
                106.415377,
                21.150636
              ],
              [
                106.41511,
                21.15064
              ],
              [
                106.415079,
                21.150686
              ],
              [
                106.415039,
                21.150724
              ],
              [
                106.415031,
                21.150745
              ],
              [
                106.415019,
                21.150778
              ],
              [
                106.41501,
                21.150845
              ],
              [
                106.414994,
                21.150932
              ],
              [
                106.414966,
                21.151014
              ],
              [
                106.41491,
                21.151064
              ],
              [
                106.414839,
                21.151086
              ],
              [
                106.414813,
                21.151087
              ],
              [
                106.41478,
                21.151089
              ],
              [
                106.414752,
                21.151112
              ],
              [
                106.414748,
                21.151144
              ],
              [
                106.414769,
                21.151259
              ],
              [
                106.414791,
                21.151386
              ],
              [
                106.414836,
                21.151438
              ],
              [
                106.414866,
                21.15146
              ],
              [
                106.414913,
                21.151466
              ],
              [
                106.415016,
                21.151483
              ],
              [
                106.415056,
                21.151523
              ],
              [
                106.415076,
                21.15162
              ],
              [
                106.415084,
                21.151661
              ],
              [
                106.415121,
                21.151689
              ],
              [
                106.415178,
                21.15172
              ],
              [
                106.41525,
                21.151799
              ],
              [
                106.415275,
                21.151879
              ],
              [
                106.415294,
                21.151967
              ],
              [
                106.415329,
                21.152126
              ],
              [
                106.415333,
                21.152292
              ],
              [
                106.415288,
                21.152498
              ],
              [
                106.415201,
                21.152688
              ],
              [
                106.415162,
                21.152765
              ],
              [
                106.41517,
                21.152798
              ],
              [
                106.415198,
                21.152819
              ],
              [
                106.415248,
                21.15282
              ],
              [
                106.415404,
                21.152854
              ],
              [
                106.415422,
                21.152872
              ],
              [
                106.415439,
                21.152888
              ],
              [
                106.415445,
                21.15292
              ],
              [
                106.415437,
                21.152969
              ],
              [
                106.415419,
                21.153005
              ],
              [
                106.415363,
                21.153073
              ],
              [
                106.415299,
                21.153128
              ],
              [
                106.415296,
                21.153131
              ],
              [
                106.415201,
                21.153184
              ],
              [
                106.41514,
                21.153205
              ],
              [
                106.415079,
                21.15322
              ],
              [
                106.415039,
                21.153245
              ],
              [
                106.415029,
                21.153286
              ],
              [
                106.415038,
                21.153325
              ],
              [
                106.415067,
                21.153377
              ],
              [
                106.415102,
                21.153416
              ],
              [
                106.415143,
                21.153439
              ],
              [
                106.415109,
                21.153508
              ],
              [
                106.415053,
                21.153497
              ],
              [
                106.414579,
                21.153429
              ],
              [
                106.414647,
                21.15373
              ],
              [
                106.414703,
                21.153812
              ],
              [
                106.414705,
                21.153814
              ],
              [
                106.414792,
                21.153916
              ],
              [
                106.414858,
                21.154051
              ],
              [
                106.414897,
                21.154162
              ],
              [
                106.41489,
                21.154275
              ],
              [
                106.414894,
                21.154391
              ],
              [
                106.414896,
                21.154412
              ],
              [
                106.414901,
                21.154471
              ],
              [
                106.414995,
                21.154748
              ],
              [
                106.415001,
                21.15479
              ],
              [
                106.414973,
                21.15481
              ],
              [
                106.414914,
                21.154837
              ],
              [
                106.414903,
                21.154845
              ],
              [
                106.414883,
                21.154915
              ],
              [
                106.414882,
                21.155093
              ],
              [
                106.414898,
                21.155214
              ],
              [
                106.414934,
                21.155417
              ],
              [
                106.414964,
                21.155472
              ],
              [
                106.415003,
                21.155544
              ],
              [
                106.415004,
                21.155571
              ],
              [
                106.414979,
                21.155684
              ],
              [
                106.414925,
                21.155857
              ],
              [
                106.414906,
                21.155884
              ],
              [
                106.414855,
                21.155908
              ],
              [
                106.414816,
                21.155911
              ],
              [
                106.414729,
                21.155898
              ],
              [
                106.414673,
                21.155883
              ],
              [
                106.414633,
                21.155869
              ],
              [
                106.414601,
                21.155868
              ],
              [
                106.414582,
                21.155895
              ],
              [
                106.414542,
                21.155967
              ],
              [
                106.414502,
                21.156075
              ],
              [
                106.414492,
                21.156132
              ],
              [
                106.414512,
                21.156348
              ],
              [
                106.414579,
                21.156957
              ],
              [
                106.414624,
                21.157178
              ],
              [
                106.414651,
                21.157315
              ],
              [
                106.41471,
                21.157461
              ],
              [
                106.414824,
                21.15763
              ],
              [
                106.415328,
                21.15752
              ],
              [
                106.41553,
                21.157475
              ],
              [
                106.416331,
                21.157337
              ],
              [
                106.416433,
                21.157302
              ],
              [
                106.416725,
                21.157203
              ],
              [
                106.417111,
                21.157057
              ],
              [
                106.417517,
                21.156905
              ],
              [
                106.417512,
                21.1569
              ],
              [
                106.417322,
                21.156792
              ],
              [
                106.416976,
                21.156588
              ],
              [
                106.416626,
                21.156331
              ],
              [
                106.416408,
                21.156147
              ],
              [
                106.416234,
                21.155924
              ],
              [
                106.416157,
                21.155751
              ],
              [
                106.416134,
                21.155664
              ],
              [
                106.416157,
                21.155665
              ],
              [
                106.416511,
                21.155691
              ],
              [
                106.417886,
                21.155754
              ],
              [
                106.419707,
                21.155897
              ],
              [
                106.42044,
                21.155869
              ],
              [
                106.421286,
                21.155633
              ],
              [
                106.42255,
                21.155134
              ],
              [
                106.423434,
                21.154768
              ],
              [
                106.424133,
                21.154325
              ],
              [
                106.424572,
                21.153927
              ],
              [
                106.424996,
                21.153508
              ],
              [
                106.425201,
                21.153377
              ],
              [
                106.425453,
                21.153274
              ],
              [
                106.425826,
                21.153142
              ],
              [
                106.42639,
                21.153037
              ],
              [
                106.427276,
                21.152958
              ],
              [
                106.427758,
                21.153004
              ],
              [
                106.428394,
                21.153185
              ],
              [
                106.429033,
                21.153435
              ],
              [
                106.429034,
                21.153435
              ],
              [
                106.429116,
                21.153453
              ],
              [
                106.429374,
                21.153539
              ],
              [
                106.429579,
                21.153649
              ],
              [
                106.42958,
                21.153649
              ],
              [
                106.429641,
                21.153693
              ],
              [
                106.42971,
                21.153758
              ],
              [
                106.429753,
                21.153795
              ],
              [
                106.429801,
                21.153827
              ],
              [
                106.429939,
                21.153892
              ],
              [
                106.430079,
                21.153914
              ],
              [
                106.43015,
                21.153918
              ],
              [
                106.430212,
                21.153908
              ],
              [
                106.430279,
                21.153876
              ],
              [
                106.43032,
                21.153844
              ],
              [
                106.430352,
                21.153803
              ],
              [
                106.430359,
                21.153757
              ],
              [
                106.430343,
                21.153694
              ],
              [
                106.430342,
                21.153693
              ],
              [
                106.430304,
                21.153625
              ],
              [
                106.430258,
                21.153568
              ],
              [
                106.430193,
                21.153486
              ],
              [
                106.430094,
                21.153354
              ],
              [
                106.430084,
                21.153286
              ],
              [
                106.430083,
                21.153217
              ],
              [
                106.430098,
                21.153137
              ],
              [
                106.430127,
                21.153058
              ],
              [
                106.43021,
                21.152897
              ],
              [
                106.430262,
                21.152836
              ],
              [
                106.430306,
                21.152811
              ],
              [
                106.430334,
                21.152813
              ],
              [
                106.430381,
                21.152832
              ],
              [
                106.430423,
                21.152862
              ],
              [
                106.430476,
                21.152888
              ],
              [
                106.430514,
                21.152899
              ],
              [
                106.430529,
                21.152904
              ],
              [
                106.430562,
                21.152903
              ],
              [
                106.430618,
                21.152875
              ],
              [
                106.430688,
                21.152833
              ],
              [
                106.43073,
                21.152781
              ],
              [
                106.43076,
                21.152717
              ],
              [
                106.430768,
                21.152672
              ],
              [
                106.430768,
                21.152672
              ],
              [
                106.430922,
                21.152513
              ],
              [
                106.431037,
                21.15266
              ],
              [
                106.431059,
                21.152688
              ],
              [
                106.431069,
                21.152707
              ],
              [
                106.431145,
                21.15285
              ],
              [
                106.431214,
                21.152994
              ],
              [
                106.431242,
                21.153088
              ],
              [
                106.431272,
                21.153184
              ],
              [
                106.431305,
                21.153265
              ],
              [
                106.431331,
                21.153348
              ],
              [
                106.431359,
                21.15342
              ],
              [
                106.431462,
                21.153687
              ],
              [
                106.431666,
                21.154206
              ],
              [
                106.431693,
                21.154275
              ],
              [
                106.431845,
                21.154659
              ],
              [
                106.431929,
                21.154881
              ],
              [
                106.432001,
                21.154994
              ],
              [
                106.432098,
                21.155111
              ],
              [
                106.432253,
                21.155263
              ],
              [
                106.432457,
                21.155508
              ],
              [
                106.432779,
                21.155878
              ],
              [
                106.432793,
                21.155871
              ],
              [
                106.432822,
                21.155858
              ],
              [
                106.434167,
                21.155248
              ],
              [
                106.434239,
                21.155211
              ],
              [
                106.434778,
                21.156266
              ],
              [
                106.434898,
                21.156233
              ],
              [
                106.435089,
                21.156457
              ],
              [
                106.43515,
                21.156543
              ],
              [
                106.435251,
                21.156565
              ],
              [
                106.435753,
                21.156738
              ],
              [
                106.435936,
                21.156717
              ],
              [
                106.436156,
                21.156692
              ],
              [
                106.436136,
                21.156621
              ],
              [
                106.436118,
                21.156557
              ],
              [
                106.436,
                21.156235
              ],
              [
                106.435969,
                21.15619
              ],
              [
                106.436194,
                21.156093
              ],
              [
                106.436898,
                21.155785
              ],
              [
                106.436972,
                21.155753
              ],
              [
                106.436879,
                21.155648
              ],
              [
                106.436834,
                21.155566
              ],
              [
                106.436798,
                21.15543
              ],
              [
                106.436769,
                21.155218
              ],
              [
                106.436763,
                21.155052
              ],
              [
                106.436781,
                21.15484
              ],
              [
                106.436803,
                21.154696
              ],
              [
                106.436848,
                21.154551
              ],
              [
                106.436977,
                21.154332
              ],
              [
                106.437058,
                21.154161
              ],
              [
                106.43706,
                21.154035
              ],
              [
                106.437052,
                21.153916
              ],
              [
                106.43701,
                21.153844
              ],
              [
                106.436908,
                21.153768
              ],
              [
                106.436687,
                21.15368
              ],
              [
                106.43626,
                21.153636
              ],
              [
                106.436274,
                21.15351
              ],
              [
                106.436303,
                21.153241
              ],
              [
                106.436296,
                21.152955
              ],
              [
                106.436272,
                21.152678
              ],
              [
                106.436292,
                21.152399
              ],
              [
                106.436296,
                21.152346
              ],
              [
                106.436304,
                21.152163
              ],
              [
                106.436304,
                21.152159
              ],
              [
                106.436327,
                21.151985
              ],
              [
                106.43634,
                21.151875
              ],
              [
                106.436364,
                21.15182
              ],
              [
                106.436408,
                21.151792
              ],
              [
                106.43642,
                21.151783
              ],
              [
                106.436424,
                21.151789
              ],
              [
                106.43651,
                21.151855
              ],
              [
                106.436562,
                21.151887
              ],
              [
                106.436614,
                21.151916
              ],
              [
                106.436724,
                21.151948
              ],
              [
                106.43681,
                21.151972
              ],
              [
                106.436906,
                21.152037
              ],
              [
                106.436933,
                21.152056
              ],
              [
                106.437034,
                21.152136
              ],
              [
                106.437165,
                21.152263
              ],
              [
                106.437269,
                21.152358
              ],
              [
                106.43736,
                21.152474
              ],
              [
                106.43746,
                21.152567
              ],
              [
                106.437524,
                21.152605
              ],
              [
                106.437598,
                21.152483
              ],
              [
                106.437654,
                21.152391
              ],
              [
                106.437767,
                21.152259
              ],
              [
                106.437823,
                21.152175
              ],
              [
                106.437785,
                21.152103
              ],
              [
                106.437598,
                21.151938
              ],
              [
                106.437277,
                21.151654
              ],
              [
                106.436981,
                21.151339
              ],
              [
                106.436857,
                21.151036
              ],
              [
                106.436713,
                21.150601
              ],
              [
                106.436711,
                21.150434
              ],
              [
                106.436737,
                21.150352
              ],
              [
                106.436742,
                21.150338
              ],
              [
                106.436793,
                21.150307
              ],
              [
                106.436843,
                21.150277
              ],
              [
                106.436888,
                21.150268
              ],
              [
                106.437002,
                21.150246
              ],
              [
                106.43711,
                21.150261
              ],
              [
                106.437615,
                21.15033
              ],
              [
                106.437732,
                21.150401
              ],
              [
                106.437778,
                21.150412
              ],
              [
                106.437854,
                21.150437
              ],
              [
                106.438233,
                21.150565
              ],
              [
                106.438402,
                21.150612
              ],
              [
                106.438504,
                21.15062
              ],
              [
                106.438635,
                21.15058
              ],
              [
                106.439015,
                21.150356
              ],
              [
                106.439563,
                21.150077
              ],
              [
                106.439797,
                21.149889
              ],
              [
                106.439838,
                21.14983
              ],
              [
                106.439938,
                21.149688
              ],
              [
                106.440161,
                21.149334
              ],
              [
                106.440274,
                21.149204
              ],
              [
                106.440639,
                21.149025
              ],
              [
                106.440766,
                21.148973
              ],
              [
                106.441208,
                21.148912
              ],
              [
                106.441522,
                21.148829
              ],
              [
                106.442421,
                21.148541
              ],
              [
                106.442589,
                21.148449
              ],
              [
                106.442722,
                21.148371
              ],
              [
                106.442859,
                21.148372
              ],
              [
                106.443015,
                21.148425
              ],
              [
                106.443194,
                21.148468
              ],
              [
                106.443373,
                21.148434
              ],
              [
                106.443842,
                21.14829
              ],
              [
                106.444195,
                21.148136
              ],
              [
                106.44453,
                21.14799
              ],
              [
                106.444757,
                21.147964
              ],
              [
                106.444976,
                21.147967
              ],
              [
                106.44539,
                21.147947
              ],
              [
                106.445695,
                21.147912
              ],
              [
                106.445931,
                21.147806
              ],
              [
                106.446125,
                21.147679
              ],
              [
                106.446394,
                21.147454
              ],
              [
                106.44663,
                21.14733
              ],
              [
                106.447031,
                21.147298
              ],
              [
                106.447104,
                21.147312
              ],
              [
                106.447211,
                21.147361
              ],
              [
                106.447415,
                21.147471
              ],
              [
                106.44751,
                21.147491
              ],
              [
                106.44761,
                21.147487
              ],
              [
                106.448384,
                21.147348
              ],
              [
                106.449007,
                21.14731
              ],
              [
                106.449663,
                21.147291
              ],
              [
                106.450468,
                21.147267
              ],
              [
                106.450468,
                21.147247
              ],
              [
                106.450466,
                21.147028
              ],
              [
                106.450435,
                21.14679
              ],
              [
                106.450395,
                21.146581
              ],
              [
                106.45102,
                21.146728
              ],
              [
                106.451725,
                21.146894
              ],
              [
                106.451965,
                21.147071
              ],
              [
                106.452287,
                21.147213
              ],
              [
                106.452571,
                21.147144
              ],
              [
                106.452879,
                21.147052
              ],
              [
                106.453094,
                21.147072
              ],
              [
                106.453415,
                21.14717
              ],
              [
                106.453449,
                21.147214
              ],
              [
                106.453909,
                21.146791
              ],
              [
                106.454159,
                21.14675
              ],
              [
                106.454393,
                21.146812
              ],
              [
                106.454541,
                21.146975
              ],
              [
                106.45464,
                21.147148
              ],
              [
                106.454688,
                21.147293
              ],
              [
                106.454975,
                21.147469
              ],
              [
                106.455106,
                21.147512
              ],
              [
                106.455475,
                21.147476
              ],
              [
                106.455653,
                21.147496
              ],
              [
                106.455749,
                21.147585
              ],
              [
                106.455774,
                21.14773
              ],
              [
                106.45573,
                21.148109
              ],
              [
                106.455581,
                21.148635
              ],
              [
                106.45557,
                21.148769
              ],
              [
                106.455673,
                21.14895
              ],
              [
                106.455678,
                21.148957
              ],
              [
                106.456103,
                21.148761
              ],
              [
                106.45661,
                21.14853
              ],
              [
                106.456678,
                21.148494
              ],
              [
                106.457525,
                21.148081
              ],
              [
                106.458989,
                21.148381
              ],
              [
                106.460095,
                21.148405
              ],
              [
                106.460701,
                21.148283
              ],
              [
                106.460986,
                21.148281
              ],
              [
                106.461271,
                21.148245
              ],
              [
                106.461626,
                21.148124
              ],
              [
                106.462126,
                21.14812
              ],
              [
                106.462769,
                21.148232
              ],
              [
                106.463251,
                21.148278
              ],
              [
                106.463733,
                21.14834
              ],
              [
                106.464037,
                21.148405
              ],
              [
                106.46427,
                21.148487
              ],
              [
                106.464485,
                21.148619
              ],
              [
                106.464719,
                21.148817
              ],
              [
                106.465503,
                21.149038
              ],
              [
                106.465672,
                21.148855
              ],
              [
                106.465947,
                21.148581
              ],
              [
                106.466129,
                21.148286
              ],
              [
                106.46627,
                21.148076
              ],
              [
                106.466282,
                21.148024
              ],
              [
                106.466294,
                21.147971
              ],
              [
                106.466304,
                21.147838
              ],
              [
                106.466308,
                21.147786
              ],
              [
                106.466337,
                21.147176
              ],
              [
                106.466337,
                21.147163
              ],
              [
                106.466336,
                21.146722
              ],
              [
                106.466335,
                21.146693
              ],
              [
                106.466311,
                21.146158
              ],
              [
                106.466298,
                21.145763
              ],
              [
                106.466309,
                21.145599
              ],
              [
                106.466337,
                21.145494
              ],
              [
                106.466425,
                21.145362
              ],
              [
                106.466528,
                21.145245
              ],
              [
                106.466576,
                21.145214
              ],
              [
                106.466661,
                21.14516
              ],
              [
                106.466795,
                21.145099
              ],
              [
                106.467105,
                21.145009
              ],
              [
                106.467319,
                21.145
              ],
              [
                106.467566,
                21.14493
              ],
              [
                106.467989,
                21.144811
              ],
              [
                106.468426,
                21.144709
              ],
              [
                106.468943,
                21.144582
              ],
              [
                106.469676,
                21.144387
              ],
              [
                106.470204,
                21.144256
              ],
              [
                106.470622,
                21.14413
              ],
              [
                106.470785,
                21.144073
              ],
              [
                106.470901,
                21.144032
              ],
              [
                106.471167,
                21.143898
              ],
              [
                106.471216,
                21.143873
              ],
              [
                106.471498,
                21.143724
              ],
              [
                106.471614,
                21.143703
              ],
              [
                106.471739,
                21.143704
              ],
              [
                106.471834,
                21.14373
              ],
              [
                106.472052,
                21.144108
              ],
              [
                106.472331,
                21.144636
              ],
              [
                106.472635,
                21.145184
              ],
              [
                106.472896,
                21.145647
              ],
              [
                106.473098,
                21.145972
              ],
              [
                106.473291,
                21.146256
              ],
              [
                106.473625,
                21.14667
              ],
              [
                106.473912,
                21.147021
              ],
              [
                106.474285,
                21.147473
              ],
              [
                106.474494,
                21.147717
              ],
              [
                106.474598,
                21.147884
              ],
              [
                106.474668,
                21.148052
              ],
              [
                106.47475,
                21.148246
              ],
              [
                106.475083,
                21.149013
              ],
              [
                106.475221,
                21.149327
              ],
              [
                106.475222,
                21.149329
              ],
              [
                106.475337,
                21.14959
              ],
              [
                106.475467,
                21.149966
              ],
              [
                106.475589,
                21.150371
              ],
              [
                106.475738,
                21.150804
              ],
              [
                106.476085,
                21.15134
              ],
              [
                106.476337,
                21.151736
              ],
              [
                106.476538,
                21.152197
              ],
              [
                106.476754,
                21.152747
              ],
              [
                106.476964,
                21.153317
              ],
              [
                106.477006,
                21.153406
              ],
              [
                106.477133,
                21.153677
              ],
              [
                106.477479,
                21.154358
              ],
              [
                106.477816,
                21.155053
              ],
              [
                106.477859,
                21.155218
              ],
              [
                106.477874,
                21.155583
              ],
              [
                106.477882,
                21.155945
              ],
              [
                106.47792,
                21.156147
              ],
              [
                106.477999,
                21.156322
              ],
              [
                106.478025,
                21.156381
              ],
              [
                106.478181,
                21.156651
              ],
              [
                106.477409,
                21.157328
              ],
              [
                106.477271,
                21.157446
              ],
              [
                106.477151,
                21.15755
              ],
              [
                106.477016,
                21.15778
              ],
              [
                106.476947,
                21.158034
              ],
              [
                106.476887,
                21.158178
              ],
              [
                106.476804,
                21.158499
              ],
              [
                106.476734,
                21.158634
              ],
              [
                106.476622,
                21.15874
              ],
              [
                106.476151,
                21.159031
              ],
              [
                106.475647,
                21.159556
              ],
              [
                106.475445,
                21.159768
              ],
              [
                106.475411,
                21.159883
              ],
              [
                106.475382,
                21.16006
              ],
              [
                106.475277,
                21.160243
              ],
              [
                106.474968,
                21.160648
              ],
              [
                106.474869,
                21.160777
              ],
              [
                106.474724,
                21.160998
              ],
              [
                106.474639,
                21.161214
              ],
              [
                106.474535,
                21.161558
              ],
              [
                106.474467,
                21.161884
              ],
              [
                106.474454,
                21.162092
              ],
              [
                106.474424,
                21.162623
              ],
              [
                106.474389,
                21.162664
              ],
              [
                106.47434,
                21.162688
              ],
              [
                106.474165,
                21.162699
              ],
              [
                106.47388,
                21.162737
              ],
              [
                106.473794,
                21.162798
              ],
              [
                106.473749,
                21.162884
              ],
              [
                106.473727,
                21.162975
              ],
              [
                106.473725,
                21.163104
              ],
              [
                106.473721,
                21.163437
              ],
              [
                106.473687,
                21.163841
              ],
              [
                106.473667,
                21.164157
              ],
              [
                106.473623,
                21.16437
              ],
              [
                106.473577,
                21.164547
              ],
              [
                106.473448,
                21.164916
              ],
              [
                106.473271,
                21.16535
              ],
              [
                106.473199,
                21.165475
              ],
              [
                106.473049,
                21.165603
              ],
              [
                106.472915,
                21.1657
              ],
              [
                106.472768,
                21.165756
              ],
              [
                106.472583,
                21.165851
              ],
              [
                106.472518,
                21.165926
              ],
              [
                106.472344,
                21.166169
              ],
              [
                106.472083,
                21.166551
              ],
              [
                106.471977,
                21.166671
              ],
              [
                106.471726,
                21.167061
              ],
              [
                106.471332,
                21.167631
              ],
              [
                106.471112,
                21.167857
              ],
              [
                106.470784,
                21.168135
              ],
              [
                106.470485,
                21.168367
              ],
              [
                106.470274,
                21.16862
              ],
              [
                106.470244,
                21.16868
              ],
              [
                106.470255,
                21.168766
              ],
              [
                106.470287,
                21.168887
              ],
              [
                106.470419,
                21.169151
              ],
              [
                106.47051,
                21.169272
              ],
              [
                106.470624,
                21.169496
              ],
              [
                106.470651,
                21.169651
              ],
              [
                106.470671,
                21.169833
              ],
              [
                106.470672,
                21.169955
              ],
              [
                106.470668,
                21.170069
              ],
              [
                106.470643,
                21.170419
              ],
              [
                106.470616,
                21.170703
              ],
              [
                106.470614,
                21.170811
              ],
              [
                106.47063,
                21.170868
              ],
              [
                106.470661,
                21.170908
              ],
              [
                106.47074,
                21.170979
              ],
              [
                106.470997,
                21.171104
              ],
              [
                106.471217,
                21.171245
              ],
              [
                106.471251,
                21.171293
              ],
              [
                106.471249,
                21.171415
              ],
              [
                106.471157,
                21.171997
              ],
              [
                106.471139,
                21.172118
              ],
              [
                106.471105,
                21.172338
              ],
              [
                106.471008,
                21.172822
              ],
              [
                106.470962,
                21.173059
              ],
              [
                106.470961,
                21.173131
              ],
              [
                106.47099,
                21.173281
              ],
              [
                106.471048,
                21.173424
              ],
              [
                106.471081,
                21.173493
              ],
              [
                106.471188,
                21.173683
              ],
              [
                106.471353,
                21.173947
              ],
              [
                106.47141,
                21.174037
              ],
              [
                106.47155,
                21.174256
              ],
              [
                106.471569,
                21.17429
              ],
              [
                106.471638,
                21.174416
              ],
              [
                106.471911,
                21.174712
              ],
              [
                106.472115,
                21.17499
              ],
              [
                106.472279,
                21.175292
              ],
              [
                106.472336,
                21.175356
              ],
              [
                106.472415,
                21.175415
              ],
              [
                106.472528,
                21.175488
              ],
              [
                106.472577,
                21.175517
              ],
              [
                106.472626,
                21.175545
              ],
              [
                106.472743,
                21.175587
              ],
              [
                106.472986,
                21.175685
              ],
              [
                106.473437,
                21.175887
              ],
              [
                106.473595,
                21.175959
              ],
              [
                106.473667,
                21.176026
              ],
              [
                106.473781,
                21.176223
              ],
              [
                106.473878,
                21.176401
              ],
              [
                106.473944,
                21.176456
              ],
              [
                106.474091,
                21.176522
              ],
              [
                106.474315,
                21.176603
              ],
              [
                106.474487,
                21.176692
              ],
              [
                106.474692,
                21.176824
              ],
              [
                106.474782,
                21.176902
              ],
              [
                106.474959,
                21.177138
              ],
              [
                106.475019,
                21.177218
              ],
              [
                106.47521,
                21.177465
              ],
              [
                106.475336,
                21.177572
              ],
              [
                106.475403,
                21.177597
              ],
              [
                106.475602,
                21.177591
              ],
              [
                106.47571,
                21.177574
              ],
              [
                106.475767,
                21.177566
              ],
              [
                106.475915,
                21.177579
              ],
              [
                106.476247,
                21.17765
              ],
              [
                106.477074,
                21.177757
              ],
              [
                106.477294,
                21.177827
              ],
              [
                106.477401,
                21.177886
              ],
              [
                106.477463,
                21.177936
              ],
              [
                106.477651,
                21.178173
              ],
              [
                106.47785,
                21.178458
              ],
              [
                106.477984,
                21.178626
              ],
              [
                106.478077,
                21.178695
              ],
              [
                106.478317,
                21.178869
              ],
              [
                106.478317,
                21.178869
              ],
              [
                106.478508,
                21.179014
              ],
              [
                106.478593,
                21.179075
              ],
              [
                106.478647,
                21.179108
              ],
              [
                106.47894,
                21.17916
              ],
              [
                106.47912,
                21.179192
              ],
              [
                106.479553,
                21.179258
              ],
              [
                106.479907,
                21.179315
              ],
              [
                106.480129,
                21.179353
              ],
              [
                106.480359,
                21.179397
              ],
              [
                106.480495,
                21.179439
              ],
              [
                106.480599,
                21.179476
              ],
              [
                106.480671,
                21.179502
              ],
              [
                106.480878,
                21.179576
              ],
              [
                106.480929,
                21.179576
              ],
              [
                106.480978,
                21.179564
              ],
              [
                106.481094,
                21.179493
              ],
              [
                106.481135,
                21.179471
              ],
              [
                106.481229,
                21.17942
              ],
              [
                106.481343,
                21.179376
              ],
              [
                106.481515,
                21.179313
              ],
              [
                106.481813,
                21.179241
              ],
              [
                106.481925,
                21.17923
              ],
              [
                106.482215,
                21.179232
              ],
              [
                106.482435,
                21.179226
              ],
              [
                106.482592,
                21.179215
              ],
              [
                106.482702,
                21.179178
              ],
              [
                106.482803,
                21.179136
              ],
              [
                106.48294,
                21.179083
              ],
              [
                106.483024,
                21.17907
              ],
              [
                106.483483,
                21.179107
              ],
              [
                106.484268,
                21.179143
              ],
              [
                106.484623,
                21.17919
              ],
              [
                106.484858,
                21.179243
              ],
              [
                106.485232,
                21.179397
              ],
              [
                106.485584,
                21.179509
              ],
              [
                106.48573,
                21.179553
              ],
              [
                106.485927,
                21.179577
              ],
              [
                106.486149,
                21.179616
              ],
              [
                106.486299,
                21.179641
              ],
              [
                106.486448,
                21.179735
              ],
              [
                106.486612,
                21.179894
              ],
              [
                106.486808,
                21.180089
              ],
              [
                106.486996,
                21.180286
              ],
              [
                106.487061,
                21.180354
              ],
              [
                106.487133,
                21.180403
              ],
              [
                106.487219,
                21.180415
              ],
              [
                106.487371,
                21.180419
              ],
              [
                106.487395,
                21.18042
              ],
              [
                106.487849,
                21.180414
              ],
              [
                106.488001,
                21.180423
              ],
              [
                106.488063,
                21.180426
              ],
              [
                106.488254,
                21.180444
              ],
              [
                106.48845,
                21.180435
              ],
              [
                106.488516,
                21.180433
              ],
              [
                106.488835,
                21.180424
              ],
              [
                106.489141,
                21.18041
              ],
              [
                106.489141,
                21.18041
              ]
            ]
          ]
        ]
      },
      "properties": {
        "code": "10573",
        "name": "Trần Nhân Tông",
        "nameEn": "Tran Nhan Tong",
        "fullName": "Phường Trần Nhân Tông",
        "fullNameEn": "Tran Nhan Tong Ward",
        "codeName": "tran_nhan_tong",
        "postalCode": "03530",
        "postalCodePrefix": "",
        "gisServerId": "diaphanhanhchinhcapxa_2025.869",
        "areaKm2": 39.97
      }
    }
  ]
}