{
  "type": "FeatureCollection",
  "bbox": [
    106.297966,
    20.963595,
    106.372431,
    21.007576
  ],
  "features": [
    {
      "type": "Feature",
      "id": "10606",
      "bbox": [
        106.297966,
        20.963595,
        106.372431,
        21.007576
      ],
      "geometry": {
        "type": "MultiPolygon",
        "coordinates": [
          [
            [
              [
                106.335219,
                21.006539
              ],
              [
                106.33597,
                21.006476
              ],
              [
                106.335989,
                21.006485
              ],
              [
                106.335989,
                21.0065
              ],
              [
                106.335989,
                21.006533
              ],
              [
                106.335932,
                21.006907
              ],
              [
                106.335896,
                21.007116
              ],
              [
                106.336008,
                21.007245
              ],
              [
                106.336229,
                21.007107
              ],
              [
                106.336368,
                21.007019
              ],
              [
                106.33653,
                21.006931
              ],
              [
                106.336588,
                21.006899
              ],
              [
                106.336716,
                21.006822
              ],
              [
                106.33685,
                21.006714
              ],
              [
                106.336733,
                21.006513
              ],
              [
                106.336703,
                21.006464
              ],
              [
                106.336724,
                21.00642
              ],
              [
                106.336844,
                21.00635
              ],
              [
                106.337261,
                21.006199
              ],
              [
                106.33731,
                21.00616
              ],
              [
                106.337766,
                21.005998
              ],
              [
                106.337772,
                21.00601
              ],
              [
                106.337873,
                21.006231
              ],
              [
                106.337909,
                21.006308
              ],
              [
                106.338176,
                21.006138
              ],
              [
                106.338254,
                21.006088
              ],
              [
                106.338093,
                21.005678
              ],
              [
                106.337575,
                21.004549
              ],
              [
                106.3371,
                21.003499
              ],
              [
                106.337021,
                21.003287
              ],
              [
                106.336959,
                21.00312
              ],
              [
                106.336923,
                21.00292
              ],
              [
                106.337043,
                21.00298
              ],
              [
                106.337918,
                21.003324
              ],
              [
                106.338088,
                21.003392
              ],
              [
                106.338102,
                21.003249
              ],
              [
                106.338115,
                21.003146
              ],
              [
                106.338126,
                21.003059
              ],
              [
                106.338134,
                21.002991
              ],
              [
                106.338145,
                21.002994
              ],
              [
                106.338517,
                21.003097
              ],
              [
                106.338555,
                21.002575
              ],
              [
                106.33946,
                21.002654
              ],
              [
                106.339494,
                21.002369
              ],
              [
                106.339392,
                21.002338
              ],
              [
                106.339362,
                21.00231
              ],
              [
                106.339362,
                21.00225
              ],
              [
                106.339443,
                21.001864
              ],
              [
                106.339451,
                21.001768
              ],
              [
                106.339415,
                21.001545
              ],
              [
                106.339336,
                21.000989
              ],
              [
                106.339456,
                21.000984
              ],
              [
                106.339643,
                21.00101
              ],
              [
                106.339842,
                21.001005
              ],
              [
                106.339902,
                21.001004
              ],
              [
                106.339848,
                21.000698
              ],
              [
                106.339713,
                21.000731
              ],
              [
                106.339724,
                21.000576
              ],
              [
                106.339747,
                21.0003
              ],
              [
                106.339796,
                21.000109
              ],
              [
                106.339795,
                20.999974
              ],
              [
                106.339764,
                20.999791
              ],
              [
                106.339967,
                20.999765
              ],
              [
                106.340437,
                20.999746
              ],
              [
                106.340467,
                20.999758
              ],
              [
                106.340481,
                20.999889
              ],
              [
                106.340673,
                20.999937
              ],
              [
                106.340715,
                20.999999
              ],
              [
                106.340773,
                21.000014
              ],
              [
                106.340805,
                21.000037
              ],
              [
                106.340837,
                21.000109
              ],
              [
                106.340892,
                21.000198
              ],
              [
                106.341229,
                21.000146
              ],
              [
                106.341155,
                21.000049
              ],
              [
                106.341244,
                21.000004
              ],
              [
                106.341256,
                20.999965
              ],
              [
                106.341221,
                20.999914
              ],
              [
                106.341121,
                20.999826
              ],
              [
                106.341089,
                20.999757
              ],
              [
                106.341087,
                20.999725
              ],
              [
                106.341153,
                20.999727
              ],
              [
                106.341304,
                20.999864
              ],
              [
                106.341389,
                20.99988
              ],
              [
                106.341523,
                20.999865
              ],
              [
                106.341546,
                20.999582
              ],
              [
                106.341517,
                20.999466
              ],
              [
                106.34138,
                20.999422
              ],
              [
                106.341308,
                20.999391
              ],
              [
                106.341363,
                20.999339
              ],
              [
                106.341519,
                20.999192
              ],
              [
                106.34155,
                20.999163
              ],
              [
                106.341572,
                20.999179
              ],
              [
                106.341595,
                20.999193
              ],
              [
                106.341642,
                20.999206
              ],
              [
                106.341688,
                20.999217
              ],
              [
                106.341862,
                20.999264
              ],
              [
                106.34198,
                20.999292
              ],
              [
                106.342029,
                20.999309
              ],
              [
                106.342084,
                20.999328
              ],
              [
                106.342105,
                20.999337
              ],
              [
                106.342204,
                20.999389
              ],
              [
                106.342269,
                20.999433
              ],
              [
                106.342327,
                20.999476
              ],
              [
                106.342373,
                20.99952
              ],
              [
                106.342424,
                20.999576
              ],
              [
                106.342466,
                20.999629
              ],
              [
                106.342623,
                20.999565
              ],
              [
                106.342734,
                20.999519
              ],
              [
                106.342804,
                20.999484
              ],
              [
                106.342817,
                20.999457
              ],
              [
                106.342767,
                20.999389
              ],
              [
                106.342659,
                20.999285
              ],
              [
                106.342594,
                20.999156
              ],
              [
                106.342589,
                20.999011
              ],
              [
                106.342589,
                20.99901
              ],
              [
                106.342568,
                20.998446
              ],
              [
                106.342529,
                20.998288
              ],
              [
                106.342445,
                20.998154
              ],
              [
                106.342673,
                20.998039
              ],
              [
                106.342759,
                20.997972
              ],
              [
                106.342771,
                20.997942
              ],
              [
                106.342783,
                20.997909
              ],
              [
                106.34278,
                20.997871
              ],
              [
                106.342767,
                20.997796
              ],
              [
                106.342711,
                20.997656
              ],
              [
                106.342539,
                20.997269
              ],
              [
                106.342441,
                20.996986
              ],
              [
                106.342392,
                20.996849
              ],
              [
                106.34236,
                20.996795
              ],
              [
                106.342296,
                20.996763
              ],
              [
                106.342347,
                20.996473
              ],
              [
                106.342353,
                20.996237
              ],
              [
                106.342305,
                20.996023
              ],
              [
                106.342077,
                20.995024
              ],
              [
                106.342054,
                20.994785
              ],
              [
                106.342437,
                20.994604
              ],
              [
                106.342839,
                20.994408
              ],
              [
                106.343088,
                20.994287
              ],
              [
                106.343844,
                20.993919
              ],
              [
                106.344093,
                20.993802
              ],
              [
                106.344317,
                20.993698
              ],
              [
                106.344562,
                20.993583
              ],
              [
                106.345052,
                20.993314
              ],
              [
                106.34519,
                20.993224
              ],
              [
                106.34544,
                20.99306
              ],
              [
                106.345779,
                20.992813
              ],
              [
                106.34587,
                20.992748
              ],
              [
                106.345914,
                20.992716
              ],
              [
                106.346144,
                20.992484
              ],
              [
                106.346225,
                20.992403
              ],
              [
                106.346349,
                20.992278
              ],
              [
                106.346384,
                20.992226
              ],
              [
                106.346436,
                20.992148
              ],
              [
                106.346487,
                20.992073
              ],
              [
                106.346657,
                20.992085
              ],
              [
                106.346747,
                20.992091
              ],
              [
                106.347113,
                20.992117
              ],
              [
                106.347376,
                20.992134
              ],
              [
                106.347655,
                20.992152
              ],
              [
                106.347919,
                20.992169
              ],
              [
                106.348134,
                20.992182
              ],
              [
                106.348364,
                20.992196
              ],
              [
                106.348711,
                20.992216
              ],
              [
                106.349132,
                20.992239
              ],
              [
                106.349497,
                20.992258
              ],
              [
                106.34982,
                20.992275
              ],
              [
                106.350199,
                20.992296
              ],
              [
                106.350633,
                20.99232
              ],
              [
                106.351028,
                20.992342
              ],
              [
                106.351407,
                20.992363
              ],
              [
                106.351822,
                20.992387
              ],
              [
                106.35225,
                20.992412
              ],
              [
                106.352691,
                20.992436
              ],
              [
                106.353058,
                20.992456
              ],
              [
                106.353291,
                20.992469
              ],
              [
                106.353409,
                20.992475
              ],
              [
                106.353409,
                20.992475
              ],
              [
                106.353526,
                20.992481
              ],
              [
                106.353906,
                20.992502
              ],
              [
                106.354089,
                20.992512
              ],
              [
                106.354219,
                20.99252
              ],
              [
                106.354395,
                20.992529
              ],
              [
                106.354677,
                20.992545
              ],
              [
                106.354906,
                20.992558
              ],
              [
                106.35512,
                20.99257
              ],
              [
                106.355121,
                20.99257
              ],
              [
                106.355405,
                20.992587
              ],
              [
                106.355446,
                20.992589
              ],
              [
                106.355453,
                20.992521
              ],
              [
                106.355458,
                20.992476
              ],
              [
                106.35547,
                20.992358
              ],
              [
                106.355924,
                20.992352
              ],
              [
                106.356073,
                20.992303
              ],
              [
                106.356212,
                20.992194
              ],
              [
                106.356246,
                20.992155
              ],
              [
                106.356278,
                20.992119
              ],
              [
                106.356296,
                20.992005
              ],
              [
                106.356288,
                20.991796
              ],
              [
                106.356289,
                20.991653
              ],
              [
                106.356303,
                20.991622
              ],
              [
                106.356314,
                20.991596
              ],
              [
                106.356377,
                20.991521
              ],
              [
                106.356469,
                20.991415
              ],
              [
                106.356655,
                20.991285
              ],
              [
                106.356807,
                20.991195
              ],
              [
                106.356912,
                20.991143
              ],
              [
                106.357013,
                20.991145
              ],
              [
                106.357036,
                20.991153
              ],
              [
                106.357293,
                20.991243
              ],
              [
                106.357578,
                20.990752
              ],
              [
                106.357691,
                20.990736
              ],
              [
                106.357932,
                20.990714
              ],
              [
                106.358133,
                20.990706
              ],
              [
                106.358247,
                20.990701
              ],
              [
                106.358303,
                20.990704
              ],
              [
                106.35872,
                20.990714
              ],
              [
                106.359178,
                20.990701
              ],
              [
                106.359698,
                20.990629
              ],
              [
                106.359782,
                20.990617
              ],
              [
                106.359943,
                20.990806
              ],
              [
                106.360041,
                20.990965
              ],
              [
                106.36007,
                20.991051
              ],
              [
                106.36007,
                20.991094
              ],
              [
                106.360052,
                20.99113
              ],
              [
                106.359954,
                20.991203
              ],
              [
                106.359889,
                20.991253
              ],
              [
                106.359999,
                20.991598
              ],
              [
                106.360104,
                20.991627
              ],
              [
                106.360225,
                20.991565
              ],
              [
                106.36083,
                20.991253
              ],
              [
                106.361012,
                20.991174
              ],
              [
                106.361002,
                20.991145
              ],
              [
                106.360958,
                20.991009
              ],
              [
                106.361055,
                20.990964
              ],
              [
                106.361094,
                20.990951
              ],
              [
                106.361203,
                20.990916
              ],
              [
                106.361147,
                20.990743
              ],
              [
                106.361015,
                20.990517
              ],
              [
                106.360873,
                20.990357
              ],
              [
                106.360582,
                20.990068
              ],
              [
                106.360443,
                20.989898
              ],
              [
                106.360362,
                20.989728
              ],
              [
                106.360318,
                20.98951
              ],
              [
                106.36032,
                20.989331
              ],
              [
                106.360347,
                20.98919
              ],
              [
                106.360426,
                20.989064
              ],
              [
                106.360511,
                20.988986
              ],
              [
                106.360618,
                20.988907
              ],
              [
                106.360897,
                20.988771
              ],
              [
                106.361658,
                20.98849
              ],
              [
                106.361892,
                20.988374
              ],
              [
                106.362152,
                20.988196
              ],
              [
                106.362343,
                20.98803
              ],
              [
                106.362405,
                20.987952
              ],
              [
                106.362457,
                20.987865
              ],
              [
                106.362532,
                20.987736
              ],
              [
                106.362598,
                20.987556
              ],
              [
                106.36265,
                20.987328
              ],
              [
                106.362701,
                20.987068
              ],
              [
                106.362741,
                20.986885
              ],
              [
                106.362788,
                20.986735
              ],
              [
                106.362856,
                20.986559
              ],
              [
                106.362981,
                20.986313
              ],
              [
                106.363106,
                20.986106
              ],
              [
                106.363281,
                20.985932
              ],
              [
                106.36343,
                20.985834
              ],
              [
                106.363556,
                20.985784
              ],
              [
                106.363663,
                20.985755
              ],
              [
                106.363763,
                20.985746
              ],
              [
                106.363879,
                20.985751
              ],
              [
                106.364056,
                20.985773
              ],
              [
                106.364257,
                20.985839
              ],
              [
                106.364493,
                20.985972
              ],
              [
                106.364649,
                20.986081
              ],
              [
                106.365007,
                20.986349
              ],
              [
                106.365246,
                20.986484
              ],
              [
                106.365448,
                20.986567
              ],
              [
                106.365691,
                20.986592
              ],
              [
                106.365901,
                20.986575
              ],
              [
                106.366051,
                20.986554
              ],
              [
                106.366201,
                20.986509
              ],
              [
                106.366307,
                20.986438
              ],
              [
                106.366411,
                20.986303
              ],
              [
                106.36659,
                20.986055
              ],
              [
                106.366653,
                20.985982
              ],
              [
                106.366768,
                20.985904
              ],
              [
                106.366973,
                20.985818
              ],
              [
                106.367285,
                20.98572
              ],
              [
                106.367491,
                20.985656
              ],
              [
                106.367692,
                20.985623
              ],
              [
                106.367873,
                20.98561
              ],
              [
                106.368168,
                20.985616
              ],
              [
                106.368264,
                20.985628
              ],
              [
                106.368605,
                20.985715
              ],
              [
                106.368888,
                20.985793
              ],
              [
                106.369121,
                20.98586
              ],
              [
                106.369272,
                20.985924
              ],
              [
                106.369522,
                20.986073
              ],
              [
                106.369668,
                20.986187
              ],
              [
                106.369762,
                20.986299
              ],
              [
                106.369938,
                20.986571
              ],
              [
                106.370052,
                20.986748
              ],
              [
                106.37015,
                20.986839
              ],
              [
                106.370242,
                20.986892
              ],
              [
                106.370301,
                20.986915
              ],
              [
                106.370332,
                20.986918
              ],
              [
                106.370389,
                20.986915
              ],
              [
                106.370481,
                20.986899
              ],
              [
                106.370559,
                20.986847
              ],
              [
                106.370648,
                20.986741
              ],
              [
                106.370682,
                20.986638
              ],
              [
                106.370691,
                20.986572
              ],
              [
                106.370686,
                20.986331
              ],
              [
                106.370668,
                20.986196
              ],
              [
                106.370606,
                20.985703
              ],
              [
                106.370551,
                20.985484
              ],
              [
                106.370514,
                20.98539
              ],
              [
                106.370508,
                20.985382
              ],
              [
                106.370505,
                20.985377
              ],
              [
                106.370454,
                20.985312
              ],
              [
                106.370384,
                20.98525
              ],
              [
                106.370308,
                20.985206
              ],
              [
                106.370206,
                20.985171
              ],
              [
                106.369761,
                20.985061
              ],
              [
                106.36969,
                20.985043
              ],
              [
                106.369394,
                20.984956
              ],
              [
                106.3692,
                20.98486
              ],
              [
                106.369015,
                20.984733
              ],
              [
                106.36891,
                20.984617
              ],
              [
                106.368848,
                20.984503
              ],
              [
                106.368793,
                20.984303
              ],
              [
                106.368778,
                20.98414
              ],
              [
                106.368776,
                20.98398
              ],
              [
                106.368798,
                20.983865
              ],
              [
                106.368835,
                20.983767
              ],
              [
                106.368908,
                20.983648
              ],
              [
                106.368982,
                20.983548
              ],
              [
                106.369099,
                20.983457
              ],
              [
                106.369277,
                20.98335
              ],
              [
                106.369411,
                20.9833
              ],
              [
                106.369659,
                20.98324
              ],
              [
                106.369865,
                20.983223
              ],
              [
                106.370239,
                20.983228
              ],
              [
                106.370622,
                20.983252
              ],
              [
                106.370865,
                20.983263
              ],
              [
                106.371013,
                20.983245
              ],
              [
                106.371129,
                20.983217
              ],
              [
                106.371189,
                20.983196
              ],
              [
                106.371273,
                20.983158
              ],
              [
                106.371407,
                20.983066
              ],
              [
                106.371512,
                20.982975
              ],
              [
                106.371594,
                20.982848
              ],
              [
                106.371654,
                20.982693
              ],
              [
                106.371683,
                20.982547
              ],
              [
                106.371695,
                20.982325
              ],
              [
                106.371697,
                20.982124
              ],
              [
                106.371684,
                20.981962
              ],
              [
                106.371632,
                20.981704
              ],
              [
                106.371517,
                20.981288
              ],
              [
                106.371474,
                20.981103
              ],
              [
                106.371465,
                20.981006
              ],
              [
                106.371474,
                20.980912
              ],
              [
                106.371506,
                20.980816
              ],
              [
                106.371733,
                20.980512
              ],
              [
                106.371879,
                20.980348
              ],
              [
                106.371963,
                20.980273
              ],
              [
                106.372044,
                20.98023
              ],
              [
                106.372208,
                20.980169
              ],
              [
                106.372134,
                20.980026
              ],
              [
                106.372052,
                20.979868
              ],
              [
                106.372049,
                20.979858
              ],
              [
                106.371979,
                20.979639
              ],
              [
                106.371947,
                20.979434
              ],
              [
                106.371937,
                20.979276
              ],
              [
                106.371929,
                20.979128
              ],
              [
                106.371986,
                20.978514
              ],
              [
                106.372007,
                20.97838
              ],
              [
                106.372067,
                20.978017
              ],
              [
                106.372106,
                20.977876
              ],
              [
                106.372121,
                20.977825
              ],
              [
                106.372209,
                20.977552
              ],
              [
                106.372252,
                20.97742
              ],
              [
                106.3723,
                20.977243
              ],
              [
                106.372386,
                20.976926
              ],
              [
                106.372431,
                20.976474
              ],
              [
                106.372411,
                20.975934
              ],
              [
                106.37239,
                20.975787
              ],
              [
                106.372314,
                20.975429
              ],
              [
                106.372311,
                20.975419
              ],
              [
                106.37223,
                20.975172
              ],
              [
                106.372111,
                20.974929
              ],
              [
                106.371947,
                20.97469
              ],
              [
                106.371915,
                20.974644
              ],
              [
                106.371876,
                20.974598
              ],
              [
                106.371731,
                20.974427
              ],
              [
                106.37166,
                20.974344
              ],
              [
                106.37103,
                20.973604
              ],
              [
                106.370374,
                20.972782
              ],
              [
                106.370268,
                20.972649
              ],
              [
                106.37015,
                20.972428
              ],
              [
                106.370129,
                20.972387
              ],
              [
                106.370091,
                20.972235
              ],
              [
                106.370079,
                20.97202
              ],
              [
                106.370148,
                20.971216
              ],
              [
                106.37015,
                20.970791
              ],
              [
                106.370122,
                20.970522
              ],
              [
                106.37011,
                20.970409
              ],
              [
                106.370058,
                20.970201
              ],
              [
                106.370032,
                20.970097
              ],
              [
                106.370031,
                20.970094
              ],
              [
                106.370031,
                20.970093
              ],
              [
                106.36986,
                20.969722
              ],
              [
                106.369799,
                20.969588
              ],
              [
                106.36889,
                20.968089
              ],
              [
                106.368846,
                20.968015
              ],
              [
                106.36827,
                20.96704
              ],
              [
                106.368028,
                20.966607
              ],
              [
                106.367733,
                20.966078
              ],
              [
                106.367594,
                20.96583
              ],
              [
                106.367214,
                20.965147
              ],
              [
                106.367199,
                20.96512
              ],
              [
                106.367166,
                20.96507
              ],
              [
                106.367079,
                20.964941
              ],
              [
                106.367032,
                20.96487
              ],
              [
                106.36687,
                20.964692
              ],
              [
                106.366818,
                20.964656
              ],
              [
                106.366633,
                20.96453
              ],
              [
                106.366632,
                20.964529
              ],
              [
                106.366632,
                20.964529
              ],
              [
                106.366434,
                20.964449
              ],
              [
                106.366433,
                20.964448
              ],
              [
                106.366431,
                20.964448
              ],
              [
                106.366288,
                20.964453
              ],
              [
                106.366158,
                20.964486
              ],
              [
                106.366094,
                20.964518
              ],
              [
                106.366018,
                20.964556
              ],
              [
                106.365866,
                20.964689
              ],
              [
                106.365727,
                20.964852
              ],
              [
                106.365696,
                20.964888
              ],
              [
                106.365325,
                20.965601
              ],
              [
                106.365311,
                20.965625
              ],
              [
                106.365182,
                20.965856
              ],
              [
                106.365069,
                20.965951
              ],
              [
                106.36497,
                20.965994
              ],
              [
                106.364823,
                20.966007
              ],
              [
                106.36479,
                20.96601
              ],
              [
                106.364507,
                20.965948
              ],
              [
                106.36422,
                20.965825
              ],
              [
                106.363886,
                20.965623
              ],
              [
                106.36307,
                20.965081
              ],
              [
                106.362915,
                20.964978
              ],
              [
                106.3625,
                20.964716
              ],
              [
                106.362431,
                20.964678
              ],
              [
                106.362338,
                20.964626
              ],
              [
                106.362051,
                20.964465
              ],
              [
                106.361633,
                20.964258
              ],
              [
                106.361599,
                20.964247
              ],
              [
                106.36156,
                20.964233
              ],
              [
                106.361388,
                20.964198
              ],
              [
                106.361239,
                20.964199
              ],
              [
                106.361226,
                20.964203
              ],
              [
                106.361129,
                20.964229
              ],
              [
                106.361011,
                20.964293
              ],
              [
                106.360988,
                20.964305
              ],
              [
                106.360933,
                20.96437
              ],
              [
                106.360841,
                20.964479
              ],
              [
                106.360789,
                20.964553
              ],
              [
                106.360686,
                20.964681
              ],
              [
                106.360666,
                20.964705
              ],
              [
                106.360622,
                20.964774
              ],
              [
                106.360457,
                20.965034
              ],
              [
                106.360377,
                20.965121
              ],
              [
                106.360291,
                20.965175
              ],
              [
                106.360226,
                20.965205
              ],
              [
                106.360198,
                20.96521
              ],
              [
                106.360092,
                20.96523
              ],
              [
                106.359913,
                20.965226
              ],
              [
                106.359875,
                20.965225
              ],
              [
                106.359787,
                20.965208
              ],
              [
                106.359623,
                20.965178
              ],
              [
                106.359527,
                20.96516
              ],
              [
                106.359477,
                20.965147
              ],
              [
                106.359201,
                20.965076
              ],
              [
                106.359113,
                20.965037
              ],
              [
                106.35904,
                20.964977
              ],
              [
                106.358997,
                20.964944
              ],
              [
                106.358956,
                20.964913
              ],
              [
                106.358775,
                20.964818
              ],
              [
                106.358603,
                20.964758
              ],
              [
                106.358508,
                20.964763
              ],
              [
                106.358434,
                20.964776
              ],
              [
                106.358418,
                20.964785
              ],
              [
                106.358206,
                20.964902
              ],
              [
                106.35822,
                20.965065
              ],
              [
                106.358247,
                20.965374
              ],
              [
                106.358425,
                20.965875
              ],
              [
                106.358919,
                20.967023
              ],
              [
                106.359216,
                20.967846
              ],
              [
                106.359662,
                20.969077
              ],
              [
                106.359843,
                20.969578
              ],
              [
                106.360107,
                20.970126
              ],
              [
                106.360117,
                20.970152
              ],
              [
                106.360196,
                20.970374
              ],
              [
                106.360192,
                20.970517
              ],
              [
                106.360122,
                20.970651
              ],
              [
                106.360016,
                20.970748
              ],
              [
                106.359789,
                20.970903
              ],
              [
                106.359567,
                20.970968
              ],
              [
                106.359053,
                20.971172
              ],
              [
                106.358911,
                20.971228
              ],
              [
                106.358766,
                20.971286
              ],
              [
                106.358265,
                20.971487
              ],
              [
                106.358185,
                20.97152
              ],
              [
                106.358038,
                20.971582
              ],
              [
                106.357882,
                20.971647
              ],
              [
                106.357796,
                20.971683
              ],
              [
                106.357681,
                20.971716
              ],
              [
                106.357538,
                20.971719
              ],
              [
                106.357447,
                20.971702
              ],
              [
                106.357314,
                20.971646
              ],
              [
                106.357046,
                20.971456
              ],
              [
                106.356645,
                20.97113
              ],
              [
                106.356544,
                20.971044
              ],
              [
                106.356441,
                20.970956
              ],
              [
                106.355915,
                20.970534
              ],
              [
                106.355575,
                20.970262
              ],
              [
                106.355415,
                20.970134
              ],
              [
                106.354979,
                20.969751
              ],
              [
                106.354773,
                20.969548
              ],
              [
                106.354769,
                20.969544
              ],
              [
                106.354621,
                20.969338
              ],
              [
                106.354441,
                20.969017
              ],
              [
                106.354323,
                20.968779
              ],
              [
                106.354213,
                20.968541
              ],
              [
                106.354156,
                20.968366
              ],
              [
                106.354091,
                20.96841
              ],
              [
                106.353901,
                20.968538
              ],
              [
                106.353501,
                20.968794
              ],
              [
                106.353385,
                20.968827
              ],
              [
                106.353117,
                20.96862
              ],
              [
                106.353067,
                20.968573
              ],
              [
                106.353041,
                20.968582
              ],
              [
                106.353012,
                20.968767
              ],
              [
                106.353002,
                20.968843
              ],
              [
                106.352942,
                20.968928
              ],
              [
                106.352766,
                20.969005
              ],
              [
                106.352635,
                20.969048
              ],
              [
                106.3526,
                20.969038
              ],
              [
                106.352574,
                20.96903
              ],
              [
                106.352368,
                20.968954
              ],
              [
                106.352172,
                20.968895
              ],
              [
                106.351886,
                20.968688
              ],
              [
                106.351672,
                20.968534
              ],
              [
                106.3516,
                20.968483
              ],
              [
                106.351619,
                20.968206
              ],
              [
                106.351653,
                20.968017
              ],
              [
                106.351659,
                20.967883
              ],
              [
                106.351663,
                20.967812
              ],
              [
                106.35167,
                20.967682
              ],
              [
                106.351677,
                20.967614
              ],
              [
                106.351736,
                20.967389
              ],
              [
                106.351766,
                20.967309
              ],
              [
                106.351356,
                20.967258
              ],
              [
                106.35127,
                20.967244
              ],
              [
                106.351502,
                20.966702
              ],
              [
                106.351592,
                20.966491
              ],
              [
                106.351054,
                20.966693
              ],
              [
                106.35048,
                20.966993
              ],
              [
                106.350314,
                20.967055
              ],
              [
                106.350123,
                20.967099
              ],
              [
                106.349896,
                20.967088
              ],
              [
                106.349714,
                20.967013
              ],
              [
                106.349634,
                20.966956
              ],
              [
                106.349557,
                20.966805
              ],
              [
                106.349548,
                20.966776
              ],
              [
                106.349484,
                20.966674
              ],
              [
                106.349339,
                20.966577
              ],
              [
                106.349186,
                20.966496
              ],
              [
                106.348795,
                20.966363
              ],
              [
                106.348436,
                20.966297
              ],
              [
                106.348421,
                20.966023
              ],
              [
                106.348413,
                20.965849
              ],
              [
                106.34842,
                20.965696
              ],
              [
                106.348447,
                20.965617
              ],
              [
                106.348465,
                20.965595
              ],
              [
                106.348551,
                20.965573
              ],
              [
                106.348681,
                20.965545
              ],
              [
                106.34882,
                20.965487
              ],
              [
                106.348883,
                20.965429
              ],
              [
                106.348956,
                20.965299
              ],
              [
                106.349006,
                20.965152
              ],
              [
                106.349051,
                20.964846
              ],
              [
                106.348879,
                20.964795
              ],
              [
                106.349083,
                20.964079
              ],
              [
                106.349093,
                20.964046
              ],
              [
                106.349116,
                20.96397
              ],
              [
                106.349119,
                20.963961
              ],
              [
                106.348586,
                20.964015
              ],
              [
                106.348335,
                20.964041
              ],
              [
                106.348182,
                20.96403
              ],
              [
                106.348105,
                20.964007
              ],
              [
                106.347942,
                20.963934
              ],
              [
                106.347756,
                20.963857
              ],
              [
                106.347639,
                20.963841
              ],
              [
                106.347532,
                20.963848
              ],
              [
                106.347423,
                20.963867
              ],
              [
                106.347169,
                20.96394
              ],
              [
                106.346976,
                20.963995
              ],
              [
                106.346976,
                20.963996
              ],
              [
                106.346957,
                20.964001
              ],
              [
                106.346957,
                20.964001
              ],
              [
                106.346858,
                20.964031
              ],
              [
                106.346858,
                20.964031
              ],
              [
                106.346674,
                20.964106
              ],
              [
                106.346674,
                20.964106
              ],
              [
                106.346557,
                20.964153
              ],
              [
                106.346557,
                20.964153
              ],
              [
                106.346452,
                20.964195
              ],
              [
                106.346452,
                20.964195
              ],
              [
                106.346434,
                20.964202
              ],
              [
                106.346434,
                20.964202
              ],
              [
                106.346225,
                20.964279
              ],
              [
                106.346225,
                20.964279
              ],
              [
                106.346069,
                20.964298
              ],
              [
                106.346069,
                20.964298
              ],
              [
                106.345922,
                20.964254
              ],
              [
                106.345699,
                20.964149
              ],
              [
                106.345523,
                20.964063
              ],
              [
                106.345318,
                20.963936
              ],
              [
                106.345183,
                20.963846
              ],
              [
                106.345111,
                20.963798
              ],
              [
                106.345088,
                20.963783
              ],
              [
                106.345084,
                20.963781
              ],
              [
                106.344883,
                20.963686
              ],
              [
                106.344686,
                20.963628
              ],
              [
                106.344583,
                20.963614
              ],
              [
                106.344487,
                20.963601
              ],
              [
                106.344304,
                20.963595
              ],
              [
                106.344213,
                20.963596
              ],
              [
                106.344046,
                20.963599
              ],
              [
                106.343973,
                20.963604
              ],
              [
                106.343973,
                20.963604
              ],
              [
                106.343574,
                20.96366
              ],
              [
                106.343574,
                20.96366
              ],
              [
                106.343085,
                20.963773
              ],
              [
                106.343085,
                20.963773
              ],
              [
                106.342947,
                20.963824
              ],
              [
                106.342947,
                20.963824
              ],
              [
                106.342887,
                20.963854
              ],
              [
                106.342887,
                20.963854
              ],
              [
                106.342858,
                20.963869
              ],
              [
                106.342857,
                20.963869
              ],
              [
                106.342773,
                20.963912
              ],
              [
                106.342773,
                20.963912
              ],
              [
                106.342666,
                20.963996
              ],
              [
                106.342666,
                20.963996
              ],
              [
                106.342581,
                20.96411
              ],
              [
                106.342531,
                20.964218
              ],
              [
                106.342494,
                20.964374
              ],
              [
                106.342489,
                20.964428
              ],
              [
                106.342478,
                20.964528
              ],
              [
                106.342471,
                20.964598
              ],
              [
                106.342472,
                20.96476
              ],
              [
                106.342479,
                20.964825
              ],
              [
                106.342484,
                20.964848
              ],
              [
                106.342516,
                20.964991
              ],
              [
                106.342522,
                20.965019
              ],
              [
                106.342534,
                20.965061
              ],
              [
                106.342585,
                20.96524
              ],
              [
                106.342614,
                20.965341
              ],
              [
                106.342637,
                20.965422
              ],
              [
                106.342691,
                20.965613
              ],
              [
                106.342699,
                20.965636
              ],
              [
                106.342721,
                20.965701
              ],
              [
                106.342782,
                20.965932
              ],
              [
                106.342817,
                20.966181
              ],
              [
                106.34282,
                20.966249
              ],
              [
                106.342823,
                20.966327
              ],
              [
                106.342827,
                20.966427
              ],
              [
                106.342813,
                20.966553
              ],
              [
                106.342773,
                20.966738
              ],
              [
                106.342739,
                20.966833
              ],
              [
                106.342704,
                20.966931
              ],
              [
                106.342686,
                20.966984
              ],
              [
                106.342664,
                20.967047
              ],
              [
                106.342653,
                20.967071
              ],
              [
                106.342554,
                20.967283
              ],
              [
                106.342486,
                20.967401
              ],
              [
                106.342314,
                20.967691
              ],
              [
                106.342153,
                20.967981
              ],
              [
                106.34209,
                20.968133
              ],
              [
                106.342087,
                20.96814
              ],
              [
                106.342086,
                20.968144
              ],
              [
                106.342032,
                20.968272
              ],
              [
                106.34199,
                20.968532
              ],
              [
                106.341999,
                20.968776
              ],
              [
                106.342025,
                20.968992
              ],
              [
                106.342026,
                20.969003
              ],
              [
                106.34203,
                20.969036
              ],
              [
                106.34207,
                20.969253
              ],
              [
                106.342086,
                20.969331
              ],
              [
                106.342125,
                20.969514
              ],
              [
                106.342129,
                20.969536
              ],
              [
                106.342149,
                20.969677
              ],
              [
                106.34215,
                20.969734
              ],
              [
                106.342151,
                20.969795
              ],
              [
                106.342157,
                20.970065
              ],
              [
                106.342144,
                20.970211
              ],
              [
                106.342137,
                20.970287
              ],
              [
                106.342103,
                20.9704
              ],
              [
                106.342046,
                20.970511
              ],
              [
                106.342046,
                20.970511
              ],
              [
                106.341965,
                20.970599
              ],
              [
                106.341964,
                20.970599
              ],
              [
                106.341863,
                20.970638
              ],
              [
                106.341863,
                20.970638
              ],
              [
                106.341739,
                20.970657
              ],
              [
                106.341661,
                20.970655
              ],
              [
                106.341596,
                20.970652
              ],
              [
                106.341511,
                20.970632
              ],
              [
                106.341478,
                20.970623
              ],
              [
                106.341328,
                20.970541
              ],
              [
                106.341123,
                20.970414
              ],
              [
                106.340735,
                20.970085
              ],
              [
                106.340504,
                20.969884
              ],
              [
                106.340332,
                20.969775
              ],
              [
                106.340124,
                20.969696
              ],
              [
                106.339936,
                20.96965
              ],
              [
                106.339923,
                20.969647
              ],
              [
                106.339877,
                20.969645
              ],
              [
                106.339722,
                20.96964
              ],
              [
                106.339701,
                20.969639
              ],
              [
                106.33967,
                20.969642
              ],
              [
                106.33967,
                20.969642
              ],
              [
                106.339355,
                20.969669
              ],
              [
                106.339355,
                20.969669
              ],
              [
                106.339351,
                20.969669
              ],
              [
                106.339351,
                20.969669
              ],
              [
                106.339348,
                20.96967
              ],
              [
                106.339348,
                20.96967
              ],
              [
                106.339116,
                20.969714
              ],
              [
                106.339116,
                20.969714
              ],
              [
                106.33896,
                20.969744
              ],
              [
                106.33896,
                20.969744
              ],
              [
                106.338728,
                20.969819
              ],
              [
                106.338728,
                20.969819
              ],
              [
                106.338515,
                20.969907
              ],
              [
                106.338515,
                20.969907
              ],
              [
                106.338481,
                20.969921
              ],
              [
                106.338481,
                20.969921
              ],
              [
                106.338303,
                20.970011
              ],
              [
                106.338303,
                20.970011
              ],
              [
                106.338121,
                20.97012
              ],
              [
                106.338121,
                20.97012
              ],
              [
                106.337984,
                20.970212
              ],
              [
                106.337984,
                20.970212
              ],
              [
                106.337945,
                20.970225
              ],
              [
                106.337945,
                20.970225
              ],
              [
                106.337912,
                20.970236
              ],
              [
                106.337911,
                20.970242
              ],
              [
                106.337898,
                20.970351
              ],
              [
                106.337838,
                20.970516
              ],
              [
                106.337749,
                20.970727
              ],
              [
                106.337697,
                20.970967
              ],
              [
                106.337681,
                20.971142
              ],
              [
                106.337679,
                20.971168
              ],
              [
                106.33768,
                20.971218
              ],
              [
                106.33769,
                20.97169
              ],
              [
                106.337687,
                20.972239
              ],
              [
                106.33765,
                20.972787
              ],
              [
                106.337512,
                20.973219
              ],
              [
                106.337363,
                20.973485
              ],
              [
                106.337321,
                20.973561
              ],
              [
                106.337206,
                20.973777
              ],
              [
                106.337145,
                20.973893
              ],
              [
                106.337111,
                20.973957
              ],
              [
                106.337077,
                20.974109
              ],
              [
                106.337069,
                20.974145
              ],
              [
                106.337063,
                20.974172
              ],
              [
                106.337065,
                20.974182
              ],
              [
                106.337103,
                20.974384
              ],
              [
                106.337153,
                20.974455
              ],
              [
                106.33725,
                20.974594
              ],
              [
                106.337457,
                20.974689
              ],
              [
                106.337827,
                20.974729
              ],
              [
                106.338843,
                20.974779
              ],
              [
                106.339113,
                20.974807
              ],
              [
                106.33929,
                20.974825
              ],
              [
                106.339601,
                20.974934
              ],
              [
                106.339774,
                20.975094
              ],
              [
                106.339921,
                20.975304
              ],
              [
                106.339984,
                20.975584
              ],
              [
                106.339959,
                20.975799
              ],
              [
                106.339881,
                20.975961
              ],
              [
                106.339881,
                20.975961
              ],
              [
                106.339203,
                20.976629
              ],
              [
                106.339203,
                20.976629
              ],
              [
                106.338918,
                20.976918
              ],
              [
                106.338918,
                20.976918
              ],
              [
                106.338685,
                20.977153
              ],
              [
                106.338685,
                20.977153
              ],
              [
                106.33852,
                20.977302
              ],
              [
                106.33852,
                20.977302
              ],
              [
                106.338352,
                20.977454
              ],
              [
                106.338352,
                20.977454
              ],
              [
                106.338261,
                20.977594
              ],
              [
                106.338232,
                20.977731
              ],
              [
                106.338226,
                20.977896
              ],
              [
                106.338285,
                20.978085
              ],
              [
                106.338607,
                20.978735
              ],
              [
                106.338844,
                20.979153
              ],
              [
                106.338973,
                20.979467
              ],
              [
                106.339036,
                20.979728
              ],
              [
                106.339113,
                20.980154
              ],
              [
                106.339122,
                20.980373
              ],
              [
                106.339101,
                20.98056
              ],
              [
                106.338919,
                20.981174
              ],
              [
                106.338849,
                20.981462
              ],
              [
                106.338778,
                20.981577
              ],
              [
                106.338504,
                20.981622
              ],
              [
                106.338504,
                20.981622
              ],
              [
                106.338334,
                20.981672
              ],
              [
                106.338334,
                20.981672
              ],
              [
                106.33815,
                20.981733
              ],
              [
                106.33815,
                20.981733
              ],
              [
                106.337996,
                20.981836
              ],
              [
                106.337996,
                20.981836
              ],
              [
                106.337843,
                20.981885
              ],
              [
                106.337843,
                20.981885
              ],
              [
                106.337506,
                20.981923
              ],
              [
                106.337506,
                20.981923
              ],
              [
                106.337205,
                20.981968
              ],
              [
                106.337205,
                20.981968
              ],
              [
                106.336957,
                20.981964
              ],
              [
                106.336279,
                20.981951
              ],
              [
                106.336254,
                20.981929
              ],
              [
                106.33614,
                20.981898
              ],
              [
                106.336098,
                20.981906
              ],
              [
                106.336098,
                20.981906
              ],
              [
                106.336056,
                20.981926
              ],
              [
                106.336056,
                20.981926
              ],
              [
                106.336044,
                20.981941
              ],
              [
                106.336044,
                20.981941
              ],
              [
                106.333678,
                20.983009
              ],
              [
                106.333678,
                20.983009
              ],
              [
                106.333542,
                20.983052
              ],
              [
                106.333542,
                20.983052
              ],
              [
                106.33324,
                20.983128
              ],
              [
                106.33324,
                20.983128
              ],
              [
                106.332821,
                20.983233
              ],
              [
                106.332821,
                20.983233
              ],
              [
                106.332778,
                20.983037
              ],
              [
                106.332728,
                20.982811
              ],
              [
                106.332512,
                20.981871
              ],
              [
                106.332433,
                20.981903
              ],
              [
                106.332433,
                20.981903
              ],
              [
                106.332005,
                20.98199
              ],
              [
                106.332005,
                20.98199
              ],
              [
                106.331758,
                20.982024
              ],
              [
                106.331758,
                20.982024
              ],
              [
                106.330728,
                20.982153
              ],
              [
                106.330728,
                20.982153
              ],
              [
                106.330502,
                20.98219
              ],
              [
                106.330502,
                20.98219
              ],
              [
                106.33043,
                20.982201
              ],
              [
                106.33043,
                20.982201
              ],
              [
                106.330047,
                20.982416
              ],
              [
                106.330047,
                20.982416
              ],
              [
                106.329951,
                20.982486
              ],
              [
                106.329951,
                20.982486
              ],
              [
                106.329642,
                20.982618
              ],
              [
                106.329642,
                20.982618
              ],
              [
                106.329285,
                20.982798
              ],
              [
                106.329285,
                20.982798
              ],
              [
                106.329246,
                20.982822
              ],
              [
                106.329122,
                20.982826
              ],
              [
                106.32894,
                20.982798
              ],
              [
                106.328877,
                20.982789
              ],
              [
                106.328495,
                20.982723
              ],
              [
                106.32802,
                20.98267
              ],
              [
                106.327685,
                20.982607
              ],
              [
                106.327418,
                20.982612
              ],
              [
                106.327418,
                20.982612
              ],
              [
                106.327126,
                20.982686
              ],
              [
                106.327126,
                20.982686
              ],
              [
                106.327017,
                20.982733
              ],
              [
                106.327017,
                20.982733
              ],
              [
                106.326908,
                20.98278
              ],
              [
                106.326908,
                20.98278
              ],
              [
                106.326765,
                20.982877
              ],
              [
                106.326668,
                20.983042
              ],
              [
                106.326643,
                20.983111
              ],
              [
                106.326594,
                20.983249
              ],
              [
                106.326534,
                20.983389
              ],
              [
                106.326534,
                20.98339
              ],
              [
                106.326386,
                20.983495
              ],
              [
                106.326386,
                20.983495
              ],
              [
                106.326182,
                20.983569
              ],
              [
                106.326182,
                20.983569
              ],
              [
                106.325993,
                20.983589
              ],
              [
                106.325993,
                20.983589
              ],
              [
                106.325824,
                20.983608
              ],
              [
                106.325824,
                20.983608
              ],
              [
                106.325717,
                20.983109
              ],
              [
                106.325713,
                20.982293
              ],
              [
                106.325677,
                20.981756
              ],
              [
                106.325636,
                20.981478
              ],
              [
                106.325577,
                20.981264
              ],
              [
                106.325505,
                20.981129
              ],
              [
                106.325316,
                20.98089
              ],
              [
                106.325124,
                20.98072
              ],
              [
                106.324877,
                20.980555
              ],
              [
                106.324648,
                20.980464
              ],
              [
                106.324469,
                20.980433
              ],
              [
                106.324072,
                20.980442
              ],
              [
                106.323779,
                20.980468
              ],
              [
                106.323594,
                20.980431
              ],
              [
                106.323403,
                20.980336
              ],
              [
                106.323233,
                20.980209
              ],
              [
                106.323149,
                20.980111
              ],
              [
                106.323078,
                20.97993
              ],
              [
                106.323034,
                20.979718
              ],
              [
                106.323016,
                20.979428
              ],
              [
                106.32304,
                20.979234
              ],
              [
                106.32308,
                20.979084
              ],
              [
                106.323145,
                20.978919
              ],
              [
                106.323332,
                20.978674
              ],
              [
                106.323332,
                20.978674
              ],
              [
                106.323611,
                20.978289
              ],
              [
                106.323612,
                20.978289
              ],
              [
                106.323903,
                20.97796
              ],
              [
                106.323903,
                20.97796
              ],
              [
                106.324119,
                20.977676
              ],
              [
                106.324161,
                20.977594
              ],
              [
                106.324195,
                20.977432
              ],
              [
                106.324187,
                20.977322
              ],
              [
                106.324132,
                20.977167
              ],
              [
                106.324006,
                20.977015
              ],
              [
                106.323789,
                20.976873
              ],
              [
                106.323613,
                20.976809
              ],
              [
                106.323205,
                20.976732
              ],
              [
                106.322738,
                20.976728
              ],
              [
                106.322353,
                20.976738
              ],
              [
                106.322025,
                20.976708
              ],
              [
                106.321818,
                20.976644
              ],
              [
                106.321702,
                20.97657
              ],
              [
                106.321629,
                20.97649
              ],
              [
                106.321618,
                20.976412
              ],
              [
                106.321649,
                20.976326
              ],
              [
                106.321718,
                20.976194
              ],
              [
                106.321718,
                20.976194
              ],
              [
                106.321822,
                20.976094
              ],
              [
                106.321822,
                20.976094
              ],
              [
                106.321996,
                20.975991
              ],
              [
                106.321996,
                20.975991
              ],
              [
                106.322298,
                20.975926
              ],
              [
                106.322298,
                20.975926
              ],
              [
                106.3226,
                20.975924
              ],
              [
                106.323017,
                20.975959
              ],
              [
                106.323339,
                20.976014
              ],
              [
                106.324331,
                20.976341
              ],
              [
                106.32509,
                20.976583
              ],
              [
                106.325345,
                20.976602
              ],
              [
                106.325542,
                20.97657
              ],
              [
                106.325542,
                20.97657
              ],
              [
                106.325618,
                20.976537
              ],
              [
                106.325618,
                20.976537
              ],
              [
                106.325668,
                20.976468
              ],
              [
                106.325804,
                20.976012
              ],
              [
                106.325954,
                20.975273
              ],
              [
                106.325964,
                20.975206
              ],
              [
                106.32598,
                20.975118
              ],
              [
                106.326037,
                20.97495
              ],
              [
                106.326086,
                20.97477
              ],
              [
                106.326088,
                20.974609
              ],
              [
                106.32599,
                20.974308
              ],
              [
                106.325727,
                20.973648
              ],
              [
                106.325544,
                20.97327
              ],
              [
                106.325396,
                20.972943
              ],
              [
                106.325097,
                20.972368
              ],
              [
                106.325034,
                20.972231
              ],
              [
                106.324863,
                20.971858
              ],
              [
                106.324625,
                20.971384
              ],
              [
                106.324475,
                20.971142
              ],
              [
                106.324244,
                20.970868
              ],
              [
                106.324045,
                20.970703
              ],
              [
                106.323856,
                20.970597
              ],
              [
                106.323758,
                20.970565
              ],
              [
                106.323521,
                20.9705
              ],
              [
                106.323227,
                20.97047
              ],
              [
                106.32301,
                20.970484
              ],
              [
                106.32301,
                20.970484
              ],
              [
                106.322838,
                20.970513
              ],
              [
                106.322838,
                20.970513
              ],
              [
                106.322557,
                20.970615
              ],
              [
                106.322557,
                20.970616
              ],
              [
                106.322068,
                20.970866
              ],
              [
                106.322068,
                20.970866
              ],
              [
                106.321786,
                20.971012
              ],
              [
                106.321786,
                20.971012
              ],
              [
                106.321389,
                20.971197
              ],
              [
                106.321389,
                20.971197
              ],
              [
                106.321191,
                20.971238
              ],
              [
                106.321011,
                20.971226
              ],
              [
                106.320913,
                20.97136
              ],
              [
                106.320913,
                20.97136
              ],
              [
                106.32084,
                20.971444
              ],
              [
                106.32084,
                20.971444
              ],
              [
                106.320454,
                20.971785
              ],
              [
                106.320454,
                20.971785
              ],
              [
                106.320248,
                20.972007
              ],
              [
                106.320248,
                20.972007
              ],
              [
                106.320086,
                20.972194
              ],
              [
                106.320086,
                20.972194
              ],
              [
                106.320016,
                20.972292
              ],
              [
                106.320015,
                20.972292
              ],
              [
                106.319895,
                20.972459
              ],
              [
                106.319895,
                20.972459
              ],
              [
                106.319857,
                20.972493
              ],
              [
                106.319857,
                20.972493
              ],
              [
                106.319836,
                20.972511
              ],
              [
                106.319818,
                20.972456
              ],
              [
                106.319573,
                20.971991
              ],
              [
                106.319387,
                20.971632
              ],
              [
                106.319387,
                20.971632
              ],
              [
                106.319286,
                20.971662
              ],
              [
                106.319286,
                20.971662
              ],
              [
                106.318727,
                20.971829
              ],
              [
                106.31812,
                20.971764
              ],
              [
                106.318121,
                20.971474
              ],
              [
                106.318121,
                20.971474
              ],
              [
                106.31621,
                20.971644
              ],
              [
                106.316197,
                20.971775
              ],
              [
                106.315616,
                20.971781
              ],
              [
                106.315176,
                20.971495
              ],
              [
                106.315098,
                20.970659
              ],
              [
                106.315003,
                20.970131
              ],
              [
                106.314999,
                20.970111
              ],
              [
                106.314999,
                20.970111
              ],
              [
                106.314379,
                20.970272
              ],
              [
                106.314379,
                20.970272
              ],
              [
                106.312846,
                20.970671
              ],
              [
                106.312846,
                20.970671
              ],
              [
                106.312623,
                20.970742
              ],
              [
                106.312623,
                20.970742
              ],
              [
                106.3125,
                20.970956
              ],
              [
                106.312562,
                20.971472
              ],
              [
                106.312576,
                20.97174
              ],
              [
                106.312249,
                20.971823
              ],
              [
                106.311967,
                20.971892
              ],
              [
                106.312395,
                20.97342
              ],
              [
                106.312418,
                20.973505
              ],
              [
                106.312598,
                20.974273
              ],
              [
                106.31263,
                20.974426
              ],
              [
                106.312673,
                20.974755
              ],
              [
                106.312691,
                20.974891
              ],
              [
                106.312815,
                20.97584
              ],
              [
                106.313006,
                20.977587
              ],
              [
                106.312843,
                20.977615
              ],
              [
                106.312195,
                20.977651
              ],
              [
                106.312208,
                20.978223
              ],
              [
                106.311365,
                20.978768
              ],
              [
                106.311314,
                20.978714
              ],
              [
                106.311145,
                20.978632
              ],
              [
                106.310965,
                20.97849
              ],
              [
                106.310857,
                20.978452
              ],
              [
                106.310739,
                20.978432
              ],
              [
                106.310695,
                20.978459
              ],
              [
                106.310357,
                20.978481
              ],
              [
                106.310083,
                20.978598
              ],
              [
                106.309815,
                20.978734
              ],
              [
                106.309779,
                20.978782
              ],
              [
                106.30979,
                20.978825
              ],
              [
                106.309929,
                20.979034
              ],
              [
                106.310191,
                20.979243
              ],
              [
                106.310421,
                20.979413
              ],
              [
                106.310462,
                20.979465
              ],
              [
                106.310367,
                20.979561
              ],
              [
                106.310329,
                20.979603
              ],
              [
                106.310266,
                20.979664
              ],
              [
                106.310174,
                20.979715
              ],
              [
                106.310114,
                20.979722
              ],
              [
                106.310072,
                20.979692
              ],
              [
                106.31004,
                20.979683
              ],
              [
                106.309999,
                20.979689
              ],
              [
                106.309982,
                20.979656
              ],
              [
                106.309863,
                20.979599
              ],
              [
                106.309771,
                20.979581
              ],
              [
                106.309614,
                20.979658
              ],
              [
                106.309067,
                20.980002
              ],
              [
                106.308576,
                20.98025
              ],
              [
                106.308504,
                20.980241
              ],
              [
                106.308443,
                20.980169
              ],
              [
                106.30835,
                20.980074
              ],
              [
                106.308254,
                20.980066
              ],
              [
                106.308096,
                20.980105
              ],
              [
                106.307812,
                20.980217
              ],
              [
                106.30769,
                20.980242
              ],
              [
                106.307598,
                20.980238
              ],
              [
                106.307521,
                20.980162
              ],
              [
                106.307413,
                20.980024
              ],
              [
                106.307367,
                20.979991
              ],
              [
                106.307311,
                20.979992
              ],
              [
                106.307179,
                20.98005
              ],
              [
                106.307043,
                20.980137
              ],
              [
                106.307008,
                20.980195
              ],
              [
                106.307075,
                20.980285
              ],
              [
                106.307131,
                20.980371
              ],
              [
                106.307137,
                20.980423
              ],
              [
                106.307102,
                20.980462
              ],
              [
                106.306899,
                20.980616
              ],
              [
                106.306833,
                20.980655
              ],
              [
                106.306742,
                20.980694
              ],
              [
                106.306555,
                20.980815
              ],
              [
                106.306293,
                20.981001
              ],
              [
                106.306059,
                20.981187
              ],
              [
                106.305785,
                20.981378
              ],
              [
                106.305658,
                20.981567
              ],
              [
                106.30558,
                20.981684
              ],
              [
                106.305428,
                20.982019
              ],
              [
                106.30527,
                20.982517
              ],
              [
                106.304757,
                20.982523
              ],
              [
                106.304816,
                20.982888
              ],
              [
                106.305093,
                20.98446
              ],
              [
                106.305185,
                20.984849
              ],
              [
                106.305211,
                20.984961
              ],
              [
                106.30522,
                20.98508
              ],
              [
                106.305211,
                20.985134
              ],
              [
                106.305198,
                20.985209
              ],
              [
                106.305194,
                20.985227
              ],
              [
                106.305184,
                20.985225
              ],
              [
                106.305087,
                20.985204
              ],
              [
                106.305085,
                20.985204
              ],
              [
                106.304984,
                20.985182
              ],
              [
                106.304861,
                20.985155
              ],
              [
                106.304786,
                20.985138
              ],
              [
                106.304773,
                20.985236
              ],
              [
                106.304763,
                20.985305
              ],
              [
                106.304709,
                20.985774
              ],
              [
                106.304707,
                20.985802
              ],
              [
                106.304713,
                20.985805
              ],
              [
                106.304682,
                20.986123
              ],
              [
                106.304638,
                20.986678
              ],
              [
                106.304591,
                20.987253
              ],
              [
                106.304496,
                20.987242
              ],
              [
                106.303086,
                20.987045
              ],
              [
                106.302617,
                20.986977
              ],
              [
                106.302513,
                20.986965
              ],
              [
                106.302406,
                20.98695
              ],
              [
                106.302401,
                20.986973
              ],
              [
                106.30235,
                20.987253
              ],
              [
                106.30232,
                20.987452
              ],
              [
                106.301781,
                20.987374
              ],
              [
                106.30161,
                20.987375
              ],
              [
                106.301357,
                20.987377
              ],
              [
                106.301093,
                20.987406
              ],
              [
                106.301094,
                20.987442
              ],
              [
                106.301105,
                20.988113
              ],
              [
                106.30093,
                20.988257
              ],
              [
                106.300705,
                20.988497
              ],
              [
                106.300561,
                20.988749
              ],
              [
                106.300475,
                20.989072
              ],
              [
                106.300324,
                20.989336
              ],
              [
                106.300052,
                20.98953
              ],
              [
                106.29971,
                20.989652
              ],
              [
                106.299457,
                20.989665
              ],
              [
                106.299609,
                20.990783
              ],
              [
                106.300208,
                20.990655
              ],
              [
                106.300777,
                20.99172
              ],
              [
                106.300831,
                20.992372
              ],
              [
                106.300067,
                20.992722
              ],
              [
                106.300368,
                20.993288
              ],
              [
                106.30009,
                20.993448
              ],
              [
                106.300149,
                20.993543
              ],
              [
                106.300433,
                20.993937
              ],
              [
                106.300107,
                20.994094
              ],
              [
                106.299836,
                20.994244
              ],
              [
                106.2997,
                20.994334
              ],
              [
                106.299564,
                20.994432
              ],
              [
                106.299081,
                20.99466
              ],
              [
                106.299123,
                20.994758
              ],
              [
                106.299152,
                20.994833
              ],
              [
                106.29916,
                20.99489
              ],
              [
                106.299154,
                20.99493
              ],
              [
                106.299139,
                20.99499
              ],
              [
                106.299124,
                20.995051
              ],
              [
                106.299119,
                20.995066
              ],
              [
                106.299104,
                20.995112
              ],
              [
                106.299064,
                20.995197
              ],
              [
                106.299024,
                20.995259
              ],
              [
                106.298977,
                20.995303
              ],
              [
                106.298924,
                20.995338
              ],
              [
                106.29887,
                20.99536
              ],
              [
                106.298815,
                20.995371
              ],
              [
                106.298753,
                20.995383
              ],
              [
                106.298746,
                20.995385
              ],
              [
                106.29871,
                20.995396
              ],
              [
                106.298667,
                20.995418
              ],
              [
                106.29863,
                20.995441
              ],
              [
                106.298608,
                20.995472
              ],
              [
                106.298582,
                20.995554
              ],
              [
                106.298574,
                20.995632
              ],
              [
                106.298556,
                20.995703
              ],
              [
                106.298532,
                20.99574
              ],
              [
                106.298498,
                20.995791
              ],
              [
                106.298446,
                20.995842
              ],
              [
                106.298341,
                20.995927
              ],
              [
                106.298257,
                20.99598
              ],
              [
                106.298101,
                20.996072
              ],
              [
                106.298012,
                20.996129
              ],
              [
                106.297975,
                20.996171
              ],
              [
                106.297966,
                20.996214
              ],
              [
                106.298,
                20.99636
              ],
              [
                106.298042,
                20.996519
              ],
              [
                106.29807,
                20.996661
              ],
              [
                106.298075,
                20.996715
              ],
              [
                106.298171,
                20.996719
              ],
              [
                106.298248,
                20.996722
              ],
              [
                106.298256,
                20.996729
              ],
              [
                106.29836,
                20.996732
              ],
              [
                106.298445,
                20.996736
              ],
              [
                106.298572,
                20.99674
              ],
              [
                106.298745,
                20.996745
              ],
              [
                106.298945,
                20.996752
              ],
              [
                106.298976,
                20.996754
              ],
              [
                106.299165,
                20.996762
              ],
              [
                106.299365,
                20.996775
              ],
              [
                106.299543,
                20.996789
              ],
              [
                106.299705,
                20.996804
              ],
              [
                106.299821,
                20.996818
              ],
              [
                106.299876,
                20.996831
              ],
              [
                106.2999,
                20.996843
              ],
              [
                106.299917,
                20.996855
              ],
              [
                106.299931,
                20.99687
              ],
              [
                106.299946,
                20.996898
              ],
              [
                106.299969,
                20.996965
              ],
              [
                106.300011,
                20.997097
              ],
              [
                106.300062,
                20.997258
              ],
              [
                106.300097,
                20.997373
              ],
              [
                106.300184,
                20.997645
              ],
              [
                106.300192,
                20.997651
              ],
              [
                106.300196,
                20.997654
              ],
              [
                106.300201,
                20.997659
              ],
              [
                106.30021,
                20.997665
              ],
              [
                106.30022,
                20.99767
              ],
              [
                106.300231,
                20.997673
              ],
              [
                106.300249,
                20.997672
              ],
              [
                106.300283,
                20.997666
              ],
              [
                106.300353,
                20.997652
              ],
              [
                106.300476,
                20.997625
              ],
              [
                106.30063,
                20.99759
              ],
              [
                106.300786,
                20.997555
              ],
              [
                106.300868,
                20.997537
              ],
              [
                106.300884,
                20.997574
              ],
              [
                106.3009,
                20.997604
              ],
              [
                106.300975,
                20.997751
              ],
              [
                106.301033,
                20.997847
              ],
              [
                106.301339,
                20.998383
              ],
              [
                106.301604,
                20.998836
              ],
              [
                106.301925,
                20.998914
              ],
              [
                106.30196,
                20.998915
              ],
              [
                106.302011,
                20.999009
              ],
              [
                106.302015,
                20.999014
              ],
              [
                106.302031,
                20.999036
              ],
              [
                106.302041,
                20.999049
              ],
              [
                106.302197,
                20.999261
              ],
              [
                106.302202,
                20.99927
              ],
              [
                106.302348,
                20.99953
              ],
              [
                106.302441,
                20.999729
              ],
              [
                106.302486,
                20.999808
              ],
              [
                106.302583,
                20.999932
              ],
              [
                106.30273,
                21.000181
              ],
              [
                106.302853,
                21.000385
              ],
              [
                106.302868,
                21.000421
              ],
              [
                106.302942,
                21.000514
              ],
              [
                106.303027,
                21.000633
              ],
              [
                106.303084,
                21.000733
              ],
              [
                106.303115,
                21.000781
              ],
              [
                106.303166,
                21.000807
              ],
              [
                106.303219,
                21.000814
              ],
              [
                106.30328,
                21.000813
              ],
              [
                106.303311,
                21.000815
              ],
              [
                106.303331,
                21.000832
              ],
              [
                106.303352,
                21.000875
              ],
              [
                106.303381,
                21.000939
              ],
              [
                106.303396,
                21.000984
              ],
              [
                106.303402,
                21.001082
              ],
              [
                106.30341,
                21.00112
              ],
              [
                106.303426,
                21.001177
              ],
              [
                106.303454,
                21.001217
              ],
              [
                106.303475,
                21.001247
              ],
              [
                106.303998,
                21.001205
              ],
              [
                106.304037,
                21.00122
              ],
              [
                106.304094,
                21.001252
              ],
              [
                106.304212,
                21.001251
              ],
              [
                106.304816,
                21.001252
              ],
              [
                106.304843,
                21.001272
              ],
              [
                106.304914,
                21.001426
              ],
              [
                106.304998,
                21.001614
              ],
              [
                106.305047,
                21.001746
              ],
              [
                106.305074,
                21.001783
              ],
              [
                106.305132,
                21.001803
              ],
              [
                106.305578,
                21.001883
              ],
              [
                106.305718,
                21.001879
              ],
              [
                106.305788,
                21.001872
              ],
              [
                106.305928,
                21.001834
              ],
              [
                106.306101,
                21.001782
              ],
              [
                106.306155,
                21.001782
              ],
              [
                106.306182,
                21.001792
              ],
              [
                106.306244,
                21.001888
              ],
              [
                106.306351,
                21.002171
              ],
              [
                106.306754,
                21.002034
              ],
              [
                106.307655,
                21.001735
              ],
              [
                106.308934,
                21.001287
              ],
              [
                106.310114,
                21.000883
              ],
              [
                106.310271,
                21.000834
              ],
              [
                106.310879,
                21.000609
              ],
              [
                106.311544,
                21.001086
              ],
              [
                106.311739,
                21.000748
              ],
              [
                106.312216,
                21.000924
              ],
              [
                106.312745,
                21.00112
              ],
              [
                106.312843,
                21.001154
              ],
              [
                106.313428,
                21.001384
              ],
              [
                106.313931,
                21.001576
              ],
              [
                106.314274,
                21.001714
              ],
              [
                106.31434,
                21.001747
              ],
              [
                106.314407,
                21.001765
              ],
              [
                106.314408,
                21.001765
              ],
              [
                106.314453,
                21.001771
              ],
              [
                106.314534,
                21.001768
              ],
              [
                106.315216,
                21.001724
              ],
              [
                106.315561,
                21.001701
              ],
              [
                106.315819,
                21.001684
              ],
              [
                106.316455,
                21.00164
              ],
              [
                106.316859,
                21.001613
              ],
              [
                106.316913,
                21.001611
              ],
              [
                106.317517,
                21.001581
              ],
              [
                106.318252,
                21.001549
              ],
              [
                106.318486,
                21.001538
              ],
              [
                106.318518,
                21.001537
              ],
              [
                106.319849,
                21.001477
              ],
              [
                106.319955,
                21.001471
              ],
              [
                106.319971,
                21.001471
              ],
              [
                106.319967,
                21.001492
              ],
              [
                106.319963,
                21.00151
              ],
              [
                106.319957,
                21.001533
              ],
              [
                106.319941,
                21.001588
              ],
              [
                106.319926,
                21.00165
              ],
              [
                106.319921,
                21.001669
              ],
              [
                106.319851,
                21.001958
              ],
              [
                106.319647,
                21.002797
              ],
              [
                106.320044,
                21.002705
              ],
              [
                106.320468,
                21.002579
              ],
              [
                106.320469,
                21.003007
              ],
              [
                106.320795,
                21.003011
              ],
              [
                106.320788,
                21.003057
              ],
              [
                106.320917,
                21.003058
              ],
              [
                106.321049,
                21.002971
              ],
              [
                106.321038,
                21.002871
              ],
              [
                106.321229,
                21.002841
              ],
              [
                106.321242,
                21.002879
              ],
              [
                106.321295,
                21.002869
              ],
              [
                106.321304,
                21.002759
              ],
              [
                106.321381,
                21.002756
              ],
              [
                106.321399,
                21.002849
              ],
              [
                106.321379,
                21.003136
              ],
              [
                106.321254,
                21.003163
              ],
              [
                106.321163,
                21.003188
              ],
              [
                106.321085,
                21.003255
              ],
              [
                106.321067,
                21.003303
              ],
              [
                106.321075,
                21.003334
              ],
              [
                106.321104,
                21.003396
              ],
              [
                106.321168,
                21.003415
              ],
              [
                106.321272,
                21.003431
              ],
              [
                106.321361,
                21.003428
              ],
              [
                106.321473,
                21.003434
              ],
              [
                106.321598,
                21.003447
              ],
              [
                106.321636,
                21.003551
              ],
              [
                106.321703,
                21.003554
              ],
              [
                106.321767,
                21.003537
              ],
              [
                106.321922,
                21.003446
              ],
              [
                106.322188,
                21.00347
              ],
              [
                106.322282,
                21.00349
              ],
              [
                106.322398,
                21.003529
              ],
              [
                106.322458,
                21.003532
              ],
              [
                106.322569,
                21.00352
              ],
              [
                106.322677,
                21.003513
              ],
              [
                106.32286,
                21.003524
              ],
              [
                106.323056,
                21.003543
              ],
              [
                106.323101,
                21.003567
              ],
              [
                106.323139,
                21.003628
              ],
              [
                106.323158,
                21.003702
              ],
              [
                106.323173,
                21.003762
              ],
              [
                106.323174,
                21.003842
              ],
              [
                106.323174,
                21.003936
              ],
              [
                106.323149,
                21.004057
              ],
              [
                106.323634,
                21.004311
              ],
              [
                106.323772,
                21.004359
              ],
              [
                106.323824,
                21.004377
              ],
              [
                106.32384,
                21.004529
              ],
              [
                106.323862,
                21.004755
              ],
              [
                106.323893,
                21.004914
              ],
              [
                106.323908,
                21.004961
              ],
              [
                106.323923,
                21.004997
              ],
              [
                106.323995,
                21.00512
              ],
              [
                106.324108,
                21.005279
              ],
              [
                106.32416,
                21.005262
              ],
              [
                106.324405,
                21.005181
              ],
              [
                106.324776,
                21.005026
              ],
              [
                106.324808,
                21.005013
              ],
              [
                106.325178,
                21.00485
              ],
              [
                106.325229,
                21.004828
              ],
              [
                106.325447,
                21.004743
              ],
              [
                106.325637,
                21.004689
              ],
              [
                106.325813,
                21.004654
              ],
              [
                106.325935,
                21.004636
              ],
              [
                106.326034,
                21.004633
              ],
              [
                106.326174,
                21.004644
              ],
              [
                106.326312,
                21.004662
              ],
              [
                106.326505,
                21.004707
              ],
              [
                106.326564,
                21.004716
              ],
              [
                106.326676,
                21.004731
              ],
              [
                106.326798,
                21.004737
              ],
              [
                106.327012,
                21.004721
              ],
              [
                106.327307,
                21.004661
              ],
              [
                106.327589,
                21.004573
              ],
              [
                106.327624,
                21.004558
              ],
              [
                106.327666,
                21.00454
              ],
              [
                106.327748,
                21.004496
              ],
              [
                106.327824,
                21.00443
              ],
              [
                106.327882,
                21.004346
              ],
              [
                106.327934,
                21.004243
              ],
              [
                106.327962,
                21.004147
              ],
              [
                106.327978,
                21.004032
              ],
              [
                106.327985,
                21.003882
              ],
              [
                106.32798,
                21.003762
              ],
              [
                106.327938,
                21.003459
              ],
              [
                106.327925,
                21.00339
              ],
              [
                106.327792,
                21.002979
              ],
              [
                106.327824,
                21.002978
              ],
              [
                106.32792,
                21.002975
              ],
              [
                106.3283,
                21.002963
              ],
              [
                106.328331,
                21.002962
              ],
              [
                106.328375,
                21.002501
              ],
              [
                106.328486,
                21.002498
              ],
              [
                106.32902,
                21.002647
              ],
              [
                106.329031,
                21.00265
              ],
              [
                106.329113,
                21.002376
              ],
              [
                106.3292,
                21.002119
              ],
              [
                106.329274,
                21.002131
              ],
              [
                106.329389,
                21.002136
              ],
              [
                106.329497,
                21.00213
              ],
              [
                106.329564,
                21.002132
              ],
              [
                106.329617,
                21.002149
              ],
              [
                106.329658,
                21.002164
              ],
              [
                106.329631,
                21.002226
              ],
              [
                106.329605,
                21.002288
              ],
              [
                106.329517,
                21.002428
              ],
              [
                106.329498,
                21.002458
              ],
              [
                106.329429,
                21.002666
              ],
              [
                106.329414,
                21.002746
              ],
              [
                106.329424,
                21.003022
              ],
              [
                106.329433,
                21.00325
              ],
              [
                106.329416,
                21.003337
              ],
              [
                106.329417,
                21.003447
              ],
              [
                106.329384,
                21.003551
              ],
              [
                106.329379,
                21.003644
              ],
              [
                106.329377,
                21.003739
              ],
              [
                106.329417,
                21.003853
              ],
              [
                106.329411,
                21.00389
              ],
              [
                106.329393,
                21.003919
              ],
              [
                106.329362,
                21.00394
              ],
              [
                106.329101,
                21.003913
              ],
              [
                106.329128,
                21.004031
              ],
              [
                106.329139,
                21.004252
              ],
              [
                106.329176,
                21.004646
              ],
              [
                106.329186,
                21.004909
              ],
              [
                106.329187,
                21.004923
              ],
              [
                106.329196,
                21.004999
              ],
              [
                106.329197,
                21.005045
              ],
              [
                106.329251,
                21.005059
              ],
              [
                106.329326,
                21.005069
              ],
              [
                106.32933,
                21.00507
              ],
              [
                106.329343,
                21.005072
              ],
              [
                106.32942,
                21.005083
              ],
              [
                106.329943,
                21.005158
              ],
              [
                106.330171,
                21.005201
              ],
              [
                106.330263,
                21.005218
              ],
              [
                106.330367,
                21.005237
              ],
              [
                106.330467,
                21.005266
              ],
              [
                106.331116,
                21.005763
              ],
              [
                106.331788,
                21.006277
              ],
              [
                106.332095,
                21.00654
              ],
              [
                106.332512,
                21.006898
              ],
              [
                106.332787,
                21.007056
              ],
              [
                106.333552,
                21.007549
              ],
              [
                106.333552,
                21.007549
              ],
              [
                106.333587,
                21.007573
              ],
              [
                106.333606,
                21.007576
              ],
              [
                106.333843,
                21.006644
              ],
              [
                106.33386,
                21.00664
              ],
              [
                106.333915,
                21.006636
              ],
              [
                106.335219,
                21.006539
              ],
              [
                106.335219,
                21.006539
              ]
            ]
          ]
        ]
      },
      "properties": {
        "code": "10606",
        "name": "Nam Sách",
        "nameEn": "Nam Sach",
        "fullName": "Xã Nam Sách",
        "fullNameEn": "Nam Sach Commune",
        "codeName": "nam_sach",
        "postalCode": "03556",
        "postalCodePrefix": "",
        "gisServerId": "diaphanhanhchinhcapxa_2025.858",
        "areaKm2": 19.75
      }
    }
  ]
}