{
  "type": "FeatureCollection",
  "bbox": [
    106.283135,
    20.718682,
    106.345924,
    20.799302
  ],
  "features": [
    {
      "type": "Feature",
      "id": "11167",
      "bbox": [
        106.283135,
        20.718682,
        106.345924,
        20.799302
      ],
      "geometry": {
        "type": "MultiPolygon",
        "coordinates": [
          [
            [
              [
                106.310201,
                20.795596
              ],
              [
                106.310754,
                20.79515
              ],
              [
                106.311019,
                20.794933
              ],
              [
                106.311609,
                20.794452
              ],
              [
                106.311665,
                20.794406
              ],
              [
                106.312082,
                20.79407
              ],
              [
                106.312148,
                20.794016
              ],
              [
                106.312389,
                20.793822
              ],
              [
                106.312438,
                20.793851
              ],
              [
                106.312524,
                20.793915
              ],
              [
                106.312747,
                20.794096
              ],
              [
                106.31276,
                20.794107
              ],
              [
                106.313195,
                20.79448
              ],
              [
                106.313309,
                20.79458
              ],
              [
                106.313415,
                20.794674
              ],
              [
                106.313461,
                20.794713
              ],
              [
                106.313573,
                20.794778
              ],
              [
                106.313752,
                20.794868
              ],
              [
                106.31381,
                20.794895
              ],
              [
                106.314141,
                20.795049
              ],
              [
                106.314186,
                20.795073
              ],
              [
                106.31425,
                20.795107
              ],
              [
                106.314258,
                20.795111
              ],
              [
                106.31445,
                20.795259
              ],
              [
                106.314597,
                20.795385
              ],
              [
                106.314924,
                20.795667
              ],
              [
                106.315299,
                20.795971
              ],
              [
                106.315365,
                20.796025
              ],
              [
                106.315357,
                20.796148
              ],
              [
                106.315404,
                20.796263
              ],
              [
                106.315411,
                20.796363
              ],
              [
                106.315415,
                20.796638
              ],
              [
                106.315459,
                20.796709
              ],
              [
                106.315638,
                20.796752
              ],
              [
                106.315739,
                20.796763
              ],
              [
                106.315815,
                20.796741
              ],
              [
                106.315898,
                20.796734
              ],
              [
                106.315998,
                20.796745
              ],
              [
                106.316061,
                20.796798
              ],
              [
                106.316233,
                20.796933
              ],
              [
                106.316577,
                20.797183
              ],
              [
                106.316671,
                20.797056
              ],
              [
                106.316819,
                20.796765
              ],
              [
                106.316995,
                20.79644
              ],
              [
                106.317341,
                20.795656
              ],
              [
                106.317883,
                20.794591
              ],
              [
                106.318073,
                20.794149
              ],
              [
                106.318249,
                20.793777
              ],
              [
                106.318378,
                20.793478
              ],
              [
                106.318506,
                20.793189
              ],
              [
                106.318641,
                20.792881
              ],
              [
                106.318781,
                20.792578
              ],
              [
                106.318924,
                20.792272
              ],
              [
                106.319056,
                20.791969
              ],
              [
                106.319197,
                20.791668
              ],
              [
                106.319284,
                20.791502
              ],
              [
                106.319786,
                20.79044
              ],
              [
                106.320242,
                20.789376
              ],
              [
                106.320492,
                20.788806
              ],
              [
                106.320738,
                20.788354
              ],
              [
                106.320842,
                20.788157
              ],
              [
                106.320618,
                20.787908
              ],
              [
                106.320544,
                20.787786
              ],
              [
                106.320503,
                20.787399
              ],
              [
                106.320553,
                20.787165
              ],
              [
                106.320675,
                20.786861
              ],
              [
                106.320781,
                20.786031
              ],
              [
                106.320859,
                20.785182
              ],
              [
                106.32107,
                20.783765
              ],
              [
                106.321088,
                20.783486
              ],
              [
                106.321059,
                20.782617
              ],
              [
                106.32108,
                20.782467
              ],
              [
                106.32113,
                20.782228
              ],
              [
                106.321255,
                20.781719
              ],
              [
                106.321476,
                20.780793
              ],
              [
                106.321518,
                20.780639
              ],
              [
                106.321724,
                20.780053
              ],
              [
                106.321799,
                20.779957
              ],
              [
                106.321916,
                20.779918
              ],
              [
                106.322023,
                20.779941
              ],
              [
                106.322341,
                20.780268
              ],
              [
                106.322935,
                20.78078
              ],
              [
                106.323062,
                20.780827
              ],
              [
                106.32321,
                20.780826
              ],
              [
                106.323565,
                20.780713
              ],
              [
                106.323928,
                20.780428
              ],
              [
                106.324563,
                20.779802
              ],
              [
                106.32494,
                20.779504
              ],
              [
                106.325871,
                20.779534
              ],
              [
                106.327209,
                20.779517
              ],
              [
                106.327529,
                20.779457
              ],
              [
                106.328023,
                20.779281
              ],
              [
                106.328475,
                20.779077
              ],
              [
                106.328935,
                20.778518
              ],
              [
                106.329348,
                20.77779
              ],
              [
                106.329769,
                20.777159
              ],
              [
                106.330163,
                20.776156
              ],
              [
                106.329456,
                20.775861
              ],
              [
                106.329719,
                20.775472
              ],
              [
                106.330081,
                20.77494
              ],
              [
                106.330698,
                20.773983
              ],
              [
                106.331278,
                20.773128
              ],
              [
                106.331906,
                20.772209
              ],
              [
                106.332426,
                20.771467
              ],
              [
                106.332615,
                20.771164
              ],
              [
                106.332626,
                20.77117
              ],
              [
                106.33268,
                20.7712
              ],
              [
                106.333142,
                20.771442
              ],
              [
                106.333676,
                20.77173
              ],
              [
                106.334311,
                20.772064
              ],
              [
                106.334988,
                20.771043
              ],
              [
                106.335236,
                20.770687
              ],
              [
                106.3371,
                20.771302
              ],
              [
                106.337277,
                20.770668
              ],
              [
                106.337398,
                20.770242
              ],
              [
                106.33749,
                20.769994
              ],
              [
                106.337569,
                20.769969
              ],
              [
                106.337707,
                20.770103
              ],
              [
                106.337897,
                20.770406
              ],
              [
                106.338001,
                20.770677
              ],
              [
                106.338087,
                20.771414
              ],
              [
                106.338208,
                20.772104
              ],
              [
                106.33834,
                20.772745
              ],
              [
                106.338443,
                20.773334
              ],
              [
                106.338463,
                20.773393
              ],
              [
                106.338716,
                20.773791
              ],
              [
                106.339038,
                20.774332
              ],
              [
                106.339449,
                20.774774
              ],
              [
                106.340086,
                20.775276
              ],
              [
                106.340491,
                20.77554
              ],
              [
                106.340938,
                20.775778
              ],
              [
                106.34129,
                20.775923
              ],
              [
                106.3414,
                20.775937
              ],
              [
                106.341647,
                20.775767
              ],
              [
                106.342152,
                20.775364
              ],
              [
                106.34317,
                20.774775
              ],
              [
                106.343614,
                20.774113
              ],
              [
                106.343801,
                20.77345
              ],
              [
                106.343992,
                20.772676
              ],
              [
                106.344268,
                20.772819
              ],
              [
                106.345128,
                20.7732
              ],
              [
                106.345924,
                20.771937
              ],
              [
                106.345469,
                20.771631
              ],
              [
                106.345267,
                20.771498
              ],
              [
                106.345247,
                20.771456
              ],
              [
                106.345472,
                20.770884
              ],
              [
                106.34567,
                20.769142
              ],
              [
                106.345702,
                20.768186
              ],
              [
                106.345485,
                20.766734
              ],
              [
                106.345453,
                20.766216
              ],
              [
                106.345146,
                20.765064
              ],
              [
                106.34437,
                20.763521
              ],
              [
                106.343856,
                20.762313
              ],
              [
                106.343216,
                20.761486
              ],
              [
                106.342684,
                20.761035
              ],
              [
                106.342524,
                20.760956
              ],
              [
                106.342206,
                20.760877
              ],
              [
                106.341876,
                20.76084
              ],
              [
                106.341582,
                20.760864
              ],
              [
                106.34127,
                20.760959
              ],
              [
                106.340938,
                20.761131
              ],
              [
                106.340657,
                20.761356
              ],
              [
                106.340548,
                20.761471
              ],
              [
                106.340043,
                20.762228
              ],
              [
                106.339749,
                20.762962
              ],
              [
                106.339682,
                20.763363
              ],
              [
                106.339695,
                20.763633
              ],
              [
                106.339755,
                20.764053
              ],
              [
                106.339835,
                20.764365
              ],
              [
                106.339911,
                20.76464
              ],
              [
                106.339995,
                20.765156
              ],
              [
                106.340035,
                20.765397
              ],
              [
                106.340025,
                20.765639
              ],
              [
                106.339971,
                20.765865
              ],
              [
                106.339919,
                20.766
              ],
              [
                106.339842,
                20.766149
              ],
              [
                106.339692,
                20.766297
              ],
              [
                106.339369,
                20.76653
              ],
              [
                106.3392,
                20.766653
              ],
              [
                106.339049,
                20.766732
              ],
              [
                106.338759,
                20.766811
              ],
              [
                106.33847,
                20.766842
              ],
              [
                106.337685,
                20.766891
              ],
              [
                106.335901,
                20.766926
              ],
              [
                106.332726,
                20.767058
              ],
              [
                106.332611,
                20.767072
              ],
              [
                106.331918,
                20.767184
              ],
              [
                106.33127,
                20.767279
              ],
              [
                106.330453,
                20.767388
              ],
              [
                106.329856,
                20.767438
              ],
              [
                106.32956,
                20.767422
              ],
              [
                106.32942,
                20.76741
              ],
              [
                106.328114,
                20.767159
              ],
              [
                106.327691,
                20.766971
              ],
              [
                106.327414,
                20.766743
              ],
              [
                106.327069,
                20.766249
              ],
              [
                106.326995,
                20.765939
              ],
              [
                106.327037,
                20.765417
              ],
              [
                106.327206,
                20.765067
              ],
              [
                106.328038,
                20.764257
              ],
              [
                106.328998,
                20.763282
              ],
              [
                106.329407,
                20.762174
              ],
              [
                106.329558,
                20.761126
              ],
              [
                106.329552,
                20.760366
              ],
              [
                106.32937,
                20.759686
              ],
              [
                106.329037,
                20.759079
              ],
              [
                106.32822,
                20.758455
              ],
              [
                106.32743,
                20.757916
              ],
              [
                106.326427,
                20.7574
              ],
              [
                106.325184,
                20.756976
              ],
              [
                106.324009,
                20.756806
              ],
              [
                106.324192,
                20.756154
              ],
              [
                106.324547,
                20.755702
              ],
              [
                106.324809,
                20.755368
              ],
              [
                106.327431,
                20.750326
              ],
              [
                106.326502,
                20.749986
              ],
              [
                106.3262,
                20.749862
              ],
              [
                106.325615,
                20.749622
              ],
              [
                106.325731,
                20.749622
              ],
              [
                106.325905,
                20.749629
              ],
              [
                106.326058,
                20.749613
              ],
              [
                106.326167,
                20.749558
              ],
              [
                106.326256,
                20.749465
              ],
              [
                106.32645,
                20.749261
              ],
              [
                106.326553,
                20.749143
              ],
              [
                106.326645,
                20.749038
              ],
              [
                106.326669,
                20.74901
              ],
              [
                106.326756,
                20.748911
              ],
              [
                106.326773,
                20.748891
              ],
              [
                106.326791,
                20.74887
              ],
              [
                106.327552,
                20.747945
              ],
              [
                106.327762,
                20.74769
              ],
              [
                106.327327,
                20.747282
              ],
              [
                106.326676,
                20.746817
              ],
              [
                106.326642,
                20.746798
              ],
              [
                106.326324,
                20.746661
              ],
              [
                106.32602,
                20.746543
              ],
              [
                106.325511,
                20.746432
              ],
              [
                106.325335,
                20.746329
              ],
              [
                106.3252,
                20.746209
              ],
              [
                106.325075,
                20.746025
              ],
              [
                106.32486,
                20.745578
              ],
              [
                106.324409,
                20.744674
              ],
              [
                106.324103,
                20.744047
              ],
              [
                106.323976,
                20.743786
              ],
              [
                106.323908,
                20.743648
              ],
              [
                106.323471,
                20.742709
              ],
              [
                106.322953,
                20.741617
              ],
              [
                106.322675,
                20.74103
              ],
              [
                106.322048,
                20.73974
              ],
              [
                106.321892,
                20.739406
              ],
              [
                106.321862,
                20.739337
              ],
              [
                106.321436,
                20.738452
              ],
              [
                106.321013,
                20.737519
              ],
              [
                106.320587,
                20.736583
              ],
              [
                106.320278,
                20.735922
              ],
              [
                106.320351,
                20.735908
              ],
              [
                106.320448,
                20.735891
              ],
              [
                106.320886,
                20.735838
              ],
              [
                106.321893,
                20.735684
              ],
              [
                106.322448,
                20.735615
              ],
              [
                106.323041,
                20.735509
              ],
              [
                106.323026,
                20.735439
              ],
              [
                106.322933,
                20.734941
              ],
              [
                106.322908,
                20.734721
              ],
              [
                106.322788,
                20.73409
              ],
              [
                106.322652,
                20.733306
              ],
              [
                106.322638,
                20.733215
              ],
              [
                106.322628,
                20.733149
              ],
              [
                106.321995,
                20.731283
              ],
              [
                106.324382,
                20.730611
              ],
              [
                106.324376,
                20.730574
              ],
              [
                106.324089,
                20.728749
              ],
              [
                106.324104,
                20.727474
              ],
              [
                106.323893,
                20.727056
              ],
              [
                106.323888,
                20.726969
              ],
              [
                106.323877,
                20.726762
              ],
              [
                106.323941,
                20.724481
              ],
              [
                106.324006,
                20.723437
              ],
              [
                106.323651,
                20.722857
              ],
              [
                106.323651,
                20.722857
              ],
              [
                106.323627,
                20.722808
              ],
              [
                106.32363,
                20.722805
              ],
              [
                106.323648,
                20.722784
              ],
              [
                106.323661,
                20.72277
              ],
              [
                106.323672,
                20.722756
              ],
              [
                106.323678,
                20.722749
              ],
              [
                106.323689,
                20.722735
              ],
              [
                106.323704,
                20.722713
              ],
              [
                106.32372,
                20.722691
              ],
              [
                106.323723,
                20.722686
              ],
              [
                106.323735,
                20.722669
              ],
              [
                106.323745,
                20.722655
              ],
              [
                106.323754,
                20.72264
              ],
              [
                106.323759,
                20.722632
              ],
              [
                106.323763,
                20.722624
              ],
              [
                106.323767,
                20.722616
              ],
              [
                106.32377,
                20.722608
              ],
              [
                106.323774,
                20.7226
              ],
              [
                106.323777,
                20.722592
              ],
              [
                106.323779,
                20.722584
              ],
              [
                106.323782,
                20.722575
              ],
              [
                106.323783,
                20.722567
              ],
              [
                106.323784,
                20.722559
              ],
              [
                106.323784,
                20.722558
              ],
              [
                106.323785,
                20.72255
              ],
              [
                106.323785,
                20.722541
              ],
              [
                106.323785,
                20.722532
              ],
              [
                106.323785,
                20.722515
              ],
              [
                106.323784,
                20.722497
              ],
              [
                106.323783,
                20.722479
              ],
              [
                106.323782,
                20.722461
              ],
              [
                106.323781,
                20.722453
              ],
              [
                106.323778,
                20.722435
              ],
              [
                106.323776,
                20.722418
              ],
              [
                106.323769,
                20.722374
              ],
              [
                106.323765,
                20.722349
              ],
              [
                106.323759,
                20.722315
              ],
              [
                106.32375,
                20.722265
              ],
              [
                106.323743,
                20.72223
              ],
              [
                106.323736,
                20.722197
              ],
              [
                106.323719,
                20.722117
              ],
              [
                106.323714,
                20.722091
              ],
              [
                106.323711,
                20.722074
              ],
              [
                106.323706,
                20.722047
              ],
              [
                106.323701,
                20.722012
              ],
              [
                106.323669,
                20.721798
              ],
              [
                106.323666,
                20.72178
              ],
              [
                106.323662,
                20.721763
              ],
              [
                106.32366,
                20.721754
              ],
              [
                106.323658,
                20.721745
              ],
              [
                106.323656,
                20.721736
              ],
              [
                106.323653,
                20.721728
              ],
              [
                106.323647,
                20.721711
              ],
              [
                106.323644,
                20.721703
              ],
              [
                106.323641,
                20.721695
              ],
              [
                106.323641,
                20.721694
              ],
              [
                106.32364,
                20.721694
              ],
              [
                106.323637,
                20.721686
              ],
              [
                106.323633,
                20.721678
              ],
              [
                106.323628,
                20.721671
              ],
              [
                106.323623,
                20.721664
              ],
              [
                106.323618,
                20.721657
              ],
              [
                106.323612,
                20.721651
              ],
              [
                106.323606,
                20.721644
              ],
              [
                106.323594,
                20.721632
              ],
              [
                106.323588,
                20.721626
              ],
              [
                106.323575,
                20.721614
              ],
              [
                106.323561,
                20.721602
              ],
              [
                106.323554,
                20.721596
              ],
              [
                106.323548,
                20.721591
              ],
              [
                106.32354,
                20.721585
              ],
              [
                106.323533,
                20.72158
              ],
              [
                106.323525,
                20.721574
              ],
              [
                106.323509,
                20.721564
              ],
              [
                106.323399,
                20.721491
              ],
              [
                106.323196,
                20.721357
              ],
              [
                106.322234,
                20.720727
              ],
              [
                106.32221,
                20.720712
              ],
              [
                106.322186,
                20.720697
              ],
              [
                106.32213,
                20.720663
              ],
              [
                106.321993,
                20.72058
              ],
              [
                106.321969,
                20.720565
              ],
              [
                106.321953,
                20.720555
              ],
              [
                106.321938,
                20.720545
              ],
              [
                106.321923,
                20.720534
              ],
              [
                106.321909,
                20.720522
              ],
              [
                106.32188,
                20.720499
              ],
              [
                106.321871,
                20.720492
              ],
              [
                106.32176,
                20.720399
              ],
              [
                106.321739,
                20.720382
              ],
              [
                106.321732,
                20.720376
              ],
              [
                106.321718,
                20.720363
              ],
              [
                106.321684,
                20.720331
              ],
              [
                106.321487,
                20.720144
              ],
              [
                106.321264,
                20.719934
              ],
              [
                106.321165,
                20.71984
              ],
              [
                106.321138,
                20.719814
              ],
              [
                106.321118,
                20.719795
              ],
              [
                106.321077,
                20.719758
              ],
              [
                106.320394,
                20.719139
              ],
              [
                106.320325,
                20.719077
              ],
              [
                106.320256,
                20.719015
              ],
              [
                106.320242,
                20.719002
              ],
              [
                106.320229,
                20.718989
              ],
              [
                106.320222,
                20.718983
              ],
              [
                106.320216,
                20.718976
              ],
              [
                106.32021,
                20.718969
              ],
              [
                106.320204,
                20.718962
              ],
              [
                106.320199,
                20.718955
              ],
              [
                106.320194,
                20.718948
              ],
              [
                106.320189,
                20.71894
              ],
              [
                106.32018,
                20.718924
              ],
              [
                106.320172,
                20.718908
              ],
              [
                106.320166,
                20.718896
              ],
              [
                106.320093,
                20.718753
              ],
              [
                106.320057,
                20.718682
              ],
              [
                106.318924,
                20.718919
              ],
              [
                106.318935,
                20.718992
              ],
              [
                106.318972,
                20.719234
              ],
              [
                106.318978,
                20.719277
              ],
              [
                106.318982,
                20.719514
              ],
              [
                106.318981,
                20.719523
              ],
              [
                106.318967,
                20.719661
              ],
              [
                106.318967,
                20.719662
              ],
              [
                106.318937,
                20.719775
              ],
              [
                106.318935,
                20.719779
              ],
              [
                106.318883,
                20.719847
              ],
              [
                106.318758,
                20.719961
              ],
              [
                106.318585,
                20.720065
              ],
              [
                106.318409,
                20.720126
              ],
              [
                106.318409,
                20.720126
              ],
              [
                106.318244,
                20.720177
              ],
              [
                106.318241,
                20.720177
              ],
              [
                106.3181,
                20.72018
              ],
              [
                106.317971,
                20.720164
              ],
              [
                106.317888,
                20.720159
              ],
              [
                106.317884,
                20.720159
              ],
              [
                106.317822,
                20.720179
              ],
              [
                106.317821,
                20.72018
              ],
              [
                106.317746,
                20.720225
              ],
              [
                106.317743,
                20.720228
              ],
              [
                106.317686,
                20.720308
              ],
              [
                106.317686,
                20.720308
              ],
              [
                106.317616,
                20.72042
              ],
              [
                106.317554,
                20.720489
              ],
              [
                106.317552,
                20.720491
              ],
              [
                106.317482,
                20.720531
              ],
              [
                106.317349,
                20.720563
              ],
              [
                106.317169,
                20.720558
              ],
              [
                106.316933,
                20.7205
              ],
              [
                106.31668,
                20.720432
              ],
              [
                106.316671,
                20.720434
              ],
              [
                106.31653,
                20.720532
              ],
              [
                106.316028,
                20.720999
              ],
              [
                106.315329,
                20.72163
              ],
              [
                106.314744,
                20.72216
              ],
              [
                106.314636,
                20.722264
              ],
              [
                106.314636,
                20.722265
              ],
              [
                106.314574,
                20.722329
              ],
              [
                106.314527,
                20.722378
              ],
              [
                106.314476,
                20.722392
              ],
              [
                106.313036,
                20.72271
              ],
              [
                106.311165,
                20.723131
              ],
              [
                106.311128,
                20.723139
              ],
              [
                106.311092,
                20.723148
              ],
              [
                106.310347,
                20.723507
              ],
              [
                106.310345,
                20.724958
              ],
              [
                106.309606,
                20.725069
              ],
              [
                106.309309,
                20.725071
              ],
              [
                106.308875,
                20.724997
              ],
              [
                106.308347,
                20.724906
              ],
              [
                106.307782,
                20.724753
              ],
              [
                106.307032,
                20.724393
              ],
              [
                106.305762,
                20.723787
              ],
              [
                106.305709,
                20.723783
              ],
              [
                106.305731,
                20.723939
              ],
              [
                106.305822,
                20.724574
              ],
              [
                106.305827,
                20.72461
              ],
              [
                106.305829,
                20.724628
              ],
              [
                106.305832,
                20.724654
              ],
              [
                106.305836,
                20.724699
              ],
              [
                106.305867,
                20.725069
              ],
              [
                106.305871,
                20.725126
              ],
              [
                106.305874,
                20.725161
              ],
              [
                106.305875,
                20.725179
              ],
              [
                106.305876,
                20.725188
              ],
              [
                106.305879,
                20.725242
              ],
              [
                106.305896,
                20.725629
              ],
              [
                106.305897,
                20.725674
              ],
              [
                106.305898,
                20.725701
              ],
              [
                106.305899,
                20.725755
              ],
              [
                106.305923,
                20.727437
              ],
              [
                106.305924,
                20.727473
              ],
              [
                106.305924,
                20.727473
              ],
              [
                106.305924,
                20.727473
              ],
              [
                106.305842,
                20.727478
              ],
              [
                106.305813,
                20.72748
              ],
              [
                106.305795,
                20.727482
              ],
              [
                106.305786,
                20.727483
              ],
              [
                106.305777,
                20.727485
              ],
              [
                106.305768,
                20.727487
              ],
              [
                106.305759,
                20.727489
              ],
              [
                106.30575,
                20.727492
              ],
              [
                106.305741,
                20.727494
              ],
              [
                106.305724,
                20.727501
              ],
              [
                106.305707,
                20.727507
              ],
              [
                106.305681,
                20.727518
              ],
              [
                106.305664,
                20.727525
              ],
              [
                106.305646,
                20.727532
              ],
              [
                106.30563,
                20.72754
              ],
              [
                106.305621,
                20.727544
              ],
              [
                106.305613,
                20.727548
              ],
              [
                106.305597,
                20.727558
              ],
              [
                106.305581,
                20.727568
              ],
              [
                106.305557,
                20.727583
              ],
              [
                106.305478,
                20.727634
              ],
              [
                106.305378,
                20.727698
              ],
              [
                106.305375,
                20.7277
              ],
              [
                106.305373,
                20.727701
              ],
              [
                106.305352,
                20.727715
              ],
              [
                106.305328,
                20.727731
              ],
              [
                106.305321,
                20.727736
              ],
              [
                106.305313,
                20.727742
              ],
              [
                106.305306,
                20.727748
              ],
              [
                106.305305,
                20.727748
              ],
              [
                106.305299,
                20.727753
              ],
              [
                106.305285,
                20.727765
              ],
              [
                106.305264,
                20.727783
              ],
              [
                106.305113,
                20.727918
              ],
              [
                106.304927,
                20.728084
              ],
              [
                106.304899,
                20.728108
              ],
              [
                106.304886,
                20.728121
              ],
              [
                106.304879,
                20.728127
              ],
              [
                106.304873,
                20.728134
              ],
              [
                106.304861,
                20.728147
              ],
              [
                106.304836,
                20.728175
              ],
              [
                106.304728,
                20.7283
              ],
              [
                106.304695,
                20.728337
              ],
              [
                106.304559,
                20.728493
              ],
              [
                106.304503,
                20.728558
              ],
              [
                106.304396,
                20.72868
              ],
              [
                106.30375,
                20.729542
              ],
              [
                106.303723,
                20.729579
              ],
              [
                106.303706,
                20.729602
              ],
              [
                106.303668,
                20.729654
              ],
              [
                106.30304,
                20.730526
              ],
              [
                106.302331,
                20.73151
              ],
              [
                106.30231,
                20.73154
              ],
              [
                106.302279,
                20.731584
              ],
              [
                106.302164,
                20.731748
              ],
              [
                106.302101,
                20.731837
              ],
              [
                106.302086,
                20.73186
              ],
              [
                106.302075,
                20.731874
              ],
              [
                106.302069,
                20.731881
              ],
              [
                106.302063,
                20.731888
              ],
              [
                106.302057,
                20.731895
              ],
              [
                106.302051,
                20.731901
              ],
              [
                106.302044,
                20.731907
              ],
              [
                106.302037,
                20.731913
              ],
              [
                106.30203,
                20.731919
              ],
              [
                106.302016,
                20.731931
              ],
              [
                106.301994,
                20.731947
              ],
              [
                106.301979,
                20.731958
              ],
              [
                106.301972,
                20.731963
              ],
              [
                106.301964,
                20.731968
              ],
              [
                106.301956,
                20.731973
              ],
              [
                106.301949,
                20.731977
              ],
              [
                106.301933,
                20.731986
              ],
              [
                106.301932,
                20.731986
              ],
              [
                106.301925,
                20.73199
              ],
              [
                106.301917,
                20.731994
              ],
              [
                106.301909,
                20.731997
              ],
              [
                106.301901,
                20.732
              ],
              [
                106.301892,
                20.732003
              ],
              [
                106.301884,
                20.732005
              ],
              [
                106.301875,
                20.732007
              ],
              [
                106.301866,
                20.732008
              ],
              [
                106.301857,
                20.732009
              ],
              [
                106.301848,
                20.732009
              ],
              [
                106.301839,
                20.732008
              ],
              [
                106.30183,
                20.732008
              ],
              [
                106.301821,
                20.732006
              ],
              [
                106.301813,
                20.732004
              ],
              [
                106.301804,
                20.732001
              ],
              [
                106.301795,
                20.731998
              ],
              [
                106.301787,
                20.731995
              ],
              [
                106.301779,
                20.731992
              ],
              [
                106.301762,
                20.731984
              ],
              [
                106.301745,
                20.731977
              ],
              [
                106.30172,
                20.731966
              ],
              [
                106.301704,
                20.731958
              ],
              [
                106.301688,
                20.731949
              ],
              [
                106.30168,
                20.731945
              ],
              [
                106.301672,
                20.731941
              ],
              [
                106.301665,
                20.731936
              ],
              [
                106.301657,
                20.73193
              ],
              [
                106.301642,
                20.731919
              ],
              [
                106.301628,
                20.731907
              ],
              [
                106.301613,
                20.731896
              ],
              [
                106.301513,
                20.731813
              ],
              [
                106.301225,
                20.731579
              ],
              [
                106.301175,
                20.731537
              ],
              [
                106.30111,
                20.731483
              ],
              [
                106.301096,
                20.731472
              ],
              [
                106.301089,
                20.731466
              ],
              [
                106.301082,
                20.731461
              ],
              [
                106.301075,
                20.731457
              ],
              [
                106.301067,
                20.731453
              ],
              [
                106.30106,
                20.731451
              ],
              [
                106.301053,
                20.73145
              ],
              [
                106.301046,
                20.731451
              ],
              [
                106.301039,
                20.731454
              ],
              [
                106.301032,
                20.731458
              ],
              [
                106.301025,
                20.731463
              ],
              [
                106.301018,
                20.731468
              ],
              [
                106.301011,
                20.731474
              ],
              [
                106.300998,
                20.731486
              ],
              [
                106.300933,
                20.731545
              ],
              [
                106.300928,
                20.731549
              ],
              [
                106.300917,
                20.731559
              ],
              [
                106.300852,
                20.731618
              ],
              [
                106.299777,
                20.732578
              ],
              [
                106.299729,
                20.732621
              ],
              [
                106.299708,
                20.73264
              ],
              [
                106.299672,
                20.73267
              ],
              [
                106.298503,
                20.733682
              ],
              [
                106.298454,
                20.733725
              ],
              [
                106.298433,
                20.733743
              ],
              [
                106.298398,
                20.733774
              ],
              [
                106.297311,
                20.734749
              ],
              [
                106.29729,
                20.734767
              ],
              [
                106.297254,
                20.734798
              ],
              [
                106.297209,
                20.734836
              ],
              [
                106.29714,
                20.734896
              ],
              [
                106.297071,
                20.734955
              ],
              [
                106.296979,
                20.735033
              ],
              [
                106.296958,
                20.735052
              ],
              [
                106.296944,
                20.735064
              ],
              [
                106.296938,
                20.735071
              ],
              [
                106.296931,
                20.735078
              ],
              [
                106.296926,
                20.735084
              ],
              [
                106.29692,
                20.735091
              ],
              [
                106.296915,
                20.735098
              ],
              [
                106.29691,
                20.735105
              ],
              [
                106.2969,
                20.735119
              ],
              [
                106.296891,
                20.735134
              ],
              [
                106.296887,
                20.735141
              ],
              [
                106.296883,
                20.735149
              ],
              [
                106.296879,
                20.735156
              ],
              [
                106.296875,
                20.735164
              ],
              [
                106.296872,
                20.735172
              ],
              [
                106.29687,
                20.735179
              ],
              [
                106.296867,
                20.735187
              ],
              [
                106.296865,
                20.735195
              ],
              [
                106.296863,
                20.735203
              ],
              [
                106.296861,
                20.735211
              ],
              [
                106.296859,
                20.735219
              ],
              [
                106.296858,
                20.735227
              ],
              [
                106.296858,
                20.735234
              ],
              [
                106.296857,
                20.735235
              ],
              [
                106.296857,
                20.735244
              ],
              [
                106.296858,
                20.735253
              ],
              [
                106.296859,
                20.735261
              ],
              [
                106.296861,
                20.73527
              ],
              [
                106.296863,
                20.735278
              ],
              [
                106.296866,
                20.735286
              ],
              [
                106.296869,
                20.735293
              ],
              [
                106.296872,
                20.735301
              ],
              [
                106.296876,
                20.735308
              ],
              [
                106.29688,
                20.735315
              ],
              [
                106.296885,
                20.735322
              ],
              [
                106.296891,
                20.735328
              ],
              [
                106.296897,
                20.735334
              ],
              [
                106.296904,
                20.73534
              ],
              [
                106.296911,
                20.735345
              ],
              [
                106.296918,
                20.73535
              ],
              [
                106.296925,
                20.735355
              ],
              [
                106.296933,
                20.73536
              ],
              [
                106.296941,
                20.735364
              ],
              [
                106.296949,
                20.735367
              ],
              [
                106.296958,
                20.735371
              ],
              [
                106.296967,
                20.735373
              ],
              [
                106.296976,
                20.735376
              ],
              [
                106.296995,
                20.735381
              ],
              [
                106.297013,
                20.735386
              ],
              [
                106.297032,
                20.73539
              ],
              [
                106.297051,
                20.735394
              ],
              [
                106.29706,
                20.735396
              ],
              [
                106.297097,
                20.735403
              ],
              [
                106.297228,
                20.735426
              ],
              [
                106.29748,
                20.73547
              ],
              [
                106.297527,
                20.735479
              ],
              [
                106.297554,
                20.735484
              ],
              [
                106.297601,
                20.735493
              ],
              [
                106.29788,
                20.735548
              ],
              [
                106.297908,
                20.735554
              ],
              [
                106.297927,
                20.735559
              ],
              [
                106.297936,
                20.735561
              ],
              [
                106.297945,
                20.735564
              ],
              [
                106.297962,
                20.735569
              ],
              [
                106.297987,
                20.735578
              ],
              [
                106.298021,
                20.735591
              ],
              [
                106.298047,
                20.7356
              ],
              [
                106.298064,
                20.735606
              ],
              [
                106.298081,
                20.735613
              ],
              [
                106.298097,
                20.73562
              ],
              [
                106.298113,
                20.735628
              ],
              [
                106.298137,
                20.73564
              ],
              [
                106.298168,
                20.735656
              ],
              [
                106.298184,
                20.735664
              ],
              [
                106.2982,
                20.735673
              ],
              [
                106.298207,
                20.735677
              ],
              [
                106.298215,
                20.735682
              ],
              [
                106.29823,
                20.735692
              ],
              [
                106.298252,
                20.735708
              ],
              [
                106.298288,
                20.735734
              ],
              [
                106.298309,
                20.73575
              ],
              [
                106.298323,
                20.735762
              ],
              [
                106.29833,
                20.735767
              ],
              [
                106.298336,
                20.735773
              ],
              [
                106.298343,
                20.73578
              ],
              [
                106.298349,
                20.735787
              ],
              [
                106.298355,
                20.735794
              ],
              [
                106.298361,
                20.735801
              ],
              [
                106.298373,
                20.735815
              ],
              [
                106.298491,
                20.735968
              ],
              [
                106.298713,
                20.736252
              ],
              [
                106.298724,
                20.736267
              ],
              [
                106.298735,
                20.736281
              ],
              [
                106.298746,
                20.736296
              ],
              [
                106.298751,
                20.736304
              ],
              [
                106.298756,
                20.736312
              ],
              [
                106.298765,
                20.736327
              ],
              [
                106.298784,
                20.736359
              ],
              [
                106.29888,
                20.736525
              ],
              [
                106.29891,
                20.736578
              ],
              [
                106.299303,
                20.737254
              ],
              [
                106.299321,
                20.737286
              ],
              [
                106.29933,
                20.737302
              ],
              [
                106.299343,
                20.737326
              ],
              [
                106.299359,
                20.737358
              ],
              [
                106.29962,
                20.73788
              ],
              [
                106.299714,
                20.738068
              ],
              [
                106.299726,
                20.738092
              ],
              [
                106.299733,
                20.738109
              ],
              [
                106.299737,
                20.738117
              ],
              [
                106.29974,
                20.738126
              ],
              [
                106.299747,
                20.738142
              ],
              [
                106.299753,
                20.738159
              ],
              [
                106.299762,
                20.738185
              ],
              [
                106.299812,
                20.73833
              ],
              [
                106.299935,
                20.738688
              ],
              [
                106.299947,
                20.738722
              ],
              [
                106.299955,
                20.738748
              ],
              [
                106.299971,
                20.7388
              ],
              [
                106.300254,
                20.739752
              ],
              [
                106.300262,
                20.739778
              ],
              [
                106.300273,
                20.739812
              ],
              [
                106.300343,
                20.740037
              ],
              [
                106.300354,
                20.740071
              ],
              [
                106.30036,
                20.740088
              ],
              [
                106.300366,
                20.740105
              ],
              [
                106.300369,
                20.740114
              ],
              [
                106.300376,
                20.74013
              ],
              [
                106.300391,
                20.740164
              ],
              [
                106.300428,
                20.740247
              ],
              [
                106.30044,
                20.740274
              ],
              [
                106.300443,
                20.74028
              ],
              [
                106.300454,
                20.740305
              ],
              [
                106.300461,
                20.740321
              ],
              [
                106.300467,
                20.740338
              ],
              [
                106.300476,
                20.740364
              ],
              [
                106.30051,
                20.740457
              ],
              [
                106.300518,
                20.740482
              ],
              [
                106.300523,
                20.740499
              ],
              [
                106.300526,
                20.740508
              ],
              [
                106.30053,
                20.740525
              ],
              [
                106.300535,
                20.740543
              ],
              [
                106.300543,
                20.740577
              ],
              [
                106.30055,
                20.740613
              ],
              [
                106.300556,
                20.740639
              ],
              [
                106.300559,
                20.740656
              ],
              [
                106.30056,
                20.740665
              ],
              [
                106.300561,
                20.740674
              ],
              [
                106.300562,
                20.740692
              ],
              [
                106.300564,
                20.740725
              ],
              [
                106.300565,
                20.740728
              ],
              [
                106.300575,
                20.740906
              ],
              [
                106.300577,
                20.740932
              ],
              [
                106.300577,
                20.74095
              ],
              [
                106.300577,
                20.740959
              ],
              [
                106.300577,
                20.740977
              ],
              [
                106.300575,
                20.741013
              ],
              [
                106.300564,
                20.741283
              ],
              [
                106.300563,
                20.74131
              ],
              [
                106.300562,
                20.741328
              ],
              [
                106.300561,
                20.741337
              ],
              [
                106.30056,
                20.741355
              ],
              [
                106.300557,
                20.741382
              ],
              [
                106.300556,
                20.741382
              ],
              [
                106.300533,
                20.741567
              ],
              [
                106.300528,
                20.741603
              ],
              [
                106.300527,
                20.74162
              ],
              [
                106.300526,
                20.741629
              ],
              [
                106.300525,
                20.741647
              ],
              [
                106.300524,
                20.741655
              ],
              [
                106.300524,
                20.741673
              ],
              [
                106.300524,
                20.74169
              ],
              [
                106.300524,
                20.741707
              ],
              [
                106.300525,
                20.741733
              ],
              [
                106.300526,
                20.741742
              ],
              [
                106.300526,
                20.741751
              ],
              [
                106.300527,
                20.741759
              ],
              [
                106.300529,
                20.741769
              ],
              [
                106.300533,
                20.741791
              ],
              [
                106.300537,
                20.741814
              ],
              [
                106.300544,
                20.741848
              ],
              [
                106.300545,
                20.741944
              ],
              [
                106.300513,
                20.742173
              ],
              [
                106.300354,
                20.742584
              ],
              [
                106.300159,
                20.742958
              ],
              [
                106.299981,
                20.743178
              ],
              [
                106.29964,
                20.743414
              ],
              [
                106.299215,
                20.743646
              ],
              [
                106.2991,
                20.743697
              ],
              [
                106.298623,
                20.74386
              ],
              [
                106.298468,
                20.743897
              ],
              [
                106.298267,
                20.743906
              ],
              [
                106.29814,
                20.743907
              ],
              [
                106.298074,
                20.743917
              ],
              [
                106.298018,
                20.743939
              ],
              [
                106.297916,
                20.74398
              ],
              [
                106.29824,
                20.744414
              ],
              [
                106.298481,
                20.744723
              ],
              [
                106.299072,
                20.745456
              ],
              [
                106.299202,
                20.745603
              ],
              [
                106.299654,
                20.746195
              ],
              [
                106.299692,
                20.746182
              ],
              [
                106.299776,
                20.746155
              ],
              [
                106.300525,
                20.745912
              ],
              [
                106.300944,
                20.745733
              ],
              [
                106.301349,
                20.745472
              ],
              [
                106.301413,
                20.745421
              ],
              [
                106.301709,
                20.745078
              ],
              [
                106.30185,
                20.744821
              ],
              [
                106.301982,
                20.744512
              ],
              [
                106.302025,
                20.74427
              ],
              [
                106.302041,
                20.744181
              ],
              [
                106.302898,
                20.743792
              ],
              [
                106.303589,
                20.743456
              ],
              [
                106.303632,
                20.743505
              ],
              [
                106.303744,
                20.74363
              ],
              [
                106.30393,
                20.743809
              ],
              [
                106.304143,
                20.744046
              ],
              [
                106.304354,
                20.74428
              ],
              [
                106.304548,
                20.74454
              ],
              [
                106.304747,
                20.744936
              ],
              [
                106.304751,
                20.74495
              ],
              [
                106.304962,
                20.745347
              ],
              [
                106.305056,
                20.745597
              ],
              [
                106.30508,
                20.745776
              ],
              [
                106.305091,
                20.746121
              ],
              [
                106.305018,
                20.746501
              ],
              [
                106.304876,
                20.746904
              ],
              [
                106.304735,
                20.747271
              ],
              [
                106.304561,
                20.747516
              ],
              [
                106.303954,
                20.747975
              ],
              [
                106.303741,
                20.748094
              ],
              [
                106.303395,
                20.748234
              ],
              [
                106.303006,
                20.748352
              ],
              [
                106.302643,
                20.748401
              ],
              [
                106.302419,
                20.748486
              ],
              [
                106.302069,
                20.748696
              ],
              [
                106.301917,
                20.748804
              ],
              [
                106.301824,
                20.74887
              ],
              [
                106.301905,
                20.749008
              ],
              [
                106.302345,
                20.749563
              ],
              [
                106.30283,
                20.750169
              ],
              [
                106.303285,
                20.750712
              ],
              [
                106.303532,
                20.750976
              ],
              [
                106.303706,
                20.75122
              ],
              [
                106.303749,
                20.751474
              ],
              [
                106.303786,
                20.752053
              ],
              [
                106.303804,
                20.752677
              ],
              [
                106.303824,
                20.752766
              ],
              [
                106.30387,
                20.752903
              ],
              [
                106.303229,
                20.752748
              ],
              [
                106.302682,
                20.75262
              ],
              [
                106.302091,
                20.752589
              ],
              [
                106.301527,
                20.752766
              ],
              [
                106.300907,
                20.753112
              ],
              [
                106.300593,
                20.75352
              ],
              [
                106.300438,
                20.754012
              ],
              [
                106.300483,
                20.754572
              ],
              [
                106.300517,
                20.754829
              ],
              [
                106.30058,
                20.755469
              ],
              [
                106.300535,
                20.756063
              ],
              [
                106.300436,
                20.756424
              ],
              [
                106.300329,
                20.756627
              ],
              [
                106.300083,
                20.756838
              ],
              [
                106.299849,
                20.757009
              ],
              [
                106.299588,
                20.75717
              ],
              [
                106.299239,
                20.757279
              ],
              [
                106.298923,
                20.757356
              ],
              [
                106.298513,
                20.757427
              ],
              [
                106.298103,
                20.757466
              ],
              [
                106.297464,
                20.757481
              ],
              [
                106.296516,
                20.75744
              ],
              [
                106.295944,
                20.757397
              ],
              [
                106.295506,
                20.757315
              ],
              [
                106.294812,
                20.757253
              ],
              [
                106.294513,
                20.757253
              ],
              [
                106.294353,
                20.757282
              ],
              [
                106.294028,
                20.757346
              ],
              [
                106.293392,
                20.75754
              ],
              [
                106.29279,
                20.757779
              ],
              [
                106.292008,
                20.758153
              ],
              [
                106.29152,
                20.758454
              ],
              [
                106.290923,
                20.758767
              ],
              [
                106.290393,
                20.759049
              ],
              [
                106.289925,
                20.759281
              ],
              [
                106.289705,
                20.759379
              ],
              [
                106.289402,
                20.759537
              ],
              [
                106.289124,
                20.759752
              ],
              [
                106.288985,
                20.759873
              ],
              [
                106.288739,
                20.760126
              ],
              [
                106.288576,
                20.760349
              ],
              [
                106.288497,
                20.760518
              ],
              [
                106.288421,
                20.760703
              ],
              [
                106.288413,
                20.760846
              ],
              [
                106.288439,
                20.760985
              ],
              [
                106.288516,
                20.761191
              ],
              [
                106.28862,
                20.761409
              ],
              [
                106.289226,
                20.761863
              ],
              [
                106.289243,
                20.761879
              ],
              [
                106.289305,
                20.761945
              ],
              [
                106.289399,
                20.762045
              ],
              [
                106.289425,
                20.762073
              ],
              [
                106.289521,
                20.762175
              ],
              [
                106.289607,
                20.762293
              ],
              [
                106.289634,
                20.762329
              ],
              [
                106.289798,
                20.762556
              ],
              [
                106.290029,
                20.762874
              ],
              [
                106.29004,
                20.76289
              ],
              [
                106.290065,
                20.762933
              ],
              [
                106.290193,
                20.763135
              ],
              [
                106.290295,
                20.76327
              ],
              [
                106.290395,
                20.763436
              ],
              [
                106.2906,
                20.763777
              ],
              [
                106.29062,
                20.763818
              ],
              [
                106.290664,
                20.763911
              ],
              [
                106.290743,
                20.764075
              ],
              [
                106.290755,
                20.7641
              ],
              [
                106.290773,
                20.764137
              ],
              [
                106.290816,
                20.764287
              ],
              [
                106.290846,
                20.764391
              ],
              [
                106.290883,
                20.764488
              ],
              [
                106.290952,
                20.764668
              ],
              [
                106.290978,
                20.764718
              ],
              [
                106.291009,
                20.764785
              ],
              [
                106.291024,
                20.764851
              ],
              [
                106.291031,
                20.764882
              ],
              [
                106.291032,
                20.764893
              ],
              [
                106.291033,
                20.764919
              ],
              [
                106.29104,
                20.765051
              ],
              [
                106.291042,
                20.7651
              ],
              [
                106.291052,
                20.765338
              ],
              [
                106.291055,
                20.765388
              ],
              [
                106.291045,
                20.765556
              ],
              [
                106.291039,
                20.765665
              ],
              [
                106.291035,
                20.765737
              ],
              [
                106.291025,
                20.765815
              ],
              [
                106.291003,
                20.765988
              ],
              [
                106.290982,
                20.766145
              ],
              [
                106.29097,
                20.766245
              ],
              [
                106.290919,
                20.766529
              ],
              [
                106.290906,
                20.766583
              ],
              [
                106.290905,
                20.766588
              ],
              [
                106.29089,
                20.766648
              ],
              [
                106.290872,
                20.766722
              ],
              [
                106.290868,
                20.766737
              ],
              [
                106.290817,
                20.766942
              ],
              [
                106.290804,
                20.766993
              ],
              [
                106.290741,
                20.7673
              ],
              [
                106.290709,
                20.767451
              ],
              [
                106.290695,
                20.767506
              ],
              [
                106.29065,
                20.767677
              ],
              [
                106.29061,
                20.7678
              ],
              [
                106.290577,
                20.767903
              ],
              [
                106.290541,
                20.767986
              ],
              [
                106.29049,
                20.768105
              ],
              [
                106.29047,
                20.768153
              ],
              [
                106.290425,
                20.768237
              ],
              [
                106.290419,
                20.768248
              ],
              [
                106.290398,
                20.76828
              ],
              [
                106.290369,
                20.76832
              ],
              [
                106.290265,
                20.768457
              ],
              [
                106.290098,
                20.76864
              ],
              [
                106.290097,
                20.768642
              ],
              [
                106.290035,
                20.768699
              ],
              [
                106.289969,
                20.768746
              ],
              [
                106.289862,
                20.768822
              ],
              [
                106.289815,
                20.768856
              ],
              [
                106.289498,
                20.769028
              ],
              [
                106.289287,
                20.769125
              ],
              [
                106.289258,
                20.769137
              ],
              [
                106.289173,
                20.769171
              ],
              [
                106.28917,
                20.769172
              ],
              [
                106.289133,
                20.769187
              ],
              [
                106.288936,
                20.769254
              ],
              [
                106.288799,
                20.769286
              ],
              [
                106.288665,
                20.769303
              ],
              [
                106.28854,
                20.769308
              ],
              [
                106.288377,
                20.769305
              ],
              [
                106.288234,
                20.769278
              ],
              [
                106.288201,
                20.769266
              ],
              [
                106.288003,
                20.769165
              ],
              [
                106.287673,
                20.768943
              ],
              [
                106.287605,
                20.768898
              ],
              [
                106.287519,
                20.768825
              ],
              [
                106.287502,
                20.768805
              ],
              [
                106.287473,
                20.76876
              ],
              [
                106.287404,
                20.768629
              ],
              [
                106.287274,
                20.768339
              ],
              [
                106.287252,
                20.76829
              ],
              [
                106.287134,
                20.767962
              ],
              [
                106.287124,
                20.766809
              ],
              [
                106.287203,
                20.765583
              ],
              [
                106.286943,
                20.76491
              ],
              [
                106.286586,
                20.764402
              ],
              [
                106.286317,
                20.76411
              ],
              [
                106.285939,
                20.764401
              ],
              [
                106.2857,
                20.764629
              ],
              [
                106.285437,
                20.764892
              ],
              [
                106.285198,
                20.765132
              ],
              [
                106.284848,
                20.765485
              ],
              [
                106.284303,
                20.766097
              ],
              [
                106.284079,
                20.7664
              ],
              [
                106.283887,
                20.766759
              ],
              [
                106.28389,
                20.766834
              ],
              [
                106.284176,
                20.767427
              ],
              [
                106.284221,
                20.76752
              ],
              [
                106.284359,
                20.767808
              ],
              [
                106.284468,
                20.769089
              ],
              [
                106.284728,
                20.768981
              ],
              [
                106.284819,
                20.768943
              ],
              [
                106.285146,
                20.76875
              ],
              [
                106.285188,
                20.768713
              ],
              [
                106.285233,
                20.768725
              ],
              [
                106.285286,
                20.768705
              ],
              [
                106.285319,
                20.768675
              ],
              [
                106.285907,
                20.769536
              ],
              [
                106.286098,
                20.769809
              ],
              [
                106.28629,
                20.770083
              ],
              [
                106.285621,
                20.770669
              ],
              [
                106.285132,
                20.77108
              ],
              [
                106.284786,
                20.770799
              ],
              [
                106.284833,
                20.770669
              ],
              [
                106.28486,
                20.770612
              ],
              [
                106.284509,
                20.770523
              ],
              [
                106.284262,
                20.77046
              ],
              [
                106.284119,
                20.770929
              ],
              [
                106.283899,
                20.771666
              ],
              [
                106.283772,
                20.772209
              ],
              [
                106.283642,
                20.772795
              ],
              [
                106.28341,
                20.773773
              ],
              [
                106.283669,
                20.77399
              ],
              [
                106.283711,
                20.774026
              ],
              [
                106.284165,
                20.774403
              ],
              [
                106.284619,
                20.774781
              ],
              [
                106.284104,
                20.77517
              ],
              [
                106.28382,
                20.7754
              ],
              [
                106.283536,
                20.77563
              ],
              [
                106.283256,
                20.775876
              ],
              [
                106.283405,
                20.776012
              ],
              [
                106.283411,
                20.776017
              ],
              [
                106.283135,
                20.77623
              ],
              [
                106.283177,
                20.776308
              ],
              [
                106.283287,
                20.776506
              ],
              [
                106.284123,
                20.777962
              ],
              [
                106.28453,
                20.778674
              ],
              [
                106.284961,
                20.779408
              ],
              [
                106.285385,
                20.780123
              ],
              [
                106.285467,
                20.780096
              ],
              [
                106.28556,
                20.780065
              ],
              [
                106.285691,
                20.780038
              ],
              [
                106.285829,
                20.780073
              ],
              [
                106.285986,
                20.780165
              ],
              [
                106.286131,
                20.780234
              ],
              [
                106.286274,
                20.780332
              ],
              [
                106.286317,
                20.780359
              ],
              [
                106.286567,
                20.78044
              ],
              [
                106.286642,
                20.780443
              ],
              [
                106.287181,
                20.780269
              ],
              [
                106.28762,
                20.780128
              ],
              [
                106.288025,
                20.780018
              ],
              [
                106.288184,
                20.779999
              ],
              [
                106.288837,
                20.780089
              ],
              [
                106.289008,
                20.780076
              ],
              [
                106.289161,
                20.780062
              ],
              [
                106.289319,
                20.780013
              ],
              [
                106.289509,
                20.779899
              ],
              [
                106.289798,
                20.779727
              ],
              [
                106.289925,
                20.779625
              ],
              [
                106.290044,
                20.779566
              ],
              [
                106.290236,
                20.77949
              ],
              [
                106.290438,
                20.779451
              ],
              [
                106.290644,
                20.779438
              ],
              [
                106.290761,
                20.779412
              ],
              [
                106.290869,
                20.779364
              ],
              [
                106.291036,
                20.779192
              ],
              [
                106.291169,
                20.779025
              ],
              [
                106.291256,
                20.778886
              ],
              [
                106.291323,
                20.778759
              ],
              [
                106.291468,
                20.778628
              ],
              [
                106.291606,
                20.778601
              ],
              [
                106.291608,
                20.778601
              ],
              [
                106.291736,
                20.778616
              ],
              [
                106.292008,
                20.77868
              ],
              [
                106.292176,
                20.778749
              ],
              [
                106.292343,
                20.778772
              ],
              [
                106.292514,
                20.778781
              ],
              [
                106.292726,
                20.778731
              ],
              [
                106.292843,
                20.778693
              ],
              [
                106.292889,
                20.778659
              ],
              [
                106.292898,
                20.778633
              ],
              [
                106.292929,
                20.778594
              ],
              [
                106.293249,
                20.778228
              ],
              [
                106.293466,
                20.777985
              ],
              [
                106.293464,
                20.777981
              ],
              [
                106.293495,
                20.777945
              ],
              [
                106.293521,
                20.777915
              ],
              [
                106.293706,
                20.777684
              ],
              [
                106.293825,
                20.777535
              ],
              [
                106.293852,
                20.777496
              ],
              [
                106.293932,
                20.777379
              ],
              [
                106.293991,
                20.777293
              ],
              [
                106.294056,
                20.777177
              ],
              [
                106.29407,
                20.777106
              ],
              [
                106.294084,
                20.776989
              ],
              [
                106.294063,
                20.776853
              ],
              [
                106.294034,
                20.776757
              ],
              [
                106.29401,
                20.776677
              ],
              [
                106.29401,
                20.776677
              ],
              [
                106.293896,
                20.776444
              ],
              [
                106.29386,
                20.776372
              ],
              [
                106.293593,
                20.776004
              ],
              [
                106.293578,
                20.775955
              ],
              [
                106.293575,
                20.775874
              ],
              [
                106.293591,
                20.775843
              ],
              [
                106.293594,
                20.775842
              ],
              [
                106.293824,
                20.775722
              ],
              [
                106.293994,
                20.775655
              ],
              [
                106.294136,
                20.775628
              ],
              [
                106.294215,
                20.775628
              ],
              [
                106.294454,
                20.775674
              ],
              [
                106.294565,
                20.775734
              ],
              [
                106.294667,
                20.775811
              ],
              [
                106.294874,
                20.776035
              ],
              [
                106.29493,
                20.776096
              ],
              [
                106.294988,
                20.776143
              ],
              [
                106.295097,
                20.776206
              ],
              [
                106.295132,
                20.776226
              ],
              [
                106.295209,
                20.776255
              ],
              [
                106.295461,
                20.776331
              ],
              [
                106.295654,
                20.776368
              ],
              [
                106.295912,
                20.776417
              ],
              [
                106.295968,
                20.776428
              ],
              [
                106.296189,
                20.776496
              ],
              [
                106.296307,
                20.776493
              ],
              [
                106.296662,
                20.776614
              ],
              [
                106.297198,
                20.776762
              ],
              [
                106.297648,
                20.776869
              ],
              [
                106.298136,
                20.776951
              ],
              [
                106.298778,
                20.777064
              ],
              [
                106.299112,
                20.7772
              ],
              [
                106.299585,
                20.777488
              ],
              [
                106.299788,
                20.777636
              ],
              [
                106.299893,
                20.777804
              ],
              [
                106.299934,
                20.778157
              ],
              [
                106.299939,
                20.778551
              ],
              [
                106.299921,
                20.778728
              ],
              [
                106.299839,
                20.778891
              ],
              [
                106.299653,
                20.779016
              ],
              [
                106.299409,
                20.779114
              ],
              [
                106.298956,
                20.779219
              ],
              [
                106.298493,
                20.779298
              ],
              [
                106.298037,
                20.779375
              ],
              [
                106.298068,
                20.77963
              ],
              [
                106.298088,
                20.779784
              ],
              [
                106.298065,
                20.779785
              ],
              [
                106.297879,
                20.779795
              ],
              [
                106.297903,
                20.780023
              ],
              [
                106.297943,
                20.780391
              ],
              [
                106.29798,
                20.780556
              ],
              [
                106.29809,
                20.780952
              ],
              [
                106.298209,
                20.781329
              ],
              [
                106.298321,
                20.781706
              ],
              [
                106.29839,
                20.782083
              ],
              [
                106.298409,
                20.782281
              ],
              [
                106.298405,
                20.782399
              ],
              [
                106.298402,
                20.782489
              ],
              [
                106.298392,
                20.782647
              ],
              [
                106.298344,
                20.782869
              ],
              [
                106.298265,
                20.783397
              ],
              [
                106.298251,
                20.783635
              ],
              [
                106.298286,
                20.783955
              ],
              [
                106.298313,
                20.784008
              ],
              [
                106.298363,
                20.784104
              ],
              [
                106.298481,
                20.784185
              ],
              [
                106.298747,
                20.784324
              ],
              [
                106.299039,
                20.784415
              ],
              [
                106.299294,
                20.784419
              ],
              [
                106.300378,
                20.784267
              ],
              [
                106.300646,
                20.784234
              ],
              [
                106.300897,
                20.784265
              ],
              [
                106.301116,
                20.784377
              ],
              [
                106.301253,
                20.784498
              ],
              [
                106.301322,
                20.784593
              ],
              [
                106.301407,
                20.784713
              ],
              [
                106.301731,
                20.785157
              ],
              [
                106.301548,
                20.78546
              ],
              [
                106.30126,
                20.785883
              ],
              [
                106.300929,
                20.786351
              ],
              [
                106.300599,
                20.786809
              ],
              [
                106.300297,
                20.787248
              ],
              [
                106.300065,
                20.787574
              ],
              [
                106.299714,
                20.788083
              ],
              [
                106.299516,
                20.787803
              ],
              [
                106.29923,
                20.787539
              ],
              [
                106.298989,
                20.787344
              ],
              [
                106.298774,
                20.787227
              ],
              [
                106.298673,
                20.787267
              ],
              [
                106.298353,
                20.787293
              ],
              [
                106.298242,
                20.787306
              ],
              [
                106.297997,
                20.787334
              ],
              [
                106.297952,
                20.787334
              ],
              [
                106.297702,
                20.787333
              ],
              [
                106.297684,
                20.787337
              ],
              [
                106.297426,
                20.787389
              ],
              [
                106.297419,
                20.787393
              ],
              [
                106.297147,
                20.787541
              ],
              [
                106.297065,
                20.78762
              ],
              [
                106.297041,
                20.787658
              ],
              [
                106.297009,
                20.787709
              ],
              [
                106.296979,
                20.787822
              ],
              [
                106.296955,
                20.787991
              ],
              [
                106.296957,
                20.788034
              ],
              [
                106.296964,
                20.788138
              ],
              [
                106.296971,
                20.788266
              ],
              [
                106.296973,
                20.788292
              ],
              [
                106.297014,
                20.788753
              ],
              [
                106.297058,
                20.788865
              ],
              [
                106.297115,
                20.78896
              ],
              [
                106.297213,
                20.789048
              ],
              [
                106.297217,
                20.789051
              ],
              [
                106.297439,
                20.789128
              ],
              [
                106.297599,
                20.789169
              ],
              [
                106.2979,
                20.789245
              ],
              [
                106.298015,
                20.789274
              ],
              [
                106.298218,
                20.789325
              ],
              [
                106.298388,
                20.789393
              ],
              [
                106.298634,
                20.789509
              ],
              [
                106.298674,
                20.789536
              ],
              [
                106.298734,
                20.789576
              ],
              [
                106.299015,
                20.789832
              ],
              [
                106.299548,
                20.789714
              ],
              [
                106.29961,
                20.7897
              ],
              [
                106.299621,
                20.789732
              ],
              [
                106.299787,
                20.789779
              ],
              [
                106.300113,
                20.789935
              ],
              [
                106.300277,
                20.790087
              ],
              [
                106.300374,
                20.790223
              ],
              [
                106.300449,
                20.790421
              ],
              [
                106.300503,
                20.790729
              ],
              [
                106.300539,
                20.791019
              ],
              [
                106.300565,
                20.791504
              ],
              [
                106.300475,
                20.791878
              ],
              [
                106.300417,
                20.79238
              ],
              [
                106.30038,
                20.792658
              ],
              [
                106.300352,
                20.792773
              ],
              [
                106.300254,
                20.792965
              ],
              [
                106.300164,
                20.793134
              ],
              [
                106.300069,
                20.79327
              ],
              [
                106.299936,
                20.793452
              ],
              [
                106.29972,
                20.793674
              ],
              [
                106.299373,
                20.794025
              ],
              [
                106.299154,
                20.794213
              ],
              [
                106.298863,
                20.79427
              ],
              [
                106.298575,
                20.794271
              ],
              [
                106.298378,
                20.794235
              ],
              [
                106.298301,
                20.79416
              ],
              [
                106.298177,
                20.794013
              ],
              [
                106.297999,
                20.794086
              ],
              [
                106.298219,
                20.794364
              ],
              [
                106.2984,
                20.794487
              ],
              [
                106.298573,
                20.794724
              ],
              [
                106.298616,
                20.795032
              ],
              [
                106.298609,
                20.795289
              ],
              [
                106.298661,
                20.795453
              ],
              [
                106.298935,
                20.795831
              ],
              [
                106.299127,
                20.795685
              ],
              [
                106.299409,
                20.795523
              ],
              [
                106.299645,
                20.795402
              ],
              [
                106.299903,
                20.795331
              ],
              [
                106.30018,
                20.795301
              ],
              [
                106.300232,
                20.795299
              ],
              [
                106.300637,
                20.795256
              ],
              [
                106.301101,
                20.795321
              ],
              [
                106.301466,
                20.795412
              ],
              [
                106.301825,
                20.795543
              ],
              [
                106.30217,
                20.7957
              ],
              [
                106.302592,
                20.795924
              ],
              [
                106.302944,
                20.796128
              ],
              [
                106.303347,
                20.796468
              ],
              [
                106.303571,
                20.796682
              ],
              [
                106.30376,
                20.796889
              ],
              [
                106.303933,
                20.797202
              ],
              [
                106.304155,
                20.797613
              ],
              [
                106.30436,
                20.798025
              ],
              [
                106.304526,
                20.798435
              ],
              [
                106.304668,
                20.798811
              ],
              [
                106.304765,
                20.799122
              ],
              [
                106.304849,
                20.799302
              ],
              [
                106.305533,
                20.79925
              ],
              [
                106.305828,
                20.799221
              ],
              [
                106.305855,
                20.7992
              ],
              [
                106.305876,
                20.799076
              ],
              [
                106.305867,
                20.799001
              ],
              [
                106.306863,
                20.798246
              ],
              [
                106.306902,
                20.798216
              ],
              [
                106.307028,
                20.798117
              ],
              [
                106.30809,
                20.797281
              ],
              [
                106.308335,
                20.797086
              ],
              [
                106.308716,
                20.796783
              ],
              [
                106.309577,
                20.796098
              ],
              [
                106.309621,
                20.796063
              ],
              [
                106.310201,
                20.795596
              ],
              [
                106.310201,
                20.795596
              ]
            ]
          ]
        ]
      },
      "properties": {
        "code": "11167",
        "name": "Tân An",
        "nameEn": "Tan An",
        "fullName": "Xã Tân An",
        "fullNameEn": "Tan An Commune",
        "codeName": "tan_an",
        "postalCode": "03836",
        "postalCodePrefix": "",
        "gisServerId": "diaphanhanhchinhcapxa_2025.887",
        "areaKm2": 24.9
      }
    }
  ]
}