{
  "type": "FeatureCollection",
  "bbox": [
    106.261748,
    20.68987,
    106.309993,
    20.774647
  ],
  "features": [
    {
      "type": "Feature",
      "id": "11218",
      "bbox": [
        106.261748,
        20.68987,
        106.309993,
        20.774647
      ],
      "geometry": {
        "type": "MultiPolygon",
        "coordinates": [
          [
            [
              [
                106.284119,
                20.770929
              ],
              [
                106.284262,
                20.77046
              ],
              [
                106.284509,
                20.770523
              ],
              [
                106.28486,
                20.770612
              ],
              [
                106.284833,
                20.770669
              ],
              [
                106.284786,
                20.770799
              ],
              [
                106.285132,
                20.77108
              ],
              [
                106.285621,
                20.770669
              ],
              [
                106.28629,
                20.770083
              ],
              [
                106.286098,
                20.769809
              ],
              [
                106.285907,
                20.769536
              ],
              [
                106.285319,
                20.768675
              ],
              [
                106.285286,
                20.768705
              ],
              [
                106.285233,
                20.768725
              ],
              [
                106.285188,
                20.768713
              ],
              [
                106.285146,
                20.76875
              ],
              [
                106.284819,
                20.768943
              ],
              [
                106.284728,
                20.768981
              ],
              [
                106.284468,
                20.769089
              ],
              [
                106.284359,
                20.767808
              ],
              [
                106.284221,
                20.76752
              ],
              [
                106.284176,
                20.767427
              ],
              [
                106.28389,
                20.766834
              ],
              [
                106.283887,
                20.766759
              ],
              [
                106.284079,
                20.7664
              ],
              [
                106.284303,
                20.766097
              ],
              [
                106.284848,
                20.765485
              ],
              [
                106.285198,
                20.765132
              ],
              [
                106.285437,
                20.764892
              ],
              [
                106.2857,
                20.764629
              ],
              [
                106.285939,
                20.764401
              ],
              [
                106.286317,
                20.76411
              ],
              [
                106.286586,
                20.764402
              ],
              [
                106.286943,
                20.76491
              ],
              [
                106.287203,
                20.765583
              ],
              [
                106.287124,
                20.766809
              ],
              [
                106.287134,
                20.767962
              ],
              [
                106.287252,
                20.76829
              ],
              [
                106.287274,
                20.768339
              ],
              [
                106.287404,
                20.768629
              ],
              [
                106.287473,
                20.76876
              ],
              [
                106.287502,
                20.768805
              ],
              [
                106.287519,
                20.768825
              ],
              [
                106.287605,
                20.768898
              ],
              [
                106.287673,
                20.768943
              ],
              [
                106.288003,
                20.769165
              ],
              [
                106.288201,
                20.769266
              ],
              [
                106.288234,
                20.769278
              ],
              [
                106.288377,
                20.769305
              ],
              [
                106.28854,
                20.769308
              ],
              [
                106.288665,
                20.769303
              ],
              [
                106.288799,
                20.769286
              ],
              [
                106.288936,
                20.769254
              ],
              [
                106.289133,
                20.769187
              ],
              [
                106.28917,
                20.769172
              ],
              [
                106.289173,
                20.769171
              ],
              [
                106.289258,
                20.769137
              ],
              [
                106.289287,
                20.769125
              ],
              [
                106.289498,
                20.769028
              ],
              [
                106.289815,
                20.768856
              ],
              [
                106.289862,
                20.768822
              ],
              [
                106.289969,
                20.768746
              ],
              [
                106.290035,
                20.768699
              ],
              [
                106.290097,
                20.768642
              ],
              [
                106.290098,
                20.76864
              ],
              [
                106.290265,
                20.768457
              ],
              [
                106.290369,
                20.76832
              ],
              [
                106.290398,
                20.76828
              ],
              [
                106.290419,
                20.768248
              ],
              [
                106.290425,
                20.768237
              ],
              [
                106.29047,
                20.768153
              ],
              [
                106.29049,
                20.768105
              ],
              [
                106.290541,
                20.767986
              ],
              [
                106.290577,
                20.767903
              ],
              [
                106.29061,
                20.7678
              ],
              [
                106.29065,
                20.767677
              ],
              [
                106.290695,
                20.767506
              ],
              [
                106.290709,
                20.767451
              ],
              [
                106.290741,
                20.7673
              ],
              [
                106.290804,
                20.766993
              ],
              [
                106.290817,
                20.766942
              ],
              [
                106.290868,
                20.766737
              ],
              [
                106.290872,
                20.766722
              ],
              [
                106.29089,
                20.766648
              ],
              [
                106.290905,
                20.766588
              ],
              [
                106.290906,
                20.766583
              ],
              [
                106.290919,
                20.766529
              ],
              [
                106.29097,
                20.766245
              ],
              [
                106.290982,
                20.766145
              ],
              [
                106.291003,
                20.765988
              ],
              [
                106.291025,
                20.765815
              ],
              [
                106.291035,
                20.765737
              ],
              [
                106.291039,
                20.765665
              ],
              [
                106.291045,
                20.765556
              ],
              [
                106.291055,
                20.765388
              ],
              [
                106.291052,
                20.765338
              ],
              [
                106.291042,
                20.7651
              ],
              [
                106.29104,
                20.765051
              ],
              [
                106.291033,
                20.764919
              ],
              [
                106.291032,
                20.764893
              ],
              [
                106.291031,
                20.764882
              ],
              [
                106.291024,
                20.764851
              ],
              [
                106.291009,
                20.764785
              ],
              [
                106.290978,
                20.764718
              ],
              [
                106.290952,
                20.764668
              ],
              [
                106.290883,
                20.764488
              ],
              [
                106.290846,
                20.764391
              ],
              [
                106.290816,
                20.764287
              ],
              [
                106.290773,
                20.764137
              ],
              [
                106.290755,
                20.7641
              ],
              [
                106.290743,
                20.764075
              ],
              [
                106.290664,
                20.763911
              ],
              [
                106.29062,
                20.763818
              ],
              [
                106.2906,
                20.763777
              ],
              [
                106.290395,
                20.763436
              ],
              [
                106.290295,
                20.76327
              ],
              [
                106.290193,
                20.763135
              ],
              [
                106.290065,
                20.762933
              ],
              [
                106.29004,
                20.76289
              ],
              [
                106.290029,
                20.762874
              ],
              [
                106.289798,
                20.762556
              ],
              [
                106.289634,
                20.762329
              ],
              [
                106.289607,
                20.762293
              ],
              [
                106.289521,
                20.762175
              ],
              [
                106.289425,
                20.762073
              ],
              [
                106.289399,
                20.762045
              ],
              [
                106.289305,
                20.761945
              ],
              [
                106.289243,
                20.761879
              ],
              [
                106.289226,
                20.761863
              ],
              [
                106.28862,
                20.761409
              ],
              [
                106.288516,
                20.761191
              ],
              [
                106.288439,
                20.760985
              ],
              [
                106.288413,
                20.760846
              ],
              [
                106.288421,
                20.760703
              ],
              [
                106.288497,
                20.760518
              ],
              [
                106.288576,
                20.760349
              ],
              [
                106.288739,
                20.760126
              ],
              [
                106.288985,
                20.759873
              ],
              [
                106.289124,
                20.759752
              ],
              [
                106.289402,
                20.759537
              ],
              [
                106.289705,
                20.759379
              ],
              [
                106.289925,
                20.759281
              ],
              [
                106.290393,
                20.759049
              ],
              [
                106.290923,
                20.758767
              ],
              [
                106.29152,
                20.758454
              ],
              [
                106.292008,
                20.758153
              ],
              [
                106.29279,
                20.757779
              ],
              [
                106.293392,
                20.75754
              ],
              [
                106.294028,
                20.757346
              ],
              [
                106.294353,
                20.757282
              ],
              [
                106.294513,
                20.757253
              ],
              [
                106.294812,
                20.757253
              ],
              [
                106.295506,
                20.757315
              ],
              [
                106.295944,
                20.757397
              ],
              [
                106.296516,
                20.75744
              ],
              [
                106.297464,
                20.757481
              ],
              [
                106.298103,
                20.757466
              ],
              [
                106.298513,
                20.757427
              ],
              [
                106.298923,
                20.757356
              ],
              [
                106.299239,
                20.757279
              ],
              [
                106.299588,
                20.75717
              ],
              [
                106.299849,
                20.757009
              ],
              [
                106.300083,
                20.756838
              ],
              [
                106.300329,
                20.756627
              ],
              [
                106.300436,
                20.756424
              ],
              [
                106.300535,
                20.756063
              ],
              [
                106.30058,
                20.755469
              ],
              [
                106.300517,
                20.754829
              ],
              [
                106.300483,
                20.754572
              ],
              [
                106.300438,
                20.754012
              ],
              [
                106.300593,
                20.75352
              ],
              [
                106.300907,
                20.753112
              ],
              [
                106.301527,
                20.752766
              ],
              [
                106.302091,
                20.752589
              ],
              [
                106.302682,
                20.75262
              ],
              [
                106.303229,
                20.752748
              ],
              [
                106.30387,
                20.752903
              ],
              [
                106.303824,
                20.752766
              ],
              [
                106.303804,
                20.752677
              ],
              [
                106.303786,
                20.752053
              ],
              [
                106.303749,
                20.751474
              ],
              [
                106.303706,
                20.75122
              ],
              [
                106.303532,
                20.750976
              ],
              [
                106.303285,
                20.750712
              ],
              [
                106.30283,
                20.750169
              ],
              [
                106.302345,
                20.749563
              ],
              [
                106.301905,
                20.749008
              ],
              [
                106.301824,
                20.74887
              ],
              [
                106.301917,
                20.748804
              ],
              [
                106.302069,
                20.748696
              ],
              [
                106.302419,
                20.748486
              ],
              [
                106.302643,
                20.748401
              ],
              [
                106.303006,
                20.748352
              ],
              [
                106.303395,
                20.748234
              ],
              [
                106.303741,
                20.748094
              ],
              [
                106.303954,
                20.747975
              ],
              [
                106.304561,
                20.747516
              ],
              [
                106.304735,
                20.747271
              ],
              [
                106.304876,
                20.746904
              ],
              [
                106.305018,
                20.746501
              ],
              [
                106.305091,
                20.746121
              ],
              [
                106.30508,
                20.745776
              ],
              [
                106.305056,
                20.745597
              ],
              [
                106.304962,
                20.745347
              ],
              [
                106.304751,
                20.74495
              ],
              [
                106.304747,
                20.744936
              ],
              [
                106.304548,
                20.74454
              ],
              [
                106.304354,
                20.74428
              ],
              [
                106.304143,
                20.744046
              ],
              [
                106.30393,
                20.743809
              ],
              [
                106.303744,
                20.74363
              ],
              [
                106.303632,
                20.743505
              ],
              [
                106.303589,
                20.743456
              ],
              [
                106.302898,
                20.743792
              ],
              [
                106.302041,
                20.744181
              ],
              [
                106.302025,
                20.74427
              ],
              [
                106.301982,
                20.744512
              ],
              [
                106.30185,
                20.744821
              ],
              [
                106.301709,
                20.745078
              ],
              [
                106.301413,
                20.745421
              ],
              [
                106.301349,
                20.745472
              ],
              [
                106.300944,
                20.745733
              ],
              [
                106.300525,
                20.745912
              ],
              [
                106.299776,
                20.746155
              ],
              [
                106.299692,
                20.746182
              ],
              [
                106.299654,
                20.746195
              ],
              [
                106.299202,
                20.745603
              ],
              [
                106.299072,
                20.745456
              ],
              [
                106.298481,
                20.744723
              ],
              [
                106.29824,
                20.744414
              ],
              [
                106.297916,
                20.74398
              ],
              [
                106.298018,
                20.743939
              ],
              [
                106.298074,
                20.743917
              ],
              [
                106.29814,
                20.743907
              ],
              [
                106.298267,
                20.743906
              ],
              [
                106.298468,
                20.743897
              ],
              [
                106.298623,
                20.74386
              ],
              [
                106.2991,
                20.743697
              ],
              [
                106.299215,
                20.743646
              ],
              [
                106.29964,
                20.743414
              ],
              [
                106.299981,
                20.743178
              ],
              [
                106.300159,
                20.742958
              ],
              [
                106.300354,
                20.742584
              ],
              [
                106.300513,
                20.742173
              ],
              [
                106.300545,
                20.741944
              ],
              [
                106.300544,
                20.741848
              ],
              [
                106.300537,
                20.741814
              ],
              [
                106.300533,
                20.741791
              ],
              [
                106.300529,
                20.741769
              ],
              [
                106.300527,
                20.741759
              ],
              [
                106.300526,
                20.741751
              ],
              [
                106.300526,
                20.741742
              ],
              [
                106.300525,
                20.741733
              ],
              [
                106.300524,
                20.741707
              ],
              [
                106.300524,
                20.74169
              ],
              [
                106.300524,
                20.741673
              ],
              [
                106.300524,
                20.741655
              ],
              [
                106.300525,
                20.741647
              ],
              [
                106.300526,
                20.741629
              ],
              [
                106.300527,
                20.74162
              ],
              [
                106.300528,
                20.741603
              ],
              [
                106.300533,
                20.741567
              ],
              [
                106.300556,
                20.741382
              ],
              [
                106.300557,
                20.741382
              ],
              [
                106.30056,
                20.741355
              ],
              [
                106.300561,
                20.741337
              ],
              [
                106.300562,
                20.741328
              ],
              [
                106.300563,
                20.74131
              ],
              [
                106.300564,
                20.741283
              ],
              [
                106.300575,
                20.741013
              ],
              [
                106.300577,
                20.740977
              ],
              [
                106.300577,
                20.740959
              ],
              [
                106.300577,
                20.74095
              ],
              [
                106.300577,
                20.740932
              ],
              [
                106.300575,
                20.740906
              ],
              [
                106.300565,
                20.740728
              ],
              [
                106.300564,
                20.740725
              ],
              [
                106.300562,
                20.740692
              ],
              [
                106.300561,
                20.740674
              ],
              [
                106.30056,
                20.740665
              ],
              [
                106.300559,
                20.740656
              ],
              [
                106.300556,
                20.740639
              ],
              [
                106.30055,
                20.740613
              ],
              [
                106.300543,
                20.740577
              ],
              [
                106.300535,
                20.740543
              ],
              [
                106.30053,
                20.740525
              ],
              [
                106.300526,
                20.740508
              ],
              [
                106.300523,
                20.740499
              ],
              [
                106.300518,
                20.740482
              ],
              [
                106.30051,
                20.740457
              ],
              [
                106.300476,
                20.740364
              ],
              [
                106.300467,
                20.740338
              ],
              [
                106.300461,
                20.740321
              ],
              [
                106.300454,
                20.740305
              ],
              [
                106.300443,
                20.74028
              ],
              [
                106.30044,
                20.740274
              ],
              [
                106.300428,
                20.740247
              ],
              [
                106.300391,
                20.740164
              ],
              [
                106.300376,
                20.74013
              ],
              [
                106.300369,
                20.740114
              ],
              [
                106.300366,
                20.740105
              ],
              [
                106.30036,
                20.740088
              ],
              [
                106.300354,
                20.740071
              ],
              [
                106.300343,
                20.740037
              ],
              [
                106.300273,
                20.739812
              ],
              [
                106.300262,
                20.739778
              ],
              [
                106.300254,
                20.739752
              ],
              [
                106.299971,
                20.7388
              ],
              [
                106.299955,
                20.738748
              ],
              [
                106.299947,
                20.738722
              ],
              [
                106.299935,
                20.738688
              ],
              [
                106.299812,
                20.73833
              ],
              [
                106.299762,
                20.738185
              ],
              [
                106.299753,
                20.738159
              ],
              [
                106.299747,
                20.738142
              ],
              [
                106.29974,
                20.738126
              ],
              [
                106.299737,
                20.738117
              ],
              [
                106.299733,
                20.738109
              ],
              [
                106.299726,
                20.738092
              ],
              [
                106.299714,
                20.738068
              ],
              [
                106.29962,
                20.73788
              ],
              [
                106.299359,
                20.737358
              ],
              [
                106.299343,
                20.737326
              ],
              [
                106.29933,
                20.737302
              ],
              [
                106.299321,
                20.737286
              ],
              [
                106.299303,
                20.737254
              ],
              [
                106.29891,
                20.736578
              ],
              [
                106.29888,
                20.736525
              ],
              [
                106.298784,
                20.736359
              ],
              [
                106.298765,
                20.736327
              ],
              [
                106.298756,
                20.736312
              ],
              [
                106.298751,
                20.736304
              ],
              [
                106.298746,
                20.736296
              ],
              [
                106.298735,
                20.736281
              ],
              [
                106.298724,
                20.736267
              ],
              [
                106.298713,
                20.736252
              ],
              [
                106.298491,
                20.735968
              ],
              [
                106.298373,
                20.735815
              ],
              [
                106.298361,
                20.735801
              ],
              [
                106.298355,
                20.735794
              ],
              [
                106.298349,
                20.735787
              ],
              [
                106.298343,
                20.73578
              ],
              [
                106.298336,
                20.735773
              ],
              [
                106.29833,
                20.735767
              ],
              [
                106.298323,
                20.735762
              ],
              [
                106.298309,
                20.73575
              ],
              [
                106.298288,
                20.735734
              ],
              [
                106.298252,
                20.735708
              ],
              [
                106.29823,
                20.735692
              ],
              [
                106.298215,
                20.735682
              ],
              [
                106.298207,
                20.735677
              ],
              [
                106.2982,
                20.735673
              ],
              [
                106.298184,
                20.735664
              ],
              [
                106.298168,
                20.735656
              ],
              [
                106.298137,
                20.73564
              ],
              [
                106.298113,
                20.735628
              ],
              [
                106.298097,
                20.73562
              ],
              [
                106.298081,
                20.735613
              ],
              [
                106.298064,
                20.735606
              ],
              [
                106.298047,
                20.7356
              ],
              [
                106.298021,
                20.735591
              ],
              [
                106.297987,
                20.735578
              ],
              [
                106.297962,
                20.735569
              ],
              [
                106.297945,
                20.735564
              ],
              [
                106.297936,
                20.735561
              ],
              [
                106.297927,
                20.735559
              ],
              [
                106.297908,
                20.735554
              ],
              [
                106.29788,
                20.735548
              ],
              [
                106.297601,
                20.735493
              ],
              [
                106.297554,
                20.735484
              ],
              [
                106.297527,
                20.735479
              ],
              [
                106.29748,
                20.73547
              ],
              [
                106.297228,
                20.735426
              ],
              [
                106.297097,
                20.735403
              ],
              [
                106.29706,
                20.735396
              ],
              [
                106.297051,
                20.735394
              ],
              [
                106.297032,
                20.73539
              ],
              [
                106.297013,
                20.735386
              ],
              [
                106.296995,
                20.735381
              ],
              [
                106.296976,
                20.735376
              ],
              [
                106.296967,
                20.735373
              ],
              [
                106.296958,
                20.735371
              ],
              [
                106.296949,
                20.735367
              ],
              [
                106.296941,
                20.735364
              ],
              [
                106.296933,
                20.73536
              ],
              [
                106.296925,
                20.735355
              ],
              [
                106.296918,
                20.73535
              ],
              [
                106.296911,
                20.735345
              ],
              [
                106.296904,
                20.73534
              ],
              [
                106.296897,
                20.735334
              ],
              [
                106.296891,
                20.735328
              ],
              [
                106.296885,
                20.735322
              ],
              [
                106.29688,
                20.735315
              ],
              [
                106.296876,
                20.735308
              ],
              [
                106.296872,
                20.735301
              ],
              [
                106.296869,
                20.735293
              ],
              [
                106.296866,
                20.735286
              ],
              [
                106.296863,
                20.735278
              ],
              [
                106.296861,
                20.73527
              ],
              [
                106.296859,
                20.735261
              ],
              [
                106.296858,
                20.735253
              ],
              [
                106.296857,
                20.735244
              ],
              [
                106.296857,
                20.735235
              ],
              [
                106.296858,
                20.735234
              ],
              [
                106.296858,
                20.735227
              ],
              [
                106.296859,
                20.735219
              ],
              [
                106.296861,
                20.735211
              ],
              [
                106.296863,
                20.735203
              ],
              [
                106.296865,
                20.735195
              ],
              [
                106.296867,
                20.735187
              ],
              [
                106.29687,
                20.735179
              ],
              [
                106.296872,
                20.735172
              ],
              [
                106.296875,
                20.735164
              ],
              [
                106.296879,
                20.735156
              ],
              [
                106.296883,
                20.735149
              ],
              [
                106.296887,
                20.735141
              ],
              [
                106.296891,
                20.735134
              ],
              [
                106.2969,
                20.735119
              ],
              [
                106.29691,
                20.735105
              ],
              [
                106.296915,
                20.735098
              ],
              [
                106.29692,
                20.735091
              ],
              [
                106.296926,
                20.735084
              ],
              [
                106.296931,
                20.735078
              ],
              [
                106.296938,
                20.735071
              ],
              [
                106.296944,
                20.735064
              ],
              [
                106.296958,
                20.735052
              ],
              [
                106.296979,
                20.735033
              ],
              [
                106.297071,
                20.734955
              ],
              [
                106.29714,
                20.734896
              ],
              [
                106.297209,
                20.734836
              ],
              [
                106.297254,
                20.734798
              ],
              [
                106.29729,
                20.734767
              ],
              [
                106.297311,
                20.734749
              ],
              [
                106.298398,
                20.733774
              ],
              [
                106.298433,
                20.733743
              ],
              [
                106.298454,
                20.733725
              ],
              [
                106.298503,
                20.733682
              ],
              [
                106.299672,
                20.73267
              ],
              [
                106.299708,
                20.73264
              ],
              [
                106.299729,
                20.732621
              ],
              [
                106.299777,
                20.732578
              ],
              [
                106.300852,
                20.731618
              ],
              [
                106.300917,
                20.731559
              ],
              [
                106.300928,
                20.731549
              ],
              [
                106.300933,
                20.731545
              ],
              [
                106.300998,
                20.731486
              ],
              [
                106.301011,
                20.731474
              ],
              [
                106.301018,
                20.731468
              ],
              [
                106.301025,
                20.731463
              ],
              [
                106.301032,
                20.731458
              ],
              [
                106.301039,
                20.731454
              ],
              [
                106.301046,
                20.731451
              ],
              [
                106.301053,
                20.73145
              ],
              [
                106.30106,
                20.731451
              ],
              [
                106.301067,
                20.731453
              ],
              [
                106.301075,
                20.731457
              ],
              [
                106.301082,
                20.731461
              ],
              [
                106.301089,
                20.731466
              ],
              [
                106.301096,
                20.731472
              ],
              [
                106.30111,
                20.731483
              ],
              [
                106.301175,
                20.731537
              ],
              [
                106.301225,
                20.731579
              ],
              [
                106.301513,
                20.731813
              ],
              [
                106.301613,
                20.731896
              ],
              [
                106.301628,
                20.731907
              ],
              [
                106.301642,
                20.731919
              ],
              [
                106.301657,
                20.73193
              ],
              [
                106.301665,
                20.731936
              ],
              [
                106.301672,
                20.731941
              ],
              [
                106.30168,
                20.731945
              ],
              [
                106.301688,
                20.731949
              ],
              [
                106.301704,
                20.731958
              ],
              [
                106.30172,
                20.731966
              ],
              [
                106.301745,
                20.731977
              ],
              [
                106.301762,
                20.731984
              ],
              [
                106.301779,
                20.731992
              ],
              [
                106.301787,
                20.731995
              ],
              [
                106.301795,
                20.731998
              ],
              [
                106.301804,
                20.732001
              ],
              [
                106.301813,
                20.732004
              ],
              [
                106.301821,
                20.732006
              ],
              [
                106.30183,
                20.732008
              ],
              [
                106.301839,
                20.732008
              ],
              [
                106.301848,
                20.732009
              ],
              [
                106.301857,
                20.732009
              ],
              [
                106.301866,
                20.732008
              ],
              [
                106.301875,
                20.732007
              ],
              [
                106.301884,
                20.732005
              ],
              [
                106.301892,
                20.732003
              ],
              [
                106.301901,
                20.732
              ],
              [
                106.301909,
                20.731997
              ],
              [
                106.301917,
                20.731994
              ],
              [
                106.301925,
                20.73199
              ],
              [
                106.301932,
                20.731986
              ],
              [
                106.301933,
                20.731986
              ],
              [
                106.301949,
                20.731977
              ],
              [
                106.301956,
                20.731973
              ],
              [
                106.301964,
                20.731968
              ],
              [
                106.301972,
                20.731963
              ],
              [
                106.301979,
                20.731958
              ],
              [
                106.301994,
                20.731947
              ],
              [
                106.302016,
                20.731931
              ],
              [
                106.30203,
                20.731919
              ],
              [
                106.302037,
                20.731913
              ],
              [
                106.302044,
                20.731907
              ],
              [
                106.302051,
                20.731901
              ],
              [
                106.302057,
                20.731895
              ],
              [
                106.302063,
                20.731888
              ],
              [
                106.302069,
                20.731881
              ],
              [
                106.302075,
                20.731874
              ],
              [
                106.302086,
                20.73186
              ],
              [
                106.302101,
                20.731837
              ],
              [
                106.302164,
                20.731748
              ],
              [
                106.302279,
                20.731584
              ],
              [
                106.30231,
                20.73154
              ],
              [
                106.302331,
                20.73151
              ],
              [
                106.30304,
                20.730526
              ],
              [
                106.303668,
                20.729654
              ],
              [
                106.303706,
                20.729602
              ],
              [
                106.303723,
                20.729579
              ],
              [
                106.30375,
                20.729542
              ],
              [
                106.304396,
                20.72868
              ],
              [
                106.304503,
                20.728558
              ],
              [
                106.304559,
                20.728493
              ],
              [
                106.304695,
                20.728337
              ],
              [
                106.304728,
                20.7283
              ],
              [
                106.304836,
                20.728175
              ],
              [
                106.304861,
                20.728147
              ],
              [
                106.304873,
                20.728134
              ],
              [
                106.304879,
                20.728127
              ],
              [
                106.304886,
                20.728121
              ],
              [
                106.304899,
                20.728108
              ],
              [
                106.304927,
                20.728084
              ],
              [
                106.305113,
                20.727918
              ],
              [
                106.305264,
                20.727783
              ],
              [
                106.305285,
                20.727765
              ],
              [
                106.305299,
                20.727753
              ],
              [
                106.305305,
                20.727748
              ],
              [
                106.305306,
                20.727748
              ],
              [
                106.305313,
                20.727742
              ],
              [
                106.305321,
                20.727736
              ],
              [
                106.305328,
                20.727731
              ],
              [
                106.305352,
                20.727715
              ],
              [
                106.305373,
                20.727701
              ],
              [
                106.305375,
                20.7277
              ],
              [
                106.305378,
                20.727698
              ],
              [
                106.305478,
                20.727634
              ],
              [
                106.305557,
                20.727583
              ],
              [
                106.305581,
                20.727568
              ],
              [
                106.305597,
                20.727558
              ],
              [
                106.305613,
                20.727548
              ],
              [
                106.305621,
                20.727544
              ],
              [
                106.30563,
                20.72754
              ],
              [
                106.305646,
                20.727532
              ],
              [
                106.305664,
                20.727525
              ],
              [
                106.305681,
                20.727518
              ],
              [
                106.305707,
                20.727507
              ],
              [
                106.305724,
                20.727501
              ],
              [
                106.305741,
                20.727494
              ],
              [
                106.30575,
                20.727492
              ],
              [
                106.305759,
                20.727489
              ],
              [
                106.305768,
                20.727487
              ],
              [
                106.305777,
                20.727485
              ],
              [
                106.305786,
                20.727483
              ],
              [
                106.305795,
                20.727482
              ],
              [
                106.305813,
                20.72748
              ],
              [
                106.305842,
                20.727478
              ],
              [
                106.305924,
                20.727473
              ],
              [
                106.305924,
                20.727473
              ],
              [
                106.305924,
                20.727473
              ],
              [
                106.305923,
                20.727437
              ],
              [
                106.305899,
                20.725755
              ],
              [
                106.305898,
                20.725701
              ],
              [
                106.305897,
                20.725674
              ],
              [
                106.305896,
                20.725629
              ],
              [
                106.305879,
                20.725242
              ],
              [
                106.305876,
                20.725188
              ],
              [
                106.305875,
                20.725179
              ],
              [
                106.305874,
                20.725161
              ],
              [
                106.305871,
                20.725126
              ],
              [
                106.305867,
                20.725069
              ],
              [
                106.305836,
                20.724699
              ],
              [
                106.305832,
                20.724654
              ],
              [
                106.305829,
                20.724628
              ],
              [
                106.305827,
                20.72461
              ],
              [
                106.305822,
                20.724574
              ],
              [
                106.305731,
                20.723939
              ],
              [
                106.305709,
                20.723783
              ],
              [
                106.30564,
                20.723275
              ],
              [
                106.30563,
                20.723195
              ],
              [
                106.305539,
                20.722481
              ],
              [
                106.30538,
                20.722371
              ],
              [
                106.305035,
                20.722131
              ],
              [
                106.304169,
                20.721469
              ],
              [
                106.303894,
                20.721258
              ],
              [
                106.303157,
                20.720689
              ],
              [
                106.302405,
                20.720095
              ],
              [
                106.302416,
                20.720061
              ],
              [
                106.30242,
                20.720043
              ],
              [
                106.302425,
                20.720026
              ],
              [
                106.302427,
                20.720017
              ],
              [
                106.302431,
                20.72
              ],
              [
                106.302435,
                20.719982
              ],
              [
                106.302546,
                20.719436
              ],
              [
                106.302553,
                20.7194
              ],
              [
                106.302559,
                20.719374
              ],
              [
                106.302566,
                20.719348
              ],
              [
                106.302573,
                20.719322
              ],
              [
                106.302664,
                20.71899
              ],
              [
                106.30271,
                20.718825
              ],
              [
                106.30272,
                20.71879
              ],
              [
                106.302726,
                20.718773
              ],
              [
                106.302728,
                20.718764
              ],
              [
                106.302732,
                20.718756
              ],
              [
                106.302738,
                20.718739
              ],
              [
                106.302749,
                20.718714
              ],
              [
                106.302805,
                20.718589
              ],
              [
                106.302823,
                20.718547
              ],
              [
                106.302916,
                20.718339
              ],
              [
                106.302927,
                20.718314
              ],
              [
                106.302935,
                20.718297
              ],
              [
                106.302943,
                20.718281
              ],
              [
                106.302951,
                20.718265
              ],
              [
                106.302973,
                20.718225
              ],
              [
                106.303009,
                20.718161
              ],
              [
                106.303145,
                20.717916
              ],
              [
                106.303129,
                20.717875
              ],
              [
                106.303086,
                20.717504
              ],
              [
                106.303043,
                20.717133
              ],
              [
                106.302907,
                20.715898
              ],
              [
                106.302862,
                20.715487
              ],
              [
                106.302778,
                20.714651
              ],
              [
                106.302574,
                20.71316
              ],
              [
                106.302597,
                20.713116
              ],
              [
                106.302884,
                20.71226
              ],
              [
                106.303127,
                20.71149
              ],
              [
                106.303433,
                20.710585
              ],
              [
                106.30356,
                20.710229
              ],
              [
                106.303582,
                20.710168
              ],
              [
                106.303636,
                20.710018
              ],
              [
                106.303731,
                20.709752
              ],
              [
                106.303869,
                20.709336
              ],
              [
                106.303988,
                20.708991
              ],
              [
                106.304009,
                20.708931
              ],
              [
                106.30403,
                20.708871
              ],
              [
                106.304438,
                20.707736
              ],
              [
                106.304441,
                20.707727
              ],
              [
                106.304772,
                20.706791
              ],
              [
                106.304793,
                20.706731
              ],
              [
                106.304813,
                20.706671
              ],
              [
                106.305148,
                20.705668
              ],
              [
                106.30518,
                20.705574
              ],
              [
                106.305602,
                20.704323
              ],
              [
                106.305763,
                20.70385
              ],
              [
                106.30578,
                20.703798
              ],
              [
                106.305806,
                20.70372
              ],
              [
                106.305812,
                20.703703
              ],
              [
                106.305815,
                20.703695
              ],
              [
                106.305819,
                20.703687
              ],
              [
                106.305822,
                20.70368
              ],
              [
                106.305827,
                20.703673
              ],
              [
                106.305831,
                20.703667
              ],
              [
                106.305837,
                20.703663
              ],
              [
                106.305844,
                20.703661
              ],
              [
                106.305851,
                20.703659
              ],
              [
                106.305859,
                20.703659
              ],
              [
                106.305868,
                20.70366
              ],
              [
                106.305877,
                20.703661
              ],
              [
                106.305886,
                20.703662
              ],
              [
                106.305905,
                20.703665
              ],
              [
                106.30599,
                20.703682
              ],
              [
                106.306075,
                20.703698
              ],
              [
                106.30712,
                20.703892
              ],
              [
                106.307204,
                20.703908
              ],
              [
                106.307299,
                20.703926
              ],
              [
                106.307318,
                20.703929
              ],
              [
                106.307327,
                20.703931
              ],
              [
                106.307337,
                20.703932
              ],
              [
                106.307346,
                20.703933
              ],
              [
                106.307356,
                20.703934
              ],
              [
                106.307363,
                20.703934
              ],
              [
                106.30737,
                20.703933
              ],
              [
                106.307377,
                20.703933
              ],
              [
                106.307383,
                20.703931
              ],
              [
                106.307391,
                20.703928
              ],
              [
                106.307398,
                20.703925
              ],
              [
                106.307405,
                20.70392
              ],
              [
                106.307411,
                20.703915
              ],
              [
                106.307417,
                20.703909
              ],
              [
                106.307422,
                20.703902
              ],
              [
                106.307426,
                20.703894
              ],
              [
                106.307431,
                20.703887
              ],
              [
                106.307435,
                20.703878
              ],
              [
                106.307439,
                20.70387
              ],
              [
                106.307446,
                20.703853
              ],
              [
                106.307453,
                20.703837
              ],
              [
                106.30746,
                20.70382
              ],
              [
                106.307467,
                20.703803
              ],
              [
                106.30747,
                20.703794
              ],
              [
                106.307472,
                20.703785
              ],
              [
                106.307475,
                20.703777
              ],
              [
                106.307479,
                20.703759
              ],
              [
                106.307485,
                20.703733
              ],
              [
                106.307518,
                20.703583
              ],
              [
                106.30763,
                20.703083
              ],
              [
                106.307637,
                20.703048
              ],
              [
                106.307645,
                20.703005
              ],
              [
                106.307648,
                20.702988
              ],
              [
                106.30765,
                20.70298
              ],
              [
                106.307651,
                20.702971
              ],
              [
                106.307652,
                20.702963
              ],
              [
                106.307653,
                20.702955
              ],
              [
                106.307653,
                20.702946
              ],
              [
                106.307653,
                20.702938
              ],
              [
                106.307653,
                20.70293
              ],
              [
                106.307653,
                20.702922
              ],
              [
                106.307653,
                20.702914
              ],
              [
                106.307652,
                20.702906
              ],
              [
                106.307651,
                20.702899
              ],
              [
                106.307649,
                20.702894
              ],
              [
                106.307649,
                20.70289
              ],
              [
                106.307646,
                20.702882
              ],
              [
                106.307643,
                20.702874
              ],
              [
                106.30764,
                20.702866
              ],
              [
                106.307633,
                20.70285
              ],
              [
                106.307615,
                20.70281
              ],
              [
                106.307609,
                20.702794
              ],
              [
                106.307602,
                20.702778
              ],
              [
                106.307593,
                20.702754
              ],
              [
                106.307581,
                20.702721
              ],
              [
                106.307572,
                20.702697
              ],
              [
                106.307567,
                20.702681
              ],
              [
                106.307562,
                20.702664
              ],
              [
                106.307559,
                20.702656
              ],
              [
                106.307558,
                20.702648
              ],
              [
                106.307556,
                20.702639
              ],
              [
                106.307555,
                20.70263
              ],
              [
                106.307554,
                20.702622
              ],
              [
                106.307553,
                20.702604
              ],
              [
                106.307553,
                20.702578
              ],
              [
                106.30755,
                20.702472
              ],
              [
                106.307549,
                20.702445
              ],
              [
                106.307549,
                20.702428
              ],
              [
                106.30755,
                20.70241
              ],
              [
                106.30755,
                20.702401
              ],
              [
                106.30755,
                20.702393
              ],
              [
                106.307552,
                20.702376
              ],
              [
                106.307554,
                20.702358
              ],
              [
                106.307558,
                20.702324
              ],
              [
                106.307569,
                20.702238
              ],
              [
                106.307573,
                20.702212
              ],
              [
                106.307575,
                20.702203
              ],
              [
                106.307576,
                20.702195
              ],
              [
                106.307578,
                20.702187
              ],
              [
                106.307582,
                20.702171
              ],
              [
                106.307587,
                20.702155
              ],
              [
                106.307592,
                20.70214
              ],
              [
                106.307595,
                20.702132
              ],
              [
                106.307598,
                20.702124
              ],
              [
                106.307602,
                20.702116
              ],
              [
                106.307605,
                20.702108
              ],
              [
                106.307613,
                20.702092
              ],
              [
                106.307622,
                20.702076
              ],
              [
                106.307626,
                20.702069
              ],
              [
                106.307635,
                20.702053
              ],
              [
                106.30764,
                20.702046
              ],
              [
                106.307645,
                20.702039
              ],
              [
                106.30765,
                20.702032
              ],
              [
                106.307655,
                20.702025
              ],
              [
                106.307667,
                20.702012
              ],
              [
                106.307685,
                20.701993
              ],
              [
                106.307703,
                20.701975
              ],
              [
                106.307716,
                20.701963
              ],
              [
                106.307722,
                20.701957
              ],
              [
                106.307729,
                20.701951
              ],
              [
                106.307737,
                20.701945
              ],
              [
                106.307759,
                20.701928
              ],
              [
                106.307872,
                20.701844
              ],
              [
                106.30797,
                20.701771
              ],
              [
                106.307992,
                20.701755
              ],
              [
                106.308008,
                20.701744
              ],
              [
                106.308023,
                20.701733
              ],
              [
                106.308031,
                20.701728
              ],
              [
                106.308046,
                20.701718
              ],
              [
                106.30807,
                20.701704
              ],
              [
                106.308228,
                20.701609
              ],
              [
                106.308252,
                20.701596
              ],
              [
                106.308268,
                20.701587
              ],
              [
                106.308276,
                20.701583
              ],
              [
                106.308285,
                20.701579
              ],
              [
                106.308293,
                20.701575
              ],
              [
                106.308311,
                20.701568
              ],
              [
                106.308337,
                20.701558
              ],
              [
                106.308408,
                20.701531
              ],
              [
                106.308426,
                20.701524
              ],
              [
                106.308443,
                20.701517
              ],
              [
                106.308485,
                20.7015
              ],
              [
                106.308552,
                20.701471
              ],
              [
                106.308569,
                20.701464
              ],
              [
                106.308585,
                20.701457
              ],
              [
                106.308609,
                20.701445
              ],
              [
                106.308625,
                20.701438
              ],
              [
                106.308641,
                20.70143
              ],
              [
                106.308649,
                20.701426
              ],
              [
                106.308656,
                20.701421
              ],
              [
                106.308664,
                20.701417
              ],
              [
                106.308671,
                20.701412
              ],
              [
                106.308678,
                20.701407
              ],
              [
                106.308684,
                20.701402
              ],
              [
                106.30869,
                20.701396
              ],
              [
                106.308696,
                20.701389
              ],
              [
                106.308702,
                20.701383
              ],
              [
                106.308713,
                20.70137
              ],
              [
                106.308724,
                20.701356
              ],
              [
                106.308729,
                20.701349
              ],
              [
                106.308734,
                20.701342
              ],
              [
                106.308738,
                20.701335
              ],
              [
                106.308743,
                20.701327
              ],
              [
                106.308752,
                20.701312
              ],
              [
                106.30876,
                20.701297
              ],
              [
                106.308764,
                20.701289
              ],
              [
                106.308768,
                20.701281
              ],
              [
                106.308771,
                20.701273
              ],
              [
                106.308775,
                20.701265
              ],
              [
                106.308778,
                20.701257
              ],
              [
                106.30878,
                20.701249
              ],
              [
                106.308783,
                20.701241
              ],
              [
                106.308784,
                20.701232
              ],
              [
                106.308788,
                20.701215
              ],
              [
                106.308792,
                20.701189
              ],
              [
                106.308809,
                20.701086
              ],
              [
                106.308813,
                20.70106
              ],
              [
                106.308815,
                20.701043
              ],
              [
                106.308816,
                20.701034
              ],
              [
                106.308816,
                20.701025
              ],
              [
                106.308816,
                20.701008
              ],
              [
                106.308816,
                20.70099
              ],
              [
                106.308815,
                20.700964
              ],
              [
                106.308814,
                20.700946
              ],
              [
                106.308813,
                20.700929
              ],
              [
                106.308812,
                20.70092
              ],
              [
                106.30881,
                20.700911
              ],
              [
                106.308808,
                20.700903
              ],
              [
                106.308806,
                20.700895
              ],
              [
                106.308803,
                20.700886
              ],
              [
                106.3088,
                20.700878
              ],
              [
                106.308793,
                20.700862
              ],
              [
                106.308785,
                20.700846
              ],
              [
                106.308774,
                20.700822
              ],
              [
                106.308762,
                20.700799
              ],
              [
                106.308753,
                20.700783
              ],
              [
                106.308749,
                20.700776
              ],
              [
                106.308744,
                20.700768
              ],
              [
                106.308739,
                20.700761
              ],
              [
                106.308733,
                20.700755
              ],
              [
                106.308727,
                20.700748
              ],
              [
                106.308721,
                20.700742
              ],
              [
                106.308715,
                20.700736
              ],
              [
                106.308702,
                20.700724
              ],
              [
                106.308689,
                20.700712
              ],
              [
                106.308662,
                20.700688
              ],
              [
                106.308642,
                20.700671
              ],
              [
                106.308628,
                20.700659
              ],
              [
                106.308614,
                20.700648
              ],
              [
                106.308606,
                20.700643
              ],
              [
                106.308591,
                20.700633
              ],
              [
                106.308568,
                20.700618
              ],
              [
                106.308545,
                20.700603
              ],
              [
                106.30853,
                20.700594
              ],
              [
                106.308514,
                20.700585
              ],
              [
                106.308506,
                20.70058
              ],
              [
                106.30849,
                20.700573
              ],
              [
                106.308473,
                20.700565
              ],
              [
                106.308457,
                20.700558
              ],
              [
                106.308432,
                20.700547
              ],
              [
                106.308407,
                20.700537
              ],
              [
                106.30839,
                20.70053
              ],
              [
                106.308382,
                20.700527
              ],
              [
                106.308374,
                20.700524
              ],
              [
                106.308365,
                20.700521
              ],
              [
                106.308356,
                20.700519
              ],
              [
                106.308347,
                20.700517
              ],
              [
                106.308329,
                20.700513
              ],
              [
                106.308301,
                20.700507
              ],
              [
                106.30805,
                20.700462
              ],
              [
                106.307985,
                20.700451
              ],
              [
                106.307863,
                20.700431
              ],
              [
                106.307844,
                20.700427
              ],
              [
                106.307825,
                20.700423
              ],
              [
                106.307816,
                20.700421
              ],
              [
                106.307807,
                20.700418
              ],
              [
                106.307799,
                20.700416
              ],
              [
                106.30779,
                20.700413
              ],
              [
                106.307774,
                20.700407
              ],
              [
                106.307765,
                20.700403
              ],
              [
                106.307757,
                20.7004
              ],
              [
                106.307749,
                20.700396
              ],
              [
                106.307741,
                20.700392
              ],
              [
                106.307734,
                20.700388
              ],
              [
                106.307727,
                20.700383
              ],
              [
                106.30772,
                20.700377
              ],
              [
                106.307714,
                20.700371
              ],
              [
                106.307708,
                20.700364
              ],
              [
                106.307703,
                20.700357
              ],
              [
                106.307699,
                20.70035
              ],
              [
                106.307694,
                20.700342
              ],
              [
                106.307691,
                20.700334
              ],
              [
                106.307688,
                20.700326
              ],
              [
                106.307686,
                20.700318
              ],
              [
                106.307684,
                20.700309
              ],
              [
                106.307682,
                20.700301
              ],
              [
                106.30768,
                20.700293
              ],
              [
                106.307679,
                20.700284
              ],
              [
                106.307678,
                20.700275
              ],
              [
                106.307675,
                20.700258
              ],
              [
                106.307672,
                20.700224
              ],
              [
                106.30767,
                20.700198
              ],
              [
                106.307668,
                20.700173
              ],
              [
                106.307667,
                20.700147
              ],
              [
                106.307667,
                20.700112
              ],
              [
                106.307667,
                20.700085
              ],
              [
                106.307667,
                20.700068
              ],
              [
                106.307668,
                20.700059
              ],
              [
                106.307669,
                20.700051
              ],
              [
                106.30767,
                20.700042
              ],
              [
                106.307671,
                20.700034
              ],
              [
                106.307673,
                20.700025
              ],
              [
                106.307677,
                20.700008
              ],
              [
                106.307683,
                20.699983
              ],
              [
                106.307687,
                20.699967
              ],
              [
                106.307692,
                20.69995
              ],
              [
                106.307695,
                20.699942
              ],
              [
                106.307698,
                20.699934
              ],
              [
                106.307702,
                20.699926
              ],
              [
                106.307705,
                20.699918
              ],
              [
                106.307709,
                20.699911
              ],
              [
                106.307717,
                20.699895
              ],
              [
                106.307726,
                20.69988
              ],
              [
                106.307735,
                20.699865
              ],
              [
                106.307744,
                20.69985
              ],
              [
                106.307749,
                20.699843
              ],
              [
                106.307754,
                20.699836
              ],
              [
                106.307759,
                20.699829
              ],
              [
                106.307764,
                20.699822
              ],
              [
                106.30777,
                20.699815
              ],
              [
                106.307776,
                20.699809
              ],
              [
                106.307783,
                20.699803
              ],
              [
                106.307796,
                20.699792
              ],
              [
                106.307809,
                20.69978
              ],
              [
                106.307823,
                20.699769
              ],
              [
                106.307837,
                20.699758
              ],
              [
                106.307845,
                20.699753
              ],
              [
                106.307852,
                20.699748
              ],
              [
                106.30786,
                20.699744
              ],
              [
                106.307867,
                20.699739
              ],
              [
                106.307875,
                20.699735
              ],
              [
                106.307891,
                20.699727
              ],
              [
                106.307907,
                20.699718
              ],
              [
                106.307948,
                20.699699
              ],
              [
                106.307972,
                20.699687
              ],
              [
                106.307989,
                20.699679
              ],
              [
                106.307997,
                20.699676
              ],
              [
                106.308005,
                20.699672
              ],
              [
                106.308014,
                20.699669
              ],
              [
                106.308022,
                20.699666
              ],
              [
                106.30804,
                20.69966
              ],
              [
                106.308067,
                20.699652
              ],
              [
                106.308103,
                20.699642
              ],
              [
                106.30813,
                20.699635
              ],
              [
                106.308144,
                20.699632
              ],
              [
                106.308148,
                20.699631
              ],
              [
                106.308157,
                20.69963
              ],
              [
                106.308166,
                20.699628
              ],
              [
                106.308175,
                20.699627
              ],
              [
                106.308184,
                20.699627
              ],
              [
                106.308194,
                20.699627
              ],
              [
                106.308203,
                20.699627
              ],
              [
                106.308212,
                20.699628
              ],
              [
                106.308231,
                20.699629
              ],
              [
                106.308277,
                20.699634
              ],
              [
                106.308305,
                20.699637
              ],
              [
                106.308323,
                20.699639
              ],
              [
                106.308341,
                20.699642
              ],
              [
                106.308351,
                20.699644
              ],
              [
                106.30836,
                20.699645
              ],
              [
                106.308369,
                20.699647
              ],
              [
                106.308378,
                20.69965
              ],
              [
                106.308394,
                20.699654
              ],
              [
                106.308396,
                20.699655
              ],
              [
                106.308432,
                20.699666
              ],
              [
                106.30853,
                20.699698
              ],
              [
                106.308656,
                20.699738
              ],
              [
                106.308682,
                20.699746
              ],
              [
                106.308709,
                20.699755
              ],
              [
                106.308735,
                20.699765
              ],
              [
                106.308762,
                20.699775
              ],
              [
                106.308833,
                20.699803
              ],
              [
                106.30912,
                20.699912
              ],
              [
                106.309147,
                20.699922
              ],
              [
                106.309164,
                20.699929
              ],
              [
                106.309173,
                20.699932
              ],
              [
                106.309191,
                20.699937
              ],
              [
                106.3092,
                20.69994
              ],
              [
                106.309218,
                20.699945
              ],
              [
                106.309245,
                20.699952
              ],
              [
                106.309389,
                20.699989
              ],
              [
                106.309407,
                20.699993
              ],
              [
                106.309426,
                20.699998
              ],
              [
                106.309444,
                20.700001
              ],
              [
                106.309453,
                20.700003
              ],
              [
                106.309462,
                20.700004
              ],
              [
                106.309479,
                20.700006
              ],
              [
                106.309488,
                20.700007
              ],
              [
                106.309505,
                20.700007
              ],
              [
                106.309523,
                20.700008
              ],
              [
                106.309532,
                20.700008
              ],
              [
                106.30954,
                20.700007
              ],
              [
                106.309549,
                20.700007
              ],
              [
                106.309557,
                20.700005
              ],
              [
                106.309566,
                20.700003
              ],
              [
                106.309574,
                20.700001
              ],
              [
                106.309583,
                20.699998
              ],
              [
                106.309591,
                20.699995
              ],
              [
                106.309607,
                20.699988
              ],
              [
                106.309615,
                20.699985
              ],
              [
                106.309632,
                20.699978
              ],
              [
                106.309648,
                20.69997
              ],
              [
                106.309655,
                20.699966
              ],
              [
                106.309663,
                20.699962
              ],
              [
                106.309671,
                20.699957
              ],
              [
                106.309678,
                20.699952
              ],
              [
                106.309685,
                20.699947
              ],
              [
                106.309692,
                20.699941
              ],
              [
                106.309699,
                20.699935
              ],
              [
                106.309706,
                20.699929
              ],
              [
                106.309712,
                20.699922
              ],
              [
                106.309725,
                20.699909
              ],
              [
                106.309737,
                20.699895
              ],
              [
                106.309743,
                20.699888
              ],
              [
                106.309749,
                20.699881
              ],
              [
                106.309754,
                20.699874
              ],
              [
                106.309759,
                20.699866
              ],
              [
                106.309762,
                20.699859
              ],
              [
                106.309765,
                20.699851
              ],
              [
                106.309768,
                20.699844
              ],
              [
                106.30977,
                20.699836
              ],
              [
                106.309773,
                20.699828
              ],
              [
                106.309775,
                20.69982
              ],
              [
                106.309776,
                20.699812
              ],
              [
                106.309778,
                20.699804
              ],
              [
                106.309779,
                20.699796
              ],
              [
                106.30978,
                20.699788
              ],
              [
                106.30978,
                20.699779
              ],
              [
                106.30978,
                20.69977
              ],
              [
                106.30978,
                20.699761
              ],
              [
                106.30978,
                20.699752
              ],
              [
                106.309779,
                20.699735
              ],
              [
                106.309777,
                20.699717
              ],
              [
                106.309775,
                20.6997
              ],
              [
                106.309774,
                20.699691
              ],
              [
                106.309773,
                20.699682
              ],
              [
                106.309771,
                20.699673
              ],
              [
                106.309769,
                20.699665
              ],
              [
                106.309767,
                20.699656
              ],
              [
                106.309765,
                20.699648
              ],
              [
                106.30976,
                20.699631
              ],
              [
                106.309749,
                20.699598
              ],
              [
                106.309732,
                20.699548
              ],
              [
                106.309724,
                20.699524
              ],
              [
                106.309717,
                20.699507
              ],
              [
                106.309714,
                20.699499
              ],
              [
                106.309706,
                20.699483
              ],
              [
                106.309698,
                20.699467
              ],
              [
                106.309686,
                20.699444
              ],
              [
                106.30964,
                20.699357
              ],
              [
                106.309628,
                20.699333
              ],
              [
                106.309619,
                20.699317
              ],
              [
                106.30961,
                20.699302
              ],
              [
                106.309605,
                20.699294
              ],
              [
                106.309595,
                20.699279
              ],
              [
                106.309584,
                20.699265
              ],
              [
                106.309563,
                20.699236
              ],
              [
                106.30947,
                20.699112
              ],
              [
                106.309443,
                20.699076
              ],
              [
                106.309404,
                20.699025
              ],
              [
                106.309235,
                20.698811
              ],
              [
                106.309213,
                20.698783
              ],
              [
                106.309202,
                20.698768
              ],
              [
                106.309192,
                20.698753
              ],
              [
                106.309182,
                20.698738
              ],
              [
                106.309173,
                20.698723
              ],
              [
                106.309107,
                20.698616
              ],
              [
                106.309093,
                20.698592
              ],
              [
                106.309084,
                20.698577
              ],
              [
                106.30908,
                20.698569
              ],
              [
                106.309076,
                20.698561
              ],
              [
                106.309073,
                20.698553
              ],
              [
                106.30907,
                20.698545
              ],
              [
                106.309067,
                20.698537
              ],
              [
                106.309065,
                20.698529
              ],
              [
                106.309062,
                20.698521
              ],
              [
                106.30906,
                20.698512
              ],
              [
                106.309057,
                20.698496
              ],
              [
                106.309053,
                20.698479
              ],
              [
                106.309052,
                20.698471
              ],
              [
                106.30905,
                20.698462
              ],
              [
                106.309049,
                20.698454
              ],
              [
                106.309048,
                20.698446
              ],
              [
                106.309048,
                20.698437
              ],
              [
                106.309048,
                20.698429
              ],
              [
                106.309048,
                20.69842
              ],
              [
                106.309049,
                20.698412
              ],
              [
                106.30905,
                20.698403
              ],
              [
                106.309053,
                20.698386
              ],
              [
                106.309057,
                20.698361
              ],
              [
                106.30906,
                20.698344
              ],
              [
                106.309062,
                20.698335
              ],
              [
                106.309064,
                20.698327
              ],
              [
                106.309066,
                20.698319
              ],
              [
                106.309068,
                20.698311
              ],
              [
                106.309071,
                20.698303
              ],
              [
                106.309075,
                20.698295
              ],
              [
                106.309079,
                20.698287
              ],
              [
                106.309083,
                20.69828
              ],
              [
                106.309087,
                20.698273
              ],
              [
                106.309096,
                20.698258
              ],
              [
                106.309111,
                20.698237
              ],
              [
                106.30912,
                20.698225
              ],
              [
                106.309121,
                20.698223
              ],
              [
                106.309127,
                20.698216
              ],
              [
                106.309132,
                20.698209
              ],
              [
                106.309138,
                20.698203
              ],
              [
                106.309143,
                20.698196
              ],
              [
                106.309149,
                20.69819
              ],
              [
                106.309156,
                20.698184
              ],
              [
                106.309162,
                20.698178
              ],
              [
                106.309175,
                20.698166
              ],
              [
                106.309188,
                20.698155
              ],
              [
                106.309195,
                20.698149
              ],
              [
                106.309201,
                20.698144
              ],
              [
                106.309208,
                20.698139
              ],
              [
                106.309215,
                20.698134
              ],
              [
                106.309223,
                20.698129
              ],
              [
                106.309231,
                20.698125
              ],
              [
                106.30924,
                20.698121
              ],
              [
                106.309248,
                20.698118
              ],
              [
                106.309257,
                20.698114
              ],
              [
                106.309275,
                20.698108
              ],
              [
                106.309293,
                20.698102
              ],
              [
                106.309384,
                20.698074
              ],
              [
                106.309402,
                20.698068
              ],
              [
                106.30942,
                20.698061
              ],
              [
                106.309437,
                20.698054
              ],
              [
                106.309463,
                20.698044
              ],
              [
                106.30948,
                20.698036
              ],
              [
                106.309489,
                20.698032
              ],
              [
                106.30949,
                20.698032
              ],
              [
                106.309497,
                20.698028
              ],
              [
                106.309505,
                20.698023
              ],
              [
                106.309513,
                20.698018
              ],
              [
                106.30952,
                20.698013
              ],
              [
                106.309527,
                20.698007
              ],
              [
                106.309533,
                20.698002
              ],
              [
                106.309539,
                20.697996
              ],
              [
                106.309545,
                20.697989
              ],
              [
                106.309551,
                20.697983
              ],
              [
                106.309557,
                20.697977
              ],
              [
                106.309562,
                20.69797
              ],
              [
                106.309568,
                20.697963
              ],
              [
                106.309573,
                20.697956
              ],
              [
                106.309577,
                20.697949
              ],
              [
                106.309581,
                20.697941
              ],
              [
                106.309585,
                20.697933
              ],
              [
                106.309588,
                20.697925
              ],
              [
                106.309595,
                20.697909
              ],
              [
                106.309602,
                20.697893
              ],
              [
                106.309611,
                20.697869
              ],
              [
                106.309617,
                20.697853
              ],
              [
                106.309637,
                20.697795
              ],
              [
                106.309646,
                20.69777
              ],
              [
                106.309653,
                20.697753
              ],
              [
                106.309664,
                20.697728
              ],
              [
                106.309678,
                20.697695
              ],
              [
                106.30983,
                20.697354
              ],
              [
                106.309879,
                20.697246
              ],
              [
                106.309916,
                20.697166
              ],
              [
                106.309916,
                20.697166
              ],
              [
                106.309902,
                20.697164
              ],
              [
                106.309893,
                20.697162
              ],
              [
                106.309884,
                20.697161
              ],
              [
                106.309875,
                20.697159
              ],
              [
                106.309859,
                20.697155
              ],
              [
                106.309842,
                20.69715
              ],
              [
                106.309825,
                20.697145
              ],
              [
                106.309817,
                20.697142
              ],
              [
                106.309808,
                20.697139
              ],
              [
                106.3098,
                20.697135
              ],
              [
                106.309782,
                20.697127
              ],
              [
                106.309756,
                20.697116
              ],
              [
                106.309645,
                20.697064
              ],
              [
                106.30943,
                20.696966
              ],
              [
                106.309396,
                20.69695
              ],
              [
                106.309371,
                20.696938
              ],
              [
                106.309275,
                20.696891
              ],
              [
                106.308859,
                20.696687
              ],
              [
                106.308878,
                20.69665
              ],
              [
                106.309036,
                20.696326
              ],
              [
                106.309068,
                20.696261
              ],
              [
                106.309071,
                20.696256
              ],
              [
                106.309101,
                20.696196
              ],
              [
                106.309109,
                20.69618
              ],
              [
                106.309113,
                20.696171
              ],
              [
                106.309116,
                20.696163
              ],
              [
                106.309256,
                20.695877
              ],
              [
                106.309535,
                20.69535
              ],
              [
                106.309993,
                20.694481
              ],
              [
                106.309944,
                20.694454
              ],
              [
                106.309738,
                20.694364
              ],
              [
                106.309189,
                20.694122
              ],
              [
                106.30896,
                20.694005
              ],
              [
                106.308532,
                20.693788
              ],
              [
                106.307842,
                20.693393
              ],
              [
                106.307119,
                20.692968
              ],
              [
                106.306511,
                20.692563
              ],
              [
                106.306493,
                20.692547
              ],
              [
                106.306291,
                20.692428
              ],
              [
                106.306088,
                20.692309
              ],
              [
                106.305116,
                20.691551
              ],
              [
                106.304246,
                20.690829
              ],
              [
                106.3032,
                20.690215
              ],
              [
                106.302677,
                20.68998
              ],
              [
                106.3019,
                20.68987
              ],
              [
                106.301807,
                20.689878
              ],
              [
                106.301398,
                20.689909
              ],
              [
                106.301084,
                20.689983
              ],
              [
                106.301057,
                20.689994
              ],
              [
                106.300639,
                20.690162
              ],
              [
                106.299935,
                20.690529
              ],
              [
                106.299409,
                20.690914
              ],
              [
                106.299096,
                20.691198
              ],
              [
                106.296861,
                20.693595
              ],
              [
                106.294625,
                20.69595
              ],
              [
                106.29396,
                20.696572
              ],
              [
                106.293322,
                20.696636
              ],
              [
                106.293141,
                20.697645
              ],
              [
                106.293107,
                20.698392
              ],
              [
                106.293342,
                20.699213
              ],
              [
                106.293632,
                20.699183
              ],
              [
                106.293872,
                20.700104
              ],
              [
                106.294563,
                20.702906
              ],
              [
                106.294609,
                20.704813
              ],
              [
                106.294406,
                20.705977
              ],
              [
                106.294348,
                20.706336
              ],
              [
                106.294063,
                20.706854
              ],
              [
                106.293685,
                20.707244
              ],
              [
                106.290696,
                20.708859
              ],
              [
                106.287511,
                20.710616
              ],
              [
                106.286379,
                20.711241
              ],
              [
                106.285885,
                20.71139
              ],
              [
                106.285352,
                20.711394
              ],
              [
                106.284848,
                20.711283
              ],
              [
                106.284174,
                20.710944
              ],
              [
                106.283729,
                20.710546
              ],
              [
                106.283601,
                20.710323
              ],
              [
                106.283296,
                20.709789
              ],
              [
                106.28306,
                20.708987
              ],
              [
                106.283016,
                20.707381
              ],
              [
                106.28304,
                20.7048
              ],
              [
                106.283125,
                20.703967
              ],
              [
                106.283302,
                20.703364
              ],
              [
                106.283468,
                20.702942
              ],
              [
                106.283667,
                20.702726
              ],
              [
                106.284152,
                20.702315
              ],
              [
                106.284394,
                20.70218
              ],
              [
                106.285094,
                20.701751
              ],
              [
                106.285766,
                20.701388
              ],
              [
                106.286367,
                20.701073
              ],
              [
                106.286741,
                20.700858
              ],
              [
                106.286975,
                20.700654
              ],
              [
                106.287334,
                20.700238
              ],
              [
                106.287558,
                20.700016
              ],
              [
                106.287572,
                20.699999
              ],
              [
                106.28791,
                20.699459
              ],
              [
                106.288182,
                20.698614
              ],
              [
                106.288316,
                20.697899
              ],
              [
                106.28841,
                20.697395
              ],
              [
                106.288518,
                20.69597
              ],
              [
                106.288469,
                20.694959
              ],
              [
                106.288556,
                20.694724
              ],
              [
                106.288365,
                20.694639
              ],
              [
                106.286363,
                20.693748
              ],
              [
                106.285674,
                20.693474
              ],
              [
                106.285331,
                20.693338
              ],
              [
                106.28402,
                20.693049
              ],
              [
                106.283366,
                20.692975
              ],
              [
                106.282024,
                20.692824
              ],
              [
                106.279483,
                20.692688
              ],
              [
                106.277171,
                20.692717
              ],
              [
                106.276117,
                20.692762
              ],
              [
                106.275442,
                20.692912
              ],
              [
                106.275151,
                20.693075
              ],
              [
                106.274806,
                20.693269
              ],
              [
                106.273714,
                20.693914
              ],
              [
                106.272478,
                20.694963
              ],
              [
                106.272357,
                20.695105
              ],
              [
                106.271132,
                20.69655
              ],
              [
                106.270218,
                20.698099
              ],
              [
                106.269229,
                20.699791
              ],
              [
                106.268651,
                20.700907
              ],
              [
                106.268636,
                20.700944
              ],
              [
                106.26836,
                20.70155
              ],
              [
                106.268112,
                20.701896
              ],
              [
                106.268031,
                20.702025
              ],
              [
                106.267489,
                20.702888
              ],
              [
                106.267188,
                20.703156
              ],
              [
                106.266934,
                20.703382
              ],
              [
                106.266265,
                20.703805
              ],
              [
                106.265592,
                20.704151
              ],
              [
                106.26525,
                20.704294
              ],
              [
                106.265153,
                20.704335
              ],
              [
                106.265153,
                20.704335
              ],
              [
                106.265153,
                20.704335
              ],
              [
                106.265053,
                20.704924
              ],
              [
                106.264977,
                20.705163
              ],
              [
                106.264892,
                20.705433
              ],
              [
                106.264882,
                20.705468
              ],
              [
                106.264877,
                20.705485
              ],
              [
                106.264875,
                20.705494
              ],
              [
                106.264872,
                20.705503
              ],
              [
                106.264868,
                20.70552
              ],
              [
                106.264863,
                20.705546
              ],
              [
                106.264775,
                20.705976
              ],
              [
                106.264763,
                20.706036
              ],
              [
                106.264743,
                20.70613
              ],
              [
                106.264737,
                20.706155
              ],
              [
                106.264735,
                20.706167
              ],
              [
                106.264699,
                20.706305
              ],
              [
                106.26469,
                20.706351
              ],
              [
                106.264571,
                20.706913
              ],
              [
                106.264477,
                20.707404
              ],
              [
                106.263761,
                20.707412
              ],
              [
                106.263751,
                20.707718
              ],
              [
                106.263656,
                20.707893
              ],
              [
                106.263575,
                20.70803
              ],
              [
                106.263529,
                20.708167
              ],
              [
                106.263492,
                20.708299
              ],
              [
                106.263474,
                20.708454
              ],
              [
                106.263491,
                20.708533
              ],
              [
                106.26387,
                20.708766
              ],
              [
                106.26405,
                20.708876
              ],
              [
                106.264098,
                20.708906
              ],
              [
                106.264121,
                20.708921
              ],
              [
                106.264161,
                20.708946
              ],
              [
                106.264385,
                20.709089
              ],
              [
                106.264569,
                20.709207
              ],
              [
                106.264663,
                20.709268
              ],
              [
                106.264664,
                20.709267
              ],
              [
                106.264717,
                20.709302
              ],
              [
                106.264733,
                20.709312
              ],
              [
                106.264749,
                20.709322
              ],
              [
                106.264757,
                20.709326
              ],
              [
                106.264766,
                20.709331
              ],
              [
                106.264774,
                20.709335
              ],
              [
                106.264791,
                20.709342
              ],
              [
                106.264818,
                20.709353
              ],
              [
                106.264896,
                20.709383
              ],
              [
                106.264994,
                20.709421
              ],
              [
                106.265028,
                20.709319
              ],
              [
                106.265158,
                20.708875
              ],
              [
                106.265246,
                20.708617
              ],
              [
                106.265334,
                20.708383
              ],
              [
                106.265469,
                20.707998
              ],
              [
                106.265509,
                20.707884
              ],
              [
                106.265561,
                20.707734
              ],
              [
                106.265623,
                20.707536
              ],
              [
                106.265658,
                20.707431
              ],
              [
                106.265695,
                20.707309
              ],
              [
                106.26577,
                20.707219
              ],
              [
                106.265813,
                20.707209
              ],
              [
                106.265851,
                20.707211
              ],
              [
                106.265896,
                20.707218
              ],
              [
                106.26599,
                20.707257
              ],
              [
                106.266249,
                20.707364
              ],
              [
                106.266758,
                20.707529
              ],
              [
                106.267013,
                20.707612
              ],
              [
                106.267023,
                20.707615
              ],
              [
                106.267035,
                20.707624
              ],
              [
                106.267044,
                20.707653
              ],
              [
                106.26703,
                20.707695
              ],
              [
                106.266992,
                20.707734
              ],
              [
                106.266913,
                20.707843
              ],
              [
                106.266856,
                20.707985
              ],
              [
                106.266792,
                20.708139
              ],
              [
                106.266758,
                20.708233
              ],
              [
                106.266721,
                20.708348
              ],
              [
                106.268153,
                20.709102
              ],
              [
                106.266539,
                20.710285
              ],
              [
                106.266486,
                20.710417
              ],
              [
                106.26644,
                20.710546
              ],
              [
                106.266372,
                20.7108
              ],
              [
                106.265897,
                20.712227
              ],
              [
                106.265797,
                20.712382
              ],
              [
                106.265788,
                20.712395
              ],
              [
                106.265747,
                20.712414
              ],
              [
                106.265731,
                20.712424
              ],
              [
                106.265653,
                20.712486
              ],
              [
                106.265641,
                20.7125
              ],
              [
                106.265607,
                20.712558
              ],
              [
                106.265599,
                20.712574
              ],
              [
                106.265529,
                20.71274
              ],
              [
                106.265523,
                20.712757
              ],
              [
                106.265438,
                20.712981
              ],
              [
                106.265083,
                20.71374
              ],
              [
                106.264911,
                20.714186
              ],
              [
                106.264883,
                20.714237
              ],
              [
                106.264869,
                20.714241
              ],
              [
                106.264548,
                20.714101
              ],
              [
                106.26453,
                20.714093
              ],
              [
                106.264486,
                20.714076
              ],
              [
                106.264483,
                20.71408
              ],
              [
                106.264321,
                20.71453
              ],
              [
                106.264101,
                20.715109
              ],
              [
                106.263903,
                20.715663
              ],
              [
                106.263763,
                20.716003
              ],
              [
                106.263665,
                20.716251
              ],
              [
                106.263416,
                20.716544
              ],
              [
                106.263404,
                20.716558
              ],
              [
                106.263255,
                20.716717
              ],
              [
                106.263117,
                20.716845
              ],
              [
                106.263097,
                20.716865
              ],
              [
                106.263084,
                20.716878
              ],
              [
                106.263077,
                20.716884
              ],
              [
                106.263071,
                20.716891
              ],
              [
                106.263059,
                20.716904
              ],
              [
                106.263041,
                20.716925
              ],
              [
                106.262946,
                20.717035
              ],
              [
                106.262875,
                20.717117
              ],
              [
                106.262863,
                20.717131
              ],
              [
                106.262851,
                20.717145
              ],
              [
                106.26284,
                20.717159
              ],
              [
                106.262835,
                20.717166
              ],
              [
                106.26283,
                20.717174
              ],
              [
                106.262825,
                20.717181
              ],
              [
                106.26282,
                20.717189
              ],
              [
                106.26282,
                20.717191
              ],
              [
                106.262816,
                20.717197
              ],
              [
                106.262812,
                20.717205
              ],
              [
                106.262804,
                20.717221
              ],
              [
                106.262719,
                20.717402
              ],
              [
                106.262675,
                20.717495
              ],
              [
                106.262618,
                20.717615
              ],
              [
                106.262611,
                20.717631
              ],
              [
                106.262603,
                20.717648
              ],
              [
                106.262596,
                20.717665
              ],
              [
                106.262593,
                20.717673
              ],
              [
                106.26259,
                20.717681
              ],
              [
                106.262587,
                20.71769
              ],
              [
                106.262582,
                20.717707
              ],
              [
                106.262575,
                20.717733
              ],
              [
                106.262534,
                20.71789
              ],
              [
                106.262411,
                20.718352
              ],
              [
                106.262353,
                20.718571
              ],
              [
                106.262341,
                20.718614
              ],
              [
                106.262334,
                20.71864
              ],
              [
                106.262318,
                20.718692
              ],
              [
                106.261894,
                20.720083
              ],
              [
                106.261852,
                20.720222
              ],
              [
                106.261852,
                20.720222
              ],
              [
                106.261852,
                20.720222
              ],
              [
                106.261748,
                20.720562
              ],
              [
                106.261784,
                20.720568
              ],
              [
                106.26185,
                20.72058
              ],
              [
                106.262006,
                20.720591
              ],
              [
                106.262231,
                20.720593
              ],
              [
                106.262361,
                20.720607
              ],
              [
                106.262508,
                20.720634
              ],
              [
                106.262637,
                20.720663
              ],
              [
                106.262548,
                20.723108
              ],
              [
                106.262547,
                20.723126
              ],
              [
                106.262487,
                20.724441
              ],
              [
                106.262442,
                20.725723
              ],
              [
                106.262409,
                20.727018
              ],
              [
                106.262408,
                20.727036
              ],
              [
                106.262359,
                20.728421
              ],
              [
                106.262361,
                20.728449
              ],
              [
                106.262355,
                20.728464
              ],
              [
                106.262305,
                20.72852
              ],
              [
                106.262427,
                20.729001
              ],
              [
                106.26253,
                20.729531
              ],
              [
                106.26266,
                20.730189
              ],
              [
                106.262797,
                20.730828
              ],
              [
                106.262939,
                20.731478
              ],
              [
                106.26308,
                20.732123
              ],
              [
                106.263202,
                20.73274
              ],
              [
                106.263206,
                20.732758
              ],
              [
                106.263347,
                20.733397
              ],
              [
                106.263465,
                20.733999
              ],
              [
                106.263469,
                20.734016
              ],
              [
                106.263663,
                20.734978
              ],
              [
                106.263801,
                20.735595
              ],
              [
                106.263926,
                20.736225
              ],
              [
                106.26406,
                20.736851
              ],
              [
                106.264064,
                20.736868
              ],
              [
                106.264242,
                20.737721
              ],
              [
                106.26429,
                20.737947
              ],
              [
                106.265185,
                20.737674
              ],
              [
                106.266316,
                20.737356
              ],
              [
                106.266397,
                20.737596
              ],
              [
                106.266414,
                20.737643
              ],
              [
                106.26642,
                20.737661
              ],
              [
                106.266638,
                20.738328
              ],
              [
                106.266643,
                20.738345
              ],
              [
                106.266864,
                20.739009
              ],
              [
                106.266869,
                20.739026
              ],
              [
                106.267087,
                20.7397
              ],
              [
                106.267305,
                20.740373
              ],
              [
                106.267424,
                20.740734
              ],
              [
                106.267529,
                20.741066
              ],
              [
                106.267722,
                20.74166
              ],
              [
                106.267924,
                20.742268
              ],
              [
                106.268084,
                20.74278
              ],
              [
                106.268284,
                20.743404
              ],
              [
                106.268489,
                20.744024
              ],
              [
                106.268926,
                20.745333
              ],
              [
                106.269147,
                20.745946
              ],
              [
                106.269152,
                20.745945
              ],
              [
                106.269179,
                20.746034
              ],
              [
                106.268756,
                20.746144
              ],
              [
                106.268707,
                20.746158
              ],
              [
                106.268726,
                20.746191
              ],
              [
                106.26928,
                20.747208
              ],
              [
                106.269642,
                20.747879
              ],
              [
                106.269651,
                20.747895
              ],
              [
                106.269733,
                20.748033
              ],
              [
                106.269731,
                20.748047
              ],
              [
                106.269141,
                20.748557
              ],
              [
                106.268595,
                20.749008
              ],
              [
                106.268559,
                20.749039
              ],
              [
                106.268349,
                20.749224
              ],
              [
                106.268176,
                20.749376
              ],
              [
                106.267881,
                20.749635
              ],
              [
                106.267828,
                20.749682
              ],
              [
                106.267711,
                20.749788
              ],
              [
                106.267431,
                20.750041
              ],
              [
                106.26727,
                20.750187
              ],
              [
                106.267113,
                20.750329
              ],
              [
                106.266879,
                20.750541
              ],
              [
                106.266773,
                20.750637
              ],
              [
                106.266401,
                20.750975
              ],
              [
                106.266318,
                20.75105
              ],
              [
                106.265996,
                20.751342
              ],
              [
                106.266005,
                20.751355
              ],
              [
                106.265998,
                20.75136
              ],
              [
                106.265927,
                20.751425
              ],
              [
                106.26471,
                20.752478
              ],
              [
                106.26471,
                20.752488
              ],
              [
                106.264713,
                20.752617
              ],
              [
                106.264714,
                20.752635
              ],
              [
                106.26473,
                20.75277
              ],
              [
                106.264734,
                20.752787
              ],
              [
                106.264771,
                20.752898
              ],
              [
                106.264778,
                20.752915
              ],
              [
                106.264916,
                20.753203
              ],
              [
                106.264914,
                20.753206
              ],
              [
                106.2656,
                20.754888
              ],
              [
                106.265605,
                20.754905
              ],
              [
                106.265749,
                20.755526
              ],
              [
                106.265757,
                20.755541
              ],
              [
                106.266777,
                20.756735
              ],
              [
                106.266782,
                20.756743
              ],
              [
                106.266846,
                20.75678
              ],
              [
                106.266823,
                20.756785
              ],
              [
                106.266686,
                20.756815
              ],
              [
                106.266127,
                20.756939
              ],
              [
                106.266092,
                20.756946
              ],
              [
                106.265901,
                20.756982
              ],
              [
                106.265423,
                20.757071
              ],
              [
                106.265368,
                20.757114
              ],
              [
                106.26536,
                20.75712
              ],
              [
                106.26549,
                20.757724
              ],
              [
                106.265578,
                20.758132
              ],
              [
                106.265646,
                20.758447
              ],
              [
                106.265721,
                20.758763
              ],
              [
                106.265801,
                20.759104
              ],
              [
                106.265822,
                20.759194
              ],
              [
                106.265907,
                20.759554
              ],
              [
                106.266005,
                20.760055
              ],
              [
                106.266029,
                20.760182
              ],
              [
                106.266059,
                20.760336
              ],
              [
                106.26609,
                20.760495
              ],
              [
                106.266113,
                20.760602
              ],
              [
                106.26632,
                20.761552
              ],
              [
                106.266365,
                20.76176
              ],
              [
                106.266425,
                20.76204
              ],
              [
                106.266574,
                20.762736
              ],
              [
                106.266602,
                20.762879
              ],
              [
                106.266675,
                20.763245
              ],
              [
                106.266778,
                20.76377
              ],
              [
                106.266832,
                20.764024
              ],
              [
                106.266915,
                20.764421
              ],
              [
                106.267011,
                20.764877
              ],
              [
                106.267057,
                20.765094
              ],
              [
                106.267156,
                20.765555
              ],
              [
                106.267169,
                20.76562
              ],
              [
                106.267261,
                20.766101
              ],
              [
                106.267319,
                20.766402
              ],
              [
                106.26735,
                20.766539
              ],
              [
                106.26743,
                20.766879
              ],
              [
                106.267492,
                20.767209
              ],
              [
                106.267515,
                20.767299
              ],
              [
                106.267612,
                20.767691
              ],
              [
                106.267585,
                20.767726
              ],
              [
                106.267641,
                20.767932
              ],
              [
                106.267678,
                20.768068
              ],
              [
                106.26772,
                20.768226
              ],
              [
                106.26774,
                20.7684
              ],
              [
                106.267755,
                20.768502
              ],
              [
                106.267759,
                20.768534
              ],
              [
                106.267772,
                20.768576
              ],
              [
                106.267816,
                20.768715
              ],
              [
                106.267838,
                20.768801
              ],
              [
                106.268015,
                20.769231
              ],
              [
                106.268458,
                20.769081
              ],
              [
                106.268888,
                20.768973
              ],
              [
                106.269336,
                20.768898
              ],
              [
                106.269851,
                20.768835
              ],
              [
                106.270191,
                20.768805
              ],
              [
                106.270956,
                20.76877
              ],
              [
                106.271175,
                20.768757
              ],
              [
                106.271789,
                20.768727
              ],
              [
                106.272362,
                20.768671
              ],
              [
                106.273342,
                20.768588
              ],
              [
                106.273689,
                20.768558
              ],
              [
                106.273906,
                20.768523
              ],
              [
                106.274496,
                20.768486
              ],
              [
                106.275069,
                20.768438
              ],
              [
                106.275637,
                20.768388
              ],
              [
                106.276219,
                20.76834
              ],
              [
                106.276792,
                20.768291
              ],
              [
                106.277385,
                20.768245
              ],
              [
                106.277953,
                20.768216
              ],
              [
                106.278526,
                20.768191
              ],
              [
                106.279674,
                20.768133
              ],
              [
                106.280466,
                20.7681
              ],
              [
                106.281147,
                20.768088
              ],
              [
                106.281323,
                20.768467
              ],
              [
                106.281435,
                20.768733
              ],
              [
                106.281447,
                20.768763
              ],
              [
                106.281646,
                20.768761
              ],
              [
                106.281699,
                20.768748
              ],
              [
                106.281713,
                20.768817
              ],
              [
                106.281789,
                20.769204
              ],
              [
                106.281874,
                20.769631
              ],
              [
                106.281966,
                20.770105
              ],
              [
                106.282032,
                20.770486
              ],
              [
                106.282057,
                20.770626
              ],
              [
                106.282065,
                20.770669
              ],
              [
                106.282118,
                20.771026
              ],
              [
                106.282176,
                20.771386
              ],
              [
                106.282207,
                20.771579
              ],
              [
                106.282236,
                20.771772
              ],
              [
                106.282293,
                20.77213
              ],
              [
                106.282357,
                20.772509
              ],
              [
                106.282553,
                20.773598
              ],
              [
                106.282643,
                20.774127
              ],
              [
                106.282711,
                20.774547
              ],
              [
                106.282733,
                20.774647
              ],
              [
                106.282757,
                20.774646
              ],
              [
                106.282813,
                20.774643
              ],
              [
                106.283147,
                20.774626
              ],
              [
                106.28319,
                20.7745
              ],
              [
                106.28324,
                20.774368
              ],
              [
                106.28341,
                20.773773
              ],
              [
                106.283642,
                20.772795
              ],
              [
                106.283772,
                20.772209
              ],
              [
                106.283899,
                20.771666
              ],
              [
                106.284119,
                20.770929
              ],
              [
                106.284119,
                20.770929
              ]
            ]
          ]
        ]
      },
      "properties": {
        "code": "11218",
        "name": "Hồng Châu",
        "nameEn": "Hong Chau",
        "fullName": "Xã Hồng Châu",
        "fullNameEn": "Hong Chau Commune",
        "codeName": "hong_chau",
        "postalCode": "03837",
        "postalCodePrefix": "",
        "gisServerId": "diaphanhanhchinhcapxa_2025.885",
        "areaKm2": 29.59
      }
    }
  ]
}