{
  "type": "FeatureCollection",
  "bbox": [
    106.302405,
    20.694481,
    106.370163,
    20.773094
  ],
  "features": [
    {
      "type": "Feature",
      "id": "11224",
      "bbox": [
        106.302405,
        20.694481,
        106.370163,
        20.773094
      ],
      "geometry": {
        "type": "MultiPolygon",
        "coordinates": [
          [
            [
              [
                106.35903,
                20.761461
              ],
              [
                106.360484,
                20.759935
              ],
              [
                106.360936,
                20.759484
              ],
              [
                106.361165,
                20.759198
              ],
              [
                106.361512,
                20.758913
              ],
              [
                106.361855,
                20.758588
              ],
              [
                106.362303,
                20.758165
              ],
              [
                106.362892,
                20.757566
              ],
              [
                106.363152,
                20.757182
              ],
              [
                106.363283,
                20.756873
              ],
              [
                106.363368,
                20.756445
              ],
              [
                106.363398,
                20.755943
              ],
              [
                106.363414,
                20.755226
              ],
              [
                106.363364,
                20.754593
              ],
              [
                106.363234,
                20.753939
              ],
              [
                106.36304,
                20.753182
              ],
              [
                106.362939,
                20.752925
              ],
              [
                106.362685,
                20.752219
              ],
              [
                106.362363,
                20.751393
              ],
              [
                106.362068,
                20.750578
              ],
              [
                106.361881,
                20.749995
              ],
              [
                106.361436,
                20.749008
              ],
              [
                106.361426,
                20.748968
              ],
              [
                106.360887,
                20.746787
              ],
              [
                106.360772,
                20.745884
              ],
              [
                106.360516,
                20.74438
              ],
              [
                106.360457,
                20.743393
              ],
              [
                106.360222,
                20.742417
              ],
              [
                106.360204,
                20.742076
              ],
              [
                106.360189,
                20.741786
              ],
              [
                106.360057,
                20.741143
              ],
              [
                106.359543,
                20.739814
              ],
              [
                106.359048,
                20.738831
              ],
              [
                106.358892,
                20.738545
              ],
              [
                106.358526,
                20.737931
              ],
              [
                106.358405,
                20.73773
              ],
              [
                106.357936,
                20.737059
              ],
              [
                106.357709,
                20.736771
              ],
              [
                106.35765,
                20.736696
              ],
              [
                106.357219,
                20.736253
              ],
              [
                106.357204,
                20.736238
              ],
              [
                106.357019,
                20.736056
              ],
              [
                106.356532,
                20.735658
              ],
              [
                106.355752,
                20.735176
              ],
              [
                106.355067,
                20.734871
              ],
              [
                106.354465,
                20.734701
              ],
              [
                106.3538,
                20.734648
              ],
              [
                106.353567,
                20.734629
              ],
              [
                106.353477,
                20.734644
              ],
              [
                106.352994,
                20.734727
              ],
              [
                106.352156,
                20.734918
              ],
              [
                106.351183,
                20.735222
              ],
              [
                106.350147,
                20.735563
              ],
              [
                106.349499,
                20.735661
              ],
              [
                106.348798,
                20.735675
              ],
              [
                106.347987,
                20.735603
              ],
              [
                106.347537,
                20.735564
              ],
              [
                106.347209,
                20.735441
              ],
              [
                106.346491,
                20.735023
              ],
              [
                106.346371,
                20.734924
              ],
              [
                106.346053,
                20.734663
              ],
              [
                106.345712,
                20.734334
              ],
              [
                106.345152,
                20.733707
              ],
              [
                106.344565,
                20.732943
              ],
              [
                106.343982,
                20.732112
              ],
              [
                106.343769,
                20.731684
              ],
              [
                106.343665,
                20.731475
              ],
              [
                106.343614,
                20.731333
              ],
              [
                106.343533,
                20.731107
              ],
              [
                106.343472,
                20.730648
              ],
              [
                106.343489,
                20.730327
              ],
              [
                106.343519,
                20.730115
              ],
              [
                106.343557,
                20.730038
              ],
              [
                106.343605,
                20.72994
              ],
              [
                106.343952,
                20.729314
              ],
              [
                106.344057,
                20.729126
              ],
              [
                106.344269,
                20.728798
              ],
              [
                106.344651,
                20.728205
              ],
              [
                106.345189,
                20.72711
              ],
              [
                106.34521,
                20.727067
              ],
              [
                106.345275,
                20.726935
              ],
              [
                106.345886,
                20.725602
              ],
              [
                106.346405,
                20.724582
              ],
              [
                106.346418,
                20.724558
              ],
              [
                106.346449,
                20.724493
              ],
              [
                106.34704,
                20.723454
              ],
              [
                106.347181,
                20.723133
              ],
              [
                106.347531,
                20.722364
              ],
              [
                106.348327,
                20.720868
              ],
              [
                106.349111,
                20.719698
              ],
              [
                106.349213,
                20.719563
              ],
              [
                106.349358,
                20.719369
              ],
              [
                106.349804,
                20.718774
              ],
              [
                106.350168,
                20.71836
              ],
              [
                106.351025,
                20.717592
              ],
              [
                106.351775,
                20.71699
              ],
              [
                106.352507,
                20.716531
              ],
              [
                106.353259,
                20.716185
              ],
              [
                106.35356,
                20.715995
              ],
              [
                106.354527,
                20.71567
              ],
              [
                106.354896,
                20.715582
              ],
              [
                106.355253,
                20.715497
              ],
              [
                106.355737,
                20.715473
              ],
              [
                106.355756,
                20.715475
              ],
              [
                106.356276,
                20.715541
              ],
              [
                106.357132,
                20.715707
              ],
              [
                106.358064,
                20.715974
              ],
              [
                106.359098,
                20.716184
              ],
              [
                106.360173,
                20.716287
              ],
              [
                106.360967,
                20.716261
              ],
              [
                106.361344,
                20.716252
              ],
              [
                106.361352,
                20.716252
              ],
              [
                106.362148,
                20.716251
              ],
              [
                106.362403,
                20.716209
              ],
              [
                106.363386,
                20.716013
              ],
              [
                106.363427,
                20.716005
              ],
              [
                106.363494,
                20.715983
              ],
              [
                106.364095,
                20.715785
              ],
              [
                106.364926,
                20.715511
              ],
              [
                106.366099,
                20.71497
              ],
              [
                106.366581,
                20.714624
              ],
              [
                106.366939,
                20.714366
              ],
              [
                106.367015,
                20.714312
              ],
              [
                106.367074,
                20.714253
              ],
              [
                106.367728,
                20.7136
              ],
              [
                106.368144,
                20.713123
              ],
              [
                106.368237,
                20.713042
              ],
              [
                106.368462,
                20.712845
              ],
              [
                106.368802,
                20.712683
              ],
              [
                106.368862,
                20.712521
              ],
              [
                106.368977,
                20.712207
              ],
              [
                106.369003,
                20.71213
              ],
              [
                106.369029,
                20.712053
              ],
              [
                106.369169,
                20.711912
              ],
              [
                106.369241,
                20.711827
              ],
              [
                106.369758,
                20.711207
              ],
              [
                106.369788,
                20.711166
              ],
              [
                106.369843,
                20.711093
              ],
              [
                106.369905,
                20.71101
              ],
              [
                106.369827,
                20.710959
              ],
              [
                106.36963,
                20.710836
              ],
              [
                106.369514,
                20.71077
              ],
              [
                106.36935,
                20.710689
              ],
              [
                106.369206,
                20.710628
              ],
              [
                106.369089,
                20.710569
              ],
              [
                106.369062,
                20.710549
              ],
              [
                106.369034,
                20.710529
              ],
              [
                106.368962,
                20.710465
              ],
              [
                106.368962,
                20.710465
              ],
              [
                106.368966,
                20.71046
              ],
              [
                106.369548,
                20.709688
              ],
              [
                106.369548,
                20.709688
              ],
              [
                106.370163,
                20.708839
              ],
              [
                106.369585,
                20.708524
              ],
              [
                106.368114,
                20.707484
              ],
              [
                106.366876,
                20.706631
              ],
              [
                106.366434,
                20.706307
              ],
              [
                106.365865,
                20.705888
              ],
              [
                106.36559,
                20.705695
              ],
              [
                106.364796,
                20.705136
              ],
              [
                106.364475,
                20.704891
              ],
              [
                106.363698,
                20.704184
              ],
              [
                106.363575,
                20.704073
              ],
              [
                106.363242,
                20.70377
              ],
              [
                106.362091,
                20.702882
              ],
              [
                106.361897,
                20.702732
              ],
              [
                106.361042,
                20.702066
              ],
              [
                106.36043,
                20.701796
              ],
              [
                106.359423,
                20.70135
              ],
              [
                106.358353,
                20.701072
              ],
              [
                106.358067,
                20.701019
              ],
              [
                106.356662,
                20.700756
              ],
              [
                106.356267,
                20.700682
              ],
              [
                106.354728,
                20.700507
              ],
              [
                106.354588,
                20.700492
              ],
              [
                106.353636,
                20.700475
              ],
              [
                106.353305,
                20.700478
              ],
              [
                106.351817,
                20.700525
              ],
              [
                106.35116,
                20.700614
              ],
              [
                106.349778,
                20.7009
              ],
              [
                106.348816,
                20.701302
              ],
              [
                106.34845,
                20.701496
              ],
              [
                106.347925,
                20.701658
              ],
              [
                106.347652,
                20.701705
              ],
              [
                106.347057,
                20.701949
              ],
              [
                106.346072,
                20.70265
              ],
              [
                106.345619,
                20.703072
              ],
              [
                106.344931,
                20.703749
              ],
              [
                106.344775,
                20.703903
              ],
              [
                106.344615,
                20.704114
              ],
              [
                106.344047,
                20.704865
              ],
              [
                106.343334,
                20.706101
              ],
              [
                106.342853,
                20.707237
              ],
              [
                106.342808,
                20.707342
              ],
              [
                106.342724,
                20.70754
              ],
              [
                106.342378,
                20.708533
              ],
              [
                106.342328,
                20.708679
              ],
              [
                106.342103,
                20.709147
              ],
              [
                106.341651,
                20.70976
              ],
              [
                106.341261,
                20.710193
              ],
              [
                106.340719,
                20.710651
              ],
              [
                106.340074,
                20.710967
              ],
              [
                106.339352,
                20.711212
              ],
              [
                106.338718,
                20.711372
              ],
              [
                106.337451,
                20.71138
              ],
              [
                106.337301,
                20.711388
              ],
              [
                106.337299,
                20.711387
              ],
              [
                106.336775,
                20.711411
              ],
              [
                106.335859,
                20.711203
              ],
              [
                106.334828,
                20.710996
              ],
              [
                106.333517,
                20.710671
              ],
              [
                106.332421,
                20.710226
              ],
              [
                106.332379,
                20.710202
              ],
              [
                106.331599,
                20.709757
              ],
              [
                106.331566,
                20.709735
              ],
              [
                106.330608,
                20.709089
              ],
              [
                106.329786,
                20.708314
              ],
              [
                106.329573,
                20.708062
              ],
              [
                106.329348,
                20.707797
              ],
              [
                106.329093,
                20.707496
              ],
              [
                106.328603,
                20.706918
              ],
              [
                106.327849,
                20.70603
              ],
              [
                106.326669,
                20.704629
              ],
              [
                106.326404,
                20.704334
              ],
              [
                106.325438,
                20.703336
              ],
              [
                106.325283,
                20.703202
              ],
              [
                106.324094,
                20.702175
              ],
              [
                106.322891,
                20.701144
              ],
              [
                106.32238,
                20.700819
              ],
              [
                106.321218,
                20.700082
              ],
              [
                106.320506,
                20.699599
              ],
              [
                106.320145,
                20.699355
              ],
              [
                106.319072,
                20.698628
              ],
              [
                106.316938,
                20.69754
              ],
              [
                106.314839,
                20.696577
              ],
              [
                106.313158,
                20.695875
              ],
              [
                106.312622,
                20.695651
              ],
              [
                106.311613,
                20.695286
              ],
              [
                106.311142,
                20.695115
              ],
              [
                106.309993,
                20.694481
              ],
              [
                106.309535,
                20.69535
              ],
              [
                106.309256,
                20.695877
              ],
              [
                106.309116,
                20.696163
              ],
              [
                106.309113,
                20.696171
              ],
              [
                106.309109,
                20.69618
              ],
              [
                106.309101,
                20.696196
              ],
              [
                106.309071,
                20.696256
              ],
              [
                106.309068,
                20.696261
              ],
              [
                106.309036,
                20.696326
              ],
              [
                106.308878,
                20.69665
              ],
              [
                106.308859,
                20.696687
              ],
              [
                106.309275,
                20.696891
              ],
              [
                106.309371,
                20.696938
              ],
              [
                106.309396,
                20.69695
              ],
              [
                106.30943,
                20.696966
              ],
              [
                106.309645,
                20.697064
              ],
              [
                106.309756,
                20.697116
              ],
              [
                106.309782,
                20.697127
              ],
              [
                106.3098,
                20.697135
              ],
              [
                106.309808,
                20.697139
              ],
              [
                106.309817,
                20.697142
              ],
              [
                106.309825,
                20.697145
              ],
              [
                106.309842,
                20.69715
              ],
              [
                106.309859,
                20.697155
              ],
              [
                106.309875,
                20.697159
              ],
              [
                106.309884,
                20.697161
              ],
              [
                106.309893,
                20.697162
              ],
              [
                106.309902,
                20.697164
              ],
              [
                106.309916,
                20.697166
              ],
              [
                106.309916,
                20.697166
              ],
              [
                106.309879,
                20.697246
              ],
              [
                106.30983,
                20.697354
              ],
              [
                106.309678,
                20.697695
              ],
              [
                106.309664,
                20.697728
              ],
              [
                106.309653,
                20.697753
              ],
              [
                106.309646,
                20.69777
              ],
              [
                106.309637,
                20.697795
              ],
              [
                106.309617,
                20.697853
              ],
              [
                106.309611,
                20.697869
              ],
              [
                106.309602,
                20.697893
              ],
              [
                106.309595,
                20.697909
              ],
              [
                106.309588,
                20.697925
              ],
              [
                106.309585,
                20.697933
              ],
              [
                106.309581,
                20.697941
              ],
              [
                106.309577,
                20.697949
              ],
              [
                106.309573,
                20.697956
              ],
              [
                106.309568,
                20.697963
              ],
              [
                106.309562,
                20.69797
              ],
              [
                106.309557,
                20.697977
              ],
              [
                106.309551,
                20.697983
              ],
              [
                106.309545,
                20.697989
              ],
              [
                106.309539,
                20.697996
              ],
              [
                106.309533,
                20.698002
              ],
              [
                106.309527,
                20.698007
              ],
              [
                106.30952,
                20.698013
              ],
              [
                106.309513,
                20.698018
              ],
              [
                106.309505,
                20.698023
              ],
              [
                106.309497,
                20.698028
              ],
              [
                106.30949,
                20.698032
              ],
              [
                106.309489,
                20.698032
              ],
              [
                106.30948,
                20.698036
              ],
              [
                106.309463,
                20.698044
              ],
              [
                106.309437,
                20.698054
              ],
              [
                106.30942,
                20.698061
              ],
              [
                106.309402,
                20.698068
              ],
              [
                106.309384,
                20.698074
              ],
              [
                106.309293,
                20.698102
              ],
              [
                106.309275,
                20.698108
              ],
              [
                106.309257,
                20.698114
              ],
              [
                106.309248,
                20.698118
              ],
              [
                106.30924,
                20.698121
              ],
              [
                106.309231,
                20.698125
              ],
              [
                106.309223,
                20.698129
              ],
              [
                106.309215,
                20.698134
              ],
              [
                106.309208,
                20.698139
              ],
              [
                106.309201,
                20.698144
              ],
              [
                106.309195,
                20.698149
              ],
              [
                106.309188,
                20.698155
              ],
              [
                106.309175,
                20.698166
              ],
              [
                106.309162,
                20.698178
              ],
              [
                106.309156,
                20.698184
              ],
              [
                106.309149,
                20.69819
              ],
              [
                106.309143,
                20.698196
              ],
              [
                106.309138,
                20.698203
              ],
              [
                106.309132,
                20.698209
              ],
              [
                106.309127,
                20.698216
              ],
              [
                106.309121,
                20.698223
              ],
              [
                106.30912,
                20.698225
              ],
              [
                106.309111,
                20.698237
              ],
              [
                106.309096,
                20.698258
              ],
              [
                106.309087,
                20.698273
              ],
              [
                106.309083,
                20.69828
              ],
              [
                106.309079,
                20.698287
              ],
              [
                106.309075,
                20.698295
              ],
              [
                106.309071,
                20.698303
              ],
              [
                106.309068,
                20.698311
              ],
              [
                106.309066,
                20.698319
              ],
              [
                106.309064,
                20.698327
              ],
              [
                106.309062,
                20.698335
              ],
              [
                106.30906,
                20.698344
              ],
              [
                106.309057,
                20.698361
              ],
              [
                106.309053,
                20.698386
              ],
              [
                106.30905,
                20.698403
              ],
              [
                106.309049,
                20.698412
              ],
              [
                106.309048,
                20.69842
              ],
              [
                106.309048,
                20.698429
              ],
              [
                106.309048,
                20.698437
              ],
              [
                106.309048,
                20.698446
              ],
              [
                106.309049,
                20.698454
              ],
              [
                106.30905,
                20.698462
              ],
              [
                106.309052,
                20.698471
              ],
              [
                106.309053,
                20.698479
              ],
              [
                106.309057,
                20.698496
              ],
              [
                106.30906,
                20.698512
              ],
              [
                106.309062,
                20.698521
              ],
              [
                106.309065,
                20.698529
              ],
              [
                106.309067,
                20.698537
              ],
              [
                106.30907,
                20.698545
              ],
              [
                106.309073,
                20.698553
              ],
              [
                106.309076,
                20.698561
              ],
              [
                106.30908,
                20.698569
              ],
              [
                106.309084,
                20.698577
              ],
              [
                106.309093,
                20.698592
              ],
              [
                106.309107,
                20.698616
              ],
              [
                106.309173,
                20.698723
              ],
              [
                106.309182,
                20.698738
              ],
              [
                106.309192,
                20.698753
              ],
              [
                106.309202,
                20.698768
              ],
              [
                106.309213,
                20.698783
              ],
              [
                106.309235,
                20.698811
              ],
              [
                106.309404,
                20.699025
              ],
              [
                106.309443,
                20.699076
              ],
              [
                106.30947,
                20.699112
              ],
              [
                106.309563,
                20.699236
              ],
              [
                106.309584,
                20.699265
              ],
              [
                106.309595,
                20.699279
              ],
              [
                106.309605,
                20.699294
              ],
              [
                106.30961,
                20.699302
              ],
              [
                106.309619,
                20.699317
              ],
              [
                106.309628,
                20.699333
              ],
              [
                106.30964,
                20.699357
              ],
              [
                106.309686,
                20.699444
              ],
              [
                106.309698,
                20.699467
              ],
              [
                106.309706,
                20.699483
              ],
              [
                106.309714,
                20.699499
              ],
              [
                106.309717,
                20.699507
              ],
              [
                106.309724,
                20.699524
              ],
              [
                106.309732,
                20.699548
              ],
              [
                106.309749,
                20.699598
              ],
              [
                106.30976,
                20.699631
              ],
              [
                106.309765,
                20.699648
              ],
              [
                106.309767,
                20.699656
              ],
              [
                106.309769,
                20.699665
              ],
              [
                106.309771,
                20.699673
              ],
              [
                106.309773,
                20.699682
              ],
              [
                106.309774,
                20.699691
              ],
              [
                106.309775,
                20.6997
              ],
              [
                106.309777,
                20.699717
              ],
              [
                106.309779,
                20.699735
              ],
              [
                106.30978,
                20.699752
              ],
              [
                106.30978,
                20.699761
              ],
              [
                106.30978,
                20.69977
              ],
              [
                106.30978,
                20.699779
              ],
              [
                106.30978,
                20.699788
              ],
              [
                106.309779,
                20.699796
              ],
              [
                106.309778,
                20.699804
              ],
              [
                106.309776,
                20.699812
              ],
              [
                106.309775,
                20.69982
              ],
              [
                106.309773,
                20.699828
              ],
              [
                106.30977,
                20.699836
              ],
              [
                106.309768,
                20.699844
              ],
              [
                106.309765,
                20.699851
              ],
              [
                106.309762,
                20.699859
              ],
              [
                106.309759,
                20.699866
              ],
              [
                106.309754,
                20.699874
              ],
              [
                106.309749,
                20.699881
              ],
              [
                106.309743,
                20.699888
              ],
              [
                106.309737,
                20.699895
              ],
              [
                106.309725,
                20.699909
              ],
              [
                106.309712,
                20.699922
              ],
              [
                106.309706,
                20.699929
              ],
              [
                106.309699,
                20.699935
              ],
              [
                106.309692,
                20.699941
              ],
              [
                106.309685,
                20.699947
              ],
              [
                106.309678,
                20.699952
              ],
              [
                106.309671,
                20.699957
              ],
              [
                106.309663,
                20.699962
              ],
              [
                106.309655,
                20.699966
              ],
              [
                106.309648,
                20.69997
              ],
              [
                106.309632,
                20.699978
              ],
              [
                106.309615,
                20.699985
              ],
              [
                106.309607,
                20.699988
              ],
              [
                106.309591,
                20.699995
              ],
              [
                106.309583,
                20.699998
              ],
              [
                106.309574,
                20.700001
              ],
              [
                106.309566,
                20.700003
              ],
              [
                106.309557,
                20.700005
              ],
              [
                106.309549,
                20.700007
              ],
              [
                106.30954,
                20.700007
              ],
              [
                106.309532,
                20.700008
              ],
              [
                106.309523,
                20.700008
              ],
              [
                106.309505,
                20.700007
              ],
              [
                106.309488,
                20.700007
              ],
              [
                106.309479,
                20.700006
              ],
              [
                106.309462,
                20.700004
              ],
              [
                106.309453,
                20.700003
              ],
              [
                106.309444,
                20.700001
              ],
              [
                106.309426,
                20.699998
              ],
              [
                106.309407,
                20.699993
              ],
              [
                106.309389,
                20.699989
              ],
              [
                106.309245,
                20.699952
              ],
              [
                106.309218,
                20.699945
              ],
              [
                106.3092,
                20.69994
              ],
              [
                106.309191,
                20.699937
              ],
              [
                106.309173,
                20.699932
              ],
              [
                106.309164,
                20.699929
              ],
              [
                106.309147,
                20.699922
              ],
              [
                106.30912,
                20.699912
              ],
              [
                106.308833,
                20.699803
              ],
              [
                106.308762,
                20.699775
              ],
              [
                106.308735,
                20.699765
              ],
              [
                106.308709,
                20.699755
              ],
              [
                106.308682,
                20.699746
              ],
              [
                106.308656,
                20.699738
              ],
              [
                106.30853,
                20.699698
              ],
              [
                106.308432,
                20.699666
              ],
              [
                106.308396,
                20.699655
              ],
              [
                106.308394,
                20.699654
              ],
              [
                106.308378,
                20.69965
              ],
              [
                106.308369,
                20.699647
              ],
              [
                106.30836,
                20.699645
              ],
              [
                106.308351,
                20.699644
              ],
              [
                106.308341,
                20.699642
              ],
              [
                106.308323,
                20.699639
              ],
              [
                106.308305,
                20.699637
              ],
              [
                106.308277,
                20.699634
              ],
              [
                106.308231,
                20.699629
              ],
              [
                106.308212,
                20.699628
              ],
              [
                106.308203,
                20.699627
              ],
              [
                106.308194,
                20.699627
              ],
              [
                106.308184,
                20.699627
              ],
              [
                106.308175,
                20.699627
              ],
              [
                106.308166,
                20.699628
              ],
              [
                106.308157,
                20.69963
              ],
              [
                106.308148,
                20.699631
              ],
              [
                106.308144,
                20.699632
              ],
              [
                106.30813,
                20.699635
              ],
              [
                106.308103,
                20.699642
              ],
              [
                106.308067,
                20.699652
              ],
              [
                106.30804,
                20.69966
              ],
              [
                106.308022,
                20.699666
              ],
              [
                106.308014,
                20.699669
              ],
              [
                106.308005,
                20.699672
              ],
              [
                106.307997,
                20.699676
              ],
              [
                106.307989,
                20.699679
              ],
              [
                106.307972,
                20.699687
              ],
              [
                106.307948,
                20.699699
              ],
              [
                106.307907,
                20.699718
              ],
              [
                106.307891,
                20.699727
              ],
              [
                106.307875,
                20.699735
              ],
              [
                106.307867,
                20.699739
              ],
              [
                106.30786,
                20.699744
              ],
              [
                106.307852,
                20.699748
              ],
              [
                106.307845,
                20.699753
              ],
              [
                106.307837,
                20.699758
              ],
              [
                106.307823,
                20.699769
              ],
              [
                106.307809,
                20.69978
              ],
              [
                106.307796,
                20.699792
              ],
              [
                106.307783,
                20.699803
              ],
              [
                106.307776,
                20.699809
              ],
              [
                106.30777,
                20.699815
              ],
              [
                106.307764,
                20.699822
              ],
              [
                106.307759,
                20.699829
              ],
              [
                106.307754,
                20.699836
              ],
              [
                106.307749,
                20.699843
              ],
              [
                106.307744,
                20.69985
              ],
              [
                106.307735,
                20.699865
              ],
              [
                106.307726,
                20.69988
              ],
              [
                106.307717,
                20.699895
              ],
              [
                106.307709,
                20.699911
              ],
              [
                106.307705,
                20.699918
              ],
              [
                106.307702,
                20.699926
              ],
              [
                106.307698,
                20.699934
              ],
              [
                106.307695,
                20.699942
              ],
              [
                106.307692,
                20.69995
              ],
              [
                106.307687,
                20.699967
              ],
              [
                106.307683,
                20.699983
              ],
              [
                106.307677,
                20.700008
              ],
              [
                106.307673,
                20.700025
              ],
              [
                106.307671,
                20.700034
              ],
              [
                106.30767,
                20.700042
              ],
              [
                106.307669,
                20.700051
              ],
              [
                106.307668,
                20.700059
              ],
              [
                106.307667,
                20.700068
              ],
              [
                106.307667,
                20.700085
              ],
              [
                106.307667,
                20.700112
              ],
              [
                106.307667,
                20.700147
              ],
              [
                106.307668,
                20.700173
              ],
              [
                106.30767,
                20.700198
              ],
              [
                106.307672,
                20.700224
              ],
              [
                106.307675,
                20.700258
              ],
              [
                106.307678,
                20.700275
              ],
              [
                106.307679,
                20.700284
              ],
              [
                106.30768,
                20.700293
              ],
              [
                106.307682,
                20.700301
              ],
              [
                106.307684,
                20.700309
              ],
              [
                106.307686,
                20.700318
              ],
              [
                106.307688,
                20.700326
              ],
              [
                106.307691,
                20.700334
              ],
              [
                106.307694,
                20.700342
              ],
              [
                106.307699,
                20.70035
              ],
              [
                106.307703,
                20.700357
              ],
              [
                106.307708,
                20.700364
              ],
              [
                106.307714,
                20.700371
              ],
              [
                106.30772,
                20.700377
              ],
              [
                106.307727,
                20.700383
              ],
              [
                106.307734,
                20.700388
              ],
              [
                106.307741,
                20.700392
              ],
              [
                106.307749,
                20.700396
              ],
              [
                106.307757,
                20.7004
              ],
              [
                106.307765,
                20.700403
              ],
              [
                106.307774,
                20.700407
              ],
              [
                106.30779,
                20.700413
              ],
              [
                106.307799,
                20.700416
              ],
              [
                106.307807,
                20.700418
              ],
              [
                106.307816,
                20.700421
              ],
              [
                106.307825,
                20.700423
              ],
              [
                106.307844,
                20.700427
              ],
              [
                106.307863,
                20.700431
              ],
              [
                106.307985,
                20.700451
              ],
              [
                106.30805,
                20.700462
              ],
              [
                106.308301,
                20.700507
              ],
              [
                106.308329,
                20.700513
              ],
              [
                106.308347,
                20.700517
              ],
              [
                106.308356,
                20.700519
              ],
              [
                106.308365,
                20.700521
              ],
              [
                106.308374,
                20.700524
              ],
              [
                106.308382,
                20.700527
              ],
              [
                106.30839,
                20.70053
              ],
              [
                106.308407,
                20.700537
              ],
              [
                106.308432,
                20.700547
              ],
              [
                106.308457,
                20.700558
              ],
              [
                106.308473,
                20.700565
              ],
              [
                106.30849,
                20.700573
              ],
              [
                106.308506,
                20.70058
              ],
              [
                106.308514,
                20.700585
              ],
              [
                106.30853,
                20.700594
              ],
              [
                106.308545,
                20.700603
              ],
              [
                106.308568,
                20.700618
              ],
              [
                106.308591,
                20.700633
              ],
              [
                106.308606,
                20.700643
              ],
              [
                106.308614,
                20.700648
              ],
              [
                106.308628,
                20.700659
              ],
              [
                106.308642,
                20.700671
              ],
              [
                106.308662,
                20.700688
              ],
              [
                106.308689,
                20.700712
              ],
              [
                106.308702,
                20.700724
              ],
              [
                106.308715,
                20.700736
              ],
              [
                106.308721,
                20.700742
              ],
              [
                106.308727,
                20.700748
              ],
              [
                106.308733,
                20.700755
              ],
              [
                106.308739,
                20.700761
              ],
              [
                106.308744,
                20.700768
              ],
              [
                106.308749,
                20.700776
              ],
              [
                106.308753,
                20.700783
              ],
              [
                106.308762,
                20.700799
              ],
              [
                106.308774,
                20.700822
              ],
              [
                106.308785,
                20.700846
              ],
              [
                106.308793,
                20.700862
              ],
              [
                106.3088,
                20.700878
              ],
              [
                106.308803,
                20.700886
              ],
              [
                106.308806,
                20.700895
              ],
              [
                106.308808,
                20.700903
              ],
              [
                106.30881,
                20.700911
              ],
              [
                106.308812,
                20.70092
              ],
              [
                106.308813,
                20.700929
              ],
              [
                106.308814,
                20.700946
              ],
              [
                106.308815,
                20.700964
              ],
              [
                106.308816,
                20.70099
              ],
              [
                106.308816,
                20.701008
              ],
              [
                106.308816,
                20.701025
              ],
              [
                106.308816,
                20.701034
              ],
              [
                106.308815,
                20.701043
              ],
              [
                106.308813,
                20.70106
              ],
              [
                106.308809,
                20.701086
              ],
              [
                106.308792,
                20.701189
              ],
              [
                106.308788,
                20.701215
              ],
              [
                106.308784,
                20.701232
              ],
              [
                106.308783,
                20.701241
              ],
              [
                106.30878,
                20.701249
              ],
              [
                106.308778,
                20.701257
              ],
              [
                106.308775,
                20.701265
              ],
              [
                106.308771,
                20.701273
              ],
              [
                106.308768,
                20.701281
              ],
              [
                106.308764,
                20.701289
              ],
              [
                106.30876,
                20.701297
              ],
              [
                106.308752,
                20.701312
              ],
              [
                106.308743,
                20.701327
              ],
              [
                106.308738,
                20.701335
              ],
              [
                106.308734,
                20.701342
              ],
              [
                106.308729,
                20.701349
              ],
              [
                106.308724,
                20.701356
              ],
              [
                106.308713,
                20.70137
              ],
              [
                106.308702,
                20.701383
              ],
              [
                106.308696,
                20.701389
              ],
              [
                106.30869,
                20.701396
              ],
              [
                106.308684,
                20.701402
              ],
              [
                106.308678,
                20.701407
              ],
              [
                106.308671,
                20.701412
              ],
              [
                106.308664,
                20.701417
              ],
              [
                106.308656,
                20.701421
              ],
              [
                106.308649,
                20.701426
              ],
              [
                106.308641,
                20.70143
              ],
              [
                106.308625,
                20.701438
              ],
              [
                106.308609,
                20.701445
              ],
              [
                106.308585,
                20.701457
              ],
              [
                106.308569,
                20.701464
              ],
              [
                106.308552,
                20.701471
              ],
              [
                106.308485,
                20.7015
              ],
              [
                106.308443,
                20.701517
              ],
              [
                106.308426,
                20.701524
              ],
              [
                106.308408,
                20.701531
              ],
              [
                106.308337,
                20.701558
              ],
              [
                106.308311,
                20.701568
              ],
              [
                106.308293,
                20.701575
              ],
              [
                106.308285,
                20.701579
              ],
              [
                106.308276,
                20.701583
              ],
              [
                106.308268,
                20.701587
              ],
              [
                106.308252,
                20.701596
              ],
              [
                106.308228,
                20.701609
              ],
              [
                106.30807,
                20.701704
              ],
              [
                106.308046,
                20.701718
              ],
              [
                106.308031,
                20.701728
              ],
              [
                106.308023,
                20.701733
              ],
              [
                106.308008,
                20.701744
              ],
              [
                106.307992,
                20.701755
              ],
              [
                106.30797,
                20.701771
              ],
              [
                106.307872,
                20.701844
              ],
              [
                106.307759,
                20.701928
              ],
              [
                106.307737,
                20.701945
              ],
              [
                106.307729,
                20.701951
              ],
              [
                106.307722,
                20.701957
              ],
              [
                106.307716,
                20.701963
              ],
              [
                106.307703,
                20.701975
              ],
              [
                106.307685,
                20.701993
              ],
              [
                106.307667,
                20.702012
              ],
              [
                106.307655,
                20.702025
              ],
              [
                106.30765,
                20.702032
              ],
              [
                106.307645,
                20.702039
              ],
              [
                106.30764,
                20.702046
              ],
              [
                106.307635,
                20.702053
              ],
              [
                106.307626,
                20.702069
              ],
              [
                106.307622,
                20.702076
              ],
              [
                106.307613,
                20.702092
              ],
              [
                106.307605,
                20.702108
              ],
              [
                106.307602,
                20.702116
              ],
              [
                106.307598,
                20.702124
              ],
              [
                106.307595,
                20.702132
              ],
              [
                106.307592,
                20.70214
              ],
              [
                106.307587,
                20.702155
              ],
              [
                106.307582,
                20.702171
              ],
              [
                106.307578,
                20.702187
              ],
              [
                106.307576,
                20.702195
              ],
              [
                106.307575,
                20.702203
              ],
              [
                106.307573,
                20.702212
              ],
              [
                106.307569,
                20.702238
              ],
              [
                106.307558,
                20.702324
              ],
              [
                106.307554,
                20.702358
              ],
              [
                106.307552,
                20.702376
              ],
              [
                106.30755,
                20.702393
              ],
              [
                106.30755,
                20.702401
              ],
              [
                106.30755,
                20.70241
              ],
              [
                106.307549,
                20.702428
              ],
              [
                106.307549,
                20.702445
              ],
              [
                106.30755,
                20.702472
              ],
              [
                106.307553,
                20.702578
              ],
              [
                106.307553,
                20.702604
              ],
              [
                106.307554,
                20.702622
              ],
              [
                106.307555,
                20.70263
              ],
              [
                106.307556,
                20.702639
              ],
              [
                106.307558,
                20.702648
              ],
              [
                106.307559,
                20.702656
              ],
              [
                106.307562,
                20.702664
              ],
              [
                106.307567,
                20.702681
              ],
              [
                106.307572,
                20.702697
              ],
              [
                106.307581,
                20.702721
              ],
              [
                106.307593,
                20.702754
              ],
              [
                106.307602,
                20.702778
              ],
              [
                106.307609,
                20.702794
              ],
              [
                106.307615,
                20.70281
              ],
              [
                106.307633,
                20.70285
              ],
              [
                106.30764,
                20.702866
              ],
              [
                106.307643,
                20.702874
              ],
              [
                106.307646,
                20.702882
              ],
              [
                106.307649,
                20.70289
              ],
              [
                106.307649,
                20.702894
              ],
              [
                106.307651,
                20.702899
              ],
              [
                106.307652,
                20.702906
              ],
              [
                106.307653,
                20.702914
              ],
              [
                106.307653,
                20.702922
              ],
              [
                106.307653,
                20.70293
              ],
              [
                106.307653,
                20.702938
              ],
              [
                106.307653,
                20.702946
              ],
              [
                106.307653,
                20.702955
              ],
              [
                106.307652,
                20.702963
              ],
              [
                106.307651,
                20.702971
              ],
              [
                106.30765,
                20.70298
              ],
              [
                106.307648,
                20.702988
              ],
              [
                106.307645,
                20.703005
              ],
              [
                106.307637,
                20.703048
              ],
              [
                106.30763,
                20.703083
              ],
              [
                106.307518,
                20.703583
              ],
              [
                106.307485,
                20.703733
              ],
              [
                106.307479,
                20.703759
              ],
              [
                106.307475,
                20.703777
              ],
              [
                106.307472,
                20.703785
              ],
              [
                106.30747,
                20.703794
              ],
              [
                106.307467,
                20.703803
              ],
              [
                106.30746,
                20.70382
              ],
              [
                106.307453,
                20.703837
              ],
              [
                106.307446,
                20.703853
              ],
              [
                106.307439,
                20.70387
              ],
              [
                106.307435,
                20.703878
              ],
              [
                106.307431,
                20.703887
              ],
              [
                106.307426,
                20.703894
              ],
              [
                106.307422,
                20.703902
              ],
              [
                106.307417,
                20.703909
              ],
              [
                106.307411,
                20.703915
              ],
              [
                106.307405,
                20.70392
              ],
              [
                106.307398,
                20.703925
              ],
              [
                106.307391,
                20.703928
              ],
              [
                106.307383,
                20.703931
              ],
              [
                106.307377,
                20.703933
              ],
              [
                106.30737,
                20.703933
              ],
              [
                106.307363,
                20.703934
              ],
              [
                106.307356,
                20.703934
              ],
              [
                106.307346,
                20.703933
              ],
              [
                106.307337,
                20.703932
              ],
              [
                106.307327,
                20.703931
              ],
              [
                106.307318,
                20.703929
              ],
              [
                106.307299,
                20.703926
              ],
              [
                106.307204,
                20.703908
              ],
              [
                106.30712,
                20.703892
              ],
              [
                106.306075,
                20.703698
              ],
              [
                106.30599,
                20.703682
              ],
              [
                106.305905,
                20.703665
              ],
              [
                106.305886,
                20.703662
              ],
              [
                106.305877,
                20.703661
              ],
              [
                106.305868,
                20.70366
              ],
              [
                106.305859,
                20.703659
              ],
              [
                106.305851,
                20.703659
              ],
              [
                106.305844,
                20.703661
              ],
              [
                106.305837,
                20.703663
              ],
              [
                106.305831,
                20.703667
              ],
              [
                106.305827,
                20.703673
              ],
              [
                106.305822,
                20.70368
              ],
              [
                106.305819,
                20.703687
              ],
              [
                106.305815,
                20.703695
              ],
              [
                106.305812,
                20.703703
              ],
              [
                106.305806,
                20.70372
              ],
              [
                106.30578,
                20.703798
              ],
              [
                106.305763,
                20.70385
              ],
              [
                106.305602,
                20.704323
              ],
              [
                106.30518,
                20.705574
              ],
              [
                106.305148,
                20.705668
              ],
              [
                106.304813,
                20.706671
              ],
              [
                106.304793,
                20.706731
              ],
              [
                106.304772,
                20.706791
              ],
              [
                106.304441,
                20.707727
              ],
              [
                106.304438,
                20.707736
              ],
              [
                106.30403,
                20.708871
              ],
              [
                106.304009,
                20.708931
              ],
              [
                106.303988,
                20.708991
              ],
              [
                106.303869,
                20.709336
              ],
              [
                106.303731,
                20.709752
              ],
              [
                106.303636,
                20.710018
              ],
              [
                106.303582,
                20.710168
              ],
              [
                106.30356,
                20.710229
              ],
              [
                106.303433,
                20.710585
              ],
              [
                106.303127,
                20.71149
              ],
              [
                106.302884,
                20.71226
              ],
              [
                106.302597,
                20.713116
              ],
              [
                106.302574,
                20.71316
              ],
              [
                106.302778,
                20.714651
              ],
              [
                106.302862,
                20.715487
              ],
              [
                106.302907,
                20.715898
              ],
              [
                106.303043,
                20.717133
              ],
              [
                106.303086,
                20.717504
              ],
              [
                106.303129,
                20.717875
              ],
              [
                106.303145,
                20.717916
              ],
              [
                106.303009,
                20.718161
              ],
              [
                106.302973,
                20.718225
              ],
              [
                106.302951,
                20.718265
              ],
              [
                106.302943,
                20.718281
              ],
              [
                106.302935,
                20.718297
              ],
              [
                106.302927,
                20.718314
              ],
              [
                106.302916,
                20.718339
              ],
              [
                106.302823,
                20.718547
              ],
              [
                106.302805,
                20.718589
              ],
              [
                106.302749,
                20.718714
              ],
              [
                106.302738,
                20.718739
              ],
              [
                106.302732,
                20.718756
              ],
              [
                106.302728,
                20.718764
              ],
              [
                106.302726,
                20.718773
              ],
              [
                106.30272,
                20.71879
              ],
              [
                106.30271,
                20.718825
              ],
              [
                106.302664,
                20.71899
              ],
              [
                106.302573,
                20.719322
              ],
              [
                106.302566,
                20.719348
              ],
              [
                106.302559,
                20.719374
              ],
              [
                106.302553,
                20.7194
              ],
              [
                106.302546,
                20.719436
              ],
              [
                106.302435,
                20.719982
              ],
              [
                106.302431,
                20.72
              ],
              [
                106.302427,
                20.720017
              ],
              [
                106.302425,
                20.720026
              ],
              [
                106.30242,
                20.720043
              ],
              [
                106.302416,
                20.720061
              ],
              [
                106.302405,
                20.720095
              ],
              [
                106.303157,
                20.720689
              ],
              [
                106.303894,
                20.721258
              ],
              [
                106.304169,
                20.721469
              ],
              [
                106.305035,
                20.722131
              ],
              [
                106.30538,
                20.722371
              ],
              [
                106.305539,
                20.722481
              ],
              [
                106.30563,
                20.723195
              ],
              [
                106.30564,
                20.723275
              ],
              [
                106.305709,
                20.723783
              ],
              [
                106.305762,
                20.723787
              ],
              [
                106.307032,
                20.724393
              ],
              [
                106.307782,
                20.724753
              ],
              [
                106.308347,
                20.724906
              ],
              [
                106.308875,
                20.724997
              ],
              [
                106.309309,
                20.725071
              ],
              [
                106.309606,
                20.725069
              ],
              [
                106.310345,
                20.724958
              ],
              [
                106.310347,
                20.723507
              ],
              [
                106.311092,
                20.723148
              ],
              [
                106.311128,
                20.723139
              ],
              [
                106.311165,
                20.723131
              ],
              [
                106.313036,
                20.72271
              ],
              [
                106.314476,
                20.722392
              ],
              [
                106.314527,
                20.722378
              ],
              [
                106.314574,
                20.722329
              ],
              [
                106.314636,
                20.722265
              ],
              [
                106.314636,
                20.722264
              ],
              [
                106.314744,
                20.72216
              ],
              [
                106.315329,
                20.72163
              ],
              [
                106.316028,
                20.720999
              ],
              [
                106.31653,
                20.720532
              ],
              [
                106.316671,
                20.720434
              ],
              [
                106.31668,
                20.720432
              ],
              [
                106.316933,
                20.7205
              ],
              [
                106.317169,
                20.720558
              ],
              [
                106.317349,
                20.720563
              ],
              [
                106.317482,
                20.720531
              ],
              [
                106.317552,
                20.720491
              ],
              [
                106.317554,
                20.720489
              ],
              [
                106.317616,
                20.72042
              ],
              [
                106.317686,
                20.720308
              ],
              [
                106.317686,
                20.720308
              ],
              [
                106.317743,
                20.720228
              ],
              [
                106.317746,
                20.720225
              ],
              [
                106.317821,
                20.72018
              ],
              [
                106.317822,
                20.720179
              ],
              [
                106.317884,
                20.720159
              ],
              [
                106.317888,
                20.720159
              ],
              [
                106.317971,
                20.720164
              ],
              [
                106.3181,
                20.72018
              ],
              [
                106.318241,
                20.720177
              ],
              [
                106.318244,
                20.720177
              ],
              [
                106.318409,
                20.720126
              ],
              [
                106.318409,
                20.720126
              ],
              [
                106.318585,
                20.720065
              ],
              [
                106.318758,
                20.719961
              ],
              [
                106.318883,
                20.719847
              ],
              [
                106.318935,
                20.719779
              ],
              [
                106.318937,
                20.719775
              ],
              [
                106.318967,
                20.719662
              ],
              [
                106.318967,
                20.719661
              ],
              [
                106.318981,
                20.719523
              ],
              [
                106.318982,
                20.719514
              ],
              [
                106.318978,
                20.719277
              ],
              [
                106.318972,
                20.719234
              ],
              [
                106.318935,
                20.718992
              ],
              [
                106.318924,
                20.718919
              ],
              [
                106.320057,
                20.718682
              ],
              [
                106.320093,
                20.718753
              ],
              [
                106.320166,
                20.718896
              ],
              [
                106.320172,
                20.718908
              ],
              [
                106.32018,
                20.718924
              ],
              [
                106.320189,
                20.71894
              ],
              [
                106.320194,
                20.718948
              ],
              [
                106.320199,
                20.718955
              ],
              [
                106.320204,
                20.718962
              ],
              [
                106.32021,
                20.718969
              ],
              [
                106.320216,
                20.718976
              ],
              [
                106.320222,
                20.718983
              ],
              [
                106.320229,
                20.718989
              ],
              [
                106.320242,
                20.719002
              ],
              [
                106.320256,
                20.719015
              ],
              [
                106.320325,
                20.719077
              ],
              [
                106.320394,
                20.719139
              ],
              [
                106.321077,
                20.719758
              ],
              [
                106.321118,
                20.719795
              ],
              [
                106.321138,
                20.719814
              ],
              [
                106.321165,
                20.71984
              ],
              [
                106.321264,
                20.719934
              ],
              [
                106.321487,
                20.720144
              ],
              [
                106.321684,
                20.720331
              ],
              [
                106.321718,
                20.720363
              ],
              [
                106.321732,
                20.720376
              ],
              [
                106.321739,
                20.720382
              ],
              [
                106.32176,
                20.720399
              ],
              [
                106.321871,
                20.720492
              ],
              [
                106.32188,
                20.720499
              ],
              [
                106.321909,
                20.720522
              ],
              [
                106.321923,
                20.720534
              ],
              [
                106.321938,
                20.720545
              ],
              [
                106.321953,
                20.720555
              ],
              [
                106.321969,
                20.720565
              ],
              [
                106.321993,
                20.72058
              ],
              [
                106.32213,
                20.720663
              ],
              [
                106.322186,
                20.720697
              ],
              [
                106.32221,
                20.720712
              ],
              [
                106.322234,
                20.720727
              ],
              [
                106.323196,
                20.721357
              ],
              [
                106.323399,
                20.721491
              ],
              [
                106.323509,
                20.721564
              ],
              [
                106.323525,
                20.721574
              ],
              [
                106.323533,
                20.72158
              ],
              [
                106.32354,
                20.721585
              ],
              [
                106.323548,
                20.721591
              ],
              [
                106.323554,
                20.721596
              ],
              [
                106.323561,
                20.721602
              ],
              [
                106.323575,
                20.721614
              ],
              [
                106.323588,
                20.721626
              ],
              [
                106.323594,
                20.721632
              ],
              [
                106.323606,
                20.721644
              ],
              [
                106.323612,
                20.721651
              ],
              [
                106.323618,
                20.721657
              ],
              [
                106.323623,
                20.721664
              ],
              [
                106.323628,
                20.721671
              ],
              [
                106.323633,
                20.721678
              ],
              [
                106.323637,
                20.721686
              ],
              [
                106.32364,
                20.721694
              ],
              [
                106.323641,
                20.721694
              ],
              [
                106.323641,
                20.721695
              ],
              [
                106.323644,
                20.721703
              ],
              [
                106.323647,
                20.721711
              ],
              [
                106.323653,
                20.721728
              ],
              [
                106.323656,
                20.721736
              ],
              [
                106.323658,
                20.721745
              ],
              [
                106.32366,
                20.721754
              ],
              [
                106.323662,
                20.721763
              ],
              [
                106.323666,
                20.72178
              ],
              [
                106.323669,
                20.721798
              ],
              [
                106.323701,
                20.722012
              ],
              [
                106.323706,
                20.722047
              ],
              [
                106.323711,
                20.722074
              ],
              [
                106.323714,
                20.722091
              ],
              [
                106.323719,
                20.722117
              ],
              [
                106.323736,
                20.722197
              ],
              [
                106.323743,
                20.72223
              ],
              [
                106.32375,
                20.722265
              ],
              [
                106.323759,
                20.722315
              ],
              [
                106.323765,
                20.722349
              ],
              [
                106.323769,
                20.722374
              ],
              [
                106.323776,
                20.722418
              ],
              [
                106.323778,
                20.722435
              ],
              [
                106.323781,
                20.722453
              ],
              [
                106.323782,
                20.722461
              ],
              [
                106.323783,
                20.722479
              ],
              [
                106.323784,
                20.722497
              ],
              [
                106.323785,
                20.722515
              ],
              [
                106.323785,
                20.722532
              ],
              [
                106.323785,
                20.722541
              ],
              [
                106.323785,
                20.72255
              ],
              [
                106.323784,
                20.722558
              ],
              [
                106.323784,
                20.722559
              ],
              [
                106.323783,
                20.722567
              ],
              [
                106.323782,
                20.722575
              ],
              [
                106.323779,
                20.722584
              ],
              [
                106.323777,
                20.722592
              ],
              [
                106.323774,
                20.7226
              ],
              [
                106.32377,
                20.722608
              ],
              [
                106.323767,
                20.722616
              ],
              [
                106.323763,
                20.722624
              ],
              [
                106.323759,
                20.722632
              ],
              [
                106.323754,
                20.72264
              ],
              [
                106.323745,
                20.722655
              ],
              [
                106.323735,
                20.722669
              ],
              [
                106.323723,
                20.722686
              ],
              [
                106.32372,
                20.722691
              ],
              [
                106.323704,
                20.722713
              ],
              [
                106.323689,
                20.722735
              ],
              [
                106.323678,
                20.722749
              ],
              [
                106.323672,
                20.722756
              ],
              [
                106.323661,
                20.72277
              ],
              [
                106.323648,
                20.722784
              ],
              [
                106.32363,
                20.722805
              ],
              [
                106.323627,
                20.722808
              ],
              [
                106.323651,
                20.722857
              ],
              [
                106.323651,
                20.722857
              ],
              [
                106.324006,
                20.723437
              ],
              [
                106.323941,
                20.724481
              ],
              [
                106.323877,
                20.726762
              ],
              [
                106.323888,
                20.726969
              ],
              [
                106.323893,
                20.727056
              ],
              [
                106.324104,
                20.727474
              ],
              [
                106.324089,
                20.728749
              ],
              [
                106.324376,
                20.730574
              ],
              [
                106.324382,
                20.730611
              ],
              [
                106.321995,
                20.731283
              ],
              [
                106.322628,
                20.733149
              ],
              [
                106.322638,
                20.733215
              ],
              [
                106.322652,
                20.733306
              ],
              [
                106.322788,
                20.73409
              ],
              [
                106.322908,
                20.734721
              ],
              [
                106.322933,
                20.734941
              ],
              [
                106.323026,
                20.735439
              ],
              [
                106.323041,
                20.735509
              ],
              [
                106.322448,
                20.735615
              ],
              [
                106.321893,
                20.735684
              ],
              [
                106.320886,
                20.735838
              ],
              [
                106.320448,
                20.735891
              ],
              [
                106.320351,
                20.735908
              ],
              [
                106.320278,
                20.735922
              ],
              [
                106.320587,
                20.736583
              ],
              [
                106.321013,
                20.737519
              ],
              [
                106.321436,
                20.738452
              ],
              [
                106.321862,
                20.739337
              ],
              [
                106.321892,
                20.739406
              ],
              [
                106.322048,
                20.73974
              ],
              [
                106.322675,
                20.74103
              ],
              [
                106.322953,
                20.741617
              ],
              [
                106.323471,
                20.742709
              ],
              [
                106.323908,
                20.743648
              ],
              [
                106.323976,
                20.743786
              ],
              [
                106.324103,
                20.744047
              ],
              [
                106.324409,
                20.744674
              ],
              [
                106.32486,
                20.745578
              ],
              [
                106.325075,
                20.746025
              ],
              [
                106.3252,
                20.746209
              ],
              [
                106.325335,
                20.746329
              ],
              [
                106.325511,
                20.746432
              ],
              [
                106.32602,
                20.746543
              ],
              [
                106.326324,
                20.746661
              ],
              [
                106.326642,
                20.746798
              ],
              [
                106.326676,
                20.746817
              ],
              [
                106.327327,
                20.747282
              ],
              [
                106.327762,
                20.74769
              ],
              [
                106.327552,
                20.747945
              ],
              [
                106.326791,
                20.74887
              ],
              [
                106.326773,
                20.748891
              ],
              [
                106.326756,
                20.748911
              ],
              [
                106.326669,
                20.74901
              ],
              [
                106.326645,
                20.749038
              ],
              [
                106.326553,
                20.749143
              ],
              [
                106.32645,
                20.749261
              ],
              [
                106.326256,
                20.749465
              ],
              [
                106.326167,
                20.749558
              ],
              [
                106.326058,
                20.749613
              ],
              [
                106.325905,
                20.749629
              ],
              [
                106.325731,
                20.749622
              ],
              [
                106.325615,
                20.749622
              ],
              [
                106.3262,
                20.749862
              ],
              [
                106.326502,
                20.749986
              ],
              [
                106.327431,
                20.750326
              ],
              [
                106.324809,
                20.755368
              ],
              [
                106.324547,
                20.755702
              ],
              [
                106.324192,
                20.756154
              ],
              [
                106.324009,
                20.756806
              ],
              [
                106.325184,
                20.756976
              ],
              [
                106.326427,
                20.7574
              ],
              [
                106.32743,
                20.757916
              ],
              [
                106.32822,
                20.758455
              ],
              [
                106.329037,
                20.759079
              ],
              [
                106.32937,
                20.759686
              ],
              [
                106.329552,
                20.760366
              ],
              [
                106.329558,
                20.761126
              ],
              [
                106.329407,
                20.762174
              ],
              [
                106.328998,
                20.763282
              ],
              [
                106.328038,
                20.764257
              ],
              [
                106.327206,
                20.765067
              ],
              [
                106.327037,
                20.765417
              ],
              [
                106.326995,
                20.765939
              ],
              [
                106.327069,
                20.766249
              ],
              [
                106.327414,
                20.766743
              ],
              [
                106.327691,
                20.766971
              ],
              [
                106.328114,
                20.767159
              ],
              [
                106.32942,
                20.76741
              ],
              [
                106.32956,
                20.767422
              ],
              [
                106.329856,
                20.767438
              ],
              [
                106.330453,
                20.767388
              ],
              [
                106.33127,
                20.767279
              ],
              [
                106.331918,
                20.767184
              ],
              [
                106.332611,
                20.767072
              ],
              [
                106.332726,
                20.767058
              ],
              [
                106.335901,
                20.766926
              ],
              [
                106.337685,
                20.766891
              ],
              [
                106.33847,
                20.766842
              ],
              [
                106.338759,
                20.766811
              ],
              [
                106.339049,
                20.766732
              ],
              [
                106.3392,
                20.766653
              ],
              [
                106.339369,
                20.76653
              ],
              [
                106.339692,
                20.766297
              ],
              [
                106.339842,
                20.766149
              ],
              [
                106.339919,
                20.766
              ],
              [
                106.339971,
                20.765865
              ],
              [
                106.340025,
                20.765639
              ],
              [
                106.340035,
                20.765397
              ],
              [
                106.339995,
                20.765156
              ],
              [
                106.339911,
                20.76464
              ],
              [
                106.339835,
                20.764365
              ],
              [
                106.339755,
                20.764053
              ],
              [
                106.339695,
                20.763633
              ],
              [
                106.339682,
                20.763363
              ],
              [
                106.339749,
                20.762962
              ],
              [
                106.340043,
                20.762228
              ],
              [
                106.340548,
                20.761471
              ],
              [
                106.340657,
                20.761356
              ],
              [
                106.340938,
                20.761131
              ],
              [
                106.34127,
                20.760959
              ],
              [
                106.341582,
                20.760864
              ],
              [
                106.341876,
                20.76084
              ],
              [
                106.342206,
                20.760877
              ],
              [
                106.342524,
                20.760956
              ],
              [
                106.342684,
                20.761035
              ],
              [
                106.343216,
                20.761486
              ],
              [
                106.343856,
                20.762313
              ],
              [
                106.34437,
                20.763521
              ],
              [
                106.345146,
                20.765064
              ],
              [
                106.345453,
                20.766216
              ],
              [
                106.345485,
                20.766734
              ],
              [
                106.345702,
                20.768186
              ],
              [
                106.34567,
                20.769142
              ],
              [
                106.345472,
                20.770884
              ],
              [
                106.345247,
                20.771456
              ],
              [
                106.345267,
                20.771498
              ],
              [
                106.345469,
                20.771631
              ],
              [
                106.345924,
                20.771937
              ],
              [
                106.346363,
                20.772199
              ],
              [
                106.346892,
                20.77247
              ],
              [
                106.347433,
                20.772686
              ],
              [
                106.34797,
                20.772861
              ],
              [
                106.348398,
                20.772954
              ],
              [
                106.348664,
                20.773006
              ],
              [
                106.349013,
                20.773069
              ],
              [
                106.349118,
                20.773082
              ],
              [
                106.349222,
                20.773094
              ],
              [
                106.349303,
                20.772322
              ],
              [
                106.349358,
                20.771782
              ],
              [
                106.3497,
                20.771406
              ],
              [
                106.350185,
                20.770967
              ],
              [
                106.350676,
                20.770834
              ],
              [
                106.351564,
                20.770072
              ],
              [
                106.352647,
                20.768906
              ],
              [
                106.353956,
                20.767567
              ],
              [
                106.355073,
                20.766258
              ],
              [
                106.356219,
                20.764973
              ],
              [
                106.356311,
                20.764892
              ],
              [
                106.357351,
                20.763501
              ],
              [
                106.35813,
                20.762553
              ],
              [
                106.35903,
                20.761461
              ],
              [
                106.35903,
                20.761461
              ]
            ]
          ]
        ]
      },
      "properties": {
        "code": "11224",
        "name": "Khúc Thừa Dụ",
        "nameEn": "Khuc Thua Du",
        "fullName": "Xã Khúc Thừa Dụ",
        "fullNameEn": "Khuc Thua Du Commune",
        "codeName": "khuc_thua_du",
        "postalCode": "03835",
        "postalCodePrefix": "",
        "gisServerId": "diaphanhanhchinhcapxa_2025.886",
        "areaKm2": 28.79
      }
    }
  ]
}