{
  "type": "FeatureCollection",
  "bbox": [
    106.755793,
    20.665591,
    106.817908,
    20.746318
  ],
  "features": [
    {
      "type": "Feature",
      "id": "11455",
      "bbox": [
        106.755793,
        20.665591,
        106.817908,
        20.746318
      ],
      "geometry": {
        "type": "MultiPolygon",
        "coordinates": [
          [
            [
              [
                106.815394,
                20.668028
              ],
              [
                106.815591,
                20.668004
              ],
              [
                106.815789,
                20.668013
              ],
              [
                106.815974,
                20.668044
              ],
              [
                106.816213,
                20.668125
              ],
              [
                106.816475,
                20.668159
              ],
              [
                106.816846,
                20.668155
              ],
              [
                106.817101,
                20.66813
              ],
              [
                106.817366,
                20.668029
              ],
              [
                106.817585,
                20.667929
              ],
              [
                106.817781,
                20.667774
              ],
              [
                106.81789,
                20.667644
              ],
              [
                106.817908,
                20.667555
              ],
              [
                106.817893,
                20.667489
              ],
              [
                106.817868,
                20.667347
              ],
              [
                106.817808,
                20.667151
              ],
              [
                106.817736,
                20.666922
              ],
              [
                106.817638,
                20.666465
              ],
              [
                106.817519,
                20.666236
              ],
              [
                106.817413,
                20.666085
              ],
              [
                106.817201,
                20.665814
              ],
              [
                106.816978,
                20.665663
              ],
              [
                106.816815,
                20.665599
              ],
              [
                106.816606,
                20.665591
              ],
              [
                106.816351,
                20.665604
              ],
              [
                106.81604,
                20.665717
              ],
              [
                106.815532,
                20.665941
              ],
              [
                106.815001,
                20.666132
              ],
              [
                106.814458,
                20.666389
              ],
              [
                106.814055,
                20.666633
              ],
              [
                106.813694,
                20.666943
              ],
              [
                106.81358,
                20.667141
              ],
              [
                106.813536,
                20.667338
              ],
              [
                106.813584,
                20.667512
              ],
              [
                106.813796,
                20.667728
              ],
              [
                106.81403,
                20.667922
              ],
              [
                106.814218,
                20.668095
              ],
              [
                106.814498,
                20.668245
              ],
              [
                106.814657,
                20.668319
              ],
              [
                106.814783,
                20.668319
              ],
              [
                106.814979,
                20.668218
              ],
              [
                106.815198,
                20.668107
              ],
              [
                106.815394,
                20.668028
              ],
              [
                106.815394,
                20.668028
              ]
            ]
          ],
          [
            [
              [
                106.783221,
                20.742963
              ],
              [
                106.78388,
                20.741981
              ],
              [
                106.784823,
                20.740058
              ],
              [
                106.785224,
                20.739517
              ],
              [
                106.785337,
                20.739499
              ],
              [
                106.785535,
                20.73949
              ],
              [
                106.785902,
                20.739565
              ],
              [
                106.7861,
                20.739563
              ],
              [
                106.786236,
                20.739468
              ],
              [
                106.786413,
                20.739015
              ],
              [
                106.786429,
                20.738909
              ],
              [
                106.786456,
                20.73872
              ],
              [
                106.786416,
                20.738606
              ],
              [
                106.786278,
                20.738536
              ],
              [
                106.785919,
                20.738432
              ],
              [
                106.785383,
                20.738239
              ],
              [
                106.785242,
                20.738118
              ],
              [
                106.785142,
                20.738007
              ],
              [
                106.785103,
                20.737798
              ],
              [
                106.785131,
                20.737582
              ],
              [
                106.785564,
                20.736782
              ],
              [
                106.785866,
                20.736564
              ],
              [
                106.786178,
                20.736489
              ],
              [
                106.786727,
                20.736476
              ],
              [
                106.787023,
                20.736408
              ],
              [
                106.787144,
                20.736328
              ],
              [
                106.787226,
                20.736198
              ],
              [
                106.787403,
                20.73569
              ],
              [
                106.787484,
                20.735457
              ],
              [
                106.787557,
                20.735281
              ],
              [
                106.787592,
                20.735166
              ],
              [
                106.787592,
                20.735141
              ],
              [
                106.787545,
                20.735105
              ],
              [
                106.787457,
                20.735084
              ],
              [
                106.786847,
                20.735091
              ],
              [
                106.786299,
                20.735104
              ],
              [
                106.786017,
                20.735092
              ],
              [
                106.785885,
                20.735009
              ],
              [
                106.785827,
                20.73488
              ],
              [
                106.785832,
                20.734662
              ],
              [
                106.785928,
                20.73442
              ],
              [
                106.786218,
                20.733825
              ],
              [
                106.786332,
                20.733592
              ],
              [
                106.78666,
                20.732855
              ],
              [
                106.786771,
                20.73261
              ],
              [
                106.786892,
                20.732544
              ],
              [
                106.78706,
                20.732521
              ],
              [
                106.787212,
                20.732455
              ],
              [
                106.787294,
                20.732346
              ],
              [
                106.787342,
                20.732254
              ],
              [
                106.787343,
                20.732252
              ],
              [
                106.787347,
                20.732241
              ],
              [
                106.787817,
                20.731106
              ],
              [
                106.787996,
                20.730803
              ],
              [
                106.788283,
                20.730513
              ],
              [
                106.788842,
                20.730077
              ],
              [
                106.789264,
                20.729671
              ],
              [
                106.790047,
                20.728875
              ],
              [
                106.791071,
                20.727817
              ],
              [
                106.792291,
                20.7266
              ],
              [
                106.792926,
                20.72612
              ],
              [
                106.793516,
                20.725813
              ],
              [
                106.794638,
                20.725299
              ],
              [
                106.795152,
                20.724964
              ],
              [
                106.795385,
                20.724797
              ],
              [
                106.795704,
                20.72465
              ],
              [
                106.796129,
                20.724574
              ],
              [
                106.796769,
                20.724546
              ],
              [
                106.797017,
                20.724539
              ],
              [
                106.797211,
                20.724534
              ],
              [
                106.797661,
                20.724529
              ],
              [
                106.798011,
                20.724511
              ],
              [
                106.798277,
                20.724494
              ],
              [
                106.798452,
                20.724428
              ],
              [
                106.79851,
                20.724371
              ],
              [
                106.798545,
                20.724285
              ],
              [
                106.798502,
                20.724183
              ],
              [
                106.798081,
                20.723777
              ],
              [
                106.79748,
                20.723197
              ],
              [
                106.79734,
                20.723057
              ],
              [
                106.7973,
                20.723018
              ],
              [
                106.797298,
                20.723016
              ],
              [
                106.796896,
                20.722722
              ],
              [
                106.79684,
                20.722681
              ],
              [
                106.796832,
                20.722676
              ],
              [
                106.796755,
                20.722619
              ],
              [
                106.796752,
                20.722617
              ],
              [
                106.796752,
                20.722617
              ],
              [
                106.796468,
                20.722394
              ],
              [
                106.796439,
                20.722371
              ],
              [
                106.79636,
                20.722309
              ],
              [
                106.79622,
                20.722199
              ],
              [
                106.796217,
                20.722197
              ],
              [
                106.796038,
                20.722055
              ],
              [
                106.795936,
                20.721976
              ],
              [
                106.795769,
                20.721825
              ],
              [
                106.795719,
                20.72178
              ],
              [
                106.795384,
                20.721478
              ],
              [
                106.796117,
                20.720858
              ],
              [
                106.796155,
                20.720896
              ],
              [
                106.796205,
                20.720929
              ],
              [
                106.796215,
                20.720935
              ],
              [
                106.796388,
                20.721009
              ],
              [
                106.796632,
                20.721097
              ],
              [
                106.796638,
                20.7211
              ],
              [
                106.796722,
                20.721136
              ],
              [
                106.796734,
                20.721141
              ],
              [
                106.796822,
                20.721176
              ],
              [
                106.79698,
                20.72124
              ],
              [
                106.797147,
                20.721331
              ],
              [
                106.797308,
                20.721393
              ],
              [
                106.797386,
                20.721423
              ],
              [
                106.797427,
                20.721442
              ],
              [
                106.797428,
                20.721442
              ],
              [
                106.7976,
                20.72152
              ],
              [
                106.797658,
                20.721546
              ],
              [
                106.798223,
                20.721802
              ],
              [
                106.798226,
                20.721826
              ],
              [
                106.798212,
                20.721864
              ],
              [
                106.798169,
                20.721946
              ],
              [
                106.798156,
                20.72197
              ],
              [
                106.798156,
                20.721987
              ],
              [
                106.798699,
                20.722243
              ],
              [
                106.798848,
                20.722313
              ],
              [
                106.798914,
                20.722188
              ],
              [
                106.798941,
                20.72217
              ],
              [
                106.798989,
                20.722176
              ],
              [
                106.799567,
                20.722465
              ],
              [
                106.799615,
                20.722488
              ],
              [
                106.800053,
                20.722717
              ],
              [
                106.800342,
                20.722867
              ],
              [
                106.800991,
                20.723208
              ],
              [
                106.801075,
                20.723211
              ],
              [
                106.801088,
                20.723198
              ],
              [
                106.801199,
                20.723082
              ],
              [
                106.801318,
                20.722842
              ],
              [
                106.801345,
                20.722603
              ],
              [
                106.801371,
                20.722524
              ],
              [
                106.801393,
                20.722384
              ],
              [
                106.801313,
                20.722225
              ],
              [
                106.801195,
                20.72199
              ],
              [
                106.801069,
                20.721764
              ],
              [
                106.80106,
                20.721635
              ],
              [
                106.801119,
                20.721448
              ],
              [
                106.801375,
                20.72105
              ],
              [
                106.801398,
                20.720996
              ],
              [
                106.801422,
                20.720935
              ],
              [
                106.80143,
                20.720889
              ],
              [
                106.80145,
                20.720792
              ],
              [
                106.801498,
                20.720698
              ],
              [
                106.801616,
                20.720582
              ],
              [
                106.801661,
                20.720539
              ],
              [
                106.801688,
                20.720478
              ],
              [
                106.801691,
                20.720401
              ],
              [
                106.801691,
                20.720333
              ],
              [
                106.80169,
                20.720276
              ],
              [
                106.801685,
                20.72023
              ],
              [
                106.801681,
                20.72018
              ],
              [
                106.801664,
                20.720119
              ],
              [
                106.801651,
                20.720051
              ],
              [
                106.801634,
                20.71999
              ],
              [
                106.801569,
                20.71996
              ],
              [
                106.801544,
                20.719945
              ],
              [
                106.801523,
                20.719903
              ],
              [
                106.801502,
                20.719843
              ],
              [
                106.801461,
                20.719778
              ],
              [
                106.801384,
                20.719764
              ],
              [
                106.801299,
                20.719757
              ],
              [
                106.801242,
                20.719754
              ],
              [
                106.801181,
                20.719754
              ],
              [
                106.80114,
                20.719747
              ],
              [
                106.800939,
                20.71967
              ],
              [
                106.800794,
                20.7196
              ],
              [
                106.800602,
                20.719502
              ],
              [
                106.800386,
                20.719282
              ],
              [
                106.799907,
                20.718735
              ],
              [
                106.799264,
                20.717838
              ],
              [
                106.798917,
                20.717209
              ],
              [
                106.79889,
                20.717161
              ],
              [
                106.798669,
                20.716539
              ],
              [
                106.798611,
                20.716324
              ],
              [
                106.798611,
                20.716321
              ],
              [
                106.798556,
                20.716058
              ],
              [
                106.798413,
                20.715381
              ],
              [
                106.798386,
                20.715023
              ],
              [
                106.798409,
                20.714668
              ],
              [
                106.79847,
                20.714377
              ],
              [
                106.798518,
                20.714222
              ],
              [
                106.798516,
                20.714108
              ],
              [
                106.798411,
                20.713876
              ],
              [
                106.79833,
                20.713798
              ],
              [
                106.798246,
                20.713766
              ],
              [
                106.798164,
                20.713777
              ],
              [
                106.798127,
                20.713812
              ],
              [
                106.798119,
                20.713801
              ],
              [
                106.797858,
                20.713414
              ],
              [
                106.797731,
                20.713248
              ],
              [
                106.797557,
                20.712972
              ],
              [
                106.797534,
                20.712937
              ],
              [
                106.796629,
                20.711509
              ],
              [
                106.796509,
                20.711321
              ],
              [
                106.796151,
                20.710756
              ],
              [
                106.795892,
                20.710347
              ],
              [
                106.79578,
                20.710218
              ],
              [
                106.795749,
                20.710169
              ],
              [
                106.795702,
                20.710095
              ],
              [
                106.795683,
                20.710065
              ],
              [
                106.795656,
                20.710022
              ],
              [
                106.795283,
                20.709413
              ],
              [
                106.795042,
                20.708973
              ],
              [
                106.794867,
                20.708707
              ],
              [
                106.794548,
                20.708222
              ],
              [
                106.794408,
                20.708009
              ],
              [
                106.793749,
                20.707012
              ],
              [
                106.793649,
                20.706893
              ],
              [
                106.793624,
                20.706878
              ],
              [
                106.793604,
                20.706875
              ],
              [
                106.793583,
                20.706872
              ],
              [
                106.793558,
                20.706876
              ],
              [
                106.793532,
                20.706879
              ],
              [
                106.793502,
                20.706882
              ],
              [
                106.793472,
                20.706886
              ],
              [
                106.793443,
                20.706886
              ],
              [
                106.793415,
                20.706886
              ],
              [
                106.793386,
                20.70688
              ],
              [
                106.793364,
                20.706872
              ],
              [
                106.792524,
                20.705546
              ],
              [
                106.792407,
                20.705312
              ],
              [
                106.792397,
                20.705295
              ],
              [
                106.792366,
                20.705245
              ],
              [
                106.792355,
                20.705188
              ],
              [
                106.792395,
                20.705149
              ],
              [
                106.792491,
                20.705115
              ],
              [
                106.792551,
                20.705062
              ],
              [
                106.792573,
                20.705019
              ],
              [
                106.792575,
                20.704999
              ],
              [
                106.792559,
                20.704938
              ],
              [
                106.792507,
                20.704837
              ],
              [
                106.792507,
                20.704837
              ],
              [
                106.792493,
                20.704809
              ],
              [
                106.792421,
                20.704757
              ],
              [
                106.792294,
                20.704734
              ],
              [
                106.792151,
                20.704736
              ],
              [
                106.7921,
                20.704722
              ],
              [
                106.792039,
                20.704665
              ],
              [
                106.791938,
                20.704425
              ],
              [
                106.791898,
                20.704327
              ],
              [
                106.791879,
                20.704203
              ],
              [
                106.791854,
                20.704041
              ],
              [
                106.791832,
                20.703965
              ],
              [
                106.791845,
                20.70391
              ],
              [
                106.79187,
                20.703881
              ],
              [
                106.791991,
                20.703818
              ],
              [
                106.792008,
                20.703782
              ],
              [
                106.792007,
                20.703684
              ],
              [
                106.791994,
                20.703634
              ],
              [
                106.791809,
                20.703215
              ],
              [
                106.791773,
                20.703189
              ],
              [
                106.791742,
                20.703185
              ],
              [
                106.791636,
                20.703198
              ],
              [
                106.791607,
                20.703182
              ],
              [
                106.791591,
                20.703125
              ],
              [
                106.791517,
                20.702868
              ],
              [
                106.791505,
                20.702825
              ],
              [
                106.791441,
                20.702576
              ],
              [
                106.791431,
                20.702541
              ],
              [
                106.791386,
                20.702389
              ],
              [
                106.791301,
                20.7021
              ],
              [
                106.79121,
                20.701831
              ],
              [
                106.791156,
                20.701671
              ],
              [
                106.791064,
                20.701356
              ],
              [
                106.791069,
                20.701236
              ],
              [
                106.791112,
                20.701158
              ],
              [
                106.791187,
                20.701062
              ],
              [
                106.791395,
                20.700904
              ],
              [
                106.791509,
                20.70084
              ],
              [
                106.791666,
                20.700752
              ],
              [
                106.79195,
                20.700617
              ],
              [
                106.792273,
                20.700495
              ],
              [
                106.792734,
                20.700299
              ],
              [
                106.792936,
                20.700213
              ],
              [
                106.793037,
                20.700116
              ],
              [
                106.793118,
                20.700002
              ],
              [
                106.793186,
                20.699846
              ],
              [
                106.793197,
                20.699744
              ],
              [
                106.793189,
                20.699601
              ],
              [
                106.793091,
                20.699345
              ],
              [
                106.793041,
                20.699205
              ],
              [
                106.793021,
                20.699151
              ],
              [
                106.792963,
                20.699053
              ],
              [
                106.792914,
                20.698969
              ],
              [
                106.792878,
                20.698868
              ],
              [
                106.792874,
                20.698794
              ],
              [
                106.792873,
                20.698653
              ],
              [
                106.792896,
                20.698477
              ],
              [
                106.792929,
                20.698324
              ],
              [
                106.79295,
                20.698189
              ],
              [
                106.79297,
                20.698013
              ],
              [
                106.792996,
                20.697854
              ],
              [
                106.793024,
                20.697723
              ],
              [
                106.793054,
                20.697615
              ],
              [
                106.793091,
                20.697519
              ],
              [
                106.793137,
                20.697426
              ],
              [
                106.793141,
                20.697418
              ],
              [
                106.793323,
                20.69705
              ],
              [
                106.79356,
                20.696836
              ],
              [
                106.793799,
                20.696697
              ],
              [
                106.794118,
                20.696601
              ],
              [
                106.794216,
                20.696575
              ],
              [
                106.794327,
                20.696556
              ],
              [
                106.794448,
                20.696558
              ],
              [
                106.794553,
                20.696601
              ],
              [
                106.794643,
                20.696657
              ],
              [
                106.794926,
                20.696788
              ],
              [
                106.794981,
                20.696816
              ],
              [
                106.795058,
                20.696826
              ],
              [
                106.79515,
                20.696827
              ],
              [
                106.795209,
                20.696825
              ],
              [
                106.795282,
                20.696824
              ],
              [
                106.795361,
                20.696833
              ],
              [
                106.795383,
                20.696837
              ],
              [
                106.795405,
                20.696842
              ],
              [
                106.795535,
                20.696862
              ],
              [
                106.795649,
                20.696872
              ],
              [
                106.795801,
                20.696867
              ],
              [
                106.795961,
                20.696847
              ],
              [
                106.796128,
                20.696813
              ],
              [
                106.796284,
                20.696772
              ],
              [
                106.796466,
                20.696695
              ],
              [
                106.79667,
                20.696581
              ],
              [
                106.796829,
                20.696472
              ],
              [
                106.796844,
                20.696464
              ],
              [
                106.796954,
                20.696399
              ],
              [
                106.797052,
                20.696348
              ],
              [
                106.797151,
                20.696297
              ],
              [
                106.797202,
                20.696272
              ],
              [
                106.797359,
                20.696188
              ],
              [
                106.797394,
                20.69617
              ],
              [
                106.797537,
                20.696084
              ],
              [
                106.797642,
                20.695993
              ],
              [
                106.797744,
                20.695859
              ],
              [
                106.797772,
                20.695823
              ],
              [
                106.797822,
                20.695756
              ],
              [
                106.797872,
                20.695689
              ],
              [
                106.798012,
                20.695496
              ],
              [
                106.798072,
                20.695409
              ],
              [
                106.798136,
                20.695265
              ],
              [
                106.798163,
                20.695165
              ],
              [
                106.798175,
                20.694956
              ],
              [
                106.798195,
                20.694648
              ],
              [
                106.798226,
                20.69442
              ],
              [
                106.798237,
                20.694339
              ],
              [
                106.798317,
                20.693825
              ],
              [
                106.798336,
                20.693707
              ],
              [
                106.798345,
                20.693415
              ],
              [
                106.798328,
                20.693228
              ],
              [
                106.798255,
                20.693095
              ],
              [
                106.798131,
                20.692948
              ],
              [
                106.798018,
                20.692878
              ],
              [
                106.797911,
                20.692812
              ],
              [
                106.797548,
                20.692577
              ],
              [
                106.797315,
                20.692429
              ],
              [
                106.797236,
                20.692379
              ],
              [
                106.797081,
                20.692255
              ],
              [
                106.797036,
                20.692219
              ],
              [
                106.796912,
                20.692082
              ],
              [
                106.796727,
                20.691864
              ],
              [
                106.796679,
                20.691793
              ],
              [
                106.796344,
                20.691297
              ],
              [
                106.796308,
                20.691243
              ],
              [
                106.796208,
                20.691065
              ],
              [
                106.796126,
                20.690919
              ],
              [
                106.795944,
                20.690596
              ],
              [
                106.795939,
                20.690586
              ],
              [
                106.79579,
                20.690321
              ],
              [
                106.7957,
                20.690145
              ],
              [
                106.795691,
                20.690126
              ],
              [
                106.795705,
                20.689992
              ],
              [
                106.795678,
                20.689844
              ],
              [
                106.795629,
                20.689601
              ],
              [
                106.79559,
                20.689296
              ],
              [
                106.795574,
                20.689169
              ],
              [
                106.795507,
                20.688661
              ],
              [
                106.79548,
                20.688337
              ],
              [
                106.795476,
                20.688279
              ],
              [
                106.795453,
                20.687997
              ],
              [
                106.795445,
                20.687684
              ],
              [
                106.795435,
                20.687333
              ],
              [
                106.79546,
                20.686874
              ],
              [
                106.795536,
                20.686447
              ],
              [
                106.795576,
                20.686286
              ],
              [
                106.795633,
                20.68605
              ],
              [
                106.795654,
                20.685962
              ],
              [
                106.79566,
                20.685938
              ],
              [
                106.795689,
                20.685813
              ],
              [
                106.795792,
                20.685549
              ],
              [
                106.795911,
                20.685237
              ],
              [
                106.795931,
                20.685193
              ],
              [
                106.79603,
                20.684979
              ],
              [
                106.796089,
                20.68485
              ],
              [
                106.796298,
                20.684461
              ],
              [
                106.796475,
                20.684191
              ],
              [
                106.796626,
                20.684065
              ],
              [
                106.796713,
                20.684005
              ],
              [
                106.796916,
                20.683983
              ],
              [
                106.797144,
                20.683924
              ],
              [
                106.797214,
                20.683908
              ],
              [
                106.797326,
                20.683884
              ],
              [
                106.797509,
                20.683843
              ],
              [
                106.797799,
                20.683718
              ],
              [
                106.79809,
                20.683594
              ],
              [
                106.798249,
                20.683515
              ],
              [
                106.798443,
                20.683435
              ],
              [
                106.798728,
                20.683333
              ],
              [
                106.798942,
                20.6833
              ],
              [
                106.79915,
                20.683298
              ],
              [
                106.799328,
                20.683315
              ],
              [
                106.799531,
                20.683342
              ],
              [
                106.79974,
                20.683378
              ],
              [
                106.799923,
                20.683414
              ],
              [
                106.800116,
                20.68344
              ],
              [
                106.800175,
                20.683467
              ],
              [
                106.80022,
                20.683506
              ],
              [
                106.80026,
                20.683559
              ],
              [
                106.800449,
                20.683605
              ],
              [
                106.80048,
                20.68361
              ],
              [
                106.800514,
                20.683615
              ],
              [
                106.800535,
                20.683618
              ],
              [
                106.800577,
                20.683625
              ],
              [
                106.800622,
                20.683632
              ],
              [
                106.800729,
                20.683638
              ],
              [
                106.800869,
                20.683663
              ],
              [
                106.800986,
                20.683691
              ],
              [
                106.801045,
                20.683704
              ],
              [
                106.801103,
                20.683718
              ],
              [
                106.801117,
                20.683727
              ],
              [
                106.801247,
                20.683803
              ],
              [
                106.801472,
                20.683934
              ],
              [
                106.801787,
                20.684146
              ],
              [
                106.80185,
                20.684188
              ],
              [
                106.802178,
                20.684357
              ],
              [
                106.802484,
                20.684497
              ],
              [
                106.802729,
                20.684581
              ],
              [
                106.802993,
                20.684616
              ],
              [
                106.803298,
                20.684594
              ],
              [
                106.80352,
                20.684525
              ],
              [
                106.803732,
                20.684417
              ],
              [
                106.803933,
                20.684195
              ],
              [
                106.804113,
                20.683926
              ],
              [
                106.804301,
                20.683503
              ],
              [
                106.80446,
                20.683205
              ],
              [
                106.804638,
                20.682821
              ],
              [
                106.804767,
                20.6826
              ],
              [
                106.804926,
                20.682283
              ],
              [
                106.804959,
                20.682181
              ],
              [
                106.80503,
                20.681876
              ],
              [
                106.805041,
                20.681728
              ],
              [
                106.805047,
                20.681587
              ],
              [
                106.805041,
                20.6815
              ],
              [
                106.8051,
                20.681227
              ],
              [
                106.805177,
                20.680975
              ],
              [
                106.805338,
                20.680726
              ],
              [
                106.805591,
                20.680551
              ],
              [
                106.805708,
                20.680526
              ],
              [
                106.805871,
                20.680491
              ],
              [
                106.806054,
                20.680467
              ],
              [
                106.806232,
                20.680484
              ],
              [
                106.806324,
                20.680526
              ],
              [
                106.806341,
                20.680594
              ],
              [
                106.806356,
                20.680659
              ],
              [
                106.806311,
                20.680726
              ],
              [
                106.806277,
                20.680763
              ],
              [
                106.806255,
                20.680788
              ],
              [
                106.806245,
                20.680821
              ],
              [
                106.806243,
                20.680863
              ],
              [
                106.80623,
                20.680922
              ],
              [
                106.80624,
                20.680951
              ],
              [
                106.806259,
                20.680968
              ],
              [
                106.806289,
                20.680971
              ],
              [
                106.806334,
                20.680973
              ],
              [
                106.806381,
                20.680968
              ],
              [
                106.806417,
                20.680949
              ],
              [
                106.806459,
                20.68092
              ],
              [
                106.806489,
                20.680889
              ],
              [
                106.806511,
                20.680858
              ],
              [
                106.806529,
                20.680802
              ],
              [
                106.806545,
                20.680743
              ],
              [
                106.806564,
                20.680649
              ],
              [
                106.806577,
                20.680592
              ],
              [
                106.806593,
                20.68053
              ],
              [
                106.806617,
                20.680482
              ],
              [
                106.80664,
                20.680434
              ],
              [
                106.806666,
                20.680399
              ],
              [
                106.806732,
                20.680349
              ],
              [
                106.80679,
                20.680303
              ],
              [
                106.806827,
                20.680266
              ],
              [
                106.80687,
                20.680218
              ],
              [
                106.806945,
                20.680126
              ],
              [
                106.806997,
                20.680045
              ],
              [
                106.80704,
                20.679965
              ],
              [
                106.807079,
                20.679881
              ],
              [
                106.807091,
                20.679809
              ],
              [
                106.807098,
                20.679759
              ],
              [
                106.807111,
                20.679726
              ],
              [
                106.807142,
                20.679632
              ],
              [
                106.807162,
                20.679572
              ],
              [
                106.807165,
                20.679561
              ],
              [
                106.807179,
                20.679505
              ],
              [
                106.807189,
                20.679464
              ],
              [
                106.807203,
                20.679402
              ],
              [
                106.807233,
                20.679311
              ],
              [
                106.807247,
                20.679265
              ],
              [
                106.807277,
                20.679215
              ],
              [
                106.807322,
                20.679138
              ],
              [
                106.807415,
                20.678986
              ],
              [
                106.807561,
                20.678766
              ],
              [
                106.807867,
                20.678246
              ],
              [
                106.808062,
                20.677943
              ],
              [
                106.808167,
                20.67782
              ],
              [
                106.808439,
                20.677595
              ],
              [
                106.808921,
                20.677167
              ],
              [
                106.809154,
                20.677019
              ],
              [
                106.809254,
                20.676955
              ],
              [
                106.80934,
                20.67689
              ],
              [
                106.809435,
                20.676817
              ],
              [
                106.809548,
                20.676687
              ],
              [
                106.809706,
                20.676521
              ],
              [
                106.809759,
                20.67647
              ],
              [
                106.809856,
                20.676397
              ],
              [
                106.809897,
                20.676368
              ],
              [
                106.809969,
                20.676328
              ],
              [
                106.810011,
                20.676313
              ],
              [
                106.810045,
                20.676281
              ],
              [
                106.810056,
                20.676259
              ],
              [
                106.810056,
                20.676234
              ],
              [
                106.810048,
                20.676202
              ],
              [
                106.810025,
                20.676184
              ],
              [
                106.810013,
                20.676163
              ],
              [
                106.810014,
                20.67613
              ],
              [
                106.810035,
                20.676015
              ],
              [
                106.810116,
                20.675799
              ],
              [
                106.810182,
                20.675555
              ],
              [
                106.81021,
                20.675354
              ],
              [
                106.810223,
                20.675131
              ],
              [
                106.810197,
                20.674888
              ],
              [
                106.810119,
                20.674709
              ],
              [
                106.809894,
                20.674404
              ],
              [
                106.809533,
                20.673949
              ],
              [
                106.809389,
                20.673761
              ],
              [
                106.80935,
                20.673669
              ],
              [
                106.809338,
                20.673612
              ],
              [
                106.809341,
                20.673603
              ],
              [
                106.809493,
                20.673452
              ],
              [
                106.809785,
                20.673172
              ],
              [
                106.809873,
                20.673116
              ],
              [
                106.809926,
                20.673118
              ],
              [
                106.810008,
                20.67315
              ],
              [
                106.810064,
                20.673188
              ],
              [
                106.810218,
                20.673349
              ],
              [
                106.810269,
                20.673363
              ],
              [
                106.810307,
                20.673348
              ],
              [
                106.810325,
                20.673321
              ],
              [
                106.810327,
                20.673283
              ],
              [
                106.810167,
                20.673094
              ],
              [
                106.809903,
                20.672806
              ],
              [
                106.809698,
                20.672617
              ],
              [
                106.809671,
                20.672566
              ],
              [
                106.809678,
                20.672523
              ],
              [
                106.809758,
                20.672402
              ],
              [
                106.809767,
                20.672359
              ],
              [
                106.809747,
                20.672321
              ],
              [
                106.809701,
                20.672296
              ],
              [
                106.809662,
                20.672296
              ],
              [
                106.809627,
                20.672303
              ],
              [
                106.809504,
                20.672434
              ],
              [
                106.809434,
                20.672482
              ],
              [
                106.809391,
                20.67249
              ],
              [
                106.809254,
                20.672417
              ],
              [
                106.808689,
                20.672043
              ],
              [
                106.808459,
                20.671884
              ],
              [
                106.808381,
                20.671775
              ],
              [
                106.808352,
                20.671691
              ],
              [
                106.808303,
                20.671632
              ],
              [
                106.80824,
                20.671603
              ],
              [
                106.808163,
                20.671604
              ],
              [
                106.80811,
                20.671613
              ],
              [
                106.80806,
                20.671682
              ],
              [
                106.808045,
                20.671769
              ],
              [
                106.808052,
                20.671796
              ],
              [
                106.809331,
                20.672641
              ],
              [
                106.808854,
                20.673145
              ],
              [
                106.808809,
                20.673196
              ],
              [
                106.808712,
                20.673165
              ],
              [
                106.808633,
                20.673104
              ],
              [
                106.808144,
                20.672712
              ],
              [
                106.807656,
                20.672356
              ],
              [
                106.807628,
                20.672337
              ],
              [
                106.806879,
                20.671918
              ],
              [
                106.806183,
                20.671621
              ],
              [
                106.805754,
                20.671487
              ],
              [
                106.805636,
                20.671469
              ],
              [
                106.805317,
                20.671435
              ],
              [
                106.804997,
                20.67144
              ],
              [
                106.804786,
                20.671447
              ],
              [
                106.804776,
                20.671447
              ],
              [
                106.804036,
                20.671543
              ],
              [
                106.803691,
                20.671583
              ],
              [
                106.803548,
                20.671605
              ],
              [
                106.803466,
                20.671617
              ],
              [
                106.803195,
                20.671668
              ],
              [
                106.803176,
                20.671672
              ],
              [
                106.80315,
                20.671678
              ],
              [
                106.803013,
                20.67171
              ],
              [
                106.802807,
                20.671758
              ],
              [
                106.802656,
                20.671809
              ],
              [
                106.802475,
                20.671881
              ],
              [
                106.802433,
                20.6719
              ],
              [
                106.802253,
                20.671986
              ],
              [
                106.802168,
                20.67203
              ],
              [
                106.802088,
                20.672081
              ],
              [
                106.801899,
                20.672201
              ],
              [
                106.801834,
                20.672256
              ],
              [
                106.801726,
                20.672346
              ],
              [
                106.80142,
                20.672601
              ],
              [
                106.801127,
                20.672845
              ],
              [
                106.800886,
                20.673046
              ],
              [
                106.800862,
                20.673065
              ],
              [
                106.800708,
                20.673196
              ],
              [
                106.800561,
                20.673321
              ],
              [
                106.800538,
                20.673341
              ],
              [
                106.80027,
                20.673588
              ],
              [
                106.800162,
                20.673725
              ],
              [
                106.800086,
                20.673823
              ],
              [
                106.80001,
                20.673931
              ],
              [
                106.799936,
                20.674036
              ],
              [
                106.799821,
                20.674238
              ],
              [
                106.799676,
                20.674565
              ],
              [
                106.799576,
                20.674791
              ],
              [
                106.799551,
                20.674846
              ],
              [
                106.799521,
                20.674914
              ],
              [
                106.799514,
                20.674931
              ],
              [
                106.799435,
                20.675109
              ],
              [
                106.799313,
                20.675397
              ],
              [
                106.799307,
                20.675411
              ],
              [
                106.799264,
                20.675512
              ],
              [
                106.799221,
                20.675659
              ],
              [
                106.799206,
                20.67571
              ],
              [
                106.799184,
                20.675829
              ],
              [
                106.799181,
                20.675902
              ],
              [
                106.79918,
                20.675913
              ],
              [
                106.799178,
                20.675961
              ],
              [
                106.799183,
                20.676004
              ],
              [
                106.79919,
                20.676057
              ],
              [
                106.799191,
                20.676062
              ],
              [
                106.799199,
                20.676083
              ],
              [
                106.799212,
                20.676118
              ],
              [
                106.799219,
                20.676136
              ],
              [
                106.799225,
                20.67615
              ],
              [
                106.79924,
                20.676189
              ],
              [
                106.79924,
                20.676189
              ],
              [
                106.799242,
                20.676194
              ],
              [
                106.799249,
                20.676208
              ],
              [
                106.79928,
                20.676269
              ],
              [
                106.799328,
                20.676361
              ],
              [
                106.799339,
                20.676377
              ],
              [
                106.799351,
                20.676395
              ],
              [
                106.799355,
                20.6764
              ],
              [
                106.799394,
                20.676455
              ],
              [
                106.799424,
                20.676496
              ],
              [
                106.799435,
                20.676512
              ],
              [
                106.799484,
                20.676581
              ],
              [
                106.79949,
                20.676589
              ],
              [
                106.799492,
                20.67659
              ],
              [
                106.799574,
                20.676671
              ],
              [
                106.799589,
                20.676686
              ],
              [
                106.799595,
                20.676692
              ],
              [
                106.799617,
                20.676713
              ],
              [
                106.799641,
                20.676733
              ],
              [
                106.799668,
                20.676757
              ],
              [
                106.799704,
                20.676787
              ],
              [
                106.799755,
                20.676831
              ],
              [
                106.79976,
                20.676835
              ],
              [
                106.799808,
                20.676876
              ],
              [
                106.79982,
                20.676886
              ],
              [
                106.799833,
                20.676897
              ],
              [
                106.799894,
                20.676942
              ],
              [
                106.799925,
                20.676965
              ],
              [
                106.799943,
                20.676979
              ],
              [
                106.800007,
                20.677026
              ],
              [
                106.800021,
                20.677037
              ],
              [
                106.800048,
                20.677056
              ],
              [
                106.80008,
                20.677072
              ],
              [
                106.800123,
                20.677093
              ],
              [
                106.800153,
                20.677107
              ],
              [
                106.800211,
                20.677136
              ],
              [
                106.800218,
                20.677139
              ],
              [
                106.800247,
                20.677154
              ],
              [
                106.800283,
                20.677163
              ],
              [
                106.800286,
                20.677163
              ],
              [
                106.800325,
                20.677173
              ],
              [
                106.800375,
                20.677166
              ],
              [
                106.800424,
                20.677158
              ],
              [
                106.800481,
                20.677142
              ],
              [
                106.800506,
                20.677141
              ],
              [
                106.800532,
                20.677141
              ],
              [
                106.800536,
                20.677143
              ],
              [
                106.800572,
                20.677155
              ],
              [
                106.800583,
                20.677181
              ],
              [
                106.800581,
                20.677203
              ],
              [
                106.800568,
                20.677227
              ],
              [
                106.800569,
                20.677258
              ],
              [
                106.800579,
                20.677284
              ],
              [
                106.800604,
                20.677293
              ],
              [
                106.80063,
                20.677291
              ],
              [
                106.800655,
                20.677278
              ],
              [
                106.800678,
                20.677257
              ],
              [
                106.8007,
                20.677235
              ],
              [
                106.800724,
                20.677211
              ],
              [
                106.800748,
                20.677187
              ],
              [
                106.800783,
                20.677155
              ],
              [
                106.800818,
                20.677124
              ],
              [
                106.800864,
                20.677086
              ],
              [
                106.80091,
                20.677049
              ],
              [
                106.801024,
                20.676972
              ],
              [
                106.801288,
                20.676776
              ],
              [
                106.801575,
                20.676522
              ],
              [
                106.801711,
                20.676449
              ],
              [
                106.801802,
                20.676441
              ],
              [
                106.801894,
                20.676497
              ],
              [
                106.801929,
                20.676526
              ],
              [
                106.801965,
                20.676555
              ],
              [
                106.801987,
                20.676572
              ],
              [
                106.80203,
                20.676726
              ],
              [
                106.802069,
                20.676786
              ],
              [
                106.802138,
                20.676825
              ],
              [
                106.802249,
                20.67686
              ],
              [
                106.802303,
                20.676895
              ],
              [
                106.802357,
                20.676955
              ],
              [
                106.802408,
                20.676999
              ],
              [
                106.802499,
                20.677033
              ],
              [
                106.802637,
                20.677056
              ],
              [
                106.80283,
                20.677047
              ],
              [
                106.803051,
                20.677038
              ],
              [
                106.8032,
                20.677061
              ],
              [
                106.803433,
                20.677141
              ],
              [
                106.80356,
                20.677229
              ],
              [
                106.803584,
                20.677312
              ],
              [
                106.803611,
                20.67739
              ],
              [
                106.803673,
                20.677461
              ],
              [
                106.803804,
                20.677557
              ],
              [
                106.803866,
                20.67766
              ],
              [
                106.803929,
                20.677878
              ],
              [
                106.804051,
                20.678189
              ],
              [
                106.804114,
                20.678415
              ],
              [
                106.80408,
                20.678517
              ],
              [
                106.804018,
                20.678667
              ],
              [
                106.803969,
                20.678758
              ],
              [
                106.8039,
                20.678863
              ],
              [
                106.803788,
                20.679004
              ],
              [
                106.803494,
                20.679365
              ],
              [
                106.802879,
                20.679933
              ],
              [
                106.802469,
                20.680201
              ],
              [
                106.80233,
                20.680291
              ],
              [
                106.801702,
                20.680571
              ],
              [
                106.801453,
                20.680683
              ],
              [
                106.801184,
                20.680781
              ],
              [
                106.801004,
                20.680826
              ],
              [
                106.800902,
                20.680818
              ],
              [
                106.800832,
                20.680779
              ],
              [
                106.800663,
                20.680685
              ],
              [
                106.800619,
                20.68058
              ],
              [
                106.800493,
                20.680228
              ],
              [
                106.800314,
                20.679671
              ],
              [
                106.80007,
                20.679252
              ],
              [
                106.799765,
                20.678759
              ],
              [
                106.799438,
                20.678369
              ],
              [
                106.799261,
                20.678219
              ],
              [
                106.798851,
                20.677946
              ],
              [
                106.798291,
                20.677799
              ],
              [
                106.797808,
                20.677751
              ],
              [
                106.797316,
                20.677819
              ],
              [
                106.797143,
                20.677888
              ],
              [
                106.796927,
                20.677976
              ],
              [
                106.796377,
                20.678335
              ],
              [
                106.796037,
                20.678735
              ],
              [
                106.795849,
                20.679163
              ],
              [
                106.795782,
                20.679546
              ],
              [
                106.795782,
                20.679976
              ],
              [
                106.79581,
                20.6802
              ],
              [
                106.796019,
                20.680724
              ],
              [
                106.796264,
                20.681106
              ],
              [
                106.796299,
                20.681161
              ],
              [
                106.796383,
                20.681339
              ],
              [
                106.7965,
                20.681462
              ],
              [
                106.796489,
                20.681564
              ],
              [
                106.796483,
                20.681618
              ],
              [
                106.796399,
                20.681689
              ],
              [
                106.79634,
                20.681738
              ],
              [
                106.79616,
                20.681821
              ],
              [
                106.795945,
                20.681937
              ],
              [
                106.795713,
                20.682128
              ],
              [
                106.795381,
                20.682418
              ],
              [
                106.795313,
                20.682444
              ],
              [
                106.79524,
                20.682423
              ],
              [
                106.79511,
                20.682335
              ],
              [
                106.795068,
                20.682346
              ],
              [
                106.79488,
                20.682556
              ],
              [
                106.794149,
                20.683248
              ],
              [
                106.793935,
                20.683487
              ],
              [
                106.793909,
                20.683552
              ],
              [
                106.793931,
                20.683598
              ],
              [
                106.794007,
                20.683643
              ],
              [
                106.794029,
                20.683656
              ],
              [
                106.79419,
                20.683753
              ],
              [
                106.794197,
                20.683809
              ],
              [
                106.794188,
                20.683854
              ],
              [
                106.794153,
                20.683899
              ],
              [
                106.794106,
                20.683909
              ],
              [
                106.794061,
                20.683906
              ],
              [
                106.793949,
                20.683851
              ],
              [
                106.793888,
                20.683831
              ],
              [
                106.793867,
                20.68384
              ],
              [
                106.793833,
                20.683906
              ],
              [
                106.793836,
                20.683918
              ],
              [
                106.793948,
                20.683982
              ],
              [
                106.79396,
                20.684014
              ],
              [
                106.793961,
                20.684082
              ],
              [
                106.79392,
                20.684172
              ],
              [
                106.793868,
                20.684276
              ],
              [
                106.793774,
                20.684381
              ],
              [
                106.793518,
                20.684661
              ],
              [
                106.793495,
                20.6847
              ],
              [
                106.793403,
                20.684654
              ],
              [
                106.793285,
                20.684611
              ],
              [
                106.793225,
                20.684606
              ],
              [
                106.793175,
                20.684651
              ],
              [
                106.79292,
                20.685138
              ],
              [
                106.792827,
                20.685345
              ],
              [
                106.792557,
                20.686103
              ],
              [
                106.792482,
                20.686265
              ],
              [
                106.792439,
                20.686308
              ],
              [
                106.792404,
                20.686335
              ],
              [
                106.792331,
                20.686354
              ],
              [
                106.79231,
                20.686371
              ],
              [
                106.792278,
                20.686445
              ],
              [
                106.792292,
                20.68648
              ],
              [
                106.792338,
                20.686504
              ],
              [
                106.792452,
                20.686567
              ],
              [
                106.792532,
                20.686612
              ],
              [
                106.792594,
                20.686647
              ],
              [
                106.792624,
                20.686676
              ],
              [
                106.792641,
                20.6867
              ],
              [
                106.792587,
                20.68678
              ],
              [
                106.7923,
                20.687244
              ],
              [
                106.791895,
                20.687799
              ],
              [
                106.791825,
                20.687853
              ],
              [
                106.791757,
                20.687874
              ],
              [
                106.791565,
                20.687761
              ],
              [
                106.791358,
                20.687663
              ],
              [
                106.790991,
                20.687552
              ],
              [
                106.790762,
                20.687522
              ],
              [
                106.790484,
                20.687518
              ],
              [
                106.790229,
                20.687545
              ],
              [
                106.789971,
                20.687623
              ],
              [
                106.789781,
                20.6877
              ],
              [
                106.789573,
                20.687832
              ],
              [
                106.789464,
                20.687919
              ],
              [
                106.789367,
                20.688083
              ],
              [
                106.789351,
                20.688162
              ],
              [
                106.789349,
                20.688207
              ],
              [
                106.789369,
                20.688422
              ],
              [
                106.789399,
                20.688687
              ],
              [
                106.789451,
                20.688866
              ],
              [
                106.789537,
                20.689066
              ],
              [
                106.78963,
                20.689191
              ],
              [
                106.78978,
                20.689357
              ],
              [
                106.789938,
                20.689517
              ],
              [
                106.790016,
                20.689649
              ],
              [
                106.790048,
                20.689735
              ],
              [
                106.790049,
                20.689821
              ],
              [
                106.790019,
                20.689882
              ],
              [
                106.789959,
                20.68994
              ],
              [
                106.789879,
                20.689998
              ],
              [
                106.789777,
                20.690031
              ],
              [
                106.789617,
                20.690051
              ],
              [
                106.789446,
                20.690042
              ],
              [
                106.7894,
                20.690026
              ],
              [
                106.789289,
                20.689986
              ],
              [
                106.789158,
                20.689905
              ],
              [
                106.789089,
                20.689779
              ],
              [
                106.789084,
                20.68977
              ],
              [
                106.789084,
                20.689738
              ],
              [
                106.789083,
                20.689622
              ],
              [
                106.789082,
                20.689605
              ],
              [
                106.789093,
                20.689565
              ],
              [
                106.789097,
                20.689548
              ],
              [
                106.789119,
                20.689461
              ],
              [
                106.789192,
                20.689343
              ],
              [
                106.789207,
                20.689311
              ],
              [
                106.789264,
                20.689151
              ],
              [
                106.789288,
                20.689053
              ],
              [
                106.789293,
                20.689003
              ],
              [
                106.789295,
                20.688932
              ],
              [
                106.789294,
                20.688891
              ],
              [
                106.789259,
                20.688544
              ],
              [
                106.789239,
                20.688326
              ],
              [
                106.789202,
                20.688195
              ],
              [
                106.789134,
                20.688106
              ],
              [
                106.789077,
                20.688056
              ],
              [
                106.789043,
                20.688037
              ],
              [
                106.788847,
                20.687924
              ],
              [
                106.788607,
                20.687812
              ],
              [
                106.788461,
                20.687763
              ],
              [
                106.788327,
                20.687744
              ],
              [
                106.788181,
                20.687757
              ],
              [
                106.788004,
                20.687819
              ],
              [
                106.787906,
                20.687868
              ],
              [
                106.787843,
                20.687901
              ],
              [
                106.787536,
                20.688068
              ],
              [
                106.78729,
                20.688246
              ],
              [
                106.787261,
                20.68827
              ],
              [
                106.78707,
                20.688422
              ],
              [
                106.786973,
                20.688517
              ],
              [
                106.786913,
                20.688576
              ],
              [
                106.786791,
                20.688748
              ],
              [
                106.786717,
                20.688934
              ],
              [
                106.786626,
                20.689233
              ],
              [
                106.786584,
                20.689449
              ],
              [
                106.78658,
                20.68948
              ],
              [
                106.786595,
                20.689776
              ],
              [
                106.786617,
                20.689979
              ],
              [
                106.786655,
                20.690127
              ],
              [
                106.786696,
                20.690225
              ],
              [
                106.78673,
                20.690293
              ],
              [
                106.786763,
                20.690332
              ],
              [
                106.786764,
                20.690334
              ],
              [
                106.786807,
                20.690364
              ],
              [
                106.787002,
                20.690388
              ],
              [
                106.787054,
                20.690399
              ],
              [
                106.787347,
                20.690443
              ],
              [
                106.787563,
                20.69047
              ],
              [
                106.78763,
                20.690473
              ],
              [
                106.787639,
                20.690474
              ],
              [
                106.787732,
                20.690463
              ],
              [
                106.787868,
                20.690435
              ],
              [
                106.787883,
                20.690428
              ],
              [
                106.787973,
                20.690384
              ],
              [
                106.78819,
                20.690315
              ],
              [
                106.78832,
                20.690308
              ],
              [
                106.788428,
                20.690336
              ],
              [
                106.788573,
                20.690443
              ],
              [
                106.788627,
                20.690498
              ],
              [
                106.788662,
                20.690568
              ],
              [
                106.788665,
                20.690658
              ],
              [
                106.788619,
                20.69086
              ],
              [
                106.788599,
                20.690919
              ],
              [
                106.788574,
                20.690998
              ],
              [
                106.788542,
                20.691055
              ],
              [
                106.788502,
                20.691082
              ],
              [
                106.788439,
                20.691098
              ],
              [
                106.788347,
                20.691111
              ],
              [
                106.788293,
                20.691108
              ],
              [
                106.788238,
                20.691093
              ],
              [
                106.788166,
                20.691061
              ],
              [
                106.788068,
                20.690995
              ],
              [
                106.787927,
                20.690836
              ],
              [
                106.787849,
                20.690741
              ],
              [
                106.787767,
                20.690665
              ],
              [
                106.7877,
                20.690616
              ],
              [
                106.787623,
                20.690576
              ],
              [
                106.78756,
                20.690554
              ],
              [
                106.787457,
                20.690535
              ],
              [
                106.787291,
                20.690516
              ],
              [
                106.786887,
                20.690433
              ],
              [
                106.786793,
                20.690436
              ],
              [
                106.78679,
                20.690437
              ],
              [
                106.786712,
                20.690468
              ],
              [
                106.786619,
                20.690565
              ],
              [
                106.786516,
                20.690683
              ],
              [
                106.786365,
                20.690907
              ],
              [
                106.786307,
                20.691024
              ],
              [
                106.786248,
                20.691207
              ],
              [
                106.786204,
                20.691389
              ],
              [
                106.786193,
                20.691528
              ],
              [
                106.7862,
                20.691702
              ],
              [
                106.786226,
                20.691929
              ],
              [
                106.786296,
                20.692248
              ],
              [
                106.786398,
                20.692525
              ],
              [
                106.786485,
                20.692676
              ],
              [
                106.786605,
                20.692881
              ],
              [
                106.786714,
                20.693005
              ],
              [
                106.786807,
                20.693088
              ],
              [
                106.786948,
                20.693176
              ],
              [
                106.787137,
                20.693297
              ],
              [
                106.78725,
                20.693343
              ],
              [
                106.787543,
                20.693441
              ],
              [
                106.787666,
                20.693482
              ],
              [
                106.787774,
                20.693496
              ],
              [
                106.78779,
                20.693497
              ],
              [
                106.78786,
                20.693498
              ],
              [
                106.787942,
                20.693474
              ],
              [
                106.787968,
                20.693456
              ],
              [
                106.787998,
                20.693434
              ],
              [
                106.788026,
                20.693415
              ],
              [
                106.788106,
                20.693319
              ],
              [
                106.78817,
                20.693248
              ],
              [
                106.788242,
                20.693167
              ],
              [
                106.788324,
                20.693075
              ],
              [
                106.788333,
                20.693065
              ],
              [
                106.788405,
                20.692984
              ],
              [
                106.78849,
                20.692873
              ],
              [
                106.788556,
                20.692746
              ],
              [
                106.788584,
                20.692674
              ],
              [
                106.788605,
                20.692617
              ],
              [
                106.78862,
                20.69253
              ],
              [
                106.788624,
                20.692452
              ],
              [
                106.788621,
                20.69238
              ],
              [
                106.788619,
                20.692307
              ],
              [
                106.788619,
                20.692304
              ],
              [
                106.788632,
                20.692194
              ],
              [
                106.788663,
                20.6921
              ],
              [
                106.788713,
                20.692009
              ],
              [
                106.78878,
                20.691969
              ],
              [
                106.788881,
                20.691935
              ],
              [
                106.788966,
                20.691927
              ],
              [
                106.789054,
                20.691943
              ],
              [
                106.789145,
                20.691971
              ],
              [
                106.789217,
                20.692018
              ],
              [
                106.789253,
                20.692074
              ],
              [
                106.789271,
                20.692101
              ],
              [
                106.789284,
                20.692183
              ],
              [
                106.789279,
                20.692246
              ],
              [
                106.789258,
                20.692298
              ],
              [
                106.789255,
                20.692305
              ],
              [
                106.789243,
                20.692335
              ],
              [
                106.789171,
                20.692425
              ],
              [
                106.78905,
                20.692526
              ],
              [
                106.788911,
                20.692642
              ],
              [
                106.788738,
                20.69278
              ],
              [
                106.788664,
                20.692842
              ],
              [
                106.788532,
                20.692996
              ],
              [
                106.788467,
                20.693073
              ],
              [
                106.788335,
                20.69323
              ],
              [
                106.788189,
                20.693403
              ],
              [
                106.788182,
                20.693413
              ],
              [
                106.788118,
                20.693507
              ],
              [
                106.788107,
                20.693524
              ],
              [
                106.788103,
                20.693564
              ],
              [
                106.788125,
                20.693645
              ],
              [
                106.788133,
                20.6937
              ],
              [
                106.788136,
                20.693715
              ],
              [
                106.788159,
                20.693795
              ],
              [
                106.78819,
                20.69386
              ],
              [
                106.788297,
                20.693985
              ],
              [
                106.788344,
                20.694028
              ],
              [
                106.788437,
                20.694114
              ],
              [
                106.788572,
                20.694206
              ],
              [
                106.788748,
                20.694286
              ],
              [
                106.789072,
                20.694366
              ],
              [
                106.789096,
                20.694372
              ],
              [
                106.789353,
                20.694422
              ],
              [
                106.789372,
                20.694426
              ],
              [
                106.789373,
                20.694426
              ],
              [
                106.789377,
                20.694427
              ],
              [
                106.78945,
                20.694427
              ],
              [
                106.789524,
                20.694427
              ],
              [
                106.789576,
                20.694427
              ],
              [
                106.789586,
                20.694424
              ],
              [
                106.789639,
                20.694407
              ],
              [
                106.789642,
                20.694405
              ],
              [
                106.789664,
                20.694399
              ],
              [
                106.789691,
                20.694372
              ],
              [
                106.789695,
                20.694367
              ],
              [
                106.789697,
                20.694365
              ],
              [
                106.789704,
                20.694355
              ],
              [
                106.789704,
                20.694354
              ],
              [
                106.789724,
                20.694326
              ],
              [
                106.78976,
                20.694285
              ],
              [
                106.789788,
                20.694268
              ],
              [
                106.789847,
                20.694258
              ],
              [
                106.789852,
                20.694257
              ],
              [
                106.789999,
                20.694243
              ],
              [
                106.790149,
                20.694209
              ],
              [
                106.790345,
                20.69414
              ],
              [
                106.790509,
                20.694075
              ],
              [
                106.790652,
                20.693993
              ],
              [
                106.790697,
                20.693968
              ],
              [
                106.790826,
                20.693877
              ],
              [
                106.790948,
                20.69377
              ],
              [
                106.791052,
                20.69367
              ],
              [
                106.791057,
                20.693666
              ],
              [
                106.791097,
                20.693598
              ],
              [
                106.791116,
                20.69352
              ],
              [
                106.79111,
                20.693392
              ],
              [
                106.791037,
                20.693213
              ],
              [
                106.79098,
                20.69313
              ],
              [
                106.790924,
                20.693048
              ],
              [
                106.790884,
                20.692991
              ],
              [
                106.790732,
                20.692853
              ],
              [
                106.790628,
                20.692775
              ],
              [
                106.79055,
                20.692707
              ],
              [
                106.790241,
                20.692539
              ],
              [
                106.790145,
                20.69248
              ],
              [
                106.790039,
                20.692388
              ],
              [
                106.789988,
                20.692324
              ],
              [
                106.789984,
                20.692297
              ],
              [
                106.789983,
                20.69229
              ],
              [
                106.789978,
                20.69226
              ],
              [
                106.789979,
                20.692186
              ],
              [
                106.790001,
                20.692126
              ],
              [
                106.790045,
                20.69208
              ],
              [
                106.790125,
                20.692033
              ],
              [
                106.790225,
                20.692003
              ],
              [
                106.790347,
                20.69201
              ],
              [
                106.790438,
                20.692049
              ],
              [
                106.790512,
                20.692119
              ],
              [
                106.790548,
                20.692205
              ],
              [
                106.790575,
                20.692283
              ],
              [
                106.790575,
                20.692284
              ],
              [
                106.790578,
                20.692291
              ],
              [
                106.790609,
                20.692371
              ],
              [
                106.790795,
                20.692696
              ],
              [
                106.790944,
                20.692941
              ],
              [
                106.79096,
                20.692965
              ],
              [
                106.791211,
                20.693341
              ],
              [
                106.791212,
                20.693342
              ],
              [
                106.791303,
                20.693479
              ],
              [
                106.791409,
                20.693628
              ],
              [
                106.791455,
                20.693692
              ],
              [
                106.791525,
                20.693792
              ],
              [
                106.791616,
                20.693915
              ],
              [
                106.791667,
                20.693984
              ],
              [
                106.791714,
                20.694043
              ],
              [
                106.791748,
                20.694088
              ],
              [
                106.791781,
                20.694158
              ],
              [
                106.791769,
                20.694199
              ],
              [
                106.791766,
                20.694208
              ],
              [
                106.791732,
                20.694243
              ],
              [
                106.791621,
                20.694268
              ],
              [
                106.791416,
                20.694323
              ],
              [
                106.791171,
                20.694404
              ],
              [
                106.790957,
                20.694485
              ],
              [
                106.790586,
                20.694619
              ],
              [
                106.789709,
                20.694613
              ],
              [
                106.789579,
                20.694612
              ],
              [
                106.789301,
                20.694661
              ],
              [
                106.788861,
                20.694754
              ],
              [
                106.788681,
                20.694794
              ],
              [
                106.788553,
                20.694815
              ],
              [
                106.788433,
                20.694815
              ],
              [
                106.788279,
                20.694808
              ],
              [
                106.787999,
                20.694822
              ],
              [
                106.787767,
                20.694882
              ],
              [
                106.787744,
                20.694888
              ],
              [
                106.78774,
                20.694889
              ],
              [
                106.787429,
                20.694993
              ],
              [
                106.787217,
                20.695052
              ],
              [
                106.787073,
                20.695168
              ],
              [
                106.787033,
                20.695207
              ],
              [
                106.786983,
                20.695255
              ],
              [
                106.786785,
                20.695347
              ],
              [
                106.786579,
                20.695416
              ],
              [
                106.786148,
                20.69556
              ],
              [
                106.785944,
                20.695634
              ],
              [
                106.78567,
                20.695721
              ],
              [
                106.78565,
                20.695741
              ],
              [
                106.785602,
                20.695786
              ],
              [
                106.78558,
                20.695865
              ],
              [
                106.785569,
                20.69588
              ],
              [
                106.78552,
                20.695945
              ],
              [
                106.785422,
                20.696003
              ],
              [
                106.78529,
                20.696071
              ],
              [
                106.785179,
                20.696127
              ],
              [
                106.785036,
                20.696201
              ],
              [
                106.784968,
                20.696294
              ],
              [
                106.784917,
                20.69646
              ],
              [
                106.784913,
                20.69654
              ],
              [
                106.784911,
                20.696545
              ],
              [
                106.784894,
                20.696736
              ],
              [
                106.784878,
                20.69688
              ],
              [
                106.784877,
                20.696886
              ],
              [
                106.784877,
                20.696886
              ],
              [
                106.784876,
                20.69689
              ],
              [
                106.78484,
                20.697027
              ],
              [
                106.784727,
                20.697193
              ],
              [
                106.784703,
                20.697234
              ],
              [
                106.78463,
                20.697359
              ],
              [
                106.78463,
                20.69736
              ],
              [
                106.784578,
                20.697467
              ],
              [
                106.784618,
                20.697646
              ],
              [
                106.784971,
                20.698039
              ],
              [
                106.785053,
                20.698201
              ],
              [
                106.785065,
                20.698301
              ],
              [
                106.785014,
                20.698575
              ],
              [
                106.785006,
                20.6986
              ],
              [
                106.785001,
                20.698613
              ],
              [
                106.784993,
                20.698639
              ],
              [
                106.784974,
                20.6987
              ],
              [
                106.784934,
                20.698889
              ],
              [
                106.784898,
                20.699041
              ],
              [
                106.78489,
                20.699074
              ],
              [
                106.784861,
                20.699194
              ],
              [
                106.784838,
                20.699291
              ],
              [
                106.784708,
                20.699835
              ],
              [
                106.78466,
                20.699921
              ],
              [
                106.784576,
                20.699948
              ],
              [
                106.784504,
                20.699954
              ],
              [
                106.784283,
                20.699949
              ],
              [
                106.784147,
                20.699925
              ],
              [
                106.783554,
                20.699746
              ],
              [
                106.783107,
                20.699527
              ],
              [
                106.782861,
                20.699311
              ],
              [
                106.782768,
                20.69923
              ],
              [
                106.782213,
                20.698626
              ],
              [
                106.781719,
                20.698101
              ],
              [
                106.781708,
                20.698084
              ],
              [
                106.78163,
                20.697969
              ],
              [
                106.781571,
                20.697882
              ],
              [
                106.781496,
                20.697771
              ],
              [
                106.781365,
                20.697402
              ],
              [
                106.781336,
                20.697103
              ],
              [
                106.781276,
                20.696339
              ],
              [
                106.781334,
                20.695837
              ],
              [
                106.78134,
                20.695821
              ],
              [
                106.781464,
                20.695505
              ],
              [
                106.781556,
                20.695273
              ],
              [
                106.781726,
                20.694602
              ],
              [
                106.781873,
                20.693763
              ],
              [
                106.781904,
                20.693584
              ],
              [
                106.78202,
                20.692663
              ],
              [
                106.782111,
                20.69228
              ],
              [
                106.782205,
                20.692153
              ],
              [
                106.782324,
                20.692003
              ],
              [
                106.782455,
                20.691798
              ],
              [
                106.782497,
                20.691624
              ],
              [
                106.782501,
                20.691403
              ],
              [
                106.782524,
                20.691206
              ],
              [
                106.782566,
                20.691008
              ],
              [
                106.782726,
                20.690582
              ],
              [
                106.782819,
                20.690372
              ],
              [
                106.782901,
                20.690278
              ],
              [
                106.782976,
                20.690191
              ],
              [
                106.783044,
                20.690107
              ],
              [
                106.783068,
                20.689987
              ],
              [
                106.783066,
                20.689796
              ],
              [
                106.783103,
                20.689676
              ],
              [
                106.783165,
                20.68958
              ],
              [
                106.783234,
                20.68949
              ],
              [
                106.783346,
                20.689279
              ],
              [
                106.783401,
                20.689112
              ],
              [
                106.783456,
                20.688926
              ],
              [
                106.783511,
                20.688722
              ],
              [
                106.783585,
                20.688548
              ],
              [
                106.783723,
                20.688385
              ],
              [
                106.783797,
                20.688259
              ],
              [
                106.784216,
                20.68785
              ],
              [
                106.783962,
                20.687856
              ],
              [
                106.783714,
                20.687848
              ],
              [
                106.783504,
                20.687833
              ],
              [
                106.783277,
                20.687795
              ],
              [
                106.783026,
                20.687723
              ],
              [
                106.782435,
                20.68754
              ],
              [
                106.782281,
                20.687467
              ],
              [
                106.78208,
                20.687291
              ],
              [
                106.781839,
                20.686973
              ],
              [
                106.780956,
                20.685981
              ],
              [
                106.7804,
                20.685375
              ],
              [
                106.77998,
                20.684984
              ],
              [
                106.779567,
                20.684677
              ],
              [
                106.779006,
                20.684261
              ],
              [
                106.778014,
                20.683621
              ],
              [
                106.777839,
                20.683508
              ],
              [
                106.776368,
                20.682778
              ],
              [
                106.775267,
                20.682305
              ],
              [
                106.774377,
                20.681955
              ],
              [
                106.77249,
                20.681353
              ],
              [
                106.772063,
                20.681216
              ],
              [
                106.770946,
                20.680943
              ],
              [
                106.769805,
                20.680744
              ],
              [
                106.768623,
                20.680621
              ],
              [
                106.768381,
                20.680627
              ],
              [
                106.768055,
                20.680636
              ],
              [
                106.767484,
                20.680685
              ],
              [
                106.766872,
                20.680794
              ],
              [
                106.766469,
                20.680899
              ],
              [
                106.766101,
                20.681015
              ],
              [
                106.765418,
                20.681259
              ],
              [
                106.765105,
                20.681395
              ],
              [
                106.765044,
                20.681429
              ],
              [
                106.764541,
                20.681714
              ],
              [
                106.764366,
                20.681836
              ],
              [
                106.763989,
                20.682177
              ],
              [
                106.763628,
                20.682611
              ],
              [
                106.763311,
                20.683128
              ],
              [
                106.762615,
                20.683611
              ],
              [
                106.762436,
                20.683782
              ],
              [
                106.761776,
                20.684467
              ],
              [
                106.761529,
                20.68476
              ],
              [
                106.761304,
                20.685063
              ],
              [
                106.761206,
                20.685164
              ],
              [
                106.760994,
                20.685274
              ],
              [
                106.760553,
                20.685387
              ],
              [
                106.760084,
                20.685503
              ],
              [
                106.75906,
                20.685938
              ],
              [
                106.758385,
                20.686345
              ],
              [
                106.757675,
                20.68695
              ],
              [
                106.757035,
                20.687817
              ],
              [
                106.756487,
                20.688731
              ],
              [
                106.756167,
                20.689618
              ],
              [
                106.755866,
                20.691037
              ],
              [
                106.755793,
                20.691851
              ],
              [
                106.755838,
                20.692477
              ],
              [
                106.755888,
                20.692985
              ],
              [
                106.75609,
                20.693969
              ],
              [
                106.756323,
                20.694868
              ],
              [
                106.756744,
                20.696125
              ],
              [
                106.757217,
                20.697345
              ],
              [
                106.757408,
                20.697625
              ],
              [
                106.757603,
                20.697785
              ],
              [
                106.757822,
                20.697841
              ],
              [
                106.758046,
                20.697843
              ],
              [
                106.75878,
                20.69764
              ],
              [
                106.759418,
                20.697428
              ],
              [
                106.759671,
                20.697406
              ],
              [
                106.759819,
                20.697419
              ],
              [
                106.759911,
                20.69748
              ],
              [
                106.760181,
                20.697955
              ],
              [
                106.760335,
                20.698121
              ],
              [
                106.760504,
                20.698243
              ],
              [
                106.760667,
                20.698267
              ],
              [
                106.760992,
                20.698268
              ],
              [
                106.761295,
                20.698243
              ],
              [
                106.762709,
                20.697805
              ],
              [
                106.76445,
                20.697319
              ],
              [
                106.765148,
                20.697006
              ],
              [
                106.765371,
                20.696946
              ],
              [
                106.765483,
                20.696964
              ],
              [
                106.765534,
                20.69705
              ],
              [
                106.765786,
                20.698263
              ],
              [
                106.765977,
                20.699039
              ],
              [
                106.765961,
                20.699485
              ],
              [
                106.765926,
                20.700455
              ],
              [
                106.765355,
                20.700518
              ],
              [
                106.765462,
                20.701234
              ],
              [
                106.766048,
                20.701178
              ],
              [
                106.766375,
                20.701776
              ],
              [
                106.766717,
                20.702347
              ],
              [
                106.765579,
                20.702738
              ],
              [
                106.765878,
                20.703596
              ],
              [
                106.766418,
                20.703533
              ],
              [
                106.767291,
                20.703208
              ],
              [
                106.767207,
                20.702961
              ],
              [
                106.767189,
                20.702775
              ],
              [
                106.767287,
                20.702624
              ],
              [
                106.767583,
                20.702305
              ],
              [
                106.76772,
                20.702094
              ],
              [
                106.767725,
                20.701933
              ],
              [
                106.767653,
                20.701755
              ],
              [
                106.767426,
                20.701345
              ],
              [
                106.767204,
                20.700863
              ],
              [
                106.767111,
                20.700458
              ],
              [
                106.767099,
                20.699974
              ],
              [
                106.767195,
                20.699537
              ],
              [
                106.767413,
                20.699128
              ],
              [
                106.767657,
                20.698821
              ],
              [
                106.768035,
                20.69856
              ],
              [
                106.768407,
                20.698371
              ],
              [
                106.768964,
                20.698186
              ],
              [
                106.769723,
                20.697937
              ],
              [
                106.770216,
                20.698773
              ],
              [
                106.770486,
                20.699293
              ],
              [
                106.770838,
                20.700064
              ],
              [
                106.771052,
                20.700779
              ],
              [
                106.771153,
                20.701602
              ],
              [
                106.771216,
                20.702254
              ],
              [
                106.771272,
                20.702826
              ],
              [
                106.771338,
                20.703696
              ],
              [
                106.771407,
                20.703934
              ],
              [
                106.771494,
                20.704083
              ],
              [
                106.771596,
                20.70426
              ],
              [
                106.771789,
                20.704482
              ],
              [
                106.772327,
                20.704929
              ],
              [
                106.772686,
                20.705149
              ],
              [
                106.772885,
                20.705228
              ],
              [
                106.773246,
                20.705263
              ],
              [
                106.773576,
                20.705231
              ],
              [
                106.773554,
                20.705084
              ],
              [
                106.773559,
                20.704979
              ],
              [
                106.773567,
                20.70491
              ],
              [
                106.773586,
                20.704837
              ],
              [
                106.773612,
                20.704759
              ],
              [
                106.773655,
                20.704643
              ],
              [
                106.773719,
                20.704541
              ],
              [
                106.773797,
                20.704455
              ],
              [
                106.773984,
                20.704273
              ],
              [
                106.774152,
                20.704099
              ],
              [
                106.774371,
                20.703879
              ],
              [
                106.77454,
                20.703701
              ],
              [
                106.774687,
                20.703549
              ],
              [
                106.7748,
                20.703434
              ],
              [
                106.774913,
                20.703511
              ],
              [
                106.775,
                20.703557
              ],
              [
                106.775076,
                20.703585
              ],
              [
                106.775128,
                20.703613
              ],
              [
                106.775149,
                20.703685
              ],
              [
                106.775139,
                20.703733
              ],
              [
                106.775104,
                20.70381
              ],
              [
                106.7751,
                20.703886
              ],
              [
                106.775127,
                20.703977
              ],
              [
                106.775198,
                20.704029
              ],
              [
                106.77529,
                20.704042
              ],
              [
                106.775392,
                20.704041
              ],
              [
                106.775468,
                20.704031
              ],
              [
                106.775429,
                20.704069
              ],
              [
                106.775425,
                20.704073
              ],
              [
                106.775413,
                20.704084
              ],
              [
                106.775393,
                20.704109
              ],
              [
                106.775363,
                20.704152
              ],
              [
                106.775339,
                20.704192
              ],
              [
                106.775313,
                20.704251
              ],
              [
                106.775301,
                20.704294
              ],
              [
                106.775295,
                20.704342
              ],
              [
                106.775303,
                20.704383
              ],
              [
                106.775343,
                20.704458
              ],
              [
                106.775419,
                20.70455
              ],
              [
                106.775534,
                20.704685
              ],
              [
                106.77576,
                20.704941
              ],
              [
                106.775816,
                20.705024
              ],
              [
                106.775867,
                20.705148
              ],
              [
                106.775874,
                20.705288
              ],
              [
                106.775865,
                20.705392
              ],
              [
                106.77582,
                20.705587
              ],
              [
                106.775785,
                20.705729
              ],
              [
                106.775717,
                20.705952
              ],
              [
                106.775599,
                20.706217
              ],
              [
                106.775653,
                20.706271
              ],
              [
                106.775685,
                20.706386
              ],
              [
                106.775677,
                20.706529
              ],
              [
                106.77568,
                20.706835
              ],
              [
                106.775776,
                20.707198
              ],
              [
                106.775655,
                20.707707
              ],
              [
                106.775603,
                20.707846
              ],
              [
                106.775453,
                20.7081
              ],
              [
                106.77537,
                20.708196
              ],
              [
                106.775258,
                20.708279
              ],
              [
                106.775074,
                20.708416
              ],
              [
                106.774903,
                20.708509
              ],
              [
                106.77476,
                20.708586
              ],
              [
                106.77454,
                20.708705
              ],
              [
                106.774393,
                20.708757
              ],
              [
                106.774036,
                20.708894
              ],
              [
                106.773674,
                20.709016
              ],
              [
                106.773305,
                20.709137
              ],
              [
                106.772969,
                20.709247
              ],
              [
                106.772571,
                20.709352
              ],
              [
                106.772478,
                20.709383
              ],
              [
                106.772326,
                20.70942
              ],
              [
                106.7722,
                20.709443
              ],
              [
                106.771821,
                20.709502
              ],
              [
                106.771564,
                20.709572
              ],
              [
                106.77137,
                20.70964
              ],
              [
                106.771116,
                20.709766
              ],
              [
                106.770893,
                20.709881
              ],
              [
                106.77078,
                20.709936
              ],
              [
                106.770633,
                20.710041
              ],
              [
                106.770498,
                20.710189
              ],
              [
                106.770454,
                20.710255
              ],
              [
                106.770297,
                20.710587
              ],
              [
                106.77017,
                20.710834
              ],
              [
                106.770126,
                20.71095
              ],
              [
                106.770027,
                20.711175
              ],
              [
                106.769962,
                20.711355
              ],
              [
                106.769921,
                20.711616
              ],
              [
                106.769914,
                20.711771
              ],
              [
                106.769896,
                20.71198
              ],
              [
                106.769892,
                20.712091
              ],
              [
                106.769879,
                20.712491
              ],
              [
                106.769857,
                20.712647
              ],
              [
                106.769812,
                20.712958
              ],
              [
                106.76972,
                20.713316
              ],
              [
                106.769687,
                20.713407
              ],
              [
                106.769574,
                20.713596
              ],
              [
                106.769356,
                20.713944
              ],
              [
                106.769335,
                20.71397
              ],
              [
                106.768947,
                20.714456
              ],
              [
                106.768855,
                20.714575
              ],
              [
                106.76867,
                20.714815
              ],
              [
                106.768486,
                20.71508
              ],
              [
                106.768462,
                20.715114
              ],
              [
                106.768378,
                20.715272
              ],
              [
                106.768388,
                20.715351
              ],
              [
                106.765927,
                20.716699
              ],
              [
                106.764858,
                20.717819
              ],
              [
                106.762724,
                20.720257
              ],
              [
                106.760834,
                20.723405
              ],
              [
                106.759795,
                20.725151
              ],
              [
                106.757404,
                20.726661
              ],
              [
                106.756379,
                20.728176
              ],
              [
                106.756515,
                20.728272
              ],
              [
                106.756557,
                20.7283
              ],
              [
                106.75742,
                20.728921
              ],
              [
                106.757463,
                20.72897
              ],
              [
                106.758229,
                20.729529
              ],
              [
                106.758517,
                20.729738
              ],
              [
                106.75875,
                20.729907
              ],
              [
                106.759129,
                20.730183
              ],
              [
                106.75913,
                20.730184
              ],
              [
                106.759728,
                20.730585
              ],
              [
                106.75991,
                20.730704
              ],
              [
                106.760334,
                20.730964
              ],
              [
                106.760629,
                20.73116
              ],
              [
                106.760654,
                20.731176
              ],
              [
                106.76056,
                20.731324
              ],
              [
                106.760369,
                20.731613
              ],
              [
                106.760079,
                20.732052
              ],
              [
                106.759862,
                20.732377
              ],
              [
                106.759791,
                20.732483
              ],
              [
                106.759616,
                20.732865
              ],
              [
                106.759575,
                20.732966
              ],
              [
                106.759263,
                20.733818
              ],
              [
                106.759144,
                20.734141
              ],
              [
                106.758677,
                20.735454
              ],
              [
                106.758674,
                20.735461
              ],
              [
                106.758394,
                20.736306
              ],
              [
                106.758386,
                20.736337
              ],
              [
                106.758266,
                20.736767
              ],
              [
                106.758223,
                20.736921
              ],
              [
                106.758157,
                20.737317
              ],
              [
                106.758124,
                20.737518
              ],
              [
                106.758061,
                20.738012
              ],
              [
                106.758054,
                20.738063
              ],
              [
                106.758052,
                20.738182
              ],
              [
                106.75804,
                20.738845
              ],
              [
                106.758009,
                20.739451
              ],
              [
                106.757997,
                20.73969
              ],
              [
                106.75791,
                20.740981
              ],
              [
                106.757891,
                20.741147
              ],
              [
                106.757837,
                20.741392
              ],
              [
                106.757756,
                20.741707
              ],
              [
                106.757697,
                20.741933
              ],
              [
                106.757579,
                20.742267
              ],
              [
                106.757502,
                20.742482
              ],
              [
                106.75744,
                20.742654
              ],
              [
                106.757293,
                20.74306
              ],
              [
                106.757393,
                20.742921
              ],
              [
                106.757487,
                20.742981
              ],
              [
                106.757546,
                20.743019
              ],
              [
                106.757671,
                20.743099
              ],
              [
                106.757786,
                20.743165
              ],
              [
                106.758097,
                20.743345
              ],
              [
                106.758069,
                20.743408
              ],
              [
                106.759233,
                20.744056
              ],
              [
                106.760619,
                20.744855
              ],
              [
                106.761719,
                20.745503
              ],
              [
                106.762883,
                20.74434
              ],
              [
                106.763676,
                20.744906
              ],
              [
                106.765079,
                20.743835
              ],
              [
                106.765755,
                20.743108
              ],
              [
                106.771305,
                20.74506
              ],
              [
                106.774861,
                20.74593
              ],
              [
                106.777364,
                20.746318
              ],
              [
                106.781249,
                20.746003
              ],
              [
                106.781694,
                20.745373
              ],
              [
                106.782472,
                20.744103
              ],
              [
                106.783221,
                20.742963
              ],
              [
                106.783221,
                20.742963
              ]
            ],
            [
              [
                106.792806,
                20.692167
              ],
              [
                106.792869,
                20.691968
              ],
              [
                106.792898,
                20.691855
              ],
              [
                106.792923,
                20.691764
              ],
              [
                106.792952,
                20.691637
              ],
              [
                106.792973,
                20.691513
              ],
              [
                106.792987,
                20.691381
              ],
              [
                106.792995,
                20.691209
              ],
              [
                106.792989,
                20.691145
              ],
              [
                106.792979,
                20.691066
              ],
              [
                106.792975,
                20.69104
              ],
              [
                106.792963,
                20.690999
              ],
              [
                106.792941,
                20.690928
              ],
              [
                106.792914,
                20.690846
              ],
              [
                106.792891,
                20.690778
              ],
              [
                106.79286,
                20.690704
              ],
              [
                106.792823,
                20.690635
              ],
              [
                106.792754,
                20.690545
              ],
              [
                106.792635,
                20.690429
              ],
              [
                106.792548,
                20.690353
              ],
              [
                106.792466,
                20.690292
              ],
              [
                106.792387,
                20.690243
              ],
              [
                106.792313,
                20.690212
              ],
              [
                106.792239,
                20.690187
              ],
              [
                106.792188,
                20.690185
              ],
              [
                106.792132,
                20.690186
              ],
              [
                106.792074,
                20.690198
              ],
              [
                106.79198,
                20.690218
              ],
              [
                106.791884,
                20.69025
              ],
              [
                106.791806,
                20.690285
              ],
              [
                106.79175,
                20.690321
              ],
              [
                106.791703,
                20.690365
              ],
              [
                106.79166,
                20.69041
              ],
              [
                106.791625,
                20.690449
              ],
              [
                106.791582,
                20.690497
              ],
              [
                106.791442,
                20.690649
              ],
              [
                106.791373,
                20.690707
              ],
              [
                106.791306,
                20.690761
              ],
              [
                106.791266,
                20.690785
              ],
              [
                106.79119,
                20.690817
              ],
              [
                106.791129,
                20.690832
              ],
              [
                106.791066,
                20.690832
              ],
              [
                106.79101,
                20.690833
              ],
              [
                106.790969,
                20.690814
              ],
              [
                106.790925,
                20.690796
              ],
              [
                106.790887,
                20.690767
              ],
              [
                106.790846,
                20.690725
              ],
              [
                106.790815,
                20.690682
              ],
              [
                106.79076,
                20.690585
              ],
              [
                106.790737,
                20.690523
              ],
              [
                106.790718,
                20.690444
              ],
              [
                106.79072,
                20.690382
              ],
              [
                106.790732,
                20.690308
              ],
              [
                106.790752,
                20.690265
              ],
              [
                106.790782,
                20.690236
              ],
              [
                106.79084,
                20.690194
              ],
              [
                106.7909,
                20.690167
              ],
              [
                106.790959,
                20.69016
              ],
              [
                106.791035,
                20.690168
              ],
              [
                106.791109,
                20.690177
              ],
              [
                106.791203,
                20.690188
              ],
              [
                106.791297,
                20.690201
              ],
              [
                106.791411,
                20.69021
              ],
              [
                106.791503,
                20.690211
              ],
              [
                106.791579,
                20.69021
              ],
              [
                106.791647,
                20.690198
              ],
              [
                106.791711,
                20.690183
              ],
              [
                106.791812,
                20.690144
              ],
              [
                106.791918,
                20.690092
              ],
              [
                106.791981,
                20.690046
              ],
              [
                106.792076,
                20.689945
              ],
              [
                106.792141,
                20.689856
              ],
              [
                106.792166,
                20.689786
              ],
              [
                106.792167,
                20.689717
              ],
              [
                106.792167,
                20.689652
              ],
              [
                106.792171,
                20.68959
              ],
              [
                106.792197,
                20.689427
              ],
              [
                106.792221,
                20.689293
              ],
              [
                106.792222,
                20.689278
              ],
              [
                106.792234,
                20.68915
              ],
              [
                106.792243,
                20.688825
              ],
              [
                106.79224,
                20.688746
              ],
              [
                106.792231,
                20.688674
              ],
              [
                106.792184,
                20.68855
              ],
              [
                106.792145,
                20.688448
              ],
              [
                106.792098,
                20.688351
              ],
              [
                106.792053,
                20.688267
              ],
              [
                106.792046,
                20.688189
              ],
              [
                106.792058,
                20.688146
              ],
              [
                106.792126,
                20.68812
              ],
              [
                106.792184,
                20.688112
              ],
              [
                106.792249,
                20.688122
              ],
              [
                106.792295,
                20.688137
              ],
              [
                106.792323,
                20.688164
              ],
              [
                106.79238,
                20.688219
              ],
              [
                106.792442,
                20.688322
              ],
              [
                106.792447,
                20.688333
              ],
              [
                106.792452,
                20.688344
              ],
              [
                106.792464,
                20.68837
              ],
              [
                106.792481,
                20.688409
              ],
              [
                106.792519,
                20.688498
              ],
              [
                106.792561,
                20.688579
              ],
              [
                106.792619,
                20.688664
              ],
              [
                106.792625,
                20.688674
              ],
              [
                106.792654,
                20.688718
              ],
              [
                106.792724,
                20.688823
              ],
              [
                106.792814,
                20.688975
              ],
              [
                106.792926,
                20.689204
              ],
              [
                106.792991,
                20.689362
              ],
              [
                106.793015,
                20.68942
              ],
              [
                106.793038,
                20.689535
              ],
              [
                106.793056,
                20.689628
              ],
              [
                106.79308,
                20.689711
              ],
              [
                106.793113,
                20.689785
              ],
              [
                106.793228,
                20.690051
              ],
              [
                106.793312,
                20.690235
              ],
              [
                106.793403,
                20.690437
              ],
              [
                106.793525,
                20.690697
              ],
              [
                106.793559,
                20.69077
              ],
              [
                106.793623,
                20.69097
              ],
              [
                106.793688,
                20.691175
              ],
              [
                106.793718,
                20.69133
              ],
              [
                106.793714,
                20.691437
              ],
              [
                106.793659,
                20.691603
              ],
              [
                106.793603,
                20.691704
              ],
              [
                106.793547,
                20.691805
              ],
              [
                106.793398,
                20.692021
              ],
              [
                106.793337,
                20.692108
              ],
              [
                106.793206,
                20.692268
              ],
              [
                106.793164,
                20.692318
              ],
              [
                106.793145,
                20.692354
              ],
              [
                106.79306,
                20.692506
              ],
              [
                106.792972,
                20.692801
              ],
              [
                106.792955,
                20.692958
              ],
              [
                106.792938,
                20.693116
              ],
              [
                106.792889,
                20.693526
              ],
              [
                106.792851,
                20.693709
              ],
              [
                106.792821,
                20.69381
              ],
              [
                106.792798,
                20.693853
              ],
              [
                106.792773,
                20.693894
              ],
              [
                106.792738,
                20.693932
              ],
              [
                106.792698,
                20.693969
              ],
              [
                106.792651,
                20.694
              ],
              [
                106.79259,
                20.694037
              ],
              [
                106.792473,
                20.694078
              ],
              [
                106.79237,
                20.694104
              ],
              [
                106.792256,
                20.694112
              ],
              [
                106.792221,
                20.694098
              ],
              [
                106.792206,
                20.69408
              ],
              [
                106.792117,
                20.693977
              ],
              [
                106.791978,
                20.693821
              ],
              [
                106.79189,
                20.693714
              ],
              [
                106.791835,
                20.693636
              ],
              [
                106.791762,
                20.693537
              ],
              [
                106.79156,
                20.693263
              ],
              [
                106.791597,
                20.693245
              ],
              [
                106.791668,
                20.693207
              ],
              [
                106.791771,
                20.69315
              ],
              [
                106.791892,
                20.69308
              ],
              [
                106.79199,
                20.693024
              ],
              [
                106.792043,
                20.692985
              ],
              [
                106.792134,
                20.69292
              ],
              [
                106.792204,
                20.692869
              ],
              [
                106.792298,
                20.692801
              ],
              [
                106.792456,
                20.69267
              ],
              [
                106.792524,
                20.692607
              ],
              [
                106.792564,
                20.692566
              ],
              [
                106.792627,
                20.692487
              ],
              [
                106.792704,
                20.692388
              ],
              [
                106.792749,
                20.692313
              ],
              [
                106.792776,
                20.692246
              ],
              [
                106.792806,
                20.692167
              ],
              [
                106.792806,
                20.692167
              ]
            ]
          ]
        ]
      },
      "properties": {
        "code": "11455",
        "name": "Đồ Sơn",
        "nameEn": "Do Son",
        "fullName": "Phường Đồ Sơn",
        "fullNameEn": "Do Son Ward",
        "codeName": "do_son",
        "postalCode": "05014",
        "postalCodePrefix": "",
        "gisServerId": "diaphanhanhchinhcapxa_2025.941",
        "areaKm2": 25.54
      }
    }
  ]
}