{
  "type": "FeatureCollection",
  "bbox": [
    105.784674,
    21.277616,
    105.899527,
    21.385421
  ],
  "features": [
    {
      "type": "Feature",
      "id": "00385",
      "bbox": [
        105.784674,
        21.277616,
        105.899527,
        21.385421
      ],
      "geometry": {
        "type": "MultiPolygon",
        "coordinates": [
          [
            [
              [
                105.802181,
                21.384586
              ],
              [
                105.802307,
                21.384577
              ],
              [
                105.80243,
                21.384601
              ],
              [
                105.802436,
                21.384603
              ],
              [
                105.802718,
                21.384688
              ],
              [
                105.802722,
                21.384689
              ],
              [
                105.802725,
                21.38469
              ],
              [
                105.802945,
                21.384748
              ],
              [
                105.803108,
                21.384751
              ],
              [
                105.803293,
                21.38472
              ],
              [
                105.803497,
                21.384665
              ],
              [
                105.803675,
                21.384572
              ],
              [
                105.803818,
                21.384514
              ],
              [
                105.803939,
                21.384481
              ],
              [
                105.80399,
                21.384442
              ],
              [
                105.804006,
                21.384394
              ],
              [
                105.803999,
                21.384346
              ],
              [
                105.803951,
                21.384301
              ],
              [
                105.803836,
                21.384248
              ],
              [
                105.803705,
                21.384201
              ],
              [
                105.803647,
                21.38415
              ],
              [
                105.803625,
                21.384097
              ],
              [
                105.803621,
                21.384016
              ],
              [
                105.80364,
                21.383941
              ],
              [
                105.803687,
                21.38386
              ],
              [
                105.803751,
                21.383779
              ],
              [
                105.803858,
                21.38368
              ],
              [
                105.803985,
                21.383569
              ],
              [
                105.804062,
                21.383476
              ],
              [
                105.80433,
                21.383051
              ],
              [
                105.804698,
                21.382523
              ],
              [
                105.804796,
                21.3824
              ],
              [
                105.804863,
                21.382373
              ],
              [
                105.804913,
                21.382361
              ],
              [
                105.804914,
                21.38236
              ],
              [
                105.80499,
                21.382384
              ],
              [
                105.805059,
                21.382445
              ],
              [
                105.80508,
                21.382464
              ],
              [
                105.805237,
                21.38261
              ],
              [
                105.805381,
                21.382744
              ],
              [
                105.805529,
                21.382836
              ],
              [
                105.805641,
                21.382882
              ],
              [
                105.805774,
                21.382904
              ],
              [
                105.805927,
                21.382906
              ],
              [
                105.80615,
                21.382869
              ],
              [
                105.806313,
                21.382789
              ],
              [
                105.806373,
                21.382758
              ],
              [
                105.806459,
                21.382728
              ],
              [
                105.806539,
                21.382712
              ],
              [
                105.806641,
                21.382727
              ],
              [
                105.806645,
                21.382728
              ],
              [
                105.806648,
                21.382729
              ],
              [
                105.806721,
                21.382755
              ],
              [
                105.806923,
                21.382877
              ],
              [
                105.80707,
                21.382948
              ],
              [
                105.807151,
                21.382979
              ],
              [
                105.807158,
                21.382982
              ],
              [
                105.807274,
                21.382987
              ],
              [
                105.807485,
                21.382968
              ],
              [
                105.80763,
                21.382932
              ],
              [
                105.807978,
                21.382846
              ],
              [
                105.808163,
                21.382797
              ],
              [
                105.808434,
                21.382691
              ],
              [
                105.808621,
                21.382592
              ],
              [
                105.80879,
                21.382525
              ],
              [
                105.80901,
                21.38247
              ],
              [
                105.809471,
                21.382241
              ],
              [
                105.809726,
                21.382126
              ],
              [
                105.809945,
                21.382015
              ],
              [
                105.810189,
                21.381877
              ],
              [
                105.810302,
                21.381837
              ],
              [
                105.810416,
                21.381818
              ],
              [
                105.810554,
                21.381817
              ],
              [
                105.810828,
                21.381825
              ],
              [
                105.811093,
                21.381863
              ],
              [
                105.811332,
                21.381897
              ],
              [
                105.811476,
                21.381903
              ],
              [
                105.811556,
                21.381887
              ],
              [
                105.811638,
                21.38183
              ],
              [
                105.811692,
                21.381734
              ],
              [
                105.811739,
                21.381644
              ],
              [
                105.811793,
                21.381593
              ],
              [
                105.811835,
                21.381572
              ],
              [
                105.811898,
                21.381548
              ],
              [
                105.812007,
                21.381532
              ],
              [
                105.81208,
                21.381499
              ],
              [
                105.812184,
                21.38134
              ],
              [
                105.812415,
                21.380948
              ],
              [
                105.81257,
                21.380717
              ],
              [
                105.812668,
                21.380627
              ],
              [
                105.812751,
                21.380603
              ],
              [
                105.812885,
                21.380632
              ],
              [
                105.812887,
                21.380633
              ],
              [
                105.812892,
                21.380634
              ],
              [
                105.813323,
                21.380869
              ],
              [
                105.813336,
                21.380889
              ],
              [
                105.8134,
                21.380991
              ],
              [
                105.813462,
                21.381146
              ],
              [
                105.81346,
                21.381361
              ],
              [
                105.813384,
                21.381728
              ],
              [
                105.813344,
                21.381895
              ],
              [
                105.813303,
                21.382068
              ],
              [
                105.813305,
                21.382212
              ],
              [
                105.81338,
                21.3824
              ],
              [
                105.813389,
                21.382423
              ],
              [
                105.813538,
                21.382748
              ],
              [
                105.813663,
                21.382854
              ],
              [
                105.81373,
                21.382843
              ],
              [
                105.813819,
                21.382835
              ],
              [
                105.814097,
                21.382865
              ],
              [
                105.814272,
                21.382906
              ],
              [
                105.814273,
                21.382907
              ],
              [
                105.814279,
                21.382908
              ],
              [
                105.814409,
                21.382973
              ],
              [
                105.814535,
                21.383066
              ],
              [
                105.814583,
                21.383091
              ],
              [
                105.814676,
                21.38313
              ],
              [
                105.814734,
                21.383149
              ],
              [
                105.8148,
                21.383151
              ],
              [
                105.814915,
                21.383126
              ],
              [
                105.815172,
                21.383029
              ],
              [
                105.81533,
                21.383007
              ],
              [
                105.815522,
                21.382996
              ],
              [
                105.815737,
                21.383028
              ],
              [
                105.815785,
                21.383028
              ],
              [
                105.815824,
                21.383021
              ],
              [
                105.815863,
                21.383008
              ],
              [
                105.815892,
                21.382986
              ],
              [
                105.815948,
                21.382914
              ],
              [
                105.816001,
                21.382816
              ],
              [
                105.816033,
                21.382777
              ],
              [
                105.816072,
                21.382764
              ],
              [
                105.816117,
                21.382764
              ],
              [
                105.816124,
                21.382766
              ],
              [
                105.816124,
                21.382766
              ],
              [
                105.816173,
                21.382781
              ],
              [
                105.816264,
                21.382885
              ],
              [
                105.816292,
                21.382916
              ],
              [
                105.81637,
                21.383005
              ],
              [
                105.816414,
                21.383045
              ],
              [
                105.81644,
                21.383054
              ],
              [
                105.81648,
                21.383049
              ],
              [
                105.816512,
                21.383008
              ],
              [
                105.816531,
                21.382949
              ],
              [
                105.816547,
                21.382702
              ],
              [
                105.816552,
                21.382626
              ],
              [
                105.816552,
                21.382563
              ],
              [
                105.81655,
                21.382268
              ],
              [
                105.816564,
                21.382111
              ],
              [
                105.816585,
                21.382008
              ],
              [
                105.816638,
                21.381941
              ],
              [
                105.816705,
                21.381892
              ],
              [
                105.816931,
                21.381845
              ],
              [
                105.817242,
                21.381798
              ],
              [
                105.817343,
                21.381768
              ],
              [
                105.817483,
                21.38169
              ],
              [
                105.817607,
                21.38155
              ],
              [
                105.817661,
                21.381487
              ],
              [
                105.81772,
                21.381417
              ],
              [
                105.817755,
                21.381377
              ],
              [
                105.817834,
                21.381297
              ],
              [
                105.817888,
                21.381275
              ],
              [
                105.818079,
                21.381194
              ],
              [
                105.818226,
                21.38116
              ],
              [
                105.818318,
                21.381131
              ],
              [
                105.818352,
                21.3811
              ],
              [
                105.818368,
                21.381086
              ],
              [
                105.818384,
                21.381008
              ],
              [
                105.818377,
                21.380928
              ],
              [
                105.818367,
                21.380812
              ],
              [
                105.818369,
                21.380778
              ],
              [
                105.818385,
                21.380694
              ],
              [
                105.818413,
                21.380643
              ],
              [
                105.818456,
                21.380605
              ],
              [
                105.81859,
                21.380551
              ],
              [
                105.818663,
                21.380525
              ],
              [
                105.818809,
                21.380449
              ],
              [
                105.818888,
                21.380399
              ],
              [
                105.818939,
                21.380338
              ],
              [
                105.819043,
                21.380117
              ],
              [
                105.819107,
                21.380046
              ],
              [
                105.819201,
                21.379999
              ],
              [
                105.819286,
                21.379995
              ],
              [
                105.819564,
                21.380011
              ],
              [
                105.819679,
                21.379997
              ],
              [
                105.819689,
                21.379996
              ],
              [
                105.819774,
                21.379943
              ],
              [
                105.819824,
                21.379868
              ],
              [
                105.819962,
                21.379661
              ],
              [
                105.820058,
                21.379565
              ],
              [
                105.820186,
                21.379494
              ],
              [
                105.820317,
                21.379473
              ],
              [
                105.820469,
                21.379473
              ],
              [
                105.820774,
                21.379473
              ],
              [
                105.820972,
                21.379454
              ],
              [
                105.821018,
                21.379431
              ],
              [
                105.821064,
                21.379409
              ],
              [
                105.821114,
                21.379346
              ],
              [
                105.821152,
                21.379231
              ],
              [
                105.821257,
                21.378185
              ],
              [
                105.821326,
                21.377984
              ],
              [
                105.821382,
                21.377943
              ],
              [
                105.821436,
                21.377937
              ],
              [
                105.821489,
                21.37793
              ],
              [
                105.821715,
                21.377964
              ],
              [
                105.82184,
                21.377938
              ],
              [
                105.821958,
                21.377898
              ],
              [
                105.822049,
                21.377892
              ],
              [
                105.822154,
                21.377919
              ],
              [
                105.822154,
                21.377919
              ],
              [
                105.82219,
                21.377957
              ],
              [
                105.822305,
                21.378082
              ],
              [
                105.822497,
                21.378189
              ],
              [
                105.822676,
                21.37826
              ],
              [
                105.82268,
                21.378261
              ],
              [
                105.822683,
                21.378262
              ],
              [
                105.822748,
                21.378273
              ],
              [
                105.822931,
                21.378304
              ],
              [
                105.823315,
                21.378269
              ],
              [
                105.823432,
                21.378246
              ],
              [
                105.823464,
                21.378239
              ],
              [
                105.823555,
                21.378194
              ],
              [
                105.823594,
                21.378141
              ],
              [
                105.823612,
                21.378116
              ],
              [
                105.823742,
                21.377808
              ],
              [
                105.823777,
                21.377777
              ],
              [
                105.823848,
                21.37771
              ],
              [
                105.823989,
                21.377644
              ],
              [
                105.824117,
                21.377576
              ],
              [
                105.824194,
                21.37751
              ],
              [
                105.824265,
                21.377448
              ],
              [
                105.824503,
                21.377236
              ],
              [
                105.824611,
                21.377239
              ],
              [
                105.824767,
                21.377222
              ],
              [
                105.824861,
                21.377205
              ],
              [
                105.824945,
                21.377162
              ],
              [
                105.825075,
                21.377046
              ],
              [
                105.825171,
                21.376926
              ],
              [
                105.825267,
                21.37683
              ],
              [
                105.825326,
                21.376782
              ],
              [
                105.8254,
                21.376758
              ],
              [
                105.825476,
                21.376757
              ],
              [
                105.825574,
                21.376775
              ],
              [
                105.825578,
                21.376776
              ],
              [
                105.825643,
                21.376803
              ],
              [
                105.825648,
                21.376804
              ],
              [
                105.825701,
                21.376809
              ],
              [
                105.825747,
                21.376811
              ],
              [
                105.825785,
                21.376799
              ],
              [
                105.825859,
                21.376767
              ],
              [
                105.825968,
                21.376693
              ],
              [
                105.826083,
                21.37663
              ],
              [
                105.82619,
                21.376591
              ],
              [
                105.82633,
                21.376569
              ],
              [
                105.826414,
                21.376571
              ],
              [
                105.826479,
                21.376582
              ],
              [
                105.826483,
                21.376583
              ],
              [
                105.826583,
                21.376635
              ],
              [
                105.826635,
                21.376659
              ],
              [
                105.826639,
                21.376661
              ],
              [
                105.82666,
                21.376661
              ],
              [
                105.826673,
                21.376661
              ],
              [
                105.826711,
                21.376651
              ],
              [
                105.826744,
                21.376622
              ],
              [
                105.826754,
                21.376611
              ],
              [
                105.826792,
                21.376572
              ],
              [
                105.826825,
                21.376538
              ],
              [
                105.826871,
                21.376512
              ],
              [
                105.826973,
                21.376499
              ],
              [
                105.827085,
                21.376501
              ],
              [
                105.827159,
                21.376505
              ],
              [
                105.827256,
                21.37649
              ],
              [
                105.827333,
                21.376455
              ],
              [
                105.827431,
                21.376376
              ],
              [
                105.827596,
                21.3762
              ],
              [
                105.827685,
                21.376144
              ],
              [
                105.827815,
                21.376103
              ],
              [
                105.827917,
                21.376086
              ],
              [
                105.828078,
                21.376073
              ],
              [
                105.828201,
                21.376077
              ],
              [
                105.828443,
                21.376114
              ],
              [
                105.828625,
                21.376116
              ],
              [
                105.828857,
                21.376098
              ],
              [
                105.828858,
                21.376098
              ],
              [
                105.828948,
                21.376085
              ],
              [
                105.82902,
                21.376049
              ],
              [
                105.829159,
                21.375927
              ],
              [
                105.829235,
                21.375809
              ],
              [
                105.829278,
                21.375737
              ],
              [
                105.829289,
                21.37569
              ],
              [
                105.829293,
                21.37567
              ],
              [
                105.829308,
                21.375548
              ],
              [
                105.829325,
                21.375491
              ],
              [
                105.829353,
                21.375436
              ],
              [
                105.829399,
                21.375411
              ],
              [
                105.82947,
                21.375409
              ],
              [
                105.829502,
                21.375405
              ],
              [
                105.829555,
                21.375399
              ],
              [
                105.829633,
                21.375362
              ],
              [
                105.829663,
                21.37533
              ],
              [
                105.82974,
                21.375245
              ],
              [
                105.829791,
                21.375211
              ],
              [
                105.829844,
                21.375201
              ],
              [
                105.829909,
                21.375205
              ],
              [
                105.829958,
                21.375242
              ],
              [
                105.830004,
                21.37532
              ],
              [
                105.830104,
                21.375511
              ],
              [
                105.830164,
                21.375615
              ],
              [
                105.830182,
                21.375645
              ],
              [
                105.830225,
                21.37569
              ],
              [
                105.830261,
                21.375711
              ],
              [
                105.830265,
                21.375711
              ],
              [
                105.830294,
                21.375713
              ],
              [
                105.83033,
                21.375704
              ],
              [
                105.830366,
                21.375668
              ],
              [
                105.830398,
                21.375603
              ],
              [
                105.830451,
                21.375497
              ],
              [
                105.830467,
                21.375476
              ],
              [
                105.830497,
                21.375435
              ],
              [
                105.830555,
                21.375382
              ],
              [
                105.830622,
                21.375339
              ],
              [
                105.830678,
                21.375298
              ],
              [
                105.830696,
                21.375279
              ],
              [
                105.830721,
                21.375252
              ],
              [
                105.830736,
                21.375197
              ],
              [
                105.830725,
                21.375133
              ],
              [
                105.830685,
                21.375084
              ],
              [
                105.830599,
                21.375002
              ],
              [
                105.830509,
                21.374914
              ],
              [
                105.830467,
                21.374863
              ],
              [
                105.830428,
                21.374816
              ],
              [
                105.830425,
                21.374811
              ],
              [
                105.830389,
                21.374759
              ],
              [
                105.830378,
                21.374707
              ],
              [
                105.83038,
                21.374673
              ],
              [
                105.830398,
                21.374628
              ],
              [
                105.830428,
                21.374587
              ],
              [
                105.830523,
                21.374531
              ],
              [
                105.830607,
                21.374507
              ],
              [
                105.830686,
                21.374511
              ],
              [
                105.830791,
                21.374532
              ],
              [
                105.830792,
                21.374533
              ],
              [
                105.83085,
                21.374563
              ],
              [
                105.830867,
                21.374573
              ],
              [
                105.830874,
                21.374574
              ],
              [
                105.830874,
                21.374575
              ],
              [
                105.830928,
                21.374589
              ],
              [
                105.830966,
                21.374589
              ],
              [
                105.830994,
                21.374562
              ],
              [
                105.831032,
                21.374514
              ],
              [
                105.831077,
                21.37442
              ],
              [
                105.831083,
                21.374409
              ],
              [
                105.831113,
                21.374306
              ],
              [
                105.831161,
                21.374217
              ],
              [
                105.831214,
                21.374174
              ],
              [
                105.831273,
                21.37415
              ],
              [
                105.831339,
                21.374152
              ],
              [
                105.831416,
                21.374162
              ],
              [
                105.831491,
                21.374211
              ],
              [
                105.831543,
                21.374265
              ],
              [
                105.831544,
                21.374266
              ],
              [
                105.831598,
                21.374292
              ],
              [
                105.831602,
                21.374292
              ],
              [
                105.831662,
                21.374296
              ],
              [
                105.831716,
                21.374286
              ],
              [
                105.831769,
                21.37426
              ],
              [
                105.831792,
                21.374238
              ],
              [
                105.831797,
                21.374202
              ],
              [
                105.831779,
                21.374143
              ],
              [
                105.831719,
                21.37407
              ],
              [
                105.831697,
                21.374046
              ],
              [
                105.831678,
                21.374025
              ],
              [
                105.83159,
                21.37392
              ],
              [
                105.83154,
                21.373833
              ],
              [
                105.831527,
                21.373785
              ],
              [
                105.831531,
                21.373695
              ],
              [
                105.831579,
                21.373553
              ],
              [
                105.831717,
                21.373394
              ],
              [
                105.831765,
                21.373353
              ],
              [
                105.831812,
                21.373328
              ],
              [
                105.831914,
                21.37329
              ],
              [
                105.832021,
                21.373267
              ],
              [
                105.832075,
                21.37326
              ],
              [
                105.83213,
                21.373253
              ],
              [
                105.832184,
                21.373248
              ],
              [
                105.832239,
                21.373243
              ],
              [
                105.832294,
                21.373238
              ],
              [
                105.832456,
                21.373239
              ],
              [
                105.832589,
                21.373271
              ],
              [
                105.832591,
                21.373271
              ],
              [
                105.832692,
                21.373311
              ],
              [
                105.832816,
                21.373375
              ],
              [
                105.83297,
                21.373473
              ],
              [
                105.833015,
                21.373486
              ],
              [
                105.833015,
                21.373486
              ],
              [
                105.833022,
                21.373488
              ],
              [
                105.833089,
                21.373488
              ],
              [
                105.833211,
                21.373449
              ],
              [
                105.833476,
                21.373315
              ],
              [
                105.833599,
                21.373225
              ],
              [
                105.83364,
                21.373184
              ],
              [
                105.833651,
                21.373174
              ],
              [
                105.83368,
                21.373133
              ],
              [
                105.83372,
                21.37304
              ],
              [
                105.833733,
                21.372969
              ],
              [
                105.833948,
                21.372956
              ],
              [
                105.833955,
                21.372956
              ],
              [
                105.833991,
                21.373595
              ],
              [
                105.833998,
                21.373719
              ],
              [
                105.834906,
                21.373452
              ],
              [
                105.835084,
                21.3734
              ],
              [
                105.835086,
                21.373404
              ],
              [
                105.835127,
                21.373465
              ],
              [
                105.835123,
                21.373482
              ],
              [
                105.835123,
                21.37352
              ],
              [
                105.835141,
                21.373549
              ],
              [
                105.835169,
                21.373579
              ],
              [
                105.835223,
                21.373633
              ],
              [
                105.835398,
                21.373741
              ],
              [
                105.835484,
                21.373817
              ],
              [
                105.835534,
                21.373897
              ],
              [
                105.835624,
                21.374014
              ],
              [
                105.835634,
                21.374024
              ],
              [
                105.83584,
                21.374139
              ],
              [
                105.836027,
                21.374268
              ],
              [
                105.836079,
                21.37434
              ],
              [
                105.836098,
                21.3744
              ],
              [
                105.836103,
                21.374459
              ],
              [
                105.836096,
                21.37462
              ],
              [
                105.836075,
                21.374863
              ],
              [
                105.836184,
                21.375
              ],
              [
                105.836185,
                21.375203
              ],
              [
                105.836205,
                21.375347
              ],
              [
                105.836229,
                21.37537
              ],
              [
                105.836392,
                21.375532
              ],
              [
                105.836514,
                21.375599
              ],
              [
                105.836533,
                21.375609
              ],
              [
                105.836537,
                21.375609
              ],
              [
                105.83654,
                21.375611
              ],
              [
                105.8367,
                21.375622
              ],
              [
                105.836796,
                21.375746
              ],
              [
                105.836861,
                21.375895
              ],
              [
                105.836952,
                21.375984
              ],
              [
                105.837106,
                21.376091
              ],
              [
                105.837174,
                21.376208
              ],
              [
                105.837207,
                21.37637
              ],
              [
                105.837214,
                21.376522
              ],
              [
                105.837262,
                21.376609
              ],
              [
                105.837407,
                21.376713
              ],
              [
                105.837413,
                21.376714
              ],
              [
                105.837414,
                21.376715
              ],
              [
                105.8375,
                21.376733
              ],
              [
                105.837554,
                21.376714
              ],
              [
                105.83758,
                21.376636
              ],
              [
                105.837605,
                21.37654
              ],
              [
                105.837662,
                21.376465
              ],
              [
                105.837719,
                21.376417
              ],
              [
                105.837876,
                21.376425
              ],
              [
                105.838237,
                21.376465
              ],
              [
                105.83847,
                21.376473
              ],
              [
                105.838554,
                21.376484
              ],
              [
                105.838633,
                21.376602
              ],
              [
                105.83873,
                21.376751
              ],
              [
                105.83883,
                21.376856
              ],
              [
                105.839009,
                21.376966
              ],
              [
                105.839183,
                21.37712
              ],
              [
                105.839424,
                21.37732
              ],
              [
                105.839571,
                21.37743
              ],
              [
                105.839576,
                21.37743
              ],
              [
                105.839683,
                21.377438
              ],
              [
                105.839878,
                21.377438
              ],
              [
                105.839996,
                21.377389
              ],
              [
                105.840133,
                21.377268
              ],
              [
                105.840267,
                21.377208
              ],
              [
                105.8405,
                21.377171
              ],
              [
                105.840768,
                21.377199
              ],
              [
                105.840773,
                21.377201
              ],
              [
                105.840775,
                21.377201
              ],
              [
                105.841291,
                21.377399
              ],
              [
                105.841547,
                21.377521
              ],
              [
                105.841679,
                21.377569
              ],
              [
                105.841685,
                21.377571
              ],
              [
                105.842509,
                21.377468
              ],
              [
                105.843078,
                21.377447
              ],
              [
                105.843493,
                21.377379
              ],
              [
                105.843748,
                21.377312
              ],
              [
                105.843758,
                21.377306
              ],
              [
                105.844016,
                21.377191
              ],
              [
                105.844283,
                21.377071
              ],
              [
                105.84431,
                21.377052
              ],
              [
                105.844425,
                21.377024
              ],
              [
                105.844549,
                21.376994
              ],
              [
                105.844614,
                21.376979
              ],
              [
                105.844644,
                21.376998
              ],
              [
                105.844646,
                21.377008
              ],
              [
                105.844659,
                21.377078
              ],
              [
                105.844696,
                21.377178
              ],
              [
                105.844731,
                21.377205
              ],
              [
                105.844822,
                21.377242
              ],
              [
                105.844871,
                21.377256
              ],
              [
                105.844871,
                21.377256
              ],
              [
                105.844878,
                21.377258
              ],
              [
                105.844924,
                21.377261
              ],
              [
                105.84497,
                21.377265
              ],
              [
                105.845257,
                21.377246
              ],
              [
                105.845299,
                21.377252
              ],
              [
                105.845305,
                21.377253
              ],
              [
                105.845309,
                21.377258
              ],
              [
                105.845424,
                21.377196
              ],
              [
                105.845458,
                21.377186
              ],
              [
                105.845555,
                21.377188
              ],
              [
                105.845845,
                21.377228
              ],
              [
                105.846035,
                21.377255
              ],
              [
                105.846039,
                21.377256
              ],
              [
                105.846113,
                21.377289
              ],
              [
                105.846124,
                21.377298
              ],
              [
                105.846131,
                21.377299
              ],
              [
                105.846431,
                21.377374
              ],
              [
                105.846438,
                21.377376
              ],
              [
                105.84668,
                21.3774
              ],
              [
                105.846887,
                21.37742
              ],
              [
                105.847969,
                21.375736
              ],
              [
                105.848647,
                21.374775
              ],
              [
                105.84895,
                21.374468
              ],
              [
                105.849276,
                21.374344
              ],
              [
                105.849842,
                21.374402
              ],
              [
                105.853266,
                21.375358
              ],
              [
                105.85327,
                21.37536
              ],
              [
                105.853964,
                21.37558
              ],
              [
                105.854466,
                21.375764
              ],
              [
                105.854471,
                21.375766
              ],
              [
                105.855187,
                21.375947
              ],
              [
                105.855685,
                21.376038
              ],
              [
                105.856129,
                21.37605
              ],
              [
                105.85645,
                21.376005
              ],
              [
                105.85671,
                21.375875
              ],
              [
                105.856908,
                21.375709
              ],
              [
                105.857091,
                21.375507
              ],
              [
                105.857311,
                21.375262
              ],
              [
                105.857525,
                21.375103
              ],
              [
                105.857922,
                21.374965
              ],
              [
                105.858258,
                21.374827
              ],
              [
                105.858433,
                21.374604
              ],
              [
                105.858493,
                21.374338
              ],
              [
                105.85849,
                21.374019
              ],
              [
                105.858285,
                21.373827
              ],
              [
                105.858147,
                21.373167
              ],
              [
                105.858048,
                21.372687
              ],
              [
                105.858051,
                21.372197
              ],
              [
                105.85795,
                21.37186
              ],
              [
                105.857894,
                21.371539
              ],
              [
                105.857893,
                21.371294
              ],
              [
                105.857988,
                21.370602
              ],
              [
                105.858029,
                21.369944
              ],
              [
                105.858063,
                21.369521
              ],
              [
                105.858159,
                21.36904
              ],
              [
                105.858129,
                21.368627
              ],
              [
                105.857911,
                21.368265
              ],
              [
                105.857522,
                21.367895
              ],
              [
                105.857179,
                21.367687
              ],
              [
                105.857178,
                21.367686
              ],
              [
                105.856934,
                21.367628
              ],
              [
                105.856584,
                21.367706
              ],
              [
                105.856197,
                21.36786
              ],
              [
                105.856002,
                21.367823
              ],
              [
                105.855613,
                21.367629
              ],
              [
                105.855354,
                21.367309
              ],
              [
                105.854944,
                21.366586
              ],
              [
                105.854896,
                21.366063
              ],
              [
                105.854857,
                21.365489
              ],
              [
                105.854818,
                21.364975
              ],
              [
                105.85469,
                21.364621
              ],
              [
                105.854517,
                21.364309
              ],
              [
                105.85429,
                21.363982
              ],
              [
                105.854,
                21.363662
              ],
              [
                105.853781,
                21.363267
              ],
              [
                105.853598,
                21.362804
              ],
              [
                105.853443,
                21.362509
              ],
              [
                105.853369,
                21.362054
              ],
              [
                105.853367,
                21.361742
              ],
              [
                105.85341,
                21.361429
              ],
              [
                105.853498,
                21.361074
              ],
              [
                105.85364,
                21.360635
              ],
              [
                105.853735,
                21.360043
              ],
              [
                105.853733,
                21.359571
              ],
              [
                105.853696,
                21.359419
              ],
              [
                105.853487,
                21.359201
              ],
              [
                105.853153,
                21.359084
              ],
              [
                105.852782,
                21.358833
              ],
              [
                105.852439,
                21.358582
              ],
              [
                105.852221,
                21.358355
              ],
              [
                105.851976,
                21.358027
              ],
              [
                105.851871,
                21.35785
              ],
              [
                105.851763,
                21.357639
              ],
              [
                105.851706,
                21.357453
              ],
              [
                105.851679,
                21.357162
              ],
              [
                105.851676,
                21.35677
              ],
              [
                105.851689,
                21.356387
              ],
              [
                105.851717,
                21.356194
              ],
              [
                105.851774,
                21.355792
              ],
              [
                105.851854,
                21.35553
              ],
              [
                105.852023,
                21.355276
              ],
              [
                105.852346,
                21.355055
              ],
              [
                105.852406,
                21.355019
              ],
              [
                105.852512,
                21.354955
              ],
              [
                105.852798,
                21.354782
              ],
              [
                105.853163,
                21.354561
              ],
              [
                105.853701,
                21.354137
              ],
              [
                105.853816,
                21.354025
              ],
              [
                105.854122,
                21.353729
              ],
              [
                105.854363,
                21.353365
              ],
              [
                105.854374,
                21.353339
              ],
              [
                105.854433,
                21.35319
              ],
              [
                105.854563,
                21.352866
              ],
              [
                105.854603,
                21.352765
              ],
              [
                105.854655,
                21.352452
              ],
              [
                105.8546,
                21.352267
              ],
              [
                105.854455,
                21.352099
              ],
              [
                105.85412,
                21.351839
              ],
              [
                105.853768,
                21.351621
              ],
              [
                105.853342,
                21.351405
              ],
              [
                105.853226,
                21.351346
              ],
              [
                105.852972,
                21.351144
              ],
              [
                105.852628,
                21.350876
              ],
              [
                105.85251,
                21.350624
              ],
              [
                105.852355,
                21.350278
              ],
              [
                105.852263,
                21.349941
              ],
              [
                105.852261,
                21.349646
              ],
              [
                105.852322,
                21.349283
              ],
              [
                105.852455,
                21.348987
              ],
              [
                105.852723,
                21.348589
              ],
              [
                105.853073,
                21.348334
              ],
              [
                105.853432,
                21.348163
              ],
              [
                105.854476,
                21.347888
              ],
              [
                105.855555,
                21.347579
              ],
              [
                105.856391,
                21.347262
              ],
              [
                105.856593,
                21.347171
              ],
              [
                105.856797,
                21.347082
              ],
              [
                105.857033,
                21.346979
              ],
              [
                105.858157,
                21.346339
              ],
              [
                105.858421,
                21.346098
              ],
              [
                105.858654,
                21.345829
              ],
              [
                105.858776,
                21.345647
              ],
              [
                105.858795,
                21.345456
              ],
              [
                105.858713,
                21.345332
              ],
              [
                105.85857,
                21.345275
              ],
              [
                105.858564,
                21.345274
              ],
              [
                105.858563,
                21.345273
              ],
              [
                105.858368,
                21.345227
              ],
              [
                105.858124,
                21.345247
              ],
              [
                105.857859,
                21.345334
              ],
              [
                105.857584,
                21.345508
              ],
              [
                105.857157,
                21.345854
              ],
              [
                105.856873,
                21.346009
              ],
              [
                105.856699,
                21.34601
              ],
              [
                105.856522,
                21.345964
              ],
              [
                105.856357,
                21.345764
              ],
              [
                105.85624,
                21.345507
              ],
              [
                105.856155,
                21.345143
              ],
              [
                105.856113,
                21.345067
              ],
              [
                105.856039,
                21.344935
              ],
              [
                105.856028,
                21.344919
              ],
              [
                105.855885,
                21.34472
              ],
              [
                105.855731,
                21.34447
              ],
              [
                105.855643,
                21.34402
              ],
              [
                105.855647,
                21.343186
              ],
              [
                105.855789,
                21.342648
              ],
              [
                105.856208,
                21.342194
              ],
              [
                105.856786,
                21.341674
              ],
              [
                105.856937,
                21.341335
              ],
              [
                105.856995,
                21.341198
              ],
              [
                105.857046,
                21.341051
              ],
              [
                105.857168,
                21.340766
              ],
              [
                105.857267,
                21.34051
              ],
              [
                105.857384,
                21.340082
              ],
              [
                105.857423,
                21.339894
              ],
              [
                105.857459,
                21.339744
              ],
              [
                105.857473,
                21.33966
              ],
              [
                105.857677,
                21.339181
              ],
              [
                105.858032,
                21.33873
              ],
              [
                105.858244,
                21.338471
              ],
              [
                105.85859,
                21.338239
              ],
              [
                105.85916,
                21.338036
              ],
              [
                105.859588,
                21.337938
              ],
              [
                105.859864,
                21.337936
              ],
              [
                105.86028,
                21.33801
              ],
              [
                105.860593,
                21.338122
              ],
              [
                105.860596,
                21.338123
              ],
              [
                105.861114,
                21.338215
              ],
              [
                105.861574,
                21.338299
              ],
              [
                105.862104,
                21.338239
              ],
              [
                105.862684,
                21.337977
              ],
              [
                105.862948,
                21.337804
              ],
              [
                105.86309,
                21.337574
              ],
              [
                105.863089,
                21.337382
              ],
              [
                105.863087,
                21.337134
              ],
              [
                105.863087,
                21.337012
              ],
              [
                105.863087,
                21.337011
              ],
              [
                105.863111,
                21.336642
              ],
              [
                105.863206,
                21.336402
              ],
              [
                105.863402,
                21.336126
              ],
              [
                105.86356,
                21.335928
              ],
              [
                105.863871,
                21.335616
              ],
              [
                105.864194,
                21.33531
              ],
              [
                105.864441,
                21.335027
              ],
              [
                105.864796,
                21.334643
              ],
              [
                105.865043,
                21.334349
              ],
              [
                105.865376,
                21.333972
              ],
              [
                105.86562,
                21.333707
              ],
              [
                105.865708,
                21.333557
              ],
              [
                105.86579,
                21.333323
              ],
              [
                105.865852,
                21.333018
              ],
              [
                105.865869,
                21.332701
              ],
              [
                105.865841,
                21.332307
              ],
              [
                105.865845,
                21.331895
              ],
              [
                105.865874,
                21.331351
              ],
              [
                105.865934,
                21.330723
              ],
              [
                105.866034,
                21.33028
              ],
              [
                105.866108,
                21.329981
              ],
              [
                105.866208,
                21.329628
              ],
              [
                105.866309,
                21.329317
              ],
              [
                105.866453,
                21.328933
              ],
              [
                105.866522,
                21.328724
              ],
              [
                105.866622,
                21.32846
              ],
              [
                105.866819,
                21.328232
              ],
              [
                105.867066,
                21.32798
              ],
              [
                105.86732,
                21.327758
              ],
              [
                105.86779,
                21.327391
              ],
              [
                105.868144,
                21.327078
              ],
              [
                105.868363,
                21.32699
              ],
              [
                105.868484,
                21.326963
              ],
              [
                105.86874,
                21.327033
              ],
              [
                105.86874,
                21.327034
              ],
              [
                105.868747,
                21.327035
              ],
              [
                105.869263,
                21.327428
              ],
              [
                105.869533,
                21.327683
              ],
              [
                105.869752,
                21.328022
              ],
              [
                105.869946,
                21.328368
              ],
              [
                105.870101,
                21.328707
              ],
              [
                105.87025,
                21.329006
              ],
              [
                105.8705,
                21.329339
              ],
              [
                105.870571,
                21.329464
              ],
              [
                105.870686,
                21.329535
              ],
              [
                105.870906,
                21.329628
              ],
              [
                105.871158,
                21.329656
              ],
              [
                105.871394,
                21.329661
              ],
              [
                105.87168,
                21.329564
              ],
              [
                105.871992,
                21.329407
              ],
              [
                105.87238,
                21.329202
              ],
              [
                105.872704,
                21.328949
              ],
              [
                105.87299,
                21.32881
              ],
              [
                105.873196,
                21.328739
              ],
              [
                105.873474,
                21.328622
              ],
              [
                105.873766,
                21.328471
              ],
              [
                105.874449,
                21.328196
              ],
              [
                105.874984,
                21.328038
              ],
              [
                105.875216,
                21.327976
              ],
              [
                105.875565,
                21.327885
              ],
              [
                105.876262,
                21.327771
              ],
              [
                105.876879,
                21.32767
              ],
              [
                105.87755,
                21.327605
              ],
              [
                105.877802,
                21.32758
              ],
              [
                105.878113,
                21.327567
              ],
              [
                105.879467,
                21.327514
              ],
              [
                105.880295,
                21.327551
              ],
              [
                105.881841,
                21.327554
              ],
              [
                105.88247,
                21.327563
              ],
              [
                105.883898,
                21.327473
              ],
              [
                105.884625,
                21.327283
              ],
              [
                105.885881,
                21.326652
              ],
              [
                105.885993,
                21.326597
              ],
              [
                105.888071,
                21.325984
              ],
              [
                105.889325,
                21.325767
              ],
              [
                105.890212,
                21.325724
              ],
              [
                105.890733,
                21.325731
              ],
              [
                105.891284,
                21.325738
              ],
              [
                105.89129,
                21.32574
              ],
              [
                105.892395,
                21.326084
              ],
              [
                105.892402,
                21.326086
              ],
              [
                105.893196,
                21.326309
              ],
              [
                105.893203,
                21.32631
              ],
              [
                105.893974,
                21.326621
              ],
              [
                105.894457,
                21.326836
              ],
              [
                105.894974,
                21.32706
              ],
              [
                105.895506,
                21.32728
              ],
              [
                105.895702,
                21.327355
              ],
              [
                105.896049,
                21.327424
              ],
              [
                105.896422,
                21.327485
              ],
              [
                105.896736,
                21.327512
              ],
              [
                105.896934,
                21.327505
              ],
              [
                105.897166,
                21.327458
              ],
              [
                105.897425,
                21.327351
              ],
              [
                105.897674,
                21.327178
              ],
              [
                105.897813,
                21.327022
              ],
              [
                105.898091,
                21.326614
              ],
              [
                105.898451,
                21.326052
              ],
              [
                105.89865,
                21.325698
              ],
              [
                105.899028,
                21.32507
              ],
              [
                105.899419,
                21.324177
              ],
              [
                105.899499,
                21.323859
              ],
              [
                105.899516,
                21.323665
              ],
              [
                105.899527,
                21.323393
              ],
              [
                105.899507,
                21.323086
              ],
              [
                105.899499,
                21.322832
              ],
              [
                105.899455,
                21.322594
              ],
              [
                105.899409,
                21.322483
              ],
              [
                105.899285,
                21.322229
              ],
              [
                105.898961,
                21.321595
              ],
              [
                105.898867,
                21.321307
              ],
              [
                105.898817,
                21.321118
              ],
              [
                105.898792,
                21.320995
              ],
              [
                105.898748,
                21.320704
              ],
              [
                105.898704,
                21.320495
              ],
              [
                105.898672,
                21.320318
              ],
              [
                105.898644,
                21.320146
              ],
              [
                105.898637,
                21.319986
              ],
              [
                105.898659,
                21.319682
              ],
              [
                105.898682,
                21.318924
              ],
              [
                105.898692,
                21.3185
              ],
              [
                105.898708,
                21.318159
              ],
              [
                105.898715,
                21.317842
              ],
              [
                105.898715,
                21.31784
              ],
              [
                105.898718,
                21.317691
              ],
              [
                105.89862,
                21.317686
              ],
              [
                105.897754,
                21.317647
              ],
              [
                105.896219,
                21.317577
              ],
              [
                105.896015,
                21.317574
              ],
              [
                105.896041,
                21.317343
              ],
              [
                105.896041,
                21.317342
              ],
              [
                105.896052,
                21.317218
              ],
              [
                105.896074,
                21.316971
              ],
              [
                105.896074,
                21.316947
              ],
              [
                105.896061,
                21.316899
              ],
              [
                105.896054,
                21.316889
              ],
              [
                105.896013,
                21.316892
              ],
              [
                105.895979,
                21.316888
              ],
              [
                105.895734,
                21.316817
              ],
              [
                105.895711,
                21.316811
              ],
              [
                105.89571,
                21.316811
              ],
              [
                105.895465,
                21.316742
              ],
              [
                105.895139,
                21.316651
              ],
              [
                105.894872,
                21.31657
              ],
              [
                105.894852,
                21.316565
              ],
              [
                105.894833,
                21.316568
              ],
              [
                105.894816,
                21.316554
              ],
              [
                105.894787,
                21.316544
              ],
              [
                105.894377,
                21.31642
              ],
              [
                105.894354,
                21.316409
              ],
              [
                105.894347,
                21.316403
              ],
              [
                105.894317,
                21.316402
              ],
              [
                105.8943,
                21.3164
              ],
              [
                105.893952,
                21.316313
              ],
              [
                105.893926,
                21.316309
              ],
              [
                105.893908,
                21.31631
              ],
              [
                105.893902,
                21.316306
              ],
              [
                105.893879,
                21.316295
              ],
              [
                105.89385,
                21.316286
              ],
              [
                105.89324,
                21.316118
              ],
              [
                105.893219,
                21.316108
              ],
              [
                105.893209,
                21.316101
              ],
              [
                105.893184,
                21.316102
              ],
              [
                105.89317,
                21.316098
              ],
              [
                105.893046,
                21.316064
              ],
              [
                105.893013,
                21.316065
              ],
              [
                105.893011,
                21.316066
              ],
              [
                105.893007,
                21.316062
              ],
              [
                105.892986,
                21.316048
              ],
              [
                105.892967,
                21.316041
              ],
              [
                105.892794,
                21.315989
              ],
              [
                105.892608,
                21.315934
              ],
              [
                105.892229,
                21.31582
              ],
              [
                105.892199,
                21.315808
              ],
              [
                105.892194,
                21.315806
              ],
              [
                105.892134,
                21.315817
              ],
              [
                105.892121,
                21.315807
              ],
              [
                105.892108,
                21.315797
              ],
              [
                105.892081,
                21.315784
              ],
              [
                105.891924,
                21.315739
              ],
              [
                105.89128,
                21.315553
              ],
              [
                105.891245,
                21.315543
              ],
              [
                105.891241,
                21.315541
              ],
              [
                105.891233,
                21.315543
              ],
              [
                105.891208,
                21.315529
              ],
              [
                105.891179,
                21.315526
              ],
              [
                105.891179,
                21.315526
              ],
              [
                105.891041,
                21.315539
              ],
              [
                105.890976,
                21.315546
              ],
              [
                105.890846,
                21.315546
              ],
              [
                105.890694,
                21.315524
              ],
              [
                105.890616,
                21.315511
              ],
              [
                105.890594,
                21.315499
              ],
              [
                105.890593,
                21.315499
              ],
              [
                105.890592,
                21.315499
              ],
              [
                105.890582,
                21.3155
              ],
              [
                105.890565,
                21.315502
              ],
              [
                105.89042,
                21.315477
              ],
              [
                105.890401,
                21.315476
              ],
              [
                105.8904,
                21.315477
              ],
              [
                105.890392,
                21.315479
              ],
              [
                105.890385,
                21.315473
              ],
              [
                105.89037,
                21.315468
              ],
              [
                105.889813,
                21.315379
              ],
              [
                105.889561,
                21.315338
              ],
              [
                105.88955,
                21.315336
              ],
              [
                105.889537,
                21.315337
              ],
              [
                105.889531,
                21.315338
              ],
              [
                105.889527,
                21.315335
              ],
              [
                105.889516,
                21.315331
              ],
              [
                105.889508,
                21.315329
              ],
              [
                105.888758,
                21.315184
              ],
              [
                105.888744,
                21.315185
              ],
              [
                105.88873,
                21.315188
              ],
              [
                105.888727,
                21.31519
              ],
              [
                105.888719,
                21.315193
              ],
              [
                105.888719,
                21.315193
              ],
              [
                105.888715,
                21.315189
              ],
              [
                105.888701,
                21.315178
              ],
              [
                105.888689,
                21.315172
              ],
              [
                105.888632,
                21.315162
              ],
              [
                105.888449,
                21.315131
              ],
              [
                105.888363,
                21.315116
              ],
              [
                105.88802,
                21.315057
              ],
              [
                105.887789,
                21.315012
              ],
              [
                105.887771,
                21.315013
              ],
              [
                105.887752,
                21.315019
              ],
              [
                105.887721,
                21.314991
              ],
              [
                105.88769,
                21.314992
              ],
              [
                105.887671,
                21.31499
              ],
              [
                105.88758,
                21.314973
              ],
              [
                105.886892,
                21.314844
              ],
              [
                105.886664,
                21.314803
              ],
              [
                105.88665,
                21.314801
              ],
              [
                105.886637,
                21.314803
              ],
              [
                105.886624,
                21.314805
              ],
              [
                105.886612,
                21.314796
              ],
              [
                105.886596,
                21.314791
              ],
              [
                105.88649,
                21.314771
              ],
              [
                105.886056,
                21.314697
              ],
              [
                105.885971,
                21.314683
              ],
              [
                105.885628,
                21.314624
              ],
              [
                105.885481,
                21.314599
              ],
              [
                105.885355,
                21.314527
              ],
              [
                105.885341,
                21.314523
              ],
              [
                105.88533,
                21.314522
              ],
              [
                105.885317,
                21.314522
              ],
              [
                105.885315,
                21.314521
              ],
              [
                105.885313,
                21.314522
              ],
              [
                105.885306,
                21.314509
              ],
              [
                105.885296,
                21.314498
              ],
              [
                105.885285,
                21.314489
              ],
              [
                105.885049,
                21.314355
              ],
              [
                105.884698,
                21.314153
              ],
              [
                105.884696,
                21.314152
              ],
              [
                105.884086,
                21.313802
              ],
              [
                105.884074,
                21.313794
              ],
              [
                105.884056,
                21.313789
              ],
              [
                105.884045,
                21.313788
              ],
              [
                105.884011,
                21.313735
              ],
              [
                105.884,
                21.31373
              ],
              [
                105.883957,
                21.313727
              ],
              [
                105.882805,
                21.313063
              ],
              [
                105.882751,
                21.313031
              ],
              [
                105.882739,
                21.313024
              ],
              [
                105.882654,
                21.312939
              ],
              [
                105.882452,
                21.312734
              ],
              [
                105.882435,
                21.312713
              ],
              [
                105.882336,
                21.312785
              ],
              [
                105.882095,
                21.312973
              ],
              [
                105.881961,
                21.313053
              ],
              [
                105.881726,
                21.313166
              ],
              [
                105.881681,
                21.313188
              ],
              [
                105.881672,
                21.313167
              ],
              [
                105.881669,
                21.313162
              ],
              [
                105.881524,
                21.312833
              ],
              [
                105.88151,
                21.312801
              ],
              [
                105.881446,
                21.312609
              ],
              [
                105.881404,
                21.312471
              ],
              [
                105.881393,
                21.312344
              ],
              [
                105.881377,
                21.31218
              ],
              [
                105.881466,
                21.311649
              ],
              [
                105.881531,
                21.311424
              ],
              [
                105.881499,
                21.311207
              ],
              [
                105.881494,
                21.311171
              ],
              [
                105.881412,
                21.311021
              ],
              [
                105.88125,
                21.310632
              ],
              [
                105.88124,
                21.310608
              ],
              [
                105.881193,
                21.310427
              ],
              [
                105.88107,
                21.310227
              ],
              [
                105.880777,
                21.309961
              ],
              [
                105.880695,
                21.309865
              ],
              [
                105.880671,
                21.309774
              ],
              [
                105.880654,
                21.309708
              ],
              [
                105.880654,
                21.309628
              ],
              [
                105.880668,
                21.3095
              ],
              [
                105.880671,
                21.309471
              ],
              [
                105.880681,
                21.309422
              ],
              [
                105.880682,
                21.309085
              ],
              [
                105.88068,
                21.308913
              ],
              [
                105.880688,
                21.308847
              ],
              [
                105.880719,
                21.308588
              ],
              [
                105.880564,
                21.308245
              ],
              [
                105.880387,
                21.308073
              ],
              [
                105.88037,
                21.308056
              ],
              [
                105.880349,
                21.308036
              ],
              [
                105.880303,
                21.307991
              ],
              [
                105.880273,
                21.307962
              ],
              [
                105.880237,
                21.307927
              ],
              [
                105.88019,
                21.307881
              ],
              [
                105.880364,
                21.307209
              ],
              [
                105.88056,
                21.306455
              ],
              [
                105.880491,
                21.306376
              ],
              [
                105.880455,
                21.306336
              ],
              [
                105.88042,
                21.306296
              ],
              [
                105.88042,
                21.306296
              ],
              [
                105.880385,
                21.306257
              ],
              [
                105.880242,
                21.306094
              ],
              [
                105.880239,
                21.30608
              ],
              [
                105.880179,
                21.305983
              ],
              [
                105.880166,
                21.305965
              ],
              [
                105.880016,
                21.305749
              ],
              [
                105.879854,
                21.305532
              ],
              [
                105.879745,
                21.305394
              ],
              [
                105.879735,
                21.305375
              ],
              [
                105.879719,
                21.305369
              ],
              [
                105.879707,
                21.305345
              ],
              [
                105.879398,
                21.304926
              ],
              [
                105.87938,
                21.304894
              ],
              [
                105.879411,
                21.30488
              ],
              [
                105.880213,
                21.304531
              ],
              [
                105.880221,
                21.304528
              ],
              [
                105.880606,
                21.30436
              ],
              [
                105.880594,
                21.304341
              ],
              [
                105.880551,
                21.304275
              ],
              [
                105.880484,
                21.304163
              ],
              [
                105.880449,
                21.304099
              ],
              [
                105.880436,
                21.304056
              ],
              [
                105.88043,
                21.304026
              ],
              [
                105.880443,
                21.303981
              ],
              [
                105.880448,
                21.303938
              ],
              [
                105.880442,
                21.30391
              ],
              [
                105.880417,
                21.30388
              ],
              [
                105.880406,
                21.303849
              ],
              [
                105.880408,
                21.303807
              ],
              [
                105.880401,
                21.30379
              ],
              [
                105.880394,
                21.303773
              ],
              [
                105.880358,
                21.303749
              ],
              [
                105.880291,
                21.303722
              ],
              [
                105.880227,
                21.303688
              ],
              [
                105.880151,
                21.303631
              ],
              [
                105.880123,
                21.30361
              ],
              [
                105.880096,
                21.303586
              ],
              [
                105.880044,
                21.303534
              ],
              [
                105.880008,
                21.303483
              ],
              [
                105.879982,
                21.30344
              ],
              [
                105.87997,
                21.303401
              ],
              [
                105.87997,
                21.303374
              ],
              [
                105.879977,
                21.303335
              ],
              [
                105.879975,
                21.303297
              ],
              [
                105.879969,
                21.303283
              ],
              [
                105.879956,
                21.30328
              ],
              [
                105.879933,
                21.30328
              ],
              [
                105.879903,
                21.303296
              ],
              [
                105.879837,
                21.303337
              ],
              [
                105.87978,
                21.303371
              ],
              [
                105.87977,
                21.30336
              ],
              [
                105.879585,
                21.303165
              ],
              [
                105.879558,
                21.303136
              ],
              [
                105.879439,
                21.303007
              ],
              [
                105.879438,
                21.303006
              ],
              [
                105.879608,
                21.302887
              ],
              [
                105.879644,
                21.302851
              ],
              [
                105.879685,
                21.302817
              ],
              [
                105.879735,
                21.302774
              ],
              [
                105.87972,
                21.30276
              ],
              [
                105.87972,
                21.30276
              ],
              [
                105.8797,
                21.302728
              ],
              [
                105.879665,
                21.302672
              ],
              [
                105.879663,
                21.302663
              ],
              [
                105.879661,
                21.302648
              ],
              [
                105.879668,
                21.302603
              ],
              [
                105.879678,
                21.302591
              ],
              [
                105.879686,
                21.302581
              ],
              [
                105.879746,
                21.302544
              ],
              [
                105.87978,
                21.302517
              ],
              [
                105.879826,
                21.30248
              ],
              [
                105.879872,
                21.302434
              ],
              [
                105.879875,
                21.30243
              ],
              [
                105.879824,
                21.302385
              ],
              [
                105.879841,
                21.302367
              ],
              [
                105.879844,
                21.302363
              ],
              [
                105.87988,
                21.302332
              ],
              [
                105.879978,
                21.302241
              ],
              [
                105.87999,
                21.30223
              ],
              [
                105.879971,
                21.302215
              ],
              [
                105.879965,
                21.30221
              ],
              [
                105.879965,
                21.302193
              ],
              [
                105.880209,
                21.302012
              ],
              [
                105.880218,
                21.301958
              ],
              [
                105.88038,
                21.301914
              ],
              [
                105.880446,
                21.301835
              ],
              [
                105.880525,
                21.301635
              ],
              [
                105.880653,
                21.301444
              ],
              [
                105.880808,
                21.301344
              ],
              [
                105.881005,
                21.301365
              ],
              [
                105.88107,
                21.301237
              ],
              [
                105.881184,
                21.301019
              ],
              [
                105.881194,
                21.301002
              ],
              [
                105.881209,
                21.300991
              ],
              [
                105.881213,
                21.300961
              ],
              [
                105.881217,
                21.300953
              ],
              [
                105.881222,
                21.300943
              ],
              [
                105.881227,
                21.300932
              ],
              [
                105.881292,
                21.300796
              ],
              [
                105.88134,
                21.300711
              ],
              [
                105.88138,
                21.300679
              ],
              [
                105.881533,
                21.300533
              ],
              [
                105.881586,
                21.300497
              ],
              [
                105.88163,
                21.30049
              ],
              [
                105.881703,
                21.30049
              ],
              [
                105.881764,
                21.300517
              ],
              [
                105.88188,
                21.300623
              ],
              [
                105.881904,
                21.30063
              ],
              [
                105.881945,
                21.300642
              ],
              [
                105.882072,
                21.300679
              ],
              [
                105.882287,
                21.299855
              ],
              [
                105.88252,
                21.298961
              ],
              [
                105.882457,
                21.298681
              ],
              [
                105.882437,
                21.29859
              ],
              [
                105.882371,
                21.298301
              ],
              [
                105.882369,
                21.298242
              ],
              [
                105.882369,
                21.298236
              ],
              [
                105.882367,
                21.298197
              ],
              [
                105.88233,
                21.297804
              ],
              [
                105.882295,
                21.297531
              ],
              [
                105.882281,
                21.297433
              ],
              [
                105.882281,
                21.297428
              ],
              [
                105.882268,
                21.297298
              ],
              [
                105.88226,
                21.297257
              ],
              [
                105.882277,
                21.29723
              ],
              [
                105.882287,
                21.297215
              ],
              [
                105.88238,
                21.297157
              ],
              [
                105.882413,
                21.297134
              ],
              [
                105.882504,
                21.297073
              ],
              [
                105.882568,
                21.297016
              ],
              [
                105.882576,
                21.297004
              ],
              [
                105.882612,
                21.296948
              ],
              [
                105.882636,
                21.29686
              ],
              [
                105.882656,
                21.296799
              ],
              [
                105.882679,
                21.296718
              ],
              [
                105.882683,
                21.296699
              ],
              [
                105.882697,
                21.296624
              ],
              [
                105.882744,
                21.296448
              ],
              [
                105.882764,
                21.296374
              ],
              [
                105.882785,
                21.296342
              ],
              [
                105.882791,
                21.296332
              ],
              [
                105.882799,
                21.296325
              ],
              [
                105.882833,
                21.296295
              ],
              [
                105.882882,
                21.296222
              ],
              [
                105.882909,
                21.29614
              ],
              [
                105.88292,
                21.296045
              ],
              [
                105.882932,
                21.296026
              ],
              [
                105.882948,
                21.296002
              ],
              [
                105.882937,
                21.295978
              ],
              [
                105.88289,
                21.295874
              ],
              [
                105.882843,
                21.295774
              ],
              [
                105.88277,
                21.295673
              ],
              [
                105.882726,
                21.295566
              ],
              [
                105.8827,
                21.295479
              ],
              [
                105.882675,
                21.295373
              ],
              [
                105.882661,
                21.295303
              ],
              [
                105.882635,
                21.29523
              ],
              [
                105.882578,
                21.295141
              ],
              [
                105.882505,
                21.295055
              ],
              [
                105.882454,
                21.295016
              ],
              [
                105.882439,
                21.295005
              ],
              [
                105.882436,
                21.295003
              ],
              [
                105.882424,
                21.294994
              ],
              [
                105.8824,
                21.294976
              ],
              [
                105.882295,
                21.294873
              ],
              [
                105.881977,
                21.294618
              ],
              [
                105.881935,
                21.294584
              ],
              [
                105.881859,
                21.294526
              ],
              [
                105.881615,
                21.294352
              ],
              [
                105.881491,
                21.294302
              ],
              [
                105.881347,
                21.294247
              ],
              [
                105.881211,
                21.294113
              ],
              [
                105.881095,
                21.293981
              ],
              [
                105.881054,
                21.293906
              ],
              [
                105.881053,
                21.293905
              ],
              [
                105.88103,
                21.293843
              ],
              [
                105.881019,
                21.293793
              ],
              [
                105.880963,
                21.293791
              ],
              [
                105.88034,
                21.293794
              ],
              [
                105.880254,
                21.293902
              ],
              [
                105.880204,
                21.293965
              ],
              [
                105.88005,
                21.294158
              ],
              [
                105.879882,
                21.29437
              ],
              [
                105.879712,
                21.294583
              ],
              [
                105.879698,
                21.294566
              ],
              [
                105.879679,
                21.294549
              ],
              [
                105.879652,
                21.294531
              ],
              [
                105.87957,
                21.294488
              ],
              [
                105.879505,
                21.294453
              ],
              [
                105.879379,
                21.294364
              ],
              [
                105.879351,
                21.294352
              ],
              [
                105.879299,
                21.294328
              ],
              [
                105.878932,
                21.294138
              ],
              [
                105.87876,
                21.294047
              ],
              [
                105.878583,
                21.293956
              ],
              [
                105.878336,
                21.293825
              ],
              [
                105.878166,
                21.293735
              ],
              [
                105.878052,
                21.293671
              ],
              [
                105.878008,
                21.293646
              ],
              [
                105.877745,
                21.29337
              ],
              [
                105.877557,
                21.293153
              ],
              [
                105.87738,
                21.292891
              ],
              [
                105.877374,
                21.292885
              ],
              [
                105.877359,
                21.292903
              ],
              [
                105.877284,
                21.293021
              ],
              [
                105.877238,
                21.293016
              ],
              [
                105.876939,
                21.292881
              ],
              [
                105.876855,
                21.292821
              ],
              [
                105.876728,
                21.293037
              ],
              [
                105.876713,
                21.293045
              ],
              [
                105.876699,
                21.293046
              ],
              [
                105.87662,
                21.292999
              ],
              [
                105.876559,
                21.292962
              ],
              [
                105.876527,
                21.292941
              ],
              [
                105.876437,
                21.292898
              ],
              [
                105.876356,
                21.292854
              ],
              [
                105.876345,
                21.292848
              ],
              [
                105.876288,
                21.292815
              ],
              [
                105.876236,
                21.292864
              ],
              [
                105.876217,
                21.292884
              ],
              [
                105.876181,
                21.292932
              ],
              [
                105.876103,
                21.293036
              ],
              [
                105.876056,
                21.293087
              ],
              [
                105.876028,
                21.293126
              ],
              [
                105.875974,
                21.293217
              ],
              [
                105.875927,
                21.293271
              ],
              [
                105.875831,
                21.293388
              ],
              [
                105.875758,
                21.29335
              ],
              [
                105.87565,
                21.293303
              ],
              [
                105.875548,
                21.29325
              ],
              [
                105.87547,
                21.293213
              ],
              [
                105.875339,
                21.293153
              ],
              [
                105.875263,
                21.293129
              ],
              [
                105.875231,
                21.293144
              ],
              [
                105.875226,
                21.293153
              ],
              [
                105.875173,
                21.293239
              ],
              [
                105.875134,
                21.293283
              ],
              [
                105.875121,
                21.293284
              ],
              [
                105.875087,
                21.293259
              ],
              [
                105.875024,
                21.293217
              ],
              [
                105.874969,
                21.293194
              ],
              [
                105.874903,
                21.293199
              ],
              [
                105.874883,
                21.293226
              ],
              [
                105.874868,
                21.293231
              ],
              [
                105.874781,
                21.293211
              ],
              [
                105.874754,
                21.293221
              ],
              [
                105.874739,
                21.293256
              ],
              [
                105.874712,
                21.293325
              ],
              [
                105.874679,
                21.29335
              ],
              [
                105.874617,
                21.293355
              ],
              [
                105.874557,
                21.293325
              ],
              [
                105.874475,
                21.293283
              ],
              [
                105.874387,
                21.293215
              ],
              [
                105.874211,
                21.29339
              ],
              [
                105.874189,
                21.293379
              ],
              [
                105.874167,
                21.293367
              ],
              [
                105.874113,
                21.293339
              ],
              [
                105.874053,
                21.293335
              ],
              [
                105.874011,
                21.293349
              ],
              [
                105.873964,
                21.29339
              ],
              [
                105.873906,
                21.293472
              ],
              [
                105.873868,
                21.293513
              ],
              [
                105.873831,
                21.293561
              ],
              [
                105.873803,
                21.293623
              ],
              [
                105.873782,
                21.293638
              ],
              [
                105.873213,
                21.293386
              ],
              [
                105.873186,
                21.293372
              ],
              [
                105.87318,
                21.29338
              ],
              [
                105.873133,
                21.293447
              ],
              [
                105.873071,
                21.293558
              ],
              [
                105.873017,
                21.293687
              ],
              [
                105.872973,
                21.29378
              ],
              [
                105.872929,
                21.293897
              ],
              [
                105.872866,
                21.293993
              ],
              [
                105.872783,
                21.294112
              ],
              [
                105.872751,
                21.294175
              ],
              [
                105.872741,
                21.294217
              ],
              [
                105.872776,
                21.294328
              ],
              [
                105.87286,
                21.294454
              ],
              [
                105.872942,
                21.294567
              ],
              [
                105.873012,
                21.294689
              ],
              [
                105.873046,
                21.294853
              ],
              [
                105.873116,
                21.29509
              ],
              [
                105.873116,
                21.29509
              ],
              [
                105.873063,
                21.295109
              ],
              [
                105.872956,
                21.29513
              ],
              [
                105.872845,
                21.29516
              ],
              [
                105.87276,
                21.295182
              ],
              [
                105.872739,
                21.295186
              ],
              [
                105.872684,
                21.295193
              ],
              [
                105.871869,
                21.294345
              ],
              [
                105.871924,
                21.294282
              ],
              [
                105.872026,
                21.294115
              ],
              [
                105.87203,
                21.294107
              ],
              [
                105.872041,
                21.294084
              ],
              [
                105.872006,
                21.294074
              ],
              [
                105.871951,
                21.294053
              ],
              [
                105.871792,
                21.293989
              ],
              [
                105.871692,
                21.294009
              ],
              [
                105.871601,
                21.294001
              ],
              [
                105.871482,
                21.293984
              ],
              [
                105.871409,
                21.293934
              ],
              [
                105.871283,
                21.293948
              ],
              [
                105.871261,
                21.294031
              ],
              [
                105.871261,
                21.294066
              ],
              [
                105.871284,
                21.294108
              ],
              [
                105.871292,
                21.294158
              ],
              [
                105.87108,
                21.294612
              ],
              [
                105.870778,
                21.294474
              ],
              [
                105.870672,
                21.294453
              ],
              [
                105.870595,
                21.294438
              ],
              [
                105.870308,
                21.294331
              ],
              [
                105.870126,
                21.294252
              ],
              [
                105.870006,
                21.294202
              ],
              [
                105.86997,
                21.294187
              ],
              [
                105.870061,
                21.293927
              ],
              [
                105.869998,
                21.293908
              ],
              [
                105.869873,
                21.293867
              ],
              [
                105.869769,
                21.293827
              ],
              [
                105.869667,
                21.293788
              ],
              [
                105.869562,
                21.293746
              ],
              [
                105.869547,
                21.293738
              ],
              [
                105.869539,
                21.29373
              ],
              [
                105.86953,
                21.293723
              ],
              [
                105.869515,
                21.293719
              ],
              [
                105.8695,
                21.293716
              ],
              [
                105.869487,
                21.293718
              ],
              [
                105.869475,
                21.293729
              ],
              [
                105.869457,
                21.293747
              ],
              [
                105.869439,
                21.293757
              ],
              [
                105.869411,
                21.293756
              ],
              [
                105.869352,
                21.293738
              ],
              [
                105.869265,
                21.293693
              ],
              [
                105.869182,
                21.293646
              ],
              [
                105.869128,
                21.293625
              ],
              [
                105.86912,
                21.29362
              ],
              [
                105.869104,
                21.293611
              ],
              [
                105.869079,
                21.293597
              ],
              [
                105.869017,
                21.293565
              ],
              [
                105.868973,
                21.293529
              ],
              [
                105.868943,
                21.293485
              ],
              [
                105.868922,
                21.293454
              ],
              [
                105.868908,
                21.293444
              ],
              [
                105.868851,
                21.29343
              ],
              [
                105.868737,
                21.293397
              ],
              [
                105.868706,
                21.293389
              ],
              [
                105.868672,
                21.293381
              ],
              [
                105.86864,
                21.293372
              ],
              [
                105.868631,
                21.29337
              ],
              [
                105.868613,
                21.293367
              ],
              [
                105.868574,
                21.293366
              ],
              [
                105.868543,
                21.293373
              ],
              [
                105.868519,
                21.29337
              ],
              [
                105.868503,
                21.293361
              ],
              [
                105.868485,
                21.293343
              ],
              [
                105.868462,
                21.293327
              ],
              [
                105.868462,
                21.293327
              ],
              [
                105.868449,
                21.293326
              ],
              [
                105.868436,
                21.293328
              ],
              [
                105.868419,
                21.293335
              ],
              [
                105.868274,
                21.293246
              ],
              [
                105.868203,
                21.293216
              ],
              [
                105.868199,
                21.293188
              ],
              [
                105.868196,
                21.293174
              ],
              [
                105.868179,
                21.293157
              ],
              [
                105.868147,
                21.293144
              ],
              [
                105.868097,
                21.29309
              ],
              [
                105.868055,
                21.293034
              ],
              [
                105.868037,
                21.292976
              ],
              [
                105.868033,
                21.292954
              ],
              [
                105.868036,
                21.292928
              ],
              [
                105.868009,
                21.292913
              ],
              [
                105.867949,
                21.292841
              ],
              [
                105.867874,
                21.292762
              ],
              [
                105.867814,
                21.29271
              ],
              [
                105.867764,
                21.292676
              ],
              [
                105.867446,
                21.29294
              ],
              [
                105.867429,
                21.292925
              ],
              [
                105.86736,
                21.292861
              ],
              [
                105.867218,
                21.292721
              ],
              [
                105.867152,
                21.292633
              ],
              [
                105.867129,
                21.292602
              ],
              [
                105.867023,
                21.292425
              ],
              [
                105.867002,
                21.292392
              ],
              [
                105.866343,
                21.292476
              ],
              [
                105.86633,
                21.29242
              ],
              [
                105.866307,
                21.292318
              ],
              [
                105.866157,
                21.291665
              ],
              [
                105.866088,
                21.291375
              ],
              [
                105.866017,
                21.291065
              ],
              [
                105.865865,
                21.290409
              ],
              [
                105.865832,
                21.290265
              ],
              [
                105.86574,
                21.289863
              ],
              [
                105.865616,
                21.289319
              ],
              [
                105.865553,
                21.289045
              ],
              [
                105.865337,
                21.288117
              ],
              [
                105.865289,
                21.287912
              ],
              [
                105.865192,
                21.287494
              ],
              [
                105.865124,
                21.287201
              ],
              [
                105.865124,
                21.287201
              ],
              [
                105.86512,
                21.287183
              ],
              [
                105.865056,
                21.287189
              ],
              [
                105.864976,
                21.287204
              ],
              [
                105.864865,
                21.287229
              ],
              [
                105.86485,
                21.287233
              ],
              [
                105.863989,
                21.287321
              ],
              [
                105.863752,
                21.287332
              ],
              [
                105.863272,
                21.287276
              ],
              [
                105.863187,
                21.287222
              ],
              [
                105.862993,
                21.287267
              ],
              [
                105.862966,
                21.287264
              ],
              [
                105.862942,
                21.287277
              ],
              [
                105.862905,
                21.287277
              ],
              [
                105.862698,
                21.287216
              ],
              [
                105.862667,
                21.287224
              ],
              [
                105.862634,
                21.287232
              ],
              [
                105.862586,
                21.287242
              ],
              [
                105.862535,
                21.287251
              ],
              [
                105.862485,
                21.287261
              ],
              [
                105.862437,
                21.287272
              ],
              [
                105.862388,
                21.287283
              ],
              [
                105.86234,
                21.287294
              ],
              [
                105.862306,
                21.287304
              ],
              [
                105.862271,
                21.287313
              ],
              [
                105.862224,
                21.287325
              ],
              [
                105.862178,
                21.287336
              ],
              [
                105.862135,
                21.287346
              ],
              [
                105.862107,
                21.287353
              ],
              [
                105.862079,
                21.287361
              ],
              [
                105.862066,
                21.287364
              ],
              [
                105.862017,
                21.287378
              ],
              [
                105.861968,
                21.287392
              ],
              [
                105.861933,
                21.287431
              ],
              [
                105.861871,
                21.287499
              ],
              [
                105.861843,
                21.287505
              ],
              [
                105.861809,
                21.287522
              ],
              [
                105.861776,
                21.287538
              ],
              [
                105.861736,
                21.287549
              ],
              [
                105.861685,
                21.287569
              ],
              [
                105.861645,
                21.287588
              ],
              [
                105.861595,
                21.287678
              ],
              [
                105.861556,
                21.287693
              ],
              [
                105.861529,
                21.287705
              ],
              [
                105.861497,
                21.287712
              ],
              [
                105.861449,
                21.287727
              ],
              [
                105.86141,
                21.287736
              ],
              [
                105.861377,
                21.287755
              ],
              [
                105.861331,
                21.287782
              ],
              [
                105.861296,
                21.287802
              ],
              [
                105.861266,
                21.287817
              ],
              [
                105.861229,
                21.28784
              ],
              [
                105.861184,
                21.287861
              ],
              [
                105.861146,
                21.287875
              ],
              [
                105.86112,
                21.287885
              ],
              [
                105.861095,
                21.287895
              ],
              [
                105.861056,
                21.287905
              ],
              [
                105.860981,
                21.287923
              ],
              [
                105.860833,
                21.287964
              ],
              [
                105.860749,
                21.28798
              ],
              [
                105.860719,
                21.287986
              ],
              [
                105.860663,
                21.28799
              ],
              [
                105.860628,
                21.288
              ],
              [
                105.860583,
                21.288013
              ],
              [
                105.860551,
                21.288032
              ],
              [
                105.86051,
                21.28805
              ],
              [
                105.860475,
                21.28807
              ],
              [
                105.86038,
                21.288094
              ],
              [
                105.860336,
                21.288018
              ],
              [
                105.860334,
                21.288001
              ],
              [
                105.860327,
                21.287975
              ],
              [
                105.86032,
                21.287956
              ],
              [
                105.860284,
                21.287924
              ],
              [
                105.860276,
                21.287906
              ],
              [
                105.860268,
                21.287888
              ],
              [
                105.860255,
                21.287865
              ],
              [
                105.860238,
                21.287836
              ],
              [
                105.86022,
                21.287809
              ],
              [
                105.860202,
                21.287773
              ],
              [
                105.860194,
                21.287751
              ],
              [
                105.860179,
                21.287723
              ],
              [
                105.860163,
                21.287695
              ],
              [
                105.860147,
                21.287679
              ],
              [
                105.86014,
                21.287659
              ],
              [
                105.860128,
                21.287635
              ],
              [
                105.860124,
                21.287614
              ],
              [
                105.86009,
                21.287477
              ],
              [
                105.860013,
                21.287465
              ],
              [
                105.859964,
                21.287456
              ],
              [
                105.85992,
                21.287449
              ],
              [
                105.859873,
                21.287449
              ],
              [
                105.859841,
                21.287451
              ],
              [
                105.859817,
                21.287452
              ],
              [
                105.859794,
                21.287455
              ],
              [
                105.85977,
                21.287458
              ],
              [
                105.859748,
                21.287463
              ],
              [
                105.859723,
                21.287476
              ],
              [
                105.859702,
                21.287495
              ],
              [
                105.859683,
                21.287509
              ],
              [
                105.859659,
                21.287537
              ],
              [
                105.85971,
                21.287649
              ],
              [
                105.859701,
                21.287667
              ],
              [
                105.859711,
                21.287706
              ],
              [
                105.85971,
                21.287748
              ],
              [
                105.859709,
                21.287771
              ],
              [
                105.859699,
                21.287795
              ],
              [
                105.859689,
                21.287818
              ],
              [
                105.859675,
                21.287842
              ],
              [
                105.859659,
                21.287872
              ],
              [
                105.859648,
                21.28789
              ],
              [
                105.859636,
                21.28791
              ],
              [
                105.859571,
                21.287993
              ],
              [
                105.859551,
                21.288014
              ],
              [
                105.859546,
                21.288019
              ],
              [
                105.859535,
                21.288031
              ],
              [
                105.859521,
                21.28805
              ],
              [
                105.859501,
                21.288075
              ],
              [
                105.859482,
                21.2881
              ],
              [
                105.859463,
                21.288125
              ],
              [
                105.859438,
                21.288156
              ],
              [
                105.859348,
                21.288272
              ],
              [
                105.859282,
                21.288269
              ],
              [
                105.859094,
                21.28826
              ],
              [
                105.859025,
                21.288243
              ],
              [
                105.859004,
                21.288238
              ],
              [
                105.858976,
                21.28823
              ],
              [
                105.858954,
                21.288224
              ],
              [
                105.858935,
                21.288217
              ],
              [
                105.858924,
                21.288213
              ],
              [
                105.858907,
                21.288208
              ],
              [
                105.85888,
                21.288198
              ],
              [
                105.858854,
                21.288188
              ],
              [
                105.858833,
                21.288179
              ],
              [
                105.858812,
                21.288172
              ],
              [
                105.858783,
                21.288163
              ],
              [
                105.858756,
                21.288155
              ],
              [
                105.858725,
                21.288158
              ],
              [
                105.85869,
                21.288169
              ],
              [
                105.858656,
                21.288193
              ],
              [
                105.85863,
                21.288218
              ],
              [
                105.858615,
                21.288236
              ],
              [
                105.858606,
                21.288255
              ],
              [
                105.858585,
                21.288272
              ],
              [
                105.858561,
                21.288293
              ],
              [
                105.858542,
                21.288311
              ],
              [
                105.858528,
                21.288331
              ],
              [
                105.85852,
                21.288339
              ],
              [
                105.858475,
                21.288379
              ],
              [
                105.858462,
                21.288408
              ],
              [
                105.858452,
                21.288429
              ],
              [
                105.858411,
                21.288458
              ],
              [
                105.858392,
                21.288476
              ],
              [
                105.858373,
                21.288494
              ],
              [
                105.858351,
                21.288512
              ],
              [
                105.858331,
                21.288532
              ],
              [
                105.858313,
                21.288549
              ],
              [
                105.858296,
                21.288567
              ],
              [
                105.858278,
                21.288585
              ],
              [
                105.858265,
                21.288604
              ],
              [
                105.858247,
                21.288628
              ],
              [
                105.85822,
                21.288661
              ],
              [
                105.858193,
                21.288698
              ],
              [
                105.85817,
                21.288701
              ],
              [
                105.858142,
                21.288707
              ],
              [
                105.858124,
                21.288719
              ],
              [
                105.858102,
                21.288738
              ],
              [
                105.858072,
                21.288755
              ],
              [
                105.858041,
                21.288767
              ],
              [
                105.858011,
                21.288774
              ],
              [
                105.857982,
                21.288782
              ],
              [
                105.857949,
                21.288785
              ],
              [
                105.857916,
                21.288786
              ],
              [
                105.857891,
                21.288787
              ],
              [
                105.857868,
                21.288787
              ],
              [
                105.857845,
                21.288786
              ],
              [
                105.857823,
                21.288784
              ],
              [
                105.857794,
                21.28878
              ],
              [
                105.857761,
                21.288785
              ],
              [
                105.857729,
                21.288792
              ],
              [
                105.857706,
                21.288795
              ],
              [
                105.857681,
                21.288796
              ],
              [
                105.857652,
                21.288797
              ],
              [
                105.857595,
                21.288798
              ],
              [
                105.857594,
                21.288879
              ],
              [
                105.857593,
                21.288906
              ],
              [
                105.857593,
                21.288927
              ],
              [
                105.857579,
                21.288942
              ],
              [
                105.857561,
                21.288966
              ],
              [
                105.857541,
                21.28899
              ],
              [
                105.857522,
                21.289005
              ],
              [
                105.857503,
                21.289017
              ],
              [
                105.857478,
                21.289034
              ],
              [
                105.857457,
                21.28904
              ],
              [
                105.857434,
                21.289044
              ],
              [
                105.857402,
                21.289048
              ],
              [
                105.857371,
                21.289051
              ],
              [
                105.857338,
                21.289057
              ],
              [
                105.857305,
                21.289064
              ],
              [
                105.85728,
                21.289069
              ],
              [
                105.857255,
                21.289066
              ],
              [
                105.857222,
                21.289065
              ],
              [
                105.857195,
                21.289085
              ],
              [
                105.857169,
                21.289108
              ],
              [
                105.857145,
                21.289114
              ],
              [
                105.857131,
                21.289115
              ],
              [
                105.857126,
                21.289228
              ],
              [
                105.857126,
                21.289289
              ],
              [
                105.857126,
                21.289378
              ],
              [
                105.857118,
                21.289426
              ],
              [
                105.857106,
                21.289439
              ],
              [
                105.857078,
                21.289464
              ],
              [
                105.857047,
                21.289481
              ],
              [
                105.857007,
                21.289482
              ],
              [
                105.856953,
                21.289466
              ],
              [
                105.856922,
                21.289454
              ],
              [
                105.856902,
                21.28945
              ],
              [
                105.856879,
                21.289453
              ],
              [
                105.856851,
                21.289484
              ],
              [
                105.856835,
                21.28953
              ],
              [
                105.856814,
                21.289576
              ],
              [
                105.856797,
                21.289604
              ],
              [
                105.856773,
                21.289625
              ],
              [
                105.856741,
                21.289635
              ],
              [
                105.856718,
                21.289654
              ],
              [
                105.85668,
                21.289671
              ],
              [
                105.856619,
                21.289673
              ],
              [
                105.856569,
                21.28968
              ],
              [
                105.856532,
                21.289693
              ],
              [
                105.856507,
                21.28971
              ],
              [
                105.85647,
                21.289715
              ],
              [
                105.85643,
                21.289724
              ],
              [
                105.856389,
                21.28972
              ],
              [
                105.856341,
                21.289694
              ],
              [
                105.856316,
                21.289652
              ],
              [
                105.856235,
                21.289556
              ],
              [
                105.856188,
                21.289529
              ],
              [
                105.856151,
                21.289534
              ],
              [
                105.856084,
                21.289561
              ],
              [
                105.85607,
                21.28959
              ],
              [
                105.856057,
                21.28964
              ],
              [
                105.856063,
                21.289714
              ],
              [
                105.856044,
                21.289738
              ],
              [
                105.856083,
                21.289847
              ],
              [
                105.856176,
                21.29001
              ],
              [
                105.856331,
                21.290305
              ],
              [
                105.856388,
                21.29035
              ],
              [
                105.856521,
                21.290909
              ],
              [
                105.856549,
                21.291133
              ],
              [
                105.856633,
                21.291314
              ],
              [
                105.856638,
                21.291385
              ],
              [
                105.856555,
                21.291579
              ],
              [
                105.856486,
                21.291759
              ],
              [
                105.856439,
                21.2919
              ],
              [
                105.856376,
                21.292017
              ],
              [
                105.856286,
                21.29212
              ],
              [
                105.856116,
                21.292245
              ],
              [
                105.855977,
                21.292365
              ],
              [
                105.855863,
                21.292485
              ],
              [
                105.855931,
                21.292695
              ],
              [
                105.856012,
                21.292888
              ],
              [
                105.856131,
                21.2931
              ],
              [
                105.856224,
                21.293107
              ],
              [
                105.856262,
                21.293112
              ],
              [
                105.85635,
                21.293127
              ],
              [
                105.856639,
                21.293172
              ],
              [
                105.856702,
                21.293187
              ],
              [
                105.856713,
                21.29319
              ],
              [
                105.856782,
                21.293219
              ],
              [
                105.856813,
                21.293231
              ],
              [
                105.856814,
                21.293238
              ],
              [
                105.856834,
                21.29325
              ],
              [
                105.856853,
                21.293262
              ],
              [
                105.856897,
                21.293294
              ],
              [
                105.856929,
                21.293322
              ],
              [
                105.856931,
                21.293324
              ],
              [
                105.85694,
                21.29335
              ],
              [
                105.85694,
                21.29335
              ],
              [
                105.856937,
                21.293362
              ],
              [
                105.856935,
                21.293369
              ],
              [
                105.856934,
                21.29337
              ],
              [
                105.856936,
                21.293379
              ],
              [
                105.856949,
                21.293397
              ],
              [
                105.856971,
                21.293423
              ],
              [
                105.856974,
                21.293427
              ],
              [
                105.85699,
                21.293443
              ],
              [
                105.856994,
                21.293443
              ],
              [
                105.857022,
                21.293465
              ],
              [
                105.857032,
                21.293475
              ],
              [
                105.857186,
                21.293669
              ],
              [
                105.857202,
                21.29369
              ],
              [
                105.857207,
                21.293697
              ],
              [
                105.857217,
                21.293713
              ],
              [
                105.85724,
                21.293753
              ],
              [
                105.857265,
                21.293806
              ],
              [
                105.857277,
                21.293827
              ],
              [
                105.857282,
                21.293834
              ],
              [
                105.857304,
                21.29386
              ],
              [
                105.857382,
                21.293947
              ],
              [
                105.857406,
                21.293975
              ],
              [
                105.857406,
                21.293982
              ],
              [
                105.857436,
                21.294002
              ],
              [
                105.856995,
                21.294713
              ],
              [
                105.856982,
                21.294699
              ],
              [
                105.856977,
                21.294686
              ],
              [
                105.856973,
                21.294686
              ],
              [
                105.856968,
                21.294687
              ],
              [
                105.856927,
                21.294666
              ],
              [
                105.856803,
                21.294578
              ],
              [
                105.856775,
                21.294561
              ],
              [
                105.856768,
                21.294558
              ],
              [
                105.856764,
                21.294558
              ],
              [
                105.856762,
                21.29456
              ],
              [
                105.856731,
                21.294608
              ],
              [
                105.856727,
                21.294617
              ],
              [
                105.856723,
                21.294626
              ],
              [
                105.856718,
                21.29464
              ],
              [
                105.856715,
                21.294659
              ],
              [
                105.856715,
                21.29466
              ],
              [
                105.856716,
                21.294679
              ],
              [
                105.856718,
                21.294685
              ],
              [
                105.856734,
                21.29472
              ],
              [
                105.856734,
                21.294721
              ],
              [
                105.856754,
                21.294751
              ],
              [
                105.856752,
                21.294757
              ],
              [
                105.856724,
                21.294769
              ],
              [
                105.856711,
                21.294777
              ],
              [
                105.856523,
                21.294864
              ],
              [
                105.856251,
                21.294986
              ],
              [
                105.856218,
                21.294997
              ],
              [
                105.856185,
                21.295005
              ],
              [
                105.856097,
                21.295022
              ],
              [
                105.856075,
                21.295028
              ],
              [
                105.85597,
                21.295016
              ],
              [
                105.855838,
                21.295046
              ],
              [
                105.855759,
                21.295078
              ],
              [
                105.855759,
                21.295078
              ],
              [
                105.855723,
                21.295111
              ],
              [
                105.855674,
                21.295166
              ],
              [
                105.855613,
                21.295235
              ],
              [
                105.855544,
                21.295317
              ],
              [
                105.855531,
                21.295324
              ],
              [
                105.855461,
                21.295415
              ],
              [
                105.855417,
                21.295481
              ],
              [
                105.855401,
                21.295511
              ],
              [
                105.855398,
                21.295518
              ],
              [
                105.855393,
                21.295569
              ],
              [
                105.855376,
                21.295619
              ],
              [
                105.855324,
                21.295693
              ],
              [
                105.855198,
                21.295851
              ],
              [
                105.855137,
                21.295929
              ],
              [
                105.855101,
                21.295967
              ],
              [
                105.855064,
                21.295991
              ],
              [
                105.855016,
                21.29601
              ],
              [
                105.854953,
                21.296024
              ],
              [
                105.854889,
                21.296035
              ],
              [
                105.854792,
                21.296037
              ],
              [
                105.854701,
                21.296038
              ],
              [
                105.854649,
                21.296044
              ],
              [
                105.854583,
                21.296055
              ],
              [
                105.854526,
                21.296075
              ],
              [
                105.854523,
                21.296076
              ],
              [
                105.854451,
                21.296113
              ],
              [
                105.854386,
                21.296149
              ],
              [
                105.854342,
                21.296169
              ],
              [
                105.854312,
                21.296193
              ],
              [
                105.854283,
                21.296231
              ],
              [
                105.854283,
                21.296232
              ],
              [
                105.854264,
                21.296284
              ],
              [
                105.854263,
                21.296285
              ],
              [
                105.854257,
                21.296294
              ],
              [
                105.854252,
                21.2963
              ],
              [
                105.85425,
                21.296302
              ],
              [
                105.854248,
                21.296304
              ],
              [
                105.854238,
                21.296309
              ],
              [
                105.854236,
                21.296309
              ],
              [
                105.854226,
                21.296311
              ],
              [
                105.854224,
                21.296311
              ],
              [
                105.854216,
                21.296311
              ],
              [
                105.85421,
                21.29631
              ],
              [
                105.854205,
                21.296309
              ],
              [
                105.8542,
                21.296307
              ],
              [
                105.854193,
                21.296303
              ],
              [
                105.854187,
                21.296298
              ],
              [
                105.854184,
                21.296295
              ],
              [
                105.854183,
                21.296295
              ],
              [
                105.854172,
                21.296295
              ],
              [
                105.854162,
                21.296293
              ],
              [
                105.854111,
                21.296274
              ],
              [
                105.854111,
                21.296274
              ],
              [
                105.854054,
                21.296259
              ],
              [
                105.854053,
                21.296258
              ],
              [
                105.854026,
                21.296255
              ],
              [
                105.85399,
                21.296254
              ],
              [
                105.853971,
                21.296256
              ],
              [
                105.853971,
                21.296256
              ],
              [
                105.853964,
                21.296262
              ],
              [
                105.853964,
                21.296262
              ],
              [
                105.853954,
                21.296305
              ],
              [
                105.853954,
                21.296306
              ],
              [
                105.85394,
                21.296353
              ],
              [
                105.853925,
                21.296381
              ],
              [
                105.853898,
                21.29636
              ],
              [
                105.853745,
                21.296283
              ],
              [
                105.853522,
                21.296189
              ],
              [
                105.853414,
                21.296141
              ],
              [
                105.853348,
                21.296123
              ],
              [
                105.853305,
                21.296233
              ],
              [
                105.853256,
                21.296428
              ],
              [
                105.853236,
                21.296522
              ],
              [
                105.853197,
                21.296612
              ],
              [
                105.85315,
                21.296683
              ],
              [
                105.853022,
                21.296722
              ],
              [
                105.852826,
                21.296746
              ],
              [
                105.852678,
                21.296742
              ],
              [
                105.852591,
                21.296716
              ],
              [
                105.852466,
                21.296717
              ],
              [
                105.852373,
                21.29671
              ],
              [
                105.852277,
                21.296728
              ],
              [
                105.852195,
                21.296671
              ],
              [
                105.852172,
                21.296651
              ],
              [
                105.851837,
                21.296666
              ],
              [
                105.851848,
                21.296874
              ],
              [
                105.85184,
                21.296943
              ],
              [
                105.851832,
                21.297013
              ],
              [
                105.851793,
                21.297103
              ],
              [
                105.85174,
                21.297198
              ],
              [
                105.851611,
                21.297402
              ],
              [
                105.851582,
                21.297448
              ],
              [
                105.851563,
                21.297495
              ],
              [
                105.851204,
                21.297335
              ],
              [
                105.850861,
                21.297203
              ],
              [
                105.850692,
                21.297146
              ],
              [
                105.850471,
                21.297072
              ],
              [
                105.850391,
                21.297035
              ],
              [
                105.850012,
                21.296919
              ],
              [
                105.849912,
                21.296886
              ],
              [
                105.849545,
                21.296746
              ],
              [
                105.849386,
                21.296686
              ],
              [
                105.849145,
                21.296611
              ],
              [
                105.849074,
                21.296588
              ],
              [
                105.849036,
                21.296572
              ],
              [
                105.848874,
                21.296493
              ],
              [
                105.848739,
                21.29644
              ],
              [
                105.848532,
                21.296361
              ],
              [
                105.848297,
                21.296274
              ],
              [
                105.84817,
                21.296234
              ],
              [
                105.848084,
                21.296206
              ],
              [
                105.8478,
                21.296072
              ],
              [
                105.84762,
                21.296025
              ],
              [
                105.847559,
                21.296011
              ],
              [
                105.84751,
                21.295993
              ],
              [
                105.847311,
                21.295904
              ],
              [
                105.847229,
                21.295878
              ],
              [
                105.847123,
                21.295843
              ],
              [
                105.847023,
                21.29581
              ],
              [
                105.846965,
                21.295871
              ],
              [
                105.846986,
                21.295913
              ],
              [
                105.846991,
                21.295973
              ],
              [
                105.846981,
                21.296024
              ],
              [
                105.846961,
                21.296068
              ],
              [
                105.84688,
                21.29626
              ],
              [
                105.846734,
                21.296205
              ],
              [
                105.846478,
                21.296122
              ],
              [
                105.846202,
                21.296038
              ],
              [
                105.846102,
                21.296016
              ],
              [
                105.846043,
                21.295989
              ],
              [
                105.845978,
                21.295971
              ],
              [
                105.845909,
                21.295962
              ],
              [
                105.84579,
                21.295974
              ],
              [
                105.845735,
                21.295998
              ],
              [
                105.845718,
                21.296028
              ],
              [
                105.845711,
                21.296059
              ],
              [
                105.845706,
                21.296321
              ],
              [
                105.845687,
                21.296474
              ],
              [
                105.845663,
                21.296569
              ],
              [
                105.845541,
                21.296573
              ],
              [
                105.845351,
                21.296464
              ],
              [
                105.844998,
                21.296289
              ],
              [
                105.84485,
                21.296166
              ],
              [
                105.844522,
                21.295938
              ],
              [
                105.844169,
                21.295772
              ],
              [
                105.843982,
                21.295546
              ],
              [
                105.843907,
                21.295535
              ],
              [
                105.843784,
                21.295498
              ],
              [
                105.8437,
                21.295479
              ],
              [
                105.843573,
                21.295488
              ],
              [
                105.843474,
                21.295536
              ],
              [
                105.84329,
                21.29563
              ],
              [
                105.843104,
                21.295734
              ],
              [
                105.842921,
                21.295797
              ],
              [
                105.842872,
                21.295827
              ],
              [
                105.842794,
                21.295777
              ],
              [
                105.842745,
                21.295745
              ],
              [
                105.842668,
                21.295696
              ],
              [
                105.842524,
                21.295603
              ],
              [
                105.842263,
                21.295366
              ],
              [
                105.842073,
                21.295156
              ],
              [
                105.841797,
                21.295029
              ],
              [
                105.841552,
                21.294987
              ],
              [
                105.841338,
                21.295041
              ],
              [
                105.841137,
                21.295207
              ],
              [
                105.840931,
                21.295423
              ],
              [
                105.840818,
                21.295538
              ],
              [
                105.840709,
                21.295649
              ],
              [
                105.840626,
                21.295775
              ],
              [
                105.84059,
                21.295906
              ],
              [
                105.840299,
                21.296297
              ],
              [
                105.840249,
                21.296361
              ],
              [
                105.840218,
                21.296416
              ],
              [
                105.840146,
                21.296595
              ],
              [
                105.840119,
                21.296741
              ],
              [
                105.8401,
                21.29693
              ],
              [
                105.840084,
                21.296976
              ],
              [
                105.840014,
                21.297117
              ],
              [
                105.839933,
                21.297299
              ],
              [
                105.839881,
                21.297476
              ],
              [
                105.83987,
                21.297898
              ],
              [
                105.839851,
                21.298044
              ],
              [
                105.839819,
                21.298189
              ],
              [
                105.839747,
                21.298434
              ],
              [
                105.839701,
                21.298509
              ],
              [
                105.83961,
                21.298619
              ],
              [
                105.839393,
                21.298792
              ],
              [
                105.839263,
                21.298867
              ],
              [
                105.839181,
                21.298895
              ],
              [
                105.839033,
                21.298923
              ],
              [
                105.838969,
                21.298926
              ],
              [
                105.838929,
                21.298932
              ],
              [
                105.838836,
                21.298932
              ],
              [
                105.838764,
                21.298929
              ],
              [
                105.838663,
                21.298921
              ],
              [
                105.838587,
                21.298922
              ],
              [
                105.838282,
                21.298884
              ],
              [
                105.838117,
                21.298869
              ],
              [
                105.838041,
                21.298869
              ],
              [
                105.83796,
                21.298866
              ],
              [
                105.837914,
                21.298878
              ],
              [
                105.837812,
                21.298932
              ],
              [
                105.837683,
                21.299052
              ],
              [
                105.837632,
                21.299121
              ],
              [
                105.837609,
                21.29917
              ],
              [
                105.837513,
                21.299324
              ],
              [
                105.837445,
                21.29941
              ],
              [
                105.837388,
                21.299489
              ],
              [
                105.837329,
                21.299545
              ],
              [
                105.83729,
                21.299576
              ],
              [
                105.83725,
                21.299597
              ],
              [
                105.83722,
                21.29961
              ],
              [
                105.837176,
                21.299623
              ],
              [
                105.837142,
                21.29963
              ],
              [
                105.837085,
                21.299639
              ],
              [
                105.837063,
                21.29964
              ],
              [
                105.837025,
                21.299638
              ],
              [
                105.836973,
                21.299623
              ],
              [
                105.836882,
                21.299577
              ],
              [
                105.836844,
                21.299555
              ],
              [
                105.836827,
                21.299552
              ],
              [
                105.836795,
                21.299556
              ],
              [
                105.836745,
                21.299592
              ],
              [
                105.83671,
                21.299619
              ],
              [
                105.836665,
                21.299636
              ],
              [
                105.836597,
                21.299658
              ],
              [
                105.836478,
                21.299677
              ],
              [
                105.836302,
                21.299704
              ],
              [
                105.836201,
                21.299736
              ],
              [
                105.836084,
                21.299802
              ],
              [
                105.835992,
                21.299879
              ],
              [
                105.835911,
                21.299962
              ],
              [
                105.835618,
                21.300123
              ],
              [
                105.83556,
                21.300162
              ],
              [
                105.835286,
                21.300395
              ],
              [
                105.835199,
                21.300455
              ],
              [
                105.835067,
                21.300532
              ],
              [
                105.834955,
                21.30059
              ],
              [
                105.83487,
                21.300635
              ],
              [
                105.834797,
                21.300678
              ],
              [
                105.834721,
                21.300794
              ],
              [
                105.834618,
                21.301041
              ],
              [
                105.834595,
                21.301079
              ],
              [
                105.834525,
                21.301211
              ],
              [
                105.834421,
                21.301376
              ],
              [
                105.834396,
                21.301425
              ],
              [
                105.834357,
                21.301492
              ],
              [
                105.834272,
                21.301588
              ],
              [
                105.834163,
                21.301694
              ],
              [
                105.834111,
                21.301736
              ],
              [
                105.834031,
                21.301791
              ],
              [
                105.833845,
                21.301853
              ],
              [
                105.833611,
                21.301932
              ],
              [
                105.833408,
                21.301958
              ],
              [
                105.833273,
                21.301971
              ],
              [
                105.83317,
                21.301962
              ],
              [
                105.833048,
                21.301899
              ],
              [
                105.833,
                21.30187
              ],
              [
                105.832931,
                21.301807
              ],
              [
                105.832851,
                21.301745
              ],
              [
                105.832729,
                21.301645
              ],
              [
                105.832576,
                21.301563
              ],
              [
                105.832461,
                21.301532
              ],
              [
                105.832372,
                21.301502
              ],
              [
                105.832219,
                21.301472
              ],
              [
                105.832038,
                21.301452
              ],
              [
                105.831952,
                21.301437
              ],
              [
                105.831878,
                21.301407
              ],
              [
                105.831796,
                21.301365
              ],
              [
                105.831587,
                21.301206
              ],
              [
                105.831387,
                21.301054
              ],
              [
                105.831192,
                21.300968
              ],
              [
                105.830943,
                21.300846
              ],
              [
                105.830807,
                21.300786
              ],
              [
                105.830524,
                21.300623
              ],
              [
                105.830259,
                21.300492
              ],
              [
                105.82975,
                21.30033
              ],
              [
                105.829472,
                21.300261
              ],
              [
                105.829173,
                21.3002
              ],
              [
                105.829031,
                21.300162
              ],
              [
                105.828814,
                21.300151
              ],
              [
                105.828712,
                21.300151
              ],
              [
                105.828576,
                21.300178
              ],
              [
                105.824292,
                21.298682
              ],
              [
                105.824568,
                21.29395
              ],
              [
                105.82452,
                21.293868
              ],
              [
                105.824358,
                21.293676
              ],
              [
                105.824275,
                21.29356
              ],
              [
                105.824236,
                21.293449
              ],
              [
                105.824173,
                21.292983
              ],
              [
                105.824093,
                21.292573
              ],
              [
                105.824111,
                21.292362
              ],
              [
                105.824125,
                21.292154
              ],
              [
                105.824112,
                21.291958
              ],
              [
                105.824087,
                21.291743
              ],
              [
                105.82405,
                21.291579
              ],
              [
                105.824022,
                21.291418
              ],
              [
                105.824018,
                21.291317
              ],
              [
                105.824056,
                21.291029
              ],
              [
                105.824136,
                21.290853
              ],
              [
                105.824169,
                21.290688
              ],
              [
                105.824141,
                21.290477
              ],
              [
                105.824044,
                21.290198
              ],
              [
                105.824029,
                21.290144
              ],
              [
                105.824011,
                21.289634
              ],
              [
                105.823679,
                21.289486
              ],
              [
                105.823481,
                21.28934
              ],
              [
                105.823305,
                21.289206
              ],
              [
                105.823046,
                21.288905
              ],
              [
                105.822623,
                21.288499
              ],
              [
                105.821941,
                21.287804
              ],
              [
                105.821653,
                21.287772
              ],
              [
                105.821422,
                21.287768
              ],
              [
                105.821384,
                21.287759
              ],
              [
                105.82124,
                21.287739
              ],
              [
                105.821024,
                21.287736
              ],
              [
                105.820645,
                21.287729
              ],
              [
                105.820342,
                21.287715
              ],
              [
                105.820155,
                21.287722
              ],
              [
                105.820106,
                21.287729
              ],
              [
                105.820082,
                21.287736
              ],
              [
                105.820054,
                21.287738
              ],
              [
                105.819905,
                21.287767
              ],
              [
                105.819666,
                21.287805
              ],
              [
                105.819466,
                21.28782
              ],
              [
                105.819331,
                21.287783
              ],
              [
                105.819127,
                21.287523
              ],
              [
                105.819023,
                21.287466
              ],
              [
                105.818919,
                21.287392
              ],
              [
                105.818851,
                21.287332
              ],
              [
                105.818793,
                21.28724
              ],
              [
                105.818772,
                21.287106
              ],
              [
                105.81866,
                21.286661
              ],
              [
                105.818639,
                21.286523
              ],
              [
                105.818613,
                21.286112
              ],
              [
                105.818658,
                21.285814
              ],
              [
                105.818654,
                21.285739
              ],
              [
                105.818584,
                21.285623
              ],
              [
                105.818572,
                21.285579
              ],
              [
                105.818571,
                21.285537
              ],
              [
                105.818632,
                21.28543
              ],
              [
                105.818624,
                21.285374
              ],
              [
                105.818562,
                21.285319
              ],
              [
                105.818424,
                21.285227
              ],
              [
                105.81838,
                21.285165
              ],
              [
                105.81833,
                21.285089
              ],
              [
                105.818316,
                21.284994
              ],
              [
                105.818317,
                21.284898
              ],
              [
                105.818337,
                21.284806
              ],
              [
                105.818318,
                21.284766
              ],
              [
                105.81829,
                21.284743
              ],
              [
                105.818169,
                21.284721
              ],
              [
                105.817855,
                21.284715
              ],
              [
                105.817728,
                21.2847
              ],
              [
                105.817614,
                21.284662
              ],
              [
                105.817516,
                21.284605
              ],
              [
                105.817456,
                21.284543
              ],
              [
                105.817429,
                21.284484
              ],
              [
                105.8174,
                21.284403
              ],
              [
                105.817367,
                21.284312
              ],
              [
                105.817339,
                21.284268
              ],
              [
                105.817308,
                21.284247
              ],
              [
                105.817216,
                21.284218
              ],
              [
                105.8172,
                21.284217
              ],
              [
                105.817063,
                21.284178
              ],
              [
                105.817016,
                21.28417
              ],
              [
                105.81694,
                21.284172
              ],
              [
                105.816881,
                21.284184
              ],
              [
                105.816751,
                21.284183
              ],
              [
                105.81662,
                21.284174
              ],
              [
                105.816493,
                21.284142
              ],
              [
                105.816428,
                21.284116
              ],
              [
                105.816371,
                21.284072
              ],
              [
                105.816301,
                21.284009
              ],
              [
                105.816223,
                21.283935
              ],
              [
                105.816186,
                21.283863
              ],
              [
                105.816194,
                21.283784
              ],
              [
                105.816235,
                21.283564
              ],
              [
                105.816282,
                21.283397
              ],
              [
                105.81628,
                21.283267
              ],
              [
                105.816265,
                21.283042
              ],
              [
                105.816244,
                21.282962
              ],
              [
                105.816213,
                21.282885
              ],
              [
                105.816139,
                21.282843
              ],
              [
                105.8155,
                21.282543
              ],
              [
                105.814802,
                21.282211
              ],
              [
                105.814487,
                21.282013
              ],
              [
                105.813783,
                21.281485
              ],
              [
                105.81376,
                21.281477
              ],
              [
                105.813618,
                21.281328
              ],
              [
                105.813385,
                21.281163
              ],
              [
                105.8132,
                21.281023
              ],
              [
                105.813143,
                21.280964
              ],
              [
                105.813108,
                21.280883
              ],
              [
                105.813079,
                21.280834
              ],
              [
                105.813025,
                21.280752
              ],
              [
                105.812906,
                21.280619
              ],
              [
                105.812808,
                21.280558
              ],
              [
                105.812576,
                21.280401
              ],
              [
                105.812124,
                21.280066
              ],
              [
                105.811885,
                21.279879
              ],
              [
                105.811594,
                21.279673
              ],
              [
                105.811336,
                21.2795
              ],
              [
                105.811215,
                21.279409
              ],
              [
                105.811062,
                21.279319
              ],
              [
                105.81099,
                21.279266
              ],
              [
                105.810967,
                21.279212
              ],
              [
                105.810944,
                21.279128
              ],
              [
                105.810936,
                21.278966
              ],
              [
                105.810946,
                21.2789
              ],
              [
                105.810914,
                21.278818
              ],
              [
                105.810846,
                21.278742
              ],
              [
                105.810689,
                21.278587
              ],
              [
                105.810535,
                21.278414
              ],
              [
                105.80979,
                21.277616
              ],
              [
                105.809737,
                21.278033
              ],
              [
                105.809663,
                21.278323
              ],
              [
                105.809606,
                21.278476
              ],
              [
                105.809446,
                21.278782
              ],
              [
                105.809221,
                21.279065
              ],
              [
                105.809114,
                21.279294
              ],
              [
                105.809121,
                21.279389
              ],
              [
                105.809195,
                21.279532
              ],
              [
                105.809192,
                21.279583
              ],
              [
                105.809165,
                21.279686
              ],
              [
                105.809098,
                21.279905
              ],
              [
                105.80893,
                21.280333
              ],
              [
                105.80885,
                21.280615
              ],
              [
                105.808739,
                21.280846
              ],
              [
                105.808611,
                21.281064
              ],
              [
                105.808539,
                21.281345
              ],
              [
                105.808475,
                21.281779
              ],
              [
                105.808357,
                21.282402
              ],
              [
                105.808148,
                21.282999
              ],
              [
                105.807542,
                21.283889
              ],
              [
                105.807483,
                21.284761
              ],
              [
                105.80602,
                21.28511
              ],
              [
                105.80556,
                21.285219
              ],
              [
                105.805103,
                21.285328
              ],
              [
                105.80319,
                21.285751
              ],
              [
                105.802853,
                21.285744
              ],
              [
                105.801187,
                21.285382
              ],
              [
                105.800996,
                21.285434
              ],
              [
                105.800575,
                21.285691
              ],
              [
                105.79976,
                21.286396
              ],
              [
                105.799506,
                21.286681
              ],
              [
                105.799359,
                21.2869
              ],
              [
                105.798917,
                21.2873
              ],
              [
                105.798754,
                21.287567
              ],
              [
                105.798667,
                21.287726
              ],
              [
                105.798507,
                21.287885
              ],
              [
                105.798294,
                21.288048
              ],
              [
                105.798147,
                21.288159
              ],
              [
                105.798025,
                21.288252
              ],
              [
                105.797972,
                21.288308
              ],
              [
                105.797949,
                21.28844
              ],
              [
                105.797932,
                21.288848
              ],
              [
                105.797873,
                21.28919
              ],
              [
                105.797805,
                21.289289
              ],
              [
                105.797631,
                21.289445
              ],
              [
                105.797483,
                21.28951
              ],
              [
                105.797361,
                21.289572
              ],
              [
                105.797332,
                21.289656
              ],
              [
                105.797306,
                21.289758
              ],
              [
                105.797337,
                21.289859
              ],
              [
                105.797353,
                21.289976
              ],
              [
                105.797355,
                21.290075
              ],
              [
                105.797323,
                21.290154
              ],
              [
                105.797238,
                21.2903
              ],
              [
                105.79711,
                21.290538
              ],
              [
                105.796696,
                21.291217
              ],
              [
                105.79651,
                21.291648
              ],
              [
                105.79642,
                21.291919
              ],
              [
                105.79639,
                21.292043
              ],
              [
                105.796359,
                21.292072
              ],
              [
                105.796318,
                21.292098
              ],
              [
                105.795993,
                21.292179
              ],
              [
                105.795863,
                21.29223
              ],
              [
                105.795612,
                21.292371
              ],
              [
                105.795451,
                21.292478
              ],
              [
                105.795331,
                21.29254
              ],
              [
                105.795306,
                21.292578
              ],
              [
                105.79529,
                21.292636
              ],
              [
                105.795332,
                21.292775
              ],
              [
                105.795373,
                21.293022
              ],
              [
                105.795358,
                21.293127
              ],
              [
                105.795199,
                21.293365
              ],
              [
                105.795018,
                21.293643
              ],
              [
                105.794964,
                21.293749
              ],
              [
                105.794777,
                21.293848
              ],
              [
                105.794541,
                21.293991
              ],
              [
                105.794488,
                21.294081
              ],
              [
                105.794434,
                21.294334
              ],
              [
                105.794377,
                21.294563
              ],
              [
                105.794317,
                21.294725
              ],
              [
                105.794061,
                21.295138
              ],
              [
                105.794003,
                21.295413
              ],
              [
                105.793969,
                21.295669
              ],
              [
                105.793977,
                21.295888
              ],
              [
                105.793992,
                21.296044
              ],
              [
                105.794001,
                21.296148
              ],
              [
                105.793958,
                21.296368
              ],
              [
                105.793899,
                21.296637
              ],
              [
                105.79391,
                21.296727
              ],
              [
                105.79405,
                21.296943
              ],
              [
                105.794108,
                21.297057
              ],
              [
                105.79419,
                21.297234
              ],
              [
                105.794173,
                21.297259
              ],
              [
                105.794086,
                21.297336
              ],
              [
                105.793828,
                21.297624
              ],
              [
                105.793816,
                21.297699
              ],
              [
                105.793822,
                21.298037
              ],
              [
                105.793873,
                21.298456
              ],
              [
                105.793849,
                21.298693
              ],
              [
                105.793768,
                21.299107
              ],
              [
                105.793538,
                21.299752
              ],
              [
                105.7933,
                21.300214
              ],
              [
                105.793254,
                21.300294
              ],
              [
                105.793097,
                21.30064
              ],
              [
                105.792696,
                21.30121
              ],
              [
                105.792382,
                21.301555
              ],
              [
                105.792258,
                21.301666
              ],
              [
                105.792069,
                21.301825
              ],
              [
                105.791861,
                21.301979
              ],
              [
                105.791791,
                21.302014
              ],
              [
                105.791505,
                21.302169
              ],
              [
                105.79119,
                21.302364
              ],
              [
                105.790933,
                21.302468
              ],
              [
                105.790661,
                21.302572
              ],
              [
                105.790551,
                21.30264
              ],
              [
                105.79046,
                21.3027
              ],
              [
                105.790414,
                21.302723
              ],
              [
                105.790349,
                21.302726
              ],
              [
                105.789918,
                21.302838
              ],
              [
                105.789433,
                21.30303
              ],
              [
                105.78898,
                21.30318
              ],
              [
                105.788889,
                21.303215
              ],
              [
                105.788834,
                21.303242
              ],
              [
                105.788792,
                21.303315
              ],
              [
                105.78877,
                21.303414
              ],
              [
                105.78872,
                21.303559
              ],
              [
                105.788686,
                21.303705
              ],
              [
                105.788663,
                21.30379
              ],
              [
                105.788629,
                21.30387
              ],
              [
                105.788614,
                21.303933
              ],
              [
                105.788605,
                21.304011
              ],
              [
                105.788608,
                21.304071
              ],
              [
                105.78862,
                21.304167
              ],
              [
                105.788655,
                21.30425
              ],
              [
                105.788669,
                21.304333
              ],
              [
                105.788672,
                21.304437
              ],
              [
                105.788654,
                21.304534
              ],
              [
                105.78861,
                21.304658
              ],
              [
                105.788598,
                21.304766
              ],
              [
                105.788591,
                21.304893
              ],
              [
                105.788617,
                21.304995
              ],
              [
                105.788636,
                21.3051
              ],
              [
                105.788684,
                21.305216
              ],
              [
                105.788695,
                21.305304
              ],
              [
                105.788654,
                21.305591
              ],
              [
                105.788652,
                21.305776
              ],
              [
                105.788704,
                21.305881
              ],
              [
                105.788731,
                21.305994
              ],
              [
                105.788736,
                21.306064
              ],
              [
                105.788728,
                21.306111
              ],
              [
                105.788704,
                21.306222
              ],
              [
                105.788678,
                21.306415
              ],
              [
                105.788662,
                21.306537
              ],
              [
                105.788663,
                21.306641
              ],
              [
                105.788686,
                21.306842
              ],
              [
                105.788705,
                21.307009
              ],
              [
                105.788701,
                21.307209
              ],
              [
                105.788689,
                21.307254
              ],
              [
                105.788684,
                21.307342
              ],
              [
                105.788679,
                21.307446
              ],
              [
                105.788672,
                21.307523
              ],
              [
                105.788564,
                21.307722
              ],
              [
                105.788462,
                21.307943
              ],
              [
                105.788422,
                21.308095
              ],
              [
                105.788364,
                21.308249
              ],
              [
                105.78835,
                21.308324
              ],
              [
                105.788373,
                21.308363
              ],
              [
                105.788466,
                21.308536
              ],
              [
                105.788549,
                21.308729
              ],
              [
                105.788588,
                21.30885
              ],
              [
                105.788586,
                21.308895
              ],
              [
                105.788534,
                21.308959
              ],
              [
                105.788441,
                21.309082
              ],
              [
                105.788423,
                21.30918
              ],
              [
                105.788414,
                21.309299
              ],
              [
                105.788408,
                21.309772
              ],
              [
                105.788437,
                21.309945
              ],
              [
                105.788444,
                21.309985
              ],
              [
                105.788451,
                21.310043
              ],
              [
                105.788464,
                21.310067
              ],
              [
                105.788485,
                21.31008
              ],
              [
                105.788547,
                21.310105
              ],
              [
                105.788644,
                21.310135
              ],
              [
                105.788845,
                21.31022
              ],
              [
                105.788896,
                21.310271
              ],
              [
                105.788936,
                21.310326
              ],
              [
                105.78896,
                21.310384
              ],
              [
                105.788958,
                21.31045
              ],
              [
                105.788943,
                21.310538
              ],
              [
                105.788828,
                21.310641
              ],
              [
                105.788707,
                21.310723
              ],
              [
                105.788705,
                21.310771
              ],
              [
                105.788811,
                21.310872
              ],
              [
                105.788839,
                21.310973
              ],
              [
                105.788835,
                21.311078
              ],
              [
                105.788805,
                21.311222
              ],
              [
                105.788693,
                21.311469
              ],
              [
                105.788679,
                21.311516
              ],
              [
                105.788668,
                21.311559
              ],
              [
                105.788656,
                21.311595
              ],
              [
                105.788651,
                21.311617
              ],
              [
                105.788651,
                21.311652
              ],
              [
                105.788655,
                21.311674
              ],
              [
                105.788713,
                21.311897
              ],
              [
                105.788822,
                21.312326
              ],
              [
                105.788925,
                21.312588
              ],
              [
                105.788948,
                21.312663
              ],
              [
                105.788979,
                21.312916
              ],
              [
                105.78897,
                21.313022
              ],
              [
                105.788947,
                21.313063
              ],
              [
                105.788925,
                21.313086
              ],
              [
                105.788873,
                21.313147
              ],
              [
                105.78882,
                21.313266
              ],
              [
                105.7888,
                21.313322
              ],
              [
                105.788765,
                21.313485
              ],
              [
                105.788727,
                21.313776
              ],
              [
                105.788669,
                21.314022
              ],
              [
                105.79317,
                21.317299
              ],
              [
                105.793313,
                21.317348
              ],
              [
                105.793411,
                21.317384
              ],
              [
                105.793497,
                21.31745
              ],
              [
                105.793551,
                21.317488
              ],
              [
                105.793623,
                21.317537
              ],
              [
                105.793686,
                21.3176
              ],
              [
                105.793946,
                21.317931
              ],
              [
                105.794017,
                21.318742
              ],
              [
                105.794298,
                21.322216
              ],
              [
                105.795754,
                21.323185
              ],
              [
                105.796042,
                21.323185
              ],
              [
                105.796246,
                21.323205
              ],
              [
                105.796392,
                21.323262
              ],
              [
                105.796591,
                21.323359
              ],
              [
                105.796939,
                21.323489
              ],
              [
                105.797151,
                21.323526
              ],
              [
                105.797329,
                21.323535
              ],
              [
                105.797541,
                21.323524
              ],
              [
                105.79772,
                21.323497
              ],
              [
                105.797763,
                21.323497
              ],
              [
                105.797768,
                21.323518
              ],
              [
                105.797751,
                21.323559
              ],
              [
                105.797705,
                21.323617
              ],
              [
                105.797545,
                21.323809
              ],
              [
                105.797454,
                21.323883
              ],
              [
                105.797326,
                21.323924
              ],
              [
                105.797143,
                21.323973
              ],
              [
                105.797017,
                21.324025
              ],
              [
                105.797013,
                21.324026
              ],
              [
                105.79695,
                21.324089
              ],
              [
                105.79692,
                21.324168
              ],
              [
                105.79693,
                21.324251
              ],
              [
                105.796941,
                21.324302
              ],
              [
                105.796984,
                21.324364
              ],
              [
                105.797041,
                21.324428
              ],
              [
                105.797082,
                21.324492
              ],
              [
                105.797124,
                21.324619
              ],
              [
                105.797207,
                21.324879
              ],
              [
                105.797212,
                21.324984
              ],
              [
                105.797218,
                21.325075
              ],
              [
                105.797234,
                21.325149
              ],
              [
                105.797285,
                21.325201
              ],
              [
                105.797416,
                21.325294
              ],
              [
                105.797506,
                21.325406
              ],
              [
                105.797513,
                21.325415
              ],
              [
                105.797649,
                21.325601
              ],
              [
                105.797704,
                21.325761
              ],
              [
                105.797715,
                21.325945
              ],
              [
                105.797731,
                21.32604
              ],
              [
                105.797752,
                21.326102
              ],
              [
                105.797795,
                21.326184
              ],
              [
                105.797857,
                21.326248
              ],
              [
                105.797888,
                21.326307
              ],
              [
                105.797873,
                21.326391
              ],
              [
                105.797851,
                21.32642
              ],
              [
                105.797668,
                21.326667
              ],
              [
                105.797516,
                21.326907
              ],
              [
                105.797483,
                21.327003
              ],
              [
                105.797489,
                21.327072
              ],
              [
                105.79752,
                21.327136
              ],
              [
                105.797571,
                21.327198
              ],
              [
                105.797681,
                21.32726
              ],
              [
                105.797771,
                21.327331
              ],
              [
                105.797799,
                21.327384
              ],
              [
                105.797853,
                21.327441
              ],
              [
                105.798091,
                21.327511
              ],
              [
                105.798277,
                21.327561
              ],
              [
                105.798367,
                21.327603
              ],
              [
                105.798444,
                21.327689
              ],
              [
                105.798516,
                21.327782
              ],
              [
                105.79859,
                21.327863
              ],
              [
                105.798601,
                21.327949
              ],
              [
                105.798594,
                21.328047
              ],
              [
                105.798602,
                21.328149
              ],
              [
                105.798633,
                21.328235
              ],
              [
                105.798774,
                21.328309
              ],
              [
                105.799022,
                21.328391
              ],
              [
                105.799103,
                21.328415
              ],
              [
                105.799256,
                21.328378
              ],
              [
                105.799323,
                21.328397
              ],
              [
                105.799351,
                21.328447
              ],
              [
                105.799362,
                21.328497
              ],
              [
                105.799405,
                21.328554
              ],
              [
                105.799495,
                21.328592
              ],
              [
                105.799559,
                21.328637
              ],
              [
                105.799564,
                21.328695
              ],
              [
                105.799552,
                21.32874
              ],
              [
                105.799534,
                21.328836
              ],
              [
                105.799525,
                21.328934
              ],
              [
                105.799505,
                21.329044
              ],
              [
                105.799333,
                21.329315
              ],
              [
                105.798736,
                21.329903
              ],
              [
                105.798386,
                21.330233
              ],
              [
                105.79831,
                21.330355
              ],
              [
                105.798283,
                21.330467
              ],
              [
                105.798261,
                21.330587
              ],
              [
                105.798208,
                21.330704
              ],
              [
                105.798124,
                21.330755
              ],
              [
                105.797994,
                21.330799
              ],
              [
                105.797897,
                21.330904
              ],
              [
                105.797885,
                21.331
              ],
              [
                105.797924,
                21.331148
              ],
              [
                105.797917,
                21.33126
              ],
              [
                105.797874,
                21.331349
              ],
              [
                105.797808,
                21.331376
              ],
              [
                105.797691,
                21.331371
              ],
              [
                105.797515,
                21.331348
              ],
              [
                105.797428,
                21.331373
              ],
              [
                105.797359,
                21.331447
              ],
              [
                105.797301,
                21.331564
              ],
              [
                105.797251,
                21.331667
              ],
              [
                105.797177,
                21.331713
              ],
              [
                105.797062,
                21.331728
              ],
              [
                105.796907,
                21.33176
              ],
              [
                105.796749,
                21.331878
              ],
              [
                105.796719,
                21.331993
              ],
              [
                105.796725,
                21.332119
              ],
              [
                105.796751,
                21.33221
              ],
              [
                105.796826,
                21.332279
              ],
              [
                105.79691,
                21.332298
              ],
              [
                105.796974,
                21.332314
              ],
              [
                105.797005,
                21.332355
              ],
              [
                105.796995,
                21.332405
              ],
              [
                105.796969,
                21.332448
              ],
              [
                105.796939,
                21.332506
              ],
              [
                105.796945,
                21.332565
              ],
              [
                105.79698,
                21.332591
              ],
              [
                105.797203,
                21.332667
              ],
              [
                105.797295,
                21.332714
              ],
              [
                105.797341,
                21.332762
              ],
              [
                105.797367,
                21.332824
              ],
              [
                105.797377,
                21.332888
              ],
              [
                105.797401,
                21.332986
              ],
              [
                105.797445,
                21.333058
              ],
              [
                105.797586,
                21.33315
              ],
              [
                105.797713,
                21.3332
              ],
              [
                105.797869,
                21.333218
              ],
              [
                105.797938,
                21.333237
              ],
              [
                105.797938,
                21.333256
              ],
              [
                105.797895,
                21.333347
              ],
              [
                105.797842,
                21.33346
              ],
              [
                105.797754,
                21.333601
              ],
              [
                105.797612,
                21.333855
              ],
              [
                105.797341,
                21.334198
              ],
              [
                105.797293,
                21.334292
              ],
              [
                105.797317,
                21.33439
              ],
              [
                105.797355,
                21.334459
              ],
              [
                105.797374,
                21.334523
              ],
              [
                105.797371,
                21.334581
              ],
              [
                105.797333,
                21.33465
              ],
              [
                105.797138,
                21.334821
              ],
              [
                105.797042,
                21.334982
              ],
              [
                105.797042,
                21.335051
              ],
              [
                105.797081,
                21.335134
              ],
              [
                105.797173,
                21.335232
              ],
              [
                105.797281,
                21.335311
              ],
              [
                105.79745,
                21.335434
              ],
              [
                105.797614,
                21.335598
              ],
              [
                105.797704,
                21.33576
              ],
              [
                105.797722,
                21.335846
              ],
              [
                105.797733,
                21.335901
              ],
              [
                105.797731,
                21.336009
              ],
              [
                105.797721,
                21.336059
              ],
              [
                105.79766,
                21.336157
              ],
              [
                105.797514,
                21.336409
              ],
              [
                105.797372,
                21.336605
              ],
              [
                105.797258,
                21.336699
              ],
              [
                105.79722,
                21.336766
              ],
              [
                105.797223,
                21.336862
              ],
              [
                105.797236,
                21.336941
              ],
              [
                105.797255,
                21.337051
              ],
              [
                105.797245,
                21.337249
              ],
              [
                105.797236,
                21.337448
              ],
              [
                105.797189,
                21.337625
              ],
              [
                105.797146,
                21.337761
              ],
              [
                105.797157,
                21.337869
              ],
              [
                105.797229,
                21.338036
              ],
              [
                105.797292,
                21.338227
              ],
              [
                105.797292,
                21.338298
              ],
              [
                105.797249,
                21.338468
              ],
              [
                105.797217,
                21.338581
              ],
              [
                105.797248,
                21.33871
              ],
              [
                105.797298,
                21.338893
              ],
              [
                105.797403,
                21.339082
              ],
              [
                105.797441,
                21.339168
              ],
              [
                105.797749,
                21.341576
              ],
              [
                105.797754,
                21.343923
              ],
              [
                105.797707,
                21.343949
              ],
              [
                105.797637,
                21.34396
              ],
              [
                105.797562,
                21.343961
              ],
              [
                105.797499,
                21.343964
              ],
              [
                105.797463,
                21.343977
              ],
              [
                105.797424,
                21.344002
              ],
              [
                105.797398,
                21.344037
              ],
              [
                105.797384,
                21.344078
              ],
              [
                105.797377,
                21.34417
              ],
              [
                105.797381,
                21.344273
              ],
              [
                105.797403,
                21.344357
              ],
              [
                105.797401,
                21.344404
              ],
              [
                105.797399,
                21.344411
              ],
              [
                105.797388,
                21.344448
              ],
              [
                105.797345,
                21.344503
              ],
              [
                105.797274,
                21.344559
              ],
              [
                105.797177,
                21.344608
              ],
              [
                105.797111,
                21.344652
              ],
              [
                105.797059,
                21.344711
              ],
              [
                105.797007,
                21.344774
              ],
              [
                105.796947,
                21.344823
              ],
              [
                105.796874,
                21.344876
              ],
              [
                105.796716,
                21.344952
              ],
              [
                105.796609,
                21.345002
              ],
              [
                105.796498,
                21.345015
              ],
              [
                105.796271,
                21.345037
              ],
              [
                105.796039,
                21.345056
              ],
              [
                105.795834,
                21.345088
              ],
              [
                105.79562,
                21.345149
              ],
              [
                105.795357,
                21.345236
              ],
              [
                105.795114,
                21.345358
              ],
              [
                105.794883,
                21.345485
              ],
              [
                105.794674,
                21.345561
              ],
              [
                105.794526,
                21.345598
              ],
              [
                105.794429,
                21.345602
              ],
              [
                105.794347,
                21.345603
              ],
              [
                105.793333,
                21.346
              ],
              [
                105.793149,
                21.346078
              ],
              [
                105.793087,
                21.346136
              ],
              [
                105.793052,
                21.346219
              ],
              [
                105.793023,
                21.346326
              ],
              [
                105.792989,
                21.346534
              ],
              [
                105.792954,
                21.346614
              ],
              [
                105.792901,
                21.346682
              ],
              [
                105.792896,
                21.346687
              ],
              [
                105.792843,
                21.34674
              ],
              [
                105.79227,
                21.347106
              ],
              [
                105.791998,
                21.34728
              ],
              [
                105.791601,
                21.347588
              ],
              [
                105.791331,
                21.347833
              ],
              [
                105.791162,
                21.347941
              ],
              [
                105.791133,
                21.347963
              ],
              [
                105.791066,
                21.348045
              ],
              [
                105.790988,
                21.348174
              ],
              [
                105.790924,
                21.34825
              ],
              [
                105.790763,
                21.348403
              ],
              [
                105.790579,
                21.348568
              ],
              [
                105.79051,
                21.348623
              ],
              [
                105.790394,
                21.348673
              ],
              [
                105.790347,
                21.348694
              ],
              [
                105.790309,
                21.348713
              ],
              [
                105.790206,
                21.348745
              ],
              [
                105.790053,
                21.348782
              ],
              [
                105.790012,
                21.348801
              ],
              [
                105.789947,
                21.348834
              ],
              [
                105.789909,
                21.348885
              ],
              [
                105.789847,
                21.349024
              ],
              [
                105.789833,
                21.349054
              ],
              [
                105.789516,
                21.349905
              ],
              [
                105.78947,
                21.35002
              ],
              [
                105.78943,
                21.350107
              ],
              [
                105.789422,
                21.350179
              ],
              [
                105.789446,
                21.350258
              ],
              [
                105.789524,
                21.35046
              ],
              [
                105.789542,
                21.350551
              ],
              [
                105.789507,
                21.350691
              ],
              [
                105.789446,
                21.350757
              ],
              [
                105.789375,
                21.35079
              ],
              [
                105.789234,
                21.350791
              ],
              [
                105.788945,
                21.350757
              ],
              [
                105.788887,
                21.350766
              ],
              [
                105.788831,
                21.350795
              ],
              [
                105.788732,
                21.350868
              ],
              [
                105.788637,
                21.350942
              ],
              [
                105.788593,
                21.350997
              ],
              [
                105.788585,
                21.351016
              ],
              [
                105.788593,
                21.351047
              ],
              [
                105.788598,
                21.351064
              ],
              [
                105.788638,
                21.351093
              ],
              [
                105.788724,
                21.351145
              ],
              [
                105.788775,
                21.351191
              ],
              [
                105.788826,
                21.351268
              ],
              [
                105.788849,
                21.351319
              ],
              [
                105.788863,
                21.351353
              ],
              [
                105.788872,
                21.351418
              ],
              [
                105.788872,
                21.351455
              ],
              [
                105.78887,
                21.351492
              ],
              [
                105.788851,
                21.351545
              ],
              [
                105.788811,
                21.351668
              ],
              [
                105.788648,
                21.351898
              ],
              [
                105.788563,
                21.352124
              ],
              [
                105.788522,
                21.35217
              ],
              [
                105.788479,
                21.352196
              ],
              [
                105.788432,
                21.352209
              ],
              [
                105.788348,
                21.352224
              ],
              [
                105.788248,
                21.352228
              ],
              [
                105.788136,
                21.352222
              ],
              [
                105.788037,
                21.352225
              ],
              [
                105.787869,
                21.352265
              ],
              [
                105.787722,
                21.352321
              ],
              [
                105.78749,
                21.352408
              ],
              [
                105.787343,
                21.352498
              ],
              [
                105.787272,
                21.352544
              ],
              [
                105.78716,
                21.352642
              ],
              [
                105.787099,
                21.352713
              ],
              [
                105.787064,
                21.352767
              ],
              [
                105.787042,
                21.352813
              ],
              [
                105.787039,
                21.352858
              ],
              [
                105.787041,
                21.352896
              ],
              [
                105.787051,
                21.352937
              ],
              [
                105.787063,
                21.35297
              ],
              [
                105.787071,
                21.353015
              ],
              [
                105.787078,
                21.353152
              ],
              [
                105.787074,
                21.353198
              ],
              [
                105.787054,
                21.353232
              ],
              [
                105.787031,
                21.35325
              ],
              [
                105.786913,
                21.35331
              ],
              [
                105.786753,
                21.353433
              ],
              [
                105.786545,
                21.353578
              ],
              [
                105.786442,
                21.353642
              ],
              [
                105.786381,
                21.353688
              ],
              [
                105.786338,
                21.353733
              ],
              [
                105.786071,
                21.354266
              ],
              [
                105.785979,
                21.35451
              ],
              [
                105.785935,
                21.354662
              ],
              [
                105.785928,
                21.354734
              ],
              [
                105.785241,
                21.354429
              ],
              [
                105.785235,
                21.354428
              ],
              [
                105.785768,
                21.354664
              ],
              [
                105.785921,
                21.354732
              ],
              [
                105.786128,
                21.35515
              ],
              [
                105.786101,
                21.3552
              ],
              [
                105.786095,
                21.355229
              ],
              [
                105.786092,
                21.355239
              ],
              [
                105.786093,
                21.355309
              ],
              [
                105.786105,
                21.355353
              ],
              [
                105.786136,
                21.355428
              ],
              [
                105.786261,
                21.355708
              ],
              [
                105.78627,
                21.355772
              ],
              [
                105.786392,
                21.356702
              ],
              [
                105.786404,
                21.35679
              ],
              [
                105.786345,
                21.357306
              ],
              [
                105.786224,
                21.357603
              ],
              [
                105.785758,
                21.358256
              ],
              [
                105.785141,
                21.359164
              ],
              [
                105.785113,
                21.359206
              ],
              [
                105.785006,
                21.359327
              ],
              [
                105.784761,
                21.359539
              ],
              [
                105.784674,
                21.35964
              ],
              [
                105.78578,
                21.361099
              ],
              [
                105.785871,
                21.361831
              ],
              [
                105.785844,
                21.362455
              ],
              [
                105.786338,
                21.363349
              ],
              [
                105.786527,
                21.364447
              ],
              [
                105.786517,
                21.36459
              ],
              [
                105.786519,
                21.364944
              ],
              [
                105.786498,
                21.365154
              ],
              [
                105.786456,
                21.365579
              ],
              [
                105.786458,
                21.365804
              ],
              [
                105.786507,
                21.365932
              ],
              [
                105.786734,
                21.366325
              ],
              [
                105.786822,
                21.366479
              ],
              [
                105.786855,
                21.366617
              ],
              [
                105.786872,
                21.366739
              ],
              [
                105.786868,
                21.367026
              ],
              [
                105.785821,
                21.370454
              ],
              [
                105.786079,
                21.371002
              ],
              [
                105.786085,
                21.371001
              ],
              [
                105.786086,
                21.371004
              ],
              [
                105.786896,
                21.370775
              ],
              [
                105.787182,
                21.372013
              ],
              [
                105.787188,
                21.372012
              ],
              [
                105.787756,
                21.371867
              ],
              [
                105.787759,
                21.37187
              ],
              [
                105.787763,
                21.371869
              ],
              [
                105.789673,
                21.373301
              ],
              [
                105.789202,
                21.374026
              ],
              [
                105.788709,
                21.374783
              ],
              [
                105.788081,
                21.375747
              ],
              [
                105.788001,
                21.375849
              ],
              [
                105.788111,
                21.375846
              ],
              [
                105.788206,
                21.375828
              ],
              [
                105.788279,
                21.37583
              ],
              [
                105.788284,
                21.375832
              ],
              [
                105.788326,
                21.375849
              ],
              [
                105.788359,
                21.375863
              ],
              [
                105.788362,
                21.375863
              ],
              [
                105.788446,
                21.375868
              ],
              [
                105.788511,
                21.375858
              ],
              [
                105.788554,
                21.375852
              ],
              [
                105.788731,
                21.375826
              ],
              [
                105.788865,
                21.375826
              ],
              [
                105.789045,
                21.375865
              ],
              [
                105.789049,
                21.375866
              ],
              [
                105.789233,
                21.375931
              ],
              [
                105.789326,
                21.375994
              ],
              [
                105.789395,
                21.376066
              ],
              [
                105.789441,
                21.376165
              ],
              [
                105.789501,
                21.376293
              ],
              [
                105.789558,
                21.376356
              ],
              [
                105.789571,
                21.376386
              ],
              [
                105.789572,
                21.376396
              ],
              [
                105.789577,
                21.376423
              ],
              [
                105.789589,
                21.376457
              ],
              [
                105.789622,
                21.376486
              ],
              [
                105.789641,
                21.376491
              ],
              [
                105.789673,
                21.376501
              ],
              [
                105.789733,
                21.376535
              ],
              [
                105.789757,
                21.376577
              ],
              [
                105.789762,
                21.376644
              ],
              [
                105.789718,
                21.376714
              ],
              [
                105.789717,
                21.376715
              ],
              [
                105.789679,
                21.376776
              ],
              [
                105.789675,
                21.376828
              ],
              [
                105.789694,
                21.376912
              ],
              [
                105.789721,
                21.376975
              ],
              [
                105.789737,
                21.376993
              ],
              [
                105.789778,
                21.377038
              ],
              [
                105.789834,
                21.377065
              ],
              [
                105.789841,
                21.377067
              ],
              [
                105.789907,
                21.377086
              ],
              [
                105.789914,
                21.377088
              ],
              [
                105.790011,
                21.377116
              ],
              [
                105.790061,
                21.377155
              ],
              [
                105.790107,
                21.377269
              ],
              [
                105.790141,
                21.377408
              ],
              [
                105.790185,
                21.377499
              ],
              [
                105.790223,
                21.377542
              ],
              [
                105.790232,
                21.377565
              ],
              [
                105.790252,
                21.377619
              ],
              [
                105.790238,
                21.377685
              ],
              [
                105.790232,
                21.377693
              ],
              [
                105.790174,
                21.37779
              ],
              [
                105.790163,
                21.377853
              ],
              [
                105.790182,
                21.377917
              ],
              [
                105.790361,
                21.378067
              ],
              [
                105.790431,
                21.378031
              ],
              [
                105.790535,
                21.378015
              ],
              [
                105.790838,
                21.378021
              ],
              [
                105.790981,
                21.378051
              ],
              [
                105.790983,
                21.378052
              ],
              [
                105.790988,
                21.378053
              ],
              [
                105.791003,
                21.378062
              ],
              [
                105.791079,
                21.378107
              ],
              [
                105.79114,
                21.378183
              ],
              [
                105.791163,
                21.378261
              ],
              [
                105.791164,
                21.378281
              ],
              [
                105.791167,
                21.378362
              ],
              [
                105.791161,
                21.37847
              ],
              [
                105.791187,
                21.378526
              ],
              [
                105.79124,
                21.378561
              ],
              [
                105.791317,
                21.378575
              ],
              [
                105.7914,
                21.37855
              ],
              [
                105.791521,
                21.378475
              ],
              [
                105.791588,
                21.37846
              ],
              [
                105.791645,
                21.378463
              ],
              [
                105.791652,
                21.378465
              ],
              [
                105.791652,
                21.378465
              ],
              [
                105.791722,
                21.378485
              ],
              [
                105.79179,
                21.378521
              ],
              [
                105.791879,
                21.378589
              ],
              [
                105.791991,
                21.37874
              ],
              [
                105.79205,
                21.3788
              ],
              [
                105.792155,
                21.378875
              ],
              [
                105.792274,
                21.378936
              ],
              [
                105.792299,
                21.378949
              ],
              [
                105.792357,
                21.378993
              ],
              [
                105.792379,
                21.379041
              ],
              [
                105.792383,
                21.379089
              ],
              [
                105.792342,
                21.37919
              ],
              [
                105.792313,
                21.379245
              ],
              [
                105.792285,
                21.379295
              ],
              [
                105.792257,
                21.379385
              ],
              [
                105.792257,
                21.379457
              ],
              [
                105.792302,
                21.379513
              ],
              [
                105.792403,
                21.379554
              ],
              [
                105.792405,
                21.379555
              ],
              [
                105.792491,
                21.379575
              ],
              [
                105.792561,
                21.379575
              ],
              [
                105.792799,
                21.379537
              ],
              [
                105.792839,
                21.379533
              ],
              [
                105.793019,
                21.379514
              ],
              [
                105.793044,
                21.379514
              ],
              [
                105.793132,
                21.379514
              ],
              [
                105.793291,
                21.379521
              ],
              [
                105.793355,
                21.379508
              ],
              [
                105.79339,
                21.379478
              ],
              [
                105.793422,
                21.379427
              ],
              [
                105.79344,
                21.379397
              ],
              [
                105.793491,
                21.379394
              ],
              [
                105.79352,
                21.379413
              ],
              [
                105.793555,
                21.379469
              ],
              [
                105.79361,
                21.379529
              ],
              [
                105.79367,
                21.379556
              ],
              [
                105.793673,
                21.379556
              ],
              [
                105.793824,
                21.379567
              ],
              [
                105.793961,
                21.379599
              ],
              [
                105.793962,
                21.3796
              ],
              [
                105.793968,
                21.379601
              ],
              [
                105.794051,
                21.379639
              ],
              [
                105.794205,
                21.379782
              ],
              [
                105.79428,
                21.379834
              ],
              [
                105.794282,
                21.379836
              ],
              [
                105.794371,
                21.37985
              ],
              [
                105.794457,
                21.379841
              ],
              [
                105.794598,
                21.379831
              ],
              [
                105.794639,
                21.37981
              ],
              [
                105.794677,
                21.379786
              ],
              [
                105.794717,
                21.379734
              ],
              [
                105.794751,
                21.37969
              ],
              [
                105.794792,
                21.379676
              ],
              [
                105.794806,
                21.379678
              ],
              [
                105.794816,
                21.379701
              ],
              [
                105.794824,
                21.379775
              ],
              [
                105.794821,
                21.379797
              ],
              [
                105.794806,
                21.379807
              ],
              [
                105.794803,
                21.37981
              ],
              [
                105.79478,
                21.379819
              ],
              [
                105.794771,
                21.37983
              ],
              [
                105.794774,
                21.379853
              ],
              [
                105.794797,
                21.379917
              ],
              [
                105.794821,
                21.380003
              ],
              [
                105.794836,
                21.380064
              ],
              [
                105.794829,
                21.380092
              ],
              [
                105.794824,
                21.38012
              ],
              [
                105.794826,
                21.38015
              ],
              [
                105.794852,
                21.380183
              ],
              [
                105.794902,
                21.380227
              ],
              [
                105.794936,
                21.380273
              ],
              [
                105.794951,
                21.380315
              ],
              [
                105.794988,
                21.380383
              ],
              [
                105.795056,
                21.380497
              ],
              [
                105.795092,
                21.380521
              ],
              [
                105.795098,
                21.380523
              ],
              [
                105.795167,
                21.380538
              ],
              [
                105.795168,
                21.380539
              ],
              [
                105.795174,
                21.38054
              ],
              [
                105.79523,
                21.38057
              ],
              [
                105.795234,
                21.380571
              ],
              [
                105.79528,
                21.380623
              ],
              [
                105.795331,
                21.380704
              ],
              [
                105.79534,
                21.380788
              ],
              [
                105.795329,
                21.380874
              ],
              [
                105.795299,
                21.381007
              ],
              [
                105.795238,
                21.381095
              ],
              [
                105.795215,
                21.381151
              ],
              [
                105.795218,
                21.381203
              ],
              [
                105.795246,
                21.381229
              ],
              [
                105.795254,
                21.381236
              ],
              [
                105.795303,
                21.381256
              ],
              [
                105.795385,
                21.381253
              ],
              [
                105.795456,
                21.381245
              ],
              [
                105.795495,
                21.381231
              ],
              [
                105.795517,
                21.381204
              ],
              [
                105.795548,
                21.381192
              ],
              [
                105.795589,
                21.381195
              ],
              [
                105.795686,
                21.381208
              ],
              [
                105.795755,
                21.38122
              ],
              [
                105.795811,
                21.381213
              ],
              [
                105.795852,
                21.381186
              ],
              [
                105.795863,
                21.381173
              ],
              [
                105.795877,
                21.381157
              ],
              [
                105.7959,
                21.381143
              ],
              [
                105.795936,
                21.38114
              ],
              [
                105.795979,
                21.38114
              ],
              [
                105.795984,
                21.381142
              ],
              [
                105.795986,
                21.381142
              ],
              [
                105.796083,
                21.381177
              ],
              [
                105.796095,
                21.381182
              ],
              [
                105.796197,
                21.381225
              ],
              [
                105.796275,
                21.381232
              ],
              [
                105.796321,
                21.38122
              ],
              [
                105.796382,
                21.381184
              ],
              [
                105.79645,
                21.381123
              ],
              [
                105.796474,
                21.381094
              ],
              [
                105.796507,
                21.381055
              ],
              [
                105.796597,
                21.381013
              ],
              [
                105.796637,
                21.381013
              ],
              [
                105.796642,
                21.381015
              ],
              [
                105.796656,
                21.38102
              ],
              [
                105.796703,
                21.381036
              ],
              [
                105.796772,
                21.381089
              ],
              [
                105.796811,
                21.381162
              ],
              [
                105.796817,
                21.381232
              ],
              [
                105.796776,
                21.381313
              ],
              [
                105.796697,
                21.381395
              ],
              [
                105.796626,
                21.381445
              ],
              [
                105.796606,
                21.381486
              ],
              [
                105.796599,
                21.381529
              ],
              [
                105.796622,
                21.381603
              ],
              [
                105.79663,
                21.381656
              ],
              [
                105.79662,
                21.381737
              ],
              [
                105.796608,
                21.38178
              ],
              [
                105.796616,
                21.381821
              ],
              [
                105.796641,
                21.381852
              ],
              [
                105.796648,
                21.381854
              ],
              [
                105.796648,
                21.381854
              ],
              [
                105.796725,
                21.381875
              ],
              [
                105.796845,
                21.381869
              ],
              [
                105.796937,
                21.381855
              ],
              [
                105.797015,
                21.381854
              ],
              [
                105.797023,
                21.381858
              ],
              [
                105.797052,
                21.381874
              ],
              [
                105.797078,
                21.381936
              ],
              [
                105.797065,
                21.382059
              ],
              [
                105.797052,
                21.38213
              ],
              [
                105.79703,
                21.382165
              ],
              [
                105.796984,
                21.382192
              ],
              [
                105.79678,
                21.382218
              ],
              [
                105.796712,
                21.382228
              ],
              [
                105.796627,
                21.38224
              ],
              [
                105.796575,
                21.382275
              ],
              [
                105.796559,
                21.382306
              ],
              [
                105.796573,
                21.382379
              ],
              [
                105.796616,
                21.382472
              ],
              [
                105.796665,
                21.382535
              ],
              [
                105.796774,
                21.382567
              ],
              [
                105.796774,
                21.382567
              ],
              [
                105.796781,
                21.382568
              ],
              [
                105.796895,
                21.382577
              ],
              [
                105.797071,
                21.382571
              ],
              [
                105.797151,
                21.382562
              ],
              [
                105.797224,
                21.382525
              ],
              [
                105.797311,
                21.38245
              ],
              [
                105.797346,
                21.38241
              ],
              [
                105.797362,
                21.382393
              ],
              [
                105.797419,
                21.382354
              ],
              [
                105.797445,
                21.382351
              ],
              [
                105.797476,
                21.382347
              ],
              [
                105.797547,
                21.382353
              ],
              [
                105.797551,
                21.382354
              ],
              [
                105.797636,
                21.382397
              ],
              [
                105.7977,
                21.382395
              ],
              [
                105.79779,
                21.38237
              ],
              [
                105.798088,
                21.382136
              ],
              [
                105.798483,
                21.381737
              ],
              [
                105.798633,
                21.381601
              ],
              [
                105.798768,
                21.381524
              ],
              [
                105.798862,
                21.381485
              ],
              [
                105.798916,
                21.381482
              ],
              [
                105.798921,
                21.381484
              ],
              [
                105.798972,
                21.381504
              ],
              [
                105.79907,
                21.381596
              ],
              [
                105.799092,
                21.381663
              ],
              [
                105.799109,
                21.381713
              ],
              [
                105.799153,
                21.381867
              ],
              [
                105.799276,
                21.382076
              ],
              [
                105.799345,
                21.382155
              ],
              [
                105.799409,
                21.382223
              ],
              [
                105.799448,
                21.382358
              ],
              [
                105.799471,
                21.38248
              ],
              [
                105.799468,
                21.382567
              ],
              [
                105.799448,
                21.382749
              ],
              [
                105.799384,
                21.38295
              ],
              [
                105.799391,
                21.383012
              ],
              [
                105.79942,
                21.383108
              ],
              [
                105.799643,
                21.383567
              ],
              [
                105.799768,
                21.383784
              ],
              [
                105.799868,
                21.383936
              ],
              [
                105.800186,
                21.384308
              ],
              [
                105.800235,
                21.384428
              ],
              [
                105.800267,
                21.384553
              ],
              [
                105.800284,
                21.384747
              ],
              [
                105.800336,
                21.384917
              ],
              [
                105.800397,
                21.385021
              ],
              [
                105.800651,
                21.38525
              ],
              [
                105.800871,
                21.38539
              ],
              [
                105.800877,
                21.385391
              ],
              [
                105.801006,
                21.385416
              ],
              [
                105.801165,
                21.385421
              ],
              [
                105.801318,
                21.385394
              ],
              [
                105.801433,
                21.385369
              ],
              [
                105.801496,
                21.385333
              ],
              [
                105.801525,
                21.385279
              ],
              [
                105.801543,
                21.385139
              ],
              [
                105.801536,
                21.384917
              ],
              [
                105.801557,
                21.384795
              ],
              [
                105.801576,
                21.384744
              ],
              [
                105.801687,
                21.384681
              ],
              [
                105.801971,
                21.384623
              ],
              [
                105.802181,
                21.384586
              ],
              [
                105.802181,
                21.384586
              ]
            ]
          ]
        ]
      },
      "properties": {
        "code": "00385",
        "name": "Trung Giã",
        "nameEn": "Trung Gia",
        "fullName": "Xã Trung Giã",
        "fullNameEn": "Trung Gia Commune",
        "codeName": "trung_gia",
        "postalCode": "12210",
        "postalCodePrefix": "",
        "gisServerId": "diaphanhanhchinhcapxa_2025.3255",
        "areaKm2": 77.52
      }
    }
  ]
}