{
  "type": "FeatureCollection",
  "bbox": [
    105.723505,
    21.236573,
    105.803346,
    21.354734
  ],
  "features": [
    {
      "type": "Feature",
      "id": "00382",
      "bbox": [
        105.723505,
        21.236573,
        105.803346,
        21.354734
      ],
      "geometry": {
        "type": "MultiPolygon",
        "coordinates": [
          [
            [
              [
                105.788037,
                21.352225
              ],
              [
                105.788136,
                21.352222
              ],
              [
                105.788248,
                21.352228
              ],
              [
                105.788348,
                21.352224
              ],
              [
                105.788432,
                21.352209
              ],
              [
                105.788479,
                21.352196
              ],
              [
                105.788522,
                21.35217
              ],
              [
                105.788563,
                21.352124
              ],
              [
                105.788648,
                21.351898
              ],
              [
                105.788811,
                21.351668
              ],
              [
                105.788851,
                21.351545
              ],
              [
                105.78887,
                21.351492
              ],
              [
                105.788872,
                21.351455
              ],
              [
                105.788872,
                21.351418
              ],
              [
                105.788863,
                21.351353
              ],
              [
                105.788849,
                21.351319
              ],
              [
                105.788826,
                21.351268
              ],
              [
                105.788775,
                21.351191
              ],
              [
                105.788724,
                21.351145
              ],
              [
                105.788638,
                21.351093
              ],
              [
                105.788598,
                21.351064
              ],
              [
                105.788593,
                21.351047
              ],
              [
                105.788585,
                21.351016
              ],
              [
                105.788593,
                21.350997
              ],
              [
                105.788637,
                21.350942
              ],
              [
                105.788732,
                21.350868
              ],
              [
                105.788831,
                21.350795
              ],
              [
                105.788887,
                21.350766
              ],
              [
                105.788945,
                21.350757
              ],
              [
                105.789234,
                21.350791
              ],
              [
                105.789375,
                21.35079
              ],
              [
                105.789446,
                21.350757
              ],
              [
                105.789507,
                21.350691
              ],
              [
                105.789542,
                21.350551
              ],
              [
                105.789524,
                21.35046
              ],
              [
                105.789446,
                21.350258
              ],
              [
                105.789422,
                21.350179
              ],
              [
                105.78943,
                21.350107
              ],
              [
                105.78947,
                21.35002
              ],
              [
                105.789516,
                21.349905
              ],
              [
                105.789833,
                21.349054
              ],
              [
                105.789847,
                21.349024
              ],
              [
                105.789909,
                21.348885
              ],
              [
                105.789947,
                21.348834
              ],
              [
                105.790012,
                21.348801
              ],
              [
                105.790053,
                21.348782
              ],
              [
                105.790206,
                21.348745
              ],
              [
                105.790309,
                21.348713
              ],
              [
                105.790347,
                21.348694
              ],
              [
                105.790394,
                21.348673
              ],
              [
                105.79051,
                21.348623
              ],
              [
                105.790579,
                21.348568
              ],
              [
                105.790763,
                21.348403
              ],
              [
                105.790924,
                21.34825
              ],
              [
                105.790988,
                21.348174
              ],
              [
                105.791066,
                21.348045
              ],
              [
                105.791133,
                21.347963
              ],
              [
                105.791162,
                21.347941
              ],
              [
                105.791331,
                21.347833
              ],
              [
                105.791601,
                21.347588
              ],
              [
                105.791998,
                21.34728
              ],
              [
                105.79227,
                21.347106
              ],
              [
                105.792843,
                21.34674
              ],
              [
                105.792896,
                21.346687
              ],
              [
                105.792901,
                21.346682
              ],
              [
                105.792954,
                21.346614
              ],
              [
                105.792989,
                21.346534
              ],
              [
                105.793023,
                21.346326
              ],
              [
                105.793052,
                21.346219
              ],
              [
                105.793087,
                21.346136
              ],
              [
                105.793149,
                21.346078
              ],
              [
                105.793333,
                21.346
              ],
              [
                105.794347,
                21.345603
              ],
              [
                105.794429,
                21.345602
              ],
              [
                105.794526,
                21.345598
              ],
              [
                105.794674,
                21.345561
              ],
              [
                105.794883,
                21.345485
              ],
              [
                105.795114,
                21.345358
              ],
              [
                105.795357,
                21.345236
              ],
              [
                105.79562,
                21.345149
              ],
              [
                105.795834,
                21.345088
              ],
              [
                105.796039,
                21.345056
              ],
              [
                105.796271,
                21.345037
              ],
              [
                105.796498,
                21.345015
              ],
              [
                105.796609,
                21.345002
              ],
              [
                105.796716,
                21.344952
              ],
              [
                105.796874,
                21.344876
              ],
              [
                105.796947,
                21.344823
              ],
              [
                105.797007,
                21.344774
              ],
              [
                105.797059,
                21.344711
              ],
              [
                105.797111,
                21.344652
              ],
              [
                105.797177,
                21.344608
              ],
              [
                105.797274,
                21.344559
              ],
              [
                105.797345,
                21.344503
              ],
              [
                105.797388,
                21.344448
              ],
              [
                105.797399,
                21.344411
              ],
              [
                105.797401,
                21.344404
              ],
              [
                105.797403,
                21.344357
              ],
              [
                105.797381,
                21.344273
              ],
              [
                105.797377,
                21.34417
              ],
              [
                105.797384,
                21.344078
              ],
              [
                105.797398,
                21.344037
              ],
              [
                105.797424,
                21.344002
              ],
              [
                105.797463,
                21.343977
              ],
              [
                105.797499,
                21.343964
              ],
              [
                105.797562,
                21.343961
              ],
              [
                105.797637,
                21.34396
              ],
              [
                105.797707,
                21.343949
              ],
              [
                105.797754,
                21.343923
              ],
              [
                105.797749,
                21.341576
              ],
              [
                105.797441,
                21.339168
              ],
              [
                105.797403,
                21.339082
              ],
              [
                105.797298,
                21.338893
              ],
              [
                105.797248,
                21.33871
              ],
              [
                105.797217,
                21.338581
              ],
              [
                105.797249,
                21.338468
              ],
              [
                105.797292,
                21.338298
              ],
              [
                105.797292,
                21.338227
              ],
              [
                105.797229,
                21.338036
              ],
              [
                105.797157,
                21.337869
              ],
              [
                105.797146,
                21.337761
              ],
              [
                105.797189,
                21.337625
              ],
              [
                105.797236,
                21.337448
              ],
              [
                105.797245,
                21.337249
              ],
              [
                105.797255,
                21.337051
              ],
              [
                105.797236,
                21.336941
              ],
              [
                105.797223,
                21.336862
              ],
              [
                105.79722,
                21.336766
              ],
              [
                105.797258,
                21.336699
              ],
              [
                105.797372,
                21.336605
              ],
              [
                105.797514,
                21.336409
              ],
              [
                105.79766,
                21.336157
              ],
              [
                105.797721,
                21.336059
              ],
              [
                105.797731,
                21.336009
              ],
              [
                105.797733,
                21.335901
              ],
              [
                105.797722,
                21.335846
              ],
              [
                105.797704,
                21.33576
              ],
              [
                105.797614,
                21.335598
              ],
              [
                105.79745,
                21.335434
              ],
              [
                105.797281,
                21.335311
              ],
              [
                105.797173,
                21.335232
              ],
              [
                105.797081,
                21.335134
              ],
              [
                105.797042,
                21.335051
              ],
              [
                105.797042,
                21.334982
              ],
              [
                105.797138,
                21.334821
              ],
              [
                105.797333,
                21.33465
              ],
              [
                105.797371,
                21.334581
              ],
              [
                105.797374,
                21.334523
              ],
              [
                105.797355,
                21.334459
              ],
              [
                105.797317,
                21.33439
              ],
              [
                105.797293,
                21.334292
              ],
              [
                105.797341,
                21.334198
              ],
              [
                105.797612,
                21.333855
              ],
              [
                105.797754,
                21.333601
              ],
              [
                105.797842,
                21.33346
              ],
              [
                105.797895,
                21.333347
              ],
              [
                105.797938,
                21.333256
              ],
              [
                105.797938,
                21.333237
              ],
              [
                105.797869,
                21.333218
              ],
              [
                105.797713,
                21.3332
              ],
              [
                105.797586,
                21.33315
              ],
              [
                105.797445,
                21.333058
              ],
              [
                105.797401,
                21.332986
              ],
              [
                105.797377,
                21.332888
              ],
              [
                105.797367,
                21.332824
              ],
              [
                105.797341,
                21.332762
              ],
              [
                105.797295,
                21.332714
              ],
              [
                105.797203,
                21.332667
              ],
              [
                105.79698,
                21.332591
              ],
              [
                105.796945,
                21.332565
              ],
              [
                105.796939,
                21.332506
              ],
              [
                105.796969,
                21.332448
              ],
              [
                105.796995,
                21.332405
              ],
              [
                105.797005,
                21.332355
              ],
              [
                105.796974,
                21.332314
              ],
              [
                105.79691,
                21.332298
              ],
              [
                105.796826,
                21.332279
              ],
              [
                105.796751,
                21.33221
              ],
              [
                105.796725,
                21.332119
              ],
              [
                105.796719,
                21.331993
              ],
              [
                105.796749,
                21.331878
              ],
              [
                105.796907,
                21.33176
              ],
              [
                105.797062,
                21.331728
              ],
              [
                105.797177,
                21.331713
              ],
              [
                105.797251,
                21.331667
              ],
              [
                105.797301,
                21.331564
              ],
              [
                105.797359,
                21.331447
              ],
              [
                105.797428,
                21.331373
              ],
              [
                105.797515,
                21.331348
              ],
              [
                105.797691,
                21.331371
              ],
              [
                105.797808,
                21.331376
              ],
              [
                105.797874,
                21.331349
              ],
              [
                105.797917,
                21.33126
              ],
              [
                105.797924,
                21.331148
              ],
              [
                105.797885,
                21.331
              ],
              [
                105.797897,
                21.330904
              ],
              [
                105.797994,
                21.330799
              ],
              [
                105.798124,
                21.330755
              ],
              [
                105.798208,
                21.330704
              ],
              [
                105.798261,
                21.330587
              ],
              [
                105.798283,
                21.330467
              ],
              [
                105.79831,
                21.330355
              ],
              [
                105.798386,
                21.330233
              ],
              [
                105.798736,
                21.329903
              ],
              [
                105.799333,
                21.329315
              ],
              [
                105.799505,
                21.329044
              ],
              [
                105.799525,
                21.328934
              ],
              [
                105.799534,
                21.328836
              ],
              [
                105.799552,
                21.32874
              ],
              [
                105.799564,
                21.328695
              ],
              [
                105.799559,
                21.328637
              ],
              [
                105.799495,
                21.328592
              ],
              [
                105.799405,
                21.328554
              ],
              [
                105.799362,
                21.328497
              ],
              [
                105.799351,
                21.328447
              ],
              [
                105.799323,
                21.328397
              ],
              [
                105.799256,
                21.328378
              ],
              [
                105.799103,
                21.328415
              ],
              [
                105.799022,
                21.328391
              ],
              [
                105.798774,
                21.328309
              ],
              [
                105.798633,
                21.328235
              ],
              [
                105.798602,
                21.328149
              ],
              [
                105.798594,
                21.328047
              ],
              [
                105.798601,
                21.327949
              ],
              [
                105.79859,
                21.327863
              ],
              [
                105.798516,
                21.327782
              ],
              [
                105.798444,
                21.327689
              ],
              [
                105.798367,
                21.327603
              ],
              [
                105.798277,
                21.327561
              ],
              [
                105.798091,
                21.327511
              ],
              [
                105.797853,
                21.327441
              ],
              [
                105.797799,
                21.327384
              ],
              [
                105.797771,
                21.327331
              ],
              [
                105.797681,
                21.32726
              ],
              [
                105.797571,
                21.327198
              ],
              [
                105.79752,
                21.327136
              ],
              [
                105.797489,
                21.327072
              ],
              [
                105.797483,
                21.327003
              ],
              [
                105.797516,
                21.326907
              ],
              [
                105.797668,
                21.326667
              ],
              [
                105.797851,
                21.32642
              ],
              [
                105.797873,
                21.326391
              ],
              [
                105.797888,
                21.326307
              ],
              [
                105.797857,
                21.326248
              ],
              [
                105.797795,
                21.326184
              ],
              [
                105.797752,
                21.326102
              ],
              [
                105.797731,
                21.32604
              ],
              [
                105.797715,
                21.325945
              ],
              [
                105.797704,
                21.325761
              ],
              [
                105.797649,
                21.325601
              ],
              [
                105.797513,
                21.325415
              ],
              [
                105.797506,
                21.325406
              ],
              [
                105.797416,
                21.325294
              ],
              [
                105.797285,
                21.325201
              ],
              [
                105.797234,
                21.325149
              ],
              [
                105.797218,
                21.325075
              ],
              [
                105.797212,
                21.324984
              ],
              [
                105.797207,
                21.324879
              ],
              [
                105.797124,
                21.324619
              ],
              [
                105.797082,
                21.324492
              ],
              [
                105.797041,
                21.324428
              ],
              [
                105.796984,
                21.324364
              ],
              [
                105.796941,
                21.324302
              ],
              [
                105.79693,
                21.324251
              ],
              [
                105.79692,
                21.324168
              ],
              [
                105.79695,
                21.324089
              ],
              [
                105.797013,
                21.324026
              ],
              [
                105.797017,
                21.324025
              ],
              [
                105.797143,
                21.323973
              ],
              [
                105.797326,
                21.323924
              ],
              [
                105.797454,
                21.323883
              ],
              [
                105.797545,
                21.323809
              ],
              [
                105.797705,
                21.323617
              ],
              [
                105.797751,
                21.323559
              ],
              [
                105.797768,
                21.323518
              ],
              [
                105.797763,
                21.323497
              ],
              [
                105.79772,
                21.323497
              ],
              [
                105.797541,
                21.323524
              ],
              [
                105.797329,
                21.323535
              ],
              [
                105.797151,
                21.323526
              ],
              [
                105.796939,
                21.323489
              ],
              [
                105.796591,
                21.323359
              ],
              [
                105.796392,
                21.323262
              ],
              [
                105.796246,
                21.323205
              ],
              [
                105.796042,
                21.323185
              ],
              [
                105.795754,
                21.323185
              ],
              [
                105.794298,
                21.322216
              ],
              [
                105.794017,
                21.318742
              ],
              [
                105.793946,
                21.317931
              ],
              [
                105.793686,
                21.3176
              ],
              [
                105.793623,
                21.317537
              ],
              [
                105.793551,
                21.317488
              ],
              [
                105.793497,
                21.31745
              ],
              [
                105.793411,
                21.317384
              ],
              [
                105.793313,
                21.317348
              ],
              [
                105.79317,
                21.317299
              ],
              [
                105.788669,
                21.314022
              ],
              [
                105.788727,
                21.313776
              ],
              [
                105.788765,
                21.313485
              ],
              [
                105.7888,
                21.313322
              ],
              [
                105.78882,
                21.313266
              ],
              [
                105.788873,
                21.313147
              ],
              [
                105.788925,
                21.313086
              ],
              [
                105.788947,
                21.313063
              ],
              [
                105.78897,
                21.313022
              ],
              [
                105.788979,
                21.312916
              ],
              [
                105.788948,
                21.312663
              ],
              [
                105.788925,
                21.312588
              ],
              [
                105.788822,
                21.312326
              ],
              [
                105.788713,
                21.311897
              ],
              [
                105.788655,
                21.311674
              ],
              [
                105.788651,
                21.311652
              ],
              [
                105.788651,
                21.311617
              ],
              [
                105.788656,
                21.311595
              ],
              [
                105.788668,
                21.311559
              ],
              [
                105.788679,
                21.311516
              ],
              [
                105.788693,
                21.311469
              ],
              [
                105.788805,
                21.311222
              ],
              [
                105.788835,
                21.311078
              ],
              [
                105.788839,
                21.310973
              ],
              [
                105.788811,
                21.310872
              ],
              [
                105.788705,
                21.310771
              ],
              [
                105.788707,
                21.310723
              ],
              [
                105.788828,
                21.310641
              ],
              [
                105.788943,
                21.310538
              ],
              [
                105.788958,
                21.31045
              ],
              [
                105.78896,
                21.310384
              ],
              [
                105.788936,
                21.310326
              ],
              [
                105.788896,
                21.310271
              ],
              [
                105.788845,
                21.31022
              ],
              [
                105.788644,
                21.310135
              ],
              [
                105.788547,
                21.310105
              ],
              [
                105.788485,
                21.31008
              ],
              [
                105.788464,
                21.310067
              ],
              [
                105.788451,
                21.310043
              ],
              [
                105.788444,
                21.309985
              ],
              [
                105.788437,
                21.309945
              ],
              [
                105.788408,
                21.309772
              ],
              [
                105.788414,
                21.309299
              ],
              [
                105.788423,
                21.30918
              ],
              [
                105.788441,
                21.309082
              ],
              [
                105.788534,
                21.308959
              ],
              [
                105.788586,
                21.308895
              ],
              [
                105.788588,
                21.30885
              ],
              [
                105.788549,
                21.308729
              ],
              [
                105.788466,
                21.308536
              ],
              [
                105.788373,
                21.308363
              ],
              [
                105.78835,
                21.308324
              ],
              [
                105.788364,
                21.308249
              ],
              [
                105.788422,
                21.308095
              ],
              [
                105.788462,
                21.307943
              ],
              [
                105.788564,
                21.307722
              ],
              [
                105.788672,
                21.307523
              ],
              [
                105.788679,
                21.307446
              ],
              [
                105.788684,
                21.307342
              ],
              [
                105.788689,
                21.307254
              ],
              [
                105.788701,
                21.307209
              ],
              [
                105.788705,
                21.307009
              ],
              [
                105.788686,
                21.306842
              ],
              [
                105.788663,
                21.306641
              ],
              [
                105.788662,
                21.306537
              ],
              [
                105.788678,
                21.306415
              ],
              [
                105.788704,
                21.306222
              ],
              [
                105.788728,
                21.306111
              ],
              [
                105.788736,
                21.306064
              ],
              [
                105.788731,
                21.305994
              ],
              [
                105.788704,
                21.305881
              ],
              [
                105.788652,
                21.305776
              ],
              [
                105.788654,
                21.305591
              ],
              [
                105.788695,
                21.305304
              ],
              [
                105.788684,
                21.305216
              ],
              [
                105.788636,
                21.3051
              ],
              [
                105.788617,
                21.304995
              ],
              [
                105.788591,
                21.304893
              ],
              [
                105.788598,
                21.304766
              ],
              [
                105.78861,
                21.304658
              ],
              [
                105.788654,
                21.304534
              ],
              [
                105.788672,
                21.304437
              ],
              [
                105.788669,
                21.304333
              ],
              [
                105.788655,
                21.30425
              ],
              [
                105.78862,
                21.304167
              ],
              [
                105.788608,
                21.304071
              ],
              [
                105.788605,
                21.304011
              ],
              [
                105.788614,
                21.303933
              ],
              [
                105.788629,
                21.30387
              ],
              [
                105.788663,
                21.30379
              ],
              [
                105.788686,
                21.303705
              ],
              [
                105.78872,
                21.303559
              ],
              [
                105.78877,
                21.303414
              ],
              [
                105.788792,
                21.303315
              ],
              [
                105.788834,
                21.303242
              ],
              [
                105.788889,
                21.303215
              ],
              [
                105.78898,
                21.30318
              ],
              [
                105.789433,
                21.30303
              ],
              [
                105.789918,
                21.302838
              ],
              [
                105.790349,
                21.302726
              ],
              [
                105.790414,
                21.302723
              ],
              [
                105.79046,
                21.3027
              ],
              [
                105.790551,
                21.30264
              ],
              [
                105.790661,
                21.302572
              ],
              [
                105.790933,
                21.302468
              ],
              [
                105.79119,
                21.302364
              ],
              [
                105.791505,
                21.302169
              ],
              [
                105.791791,
                21.302014
              ],
              [
                105.791861,
                21.301979
              ],
              [
                105.792069,
                21.301825
              ],
              [
                105.792258,
                21.301666
              ],
              [
                105.792382,
                21.301555
              ],
              [
                105.792696,
                21.30121
              ],
              [
                105.793097,
                21.30064
              ],
              [
                105.793254,
                21.300294
              ],
              [
                105.7933,
                21.300214
              ],
              [
                105.793538,
                21.299752
              ],
              [
                105.793768,
                21.299107
              ],
              [
                105.793849,
                21.298693
              ],
              [
                105.793873,
                21.298456
              ],
              [
                105.793822,
                21.298037
              ],
              [
                105.793816,
                21.297699
              ],
              [
                105.793828,
                21.297624
              ],
              [
                105.794086,
                21.297336
              ],
              [
                105.794173,
                21.297259
              ],
              [
                105.79419,
                21.297234
              ],
              [
                105.794108,
                21.297057
              ],
              [
                105.79405,
                21.296943
              ],
              [
                105.79391,
                21.296727
              ],
              [
                105.793899,
                21.296637
              ],
              [
                105.793958,
                21.296368
              ],
              [
                105.794001,
                21.296148
              ],
              [
                105.793992,
                21.296044
              ],
              [
                105.793977,
                21.295888
              ],
              [
                105.793969,
                21.295669
              ],
              [
                105.794003,
                21.295413
              ],
              [
                105.794061,
                21.295138
              ],
              [
                105.794317,
                21.294725
              ],
              [
                105.794377,
                21.294563
              ],
              [
                105.794434,
                21.294334
              ],
              [
                105.794488,
                21.294081
              ],
              [
                105.794541,
                21.293991
              ],
              [
                105.794777,
                21.293848
              ],
              [
                105.794964,
                21.293749
              ],
              [
                105.795018,
                21.293643
              ],
              [
                105.795199,
                21.293365
              ],
              [
                105.795358,
                21.293127
              ],
              [
                105.795373,
                21.293022
              ],
              [
                105.795332,
                21.292775
              ],
              [
                105.79529,
                21.292636
              ],
              [
                105.795306,
                21.292578
              ],
              [
                105.795331,
                21.29254
              ],
              [
                105.795451,
                21.292478
              ],
              [
                105.795612,
                21.292371
              ],
              [
                105.795863,
                21.29223
              ],
              [
                105.795993,
                21.292179
              ],
              [
                105.796318,
                21.292098
              ],
              [
                105.796359,
                21.292072
              ],
              [
                105.79639,
                21.292043
              ],
              [
                105.79642,
                21.291919
              ],
              [
                105.79651,
                21.291648
              ],
              [
                105.796696,
                21.291217
              ],
              [
                105.79711,
                21.290538
              ],
              [
                105.797238,
                21.2903
              ],
              [
                105.797323,
                21.290154
              ],
              [
                105.797355,
                21.290075
              ],
              [
                105.797353,
                21.289976
              ],
              [
                105.797337,
                21.289859
              ],
              [
                105.797306,
                21.289758
              ],
              [
                105.797332,
                21.289656
              ],
              [
                105.797361,
                21.289572
              ],
              [
                105.797483,
                21.28951
              ],
              [
                105.797631,
                21.289445
              ],
              [
                105.797805,
                21.289289
              ],
              [
                105.797873,
                21.28919
              ],
              [
                105.797932,
                21.288848
              ],
              [
                105.797949,
                21.28844
              ],
              [
                105.797972,
                21.288308
              ],
              [
                105.798025,
                21.288252
              ],
              [
                105.798147,
                21.288159
              ],
              [
                105.798294,
                21.288048
              ],
              [
                105.798507,
                21.287885
              ],
              [
                105.798667,
                21.287726
              ],
              [
                105.798754,
                21.287567
              ],
              [
                105.798917,
                21.2873
              ],
              [
                105.799359,
                21.2869
              ],
              [
                105.799506,
                21.286681
              ],
              [
                105.79976,
                21.286396
              ],
              [
                105.800575,
                21.285691
              ],
              [
                105.800996,
                21.285434
              ],
              [
                105.801187,
                21.285382
              ],
              [
                105.802853,
                21.285744
              ],
              [
                105.80319,
                21.285751
              ],
              [
                105.802988,
                21.282072
              ],
              [
                105.802897,
                21.280705
              ],
              [
                105.803285,
                21.279765
              ],
              [
                105.803346,
                21.279632
              ],
              [
                105.80329,
                21.279609
              ],
              [
                105.803143,
                21.279564
              ],
              [
                105.802984,
                21.279506
              ],
              [
                105.802816,
                21.27946
              ],
              [
                105.802379,
                21.279227
              ],
              [
                105.802068,
                21.279038
              ],
              [
                105.80198,
                21.279006
              ],
              [
                105.801862,
                21.278942
              ],
              [
                105.801796,
                21.278889
              ],
              [
                105.801743,
                21.278796
              ],
              [
                105.801676,
                21.278695
              ],
              [
                105.801564,
                21.278524
              ],
              [
                105.801535,
                21.278443
              ],
              [
                105.801527,
                21.278286
              ],
              [
                105.801491,
                21.278115
              ],
              [
                105.80144,
                21.277988
              ],
              [
                105.801386,
                21.277936
              ],
              [
                105.801303,
                21.277887
              ],
              [
                105.801232,
                21.277842
              ],
              [
                105.801209,
                21.277777
              ],
              [
                105.801167,
                21.277599
              ],
              [
                105.801068,
                21.277329
              ],
              [
                105.800991,
                21.277185
              ],
              [
                105.800918,
                21.277136
              ],
              [
                105.800802,
                21.277124
              ],
              [
                105.800668,
                21.277116
              ],
              [
                105.800599,
                21.277103
              ],
              [
                105.800522,
                21.277065
              ],
              [
                105.800461,
                21.277008
              ],
              [
                105.800402,
                21.27694
              ],
              [
                105.800312,
                21.276917
              ],
              [
                105.800109,
                21.276839
              ],
              [
                105.799957,
                21.276811
              ],
              [
                105.799863,
                21.276741
              ],
              [
                105.799812,
                21.276664
              ],
              [
                105.799769,
                21.276553
              ],
              [
                105.799739,
                21.276505
              ],
              [
                105.799668,
                21.276396
              ],
              [
                105.799628,
                21.276264
              ],
              [
                105.799626,
                21.276258
              ],
              [
                105.799505,
                21.275992
              ],
              [
                105.799479,
                21.275793
              ],
              [
                105.799427,
                21.275719
              ],
              [
                105.799389,
                21.275679
              ],
              [
                105.79927,
                21.275561
              ],
              [
                105.799186,
                21.275468
              ],
              [
                105.799138,
                21.275366
              ],
              [
                105.799129,
                21.275274
              ],
              [
                105.799139,
                21.275065
              ],
              [
                105.799144,
                21.275028
              ],
              [
                105.799214,
                21.274852
              ],
              [
                105.799397,
                21.274679
              ],
              [
                105.799455,
                21.274592
              ],
              [
                105.799462,
                21.274502
              ],
              [
                105.79938,
                21.274373
              ],
              [
                105.799249,
                21.274285
              ],
              [
                105.798859,
                21.274187
              ],
              [
                105.798598,
                21.274164
              ],
              [
                105.798397,
                21.274112
              ],
              [
                105.79821,
                21.273955
              ],
              [
                105.79796,
                21.27377
              ],
              [
                105.797862,
                21.273715
              ],
              [
                105.797681,
                21.273666
              ],
              [
                105.797557,
                21.273645
              ],
              [
                105.797557,
                21.273645
              ],
              [
                105.797556,
                21.273644
              ],
              [
                105.797354,
                21.273564
              ],
              [
                105.797325,
                21.27353
              ],
              [
                105.797307,
                21.273483
              ],
              [
                105.797307,
                21.273436
              ],
              [
                105.797378,
                21.273262
              ],
              [
                105.797418,
                21.273188
              ],
              [
                105.7975,
                21.273038
              ],
              [
                105.797666,
                21.272853
              ],
              [
                105.798174,
                21.272344
              ],
              [
                105.798174,
                21.272193
              ],
              [
                105.797822,
                21.271743
              ],
              [
                105.797146,
                21.270876
              ],
              [
                105.796913,
                21.270578
              ],
              [
                105.796027,
                21.269417
              ],
              [
                105.796026,
                21.269417
              ],
              [
                105.796173,
                21.269364
              ],
              [
                105.796179,
                21.269369
              ],
              [
                105.796858,
                21.269062
              ],
              [
                105.796873,
                21.269051
              ],
              [
                105.796875,
                21.269042
              ],
              [
                105.79687,
                21.269033
              ],
              [
                105.796844,
                21.268979
              ],
              [
                105.796813,
                21.268915
              ],
              [
                105.796767,
                21.268807
              ],
              [
                105.796701,
                21.268544
              ],
              [
                105.796637,
                21.268271
              ],
              [
                105.796624,
                21.268257
              ],
              [
                105.796625,
                21.268247
              ],
              [
                105.796609,
                21.268204
              ],
              [
                105.796609,
                21.268203
              ],
              [
                105.796527,
                21.267945
              ],
              [
                105.796506,
                21.267781
              ],
              [
                105.796457,
                21.267603
              ],
              [
                105.796481,
                21.267552
              ],
              [
                105.796455,
                21.267515
              ],
              [
                105.796343,
                21.267251
              ],
              [
                105.796266,
                21.26704
              ],
              [
                105.796246,
                21.266989
              ],
              [
                105.796027,
                21.26648
              ],
              [
                105.79597,
                21.26633
              ],
              [
                105.795947,
                21.26628
              ],
              [
                105.795764,
                21.265825
              ],
              [
                105.795698,
                21.265621
              ],
              [
                105.795656,
                21.265605
              ],
              [
                105.795648,
                21.265612
              ],
              [
                105.795626,
                21.265612
              ],
              [
                105.795604,
                21.265616
              ],
              [
                105.79517,
                21.265769
              ],
              [
                105.794183,
                21.266107
              ],
              [
                105.793819,
                21.266244
              ],
              [
                105.793776,
                21.266264
              ],
              [
                105.793717,
                21.266301
              ],
              [
                105.793675,
                21.266316
              ],
              [
                105.793639,
                21.266337
              ],
              [
                105.79361,
                21.266355
              ],
              [
                105.792794,
                21.265325
              ],
              [
                105.79262,
                21.265097
              ],
              [
                105.792107,
                21.264392
              ],
              [
                105.791471,
                21.263518
              ],
              [
                105.791378,
                21.263348
              ],
              [
                105.790727,
                21.26257
              ],
              [
                105.790416,
                21.262174
              ],
              [
                105.790222,
                21.261939
              ],
              [
                105.789083,
                21.260575
              ],
              [
                105.78891,
                21.260671
              ],
              [
                105.787939,
                21.261105
              ],
              [
                105.787442,
                21.26133
              ],
              [
                105.786442,
                21.2618
              ],
              [
                105.785985,
                21.262016
              ],
              [
                105.785971,
                21.262015
              ],
              [
                105.785958,
                21.262002
              ],
              [
                105.785932,
                21.261975
              ],
              [
                105.785461,
                21.262197
              ],
              [
                105.785337,
                21.262255
              ],
              [
                105.785207,
                21.262118
              ],
              [
                105.784884,
                21.261778
              ],
              [
                105.78454,
                21.261419
              ],
              [
                105.784421,
                21.261295
              ],
              [
                105.783831,
                21.260676
              ],
              [
                105.78377,
                21.26061
              ],
              [
                105.783737,
                21.260638
              ],
              [
                105.783203,
                21.261136
              ],
              [
                105.783187,
                21.261151
              ],
              [
                105.783182,
                21.261156
              ],
              [
                105.782497,
                21.26177
              ],
              [
                105.782328,
                21.261963
              ],
              [
                105.782306,
                21.261984
              ],
              [
                105.782274,
                21.262007
              ],
              [
                105.782262,
                21.262004
              ],
              [
                105.782254,
                21.261999
              ],
              [
                105.782239,
                21.261975
              ],
              [
                105.782236,
                21.261969
              ],
              [
                105.782164,
                21.261884
              ],
              [
                105.782022,
                21.261723
              ],
              [
                105.781986,
                21.261674
              ],
              [
                105.781959,
                21.26166
              ],
              [
                105.781904,
                21.261657
              ],
              [
                105.781887,
                21.261656
              ],
              [
                105.781821,
                21.261671
              ],
              [
                105.78176,
                21.261677
              ],
              [
                105.78171,
                21.261668
              ],
              [
                105.781643,
                21.26167
              ],
              [
                105.781193,
                21.261726
              ],
              [
                105.781072,
                21.261741
              ],
              [
                105.780777,
                21.261867
              ],
              [
                105.780777,
                21.261884
              ],
              [
                105.780772,
                21.261895
              ],
              [
                105.780483,
                21.262068
              ],
              [
                105.78041,
                21.262114
              ],
              [
                105.780323,
                21.262156
              ],
              [
                105.780306,
                21.262133
              ],
              [
                105.780297,
                21.262095
              ],
              [
                105.780305,
                21.262058
              ],
              [
                105.780328,
                21.262017
              ],
              [
                105.780355,
                21.26197
              ],
              [
                105.780349,
                21.261932
              ],
              [
                105.78032,
                21.261886
              ],
              [
                105.780299,
                21.261859
              ],
              [
                105.780295,
                21.261802
              ],
              [
                105.78029,
                21.261566
              ],
              [
                105.780269,
                21.261489
              ],
              [
                105.78022,
                21.261421
              ],
              [
                105.780157,
                21.261194
              ],
              [
                105.780105,
                21.26107
              ],
              [
                105.780062,
                21.260968
              ],
              [
                105.780048,
                21.260931
              ],
              [
                105.780023,
                21.260865
              ],
              [
                105.780465,
                21.260431
              ],
              [
                105.780559,
                21.260389
              ],
              [
                105.780698,
                21.260324
              ],
              [
                105.780714,
                21.260301
              ],
              [
                105.780721,
                21.260258
              ],
              [
                105.780751,
                21.260224
              ],
              [
                105.780788,
                21.260167
              ],
              [
                105.78091,
                21.259973
              ],
              [
                105.780948,
                21.259937
              ],
              [
                105.780965,
                21.259882
              ],
              [
                105.781,
                21.2598
              ],
              [
                105.780512,
                21.259699
              ],
              [
                105.780111,
                21.2596
              ],
              [
                105.779621,
                21.259503
              ],
              [
                105.778109,
                21.259174
              ],
              [
                105.777673,
                21.259063
              ],
              [
                105.777688,
                21.259001
              ],
              [
                105.777693,
                21.258984
              ],
              [
                105.777697,
                21.258969
              ],
              [
                105.777724,
                21.258866
              ],
              [
                105.777757,
                21.258746
              ],
              [
                105.777807,
                21.258581
              ],
              [
                105.777824,
                21.258475
              ],
              [
                105.777818,
                21.258388
              ],
              [
                105.777813,
                21.258353
              ],
              [
                105.777772,
                21.258339
              ],
              [
                105.777739,
                21.25822
              ],
              [
                105.777712,
                21.258136
              ],
              [
                105.777673,
                21.258021
              ],
              [
                105.77766,
                21.257959
              ],
              [
                105.777646,
                21.257871
              ],
              [
                105.777647,
                21.257857
              ],
              [
                105.777646,
                21.257842
              ],
              [
                105.777642,
                21.257717
              ],
              [
                105.777647,
                21.257547
              ],
              [
                105.777648,
                21.257506
              ],
              [
                105.777648,
                21.257501
              ],
              [
                105.777665,
                21.257439
              ],
              [
                105.777745,
                21.257173
              ],
              [
                105.777752,
                21.257151
              ],
              [
                105.777666,
                21.257117
              ],
              [
                105.777667,
                21.257102
              ],
              [
                105.777674,
                21.257028
              ],
              [
                105.777691,
                21.256853
              ],
              [
                105.77761,
                21.256821
              ],
              [
                105.77758,
                21.256857
              ],
              [
                105.777533,
                21.256915
              ],
              [
                105.777492,
                21.256958
              ],
              [
                105.777437,
                21.257003
              ],
              [
                105.777359,
                21.25706
              ],
              [
                105.777086,
                21.256814
              ],
              [
                105.777053,
                21.256785
              ],
              [
                105.777038,
                21.256773
              ],
              [
                105.777018,
                21.256754
              ],
              [
                105.776814,
                21.256572
              ],
              [
                105.776568,
                21.256353
              ],
              [
                105.776309,
                21.256122
              ],
              [
                105.776274,
                21.256091
              ],
              [
                105.775802,
                21.25567
              ],
              [
                105.775629,
                21.255515
              ],
              [
                105.775587,
                21.255477
              ],
              [
                105.775539,
                21.255434
              ],
              [
                105.775467,
                21.25537
              ],
              [
                105.774999,
                21.25494
              ],
              [
                105.774975,
                21.254918
              ],
              [
                105.774951,
                21.254896
              ],
              [
                105.774403,
                21.254398
              ],
              [
                105.774126,
                21.254143
              ],
              [
                105.773932,
                21.253973
              ],
              [
                105.773913,
                21.253957
              ],
              [
                105.773984,
                21.253848
              ],
              [
                105.77408,
                21.253699
              ],
              [
                105.774124,
                21.25363
              ],
              [
                105.774138,
                21.253609
              ],
              [
                105.774158,
                21.253572
              ],
              [
                105.774193,
                21.253483
              ],
              [
                105.774272,
                21.2533
              ],
              [
                105.774332,
                21.253142
              ],
              [
                105.77432,
                21.253132
              ],
              [
                105.774312,
                21.253126
              ],
              [
                105.774139,
                21.252979
              ],
              [
                105.773896,
                21.252805
              ],
              [
                105.773733,
                21.252674
              ],
              [
                105.773696,
                21.252635
              ],
              [
                105.773677,
                21.252614
              ],
              [
                105.773278,
                21.252195
              ],
              [
                105.773294,
                21.252172
              ],
              [
                105.773249,
                21.252139
              ],
              [
                105.773145,
                21.252059
              ],
              [
                105.773057,
                21.252011
              ],
              [
                105.772978,
                21.251951
              ],
              [
                105.772917,
                21.251912
              ],
              [
                105.772874,
                21.251875
              ],
              [
                105.772816,
                21.251823
              ],
              [
                105.77281,
                21.251818
              ],
              [
                105.772778,
                21.25179
              ],
              [
                105.772759,
                21.251773
              ],
              [
                105.772609,
                21.251656
              ],
              [
                105.772527,
                21.251601
              ],
              [
                105.772471,
                21.25156
              ],
              [
                105.772393,
                21.251515
              ],
              [
                105.772308,
                21.251471
              ],
              [
                105.772275,
                21.251454
              ],
              [
                105.772253,
                21.251447
              ],
              [
                105.772233,
                21.251441
              ],
              [
                105.772159,
                21.251389
              ],
              [
                105.772118,
                21.251361
              ],
              [
                105.772107,
                21.251353
              ],
              [
                105.772095,
                21.251346
              ],
              [
                105.771904,
                21.25122
              ],
              [
                105.771853,
                21.251191
              ],
              [
                105.771836,
                21.25118
              ],
              [
                105.771823,
                21.251164
              ],
              [
                105.771799,
                21.251127
              ],
              [
                105.771771,
                21.25109
              ],
              [
                105.77171,
                21.251005
              ],
              [
                105.771705,
                21.250997
              ],
              [
                105.771687,
                21.250969
              ],
              [
                105.771675,
                21.25095
              ],
              [
                105.771624,
                21.250866
              ],
              [
                105.771599,
                21.250838
              ],
              [
                105.771589,
                21.250824
              ],
              [
                105.771577,
                21.250796
              ],
              [
                105.771561,
                21.250764
              ],
              [
                105.771488,
                21.25064
              ],
              [
                105.771354,
                21.250436
              ],
              [
                105.771295,
                21.250353
              ],
              [
                105.771167,
                21.250142
              ],
              [
                105.77112,
                21.250067
              ],
              [
                105.770958,
                21.249808
              ],
              [
                105.770933,
                21.249767
              ],
              [
                105.77097,
                21.249747
              ],
              [
                105.771127,
                21.249666
              ],
              [
                105.771503,
                21.249453
              ],
              [
                105.771601,
                21.249398
              ],
              [
                105.771664,
                21.249362
              ],
              [
                105.771947,
                21.249199
              ],
              [
                105.772339,
                21.248989
              ],
              [
                105.772387,
                21.248964
              ],
              [
                105.772376,
                21.248953
              ],
              [
                105.771652,
                21.248233
              ],
              [
                105.771323,
                21.247914
              ],
              [
                105.771182,
                21.247762
              ],
              [
                105.771143,
                21.247717
              ],
              [
                105.771103,
                21.247749
              ],
              [
                105.770769,
                21.247965
              ],
              [
                105.770736,
                21.247927
              ],
              [
                105.7701,
                21.248006
              ],
              [
                105.770009,
                21.248033
              ],
              [
                105.769982,
                21.247954
              ],
              [
                105.769932,
                21.24781
              ],
              [
                105.769819,
                21.247655
              ],
              [
                105.769785,
                21.247571
              ],
              [
                105.769658,
                21.247417
              ],
              [
                105.769591,
                21.247354
              ],
              [
                105.769574,
                21.247338
              ],
              [
                105.769654,
                21.247274
              ],
              [
                105.769637,
                21.247257
              ],
              [
                105.769483,
                21.247094
              ],
              [
                105.769497,
                21.247074
              ],
              [
                105.769765,
                21.246682
              ],
              [
                105.770002,
                21.246484
              ],
              [
                105.770042,
                21.246451
              ],
              [
                105.769533,
                21.245879
              ],
              [
                105.769263,
                21.245589
              ],
              [
                105.769283,
                21.245535
              ],
              [
                105.769289,
                21.245517
              ],
              [
                105.769497,
                21.245296
              ],
              [
                105.769545,
                21.245229
              ],
              [
                105.769603,
                21.245147
              ],
              [
                105.769676,
                21.245093
              ],
              [
                105.769733,
                21.245043
              ],
              [
                105.769758,
                21.244997
              ],
              [
                105.769771,
                21.244862
              ],
              [
                105.769765,
                21.244745
              ],
              [
                105.769797,
                21.244626
              ],
              [
                105.769797,
                21.244436
              ],
              [
                105.76979,
                21.244318
              ],
              [
                105.769778,
                21.244155
              ],
              [
                105.769801,
                21.244044
              ],
              [
                105.769791,
                21.243632
              ],
              [
                105.769798,
                21.243331
              ],
              [
                105.7698,
                21.243303
              ],
              [
                105.769808,
                21.243195
              ],
              [
                105.769824,
                21.243078
              ],
              [
                105.769843,
                21.24308
              ],
              [
                105.76994,
                21.243086
              ],
              [
                105.769979,
                21.242912
              ],
              [
                105.770007,
                21.242801
              ],
              [
                105.770017,
                21.242746
              ],
              [
                105.77002,
                21.242696
              ],
              [
                105.770016,
                21.242622
              ],
              [
                105.770017,
                21.242575
              ],
              [
                105.770053,
                21.242573
              ],
              [
                105.770061,
                21.242484
              ],
              [
                105.769959,
                21.242479
              ],
              [
                105.769927,
                21.242478
              ],
              [
                105.769784,
                21.242466
              ],
              [
                105.769805,
                21.242211
              ],
              [
                105.769819,
                21.242208
              ],
              [
                105.769836,
                21.241582
              ],
              [
                105.769837,
                21.24157
              ],
              [
                105.769837,
                21.241551
              ],
              [
                105.769829,
                21.241548
              ],
              [
                105.769569,
                21.241471
              ],
              [
                105.769563,
                21.241464
              ],
              [
                105.76924,
                21.241362
              ],
              [
                105.769228,
                21.241358
              ],
              [
                105.769025,
                21.241297
              ],
              [
                105.76901,
                21.241298
              ],
              [
                105.768606,
                21.241172
              ],
              [
                105.768596,
                21.241169
              ],
              [
                105.768501,
                21.241142
              ],
              [
                105.768399,
                21.24112
              ],
              [
                105.768115,
                21.241067
              ],
              [
                105.76809,
                21.241063
              ],
              [
                105.768084,
                21.241062
              ],
              [
                105.76808,
                21.241061
              ],
              [
                105.768049,
                21.241055
              ],
              [
                105.768045,
                21.241055
              ],
              [
                105.767568,
                21.240968
              ],
              [
                105.767562,
                21.240967
              ],
              [
                105.767549,
                21.240965
              ],
              [
                105.767126,
                21.240885
              ],
              [
                105.767047,
                21.240871
              ],
              [
                105.767043,
                21.240871
              ],
              [
                105.766875,
                21.24084
              ],
              [
                105.766338,
                21.240744
              ],
              [
                105.765763,
                21.240641
              ],
              [
                105.765703,
                21.240631
              ],
              [
                105.765511,
                21.240112
              ],
              [
                105.765502,
                21.240087
              ],
              [
                105.765485,
                21.240038
              ],
              [
                105.765485,
                21.240038
              ],
              [
                105.765465,
                21.239985
              ],
              [
                105.765463,
                21.239978
              ],
              [
                105.765463,
                21.239978
              ],
              [
                105.765461,
                21.239972
              ],
              [
                105.765441,
                21.239918
              ],
              [
                105.765441,
                21.239918
              ],
              [
                105.765424,
                21.23987
              ],
              [
                105.765215,
                21.239292
              ],
              [
                105.764964,
                21.238599
              ],
              [
                105.764868,
                21.238332
              ],
              [
                105.764738,
                21.237988
              ],
              [
                105.764688,
                21.238003
              ],
              [
                105.764658,
                21.238012
              ],
              [
                105.764351,
                21.238131
              ],
              [
                105.764347,
                21.238132
              ],
              [
                105.764411,
                21.238369
              ],
              [
                105.76414,
                21.238312
              ],
              [
                105.763937,
                21.238258
              ],
              [
                105.763812,
                21.238259
              ],
              [
                105.763781,
                21.238284
              ],
              [
                105.763883,
                21.238537
              ],
              [
                105.763559,
                21.238632
              ],
              [
                105.763215,
                21.238641
              ],
              [
                105.763146,
                21.238587
              ],
              [
                105.763118,
                21.238501
              ],
              [
                105.763133,
                21.238394
              ],
              [
                105.763025,
                21.238283
              ],
              [
                105.762934,
                21.238392
              ],
              [
                105.762925,
                21.238404
              ],
              [
                105.762907,
                21.238441
              ],
              [
                105.762866,
                21.238512
              ],
              [
                105.762848,
                21.238532
              ],
              [
                105.762826,
                21.238548
              ],
              [
                105.762804,
                21.238563
              ],
              [
                105.762779,
                21.238578
              ],
              [
                105.762772,
                21.238582
              ],
              [
                105.762756,
                21.238591
              ],
              [
                105.762755,
                21.238592
              ],
              [
                105.762734,
                21.238606
              ],
              [
                105.762734,
                21.238607
              ],
              [
                105.762714,
                21.23862
              ],
              [
                105.762692,
                21.238646
              ],
              [
                105.762657,
                21.238677
              ],
              [
                105.762632,
                21.238689
              ],
              [
                105.762597,
                21.238692
              ],
              [
                105.76256,
                21.238694
              ],
              [
                105.762547,
                21.2387
              ],
              [
                105.762536,
                21.238711
              ],
              [
                105.76253,
                21.238726
              ],
              [
                105.762527,
                21.238746
              ],
              [
                105.762529,
                21.238768
              ],
              [
                105.762527,
                21.238802
              ],
              [
                105.762512,
                21.238822
              ],
              [
                105.762497,
                21.238847
              ],
              [
                105.76249,
                21.238871
              ],
              [
                105.762487,
                21.238898
              ],
              [
                105.762488,
                21.238915
              ],
              [
                105.762489,
                21.238933
              ],
              [
                105.76249,
                21.238938
              ],
              [
                105.76249,
                21.238946
              ],
              [
                105.762482,
                21.239025
              ],
              [
                105.762485,
                21.239063
              ],
              [
                105.762495,
                21.2391
              ],
              [
                105.762501,
                21.23917
              ],
              [
                105.76248,
                21.239232
              ],
              [
                105.762456,
                21.239278
              ],
              [
                105.762416,
                21.239322
              ],
              [
                105.762395,
                21.239351
              ],
              [
                105.762382,
                21.239385
              ],
              [
                105.762368,
                21.239438
              ],
              [
                105.762368,
                21.239439
              ],
              [
                105.762357,
                21.239464
              ],
              [
                105.762355,
                21.239466
              ],
              [
                105.762353,
                21.239468
              ],
              [
                105.762336,
                21.239475
              ],
              [
                105.762332,
                21.239477
              ],
              [
                105.762317,
                21.239481
              ],
              [
                105.762313,
                21.239481
              ],
              [
                105.762303,
                21.239482
              ],
              [
                105.762302,
                21.239483
              ],
              [
                105.762291,
                21.239483
              ],
              [
                105.762253,
                21.239489
              ],
              [
                105.762216,
                21.239501
              ],
              [
                105.762175,
                21.23953
              ],
              [
                105.762144,
                21.239558
              ],
              [
                105.762121,
                21.239589
              ],
              [
                105.762116,
                21.239611
              ],
              [
                105.762116,
                21.239633
              ],
              [
                105.762124,
                21.239659
              ],
              [
                105.762177,
                21.239759
              ],
              [
                105.762185,
                21.239772
              ],
              [
                105.762195,
                21.239778
              ],
              [
                105.762204,
                21.239779
              ],
              [
                105.762239,
                21.239782
              ],
              [
                105.762299,
                21.239799
              ],
              [
                105.7623,
                21.239799
              ],
              [
                105.762307,
                21.239804
              ],
              [
                105.762311,
                21.239806
              ],
              [
                105.762316,
                21.239818
              ],
              [
                105.762317,
                21.239845
              ],
              [
                105.762315,
                21.239881
              ],
              [
                105.762312,
                21.239907
              ],
              [
                105.762311,
                21.239911
              ],
              [
                105.762303,
                21.239932
              ],
              [
                105.762295,
                21.23994
              ],
              [
                105.762273,
                21.239961
              ],
              [
                105.762273,
                21.239961
              ],
              [
                105.762261,
                21.239981
              ],
              [
                105.762229,
                21.239968
              ],
              [
                105.761816,
                21.239764
              ],
              [
                105.761717,
                21.239719
              ],
              [
                105.761717,
                21.239719
              ],
              [
                105.761711,
                21.239718
              ],
              [
                105.761704,
                21.239718
              ],
              [
                105.761692,
                21.23972
              ],
              [
                105.76168,
                21.239723
              ],
              [
                105.761672,
                21.239727
              ],
              [
                105.761662,
                21.239735
              ],
              [
                105.761623,
                21.23977
              ],
              [
                105.761521,
                21.239865
              ],
              [
                105.761514,
                21.239871
              ],
              [
                105.761436,
                21.239943
              ],
              [
                105.761256,
                21.240112
              ],
              [
                105.761248,
                21.240118
              ],
              [
                105.761242,
                21.240123
              ],
              [
                105.761241,
                21.240124
              ],
              [
                105.761236,
                21.240126
              ],
              [
                105.761229,
                21.240132
              ],
              [
                105.761218,
                21.240137
              ],
              [
                105.761206,
                21.240144
              ],
              [
                105.761178,
                21.240137
              ],
              [
                105.761122,
                21.240133
              ],
              [
                105.761002,
                21.240109
              ],
              [
                105.760388,
                21.239989
              ],
              [
                105.760098,
                21.239932
              ],
              [
                105.759419,
                21.239801
              ],
              [
                105.758856,
                21.239692
              ],
              [
                105.758841,
                21.23969
              ],
              [
                105.758833,
                21.239689
              ],
              [
                105.758822,
                21.239661
              ],
              [
                105.758944,
                21.239467
              ],
              [
                105.758968,
                21.239429
              ],
              [
                105.759205,
                21.239056
              ],
              [
                105.759381,
                21.238804
              ],
              [
                105.759388,
                21.238795
              ],
              [
                105.759205,
                21.238728
              ],
              [
                105.75868,
                21.238599
              ],
              [
                105.758203,
                21.23849
              ],
              [
                105.757855,
                21.238387
              ],
              [
                105.757503,
                21.238241
              ],
              [
                105.757329,
                21.238168
              ],
              [
                105.757318,
                21.238151
              ],
              [
                105.757286,
                21.238153
              ],
              [
                105.757217,
                21.238139
              ],
              [
                105.757216,
                21.238139
              ],
              [
                105.757147,
                21.238115
              ],
              [
                105.757134,
                21.238111
              ],
              [
                105.756946,
                21.238041
              ],
              [
                105.756781,
                21.237981
              ],
              [
                105.756715,
                21.237958
              ],
              [
                105.7567,
                21.237953
              ],
              [
                105.756443,
                21.238087
              ],
              [
                105.756166,
                21.23773
              ],
              [
                105.756112,
                21.237703
              ],
              [
                105.755679,
                21.237479
              ],
              [
                105.755613,
                21.237657
              ],
              [
                105.755613,
                21.237658
              ],
              [
                105.755609,
                21.237666
              ],
              [
                105.755536,
                21.237831
              ],
              [
                105.755535,
                21.237831
              ],
              [
                105.755426,
                21.237999
              ],
              [
                105.755399,
                21.238054
              ],
              [
                105.755364,
                21.238104
              ],
              [
                105.755363,
                21.238106
              ],
              [
                105.755332,
                21.238138
              ],
              [
                105.755296,
                21.238168
              ],
              [
                105.755255,
                21.238212
              ],
              [
                105.755171,
                21.23836
              ],
              [
                105.755135,
                21.238404
              ],
              [
                105.755091,
                21.238442
              ],
              [
                105.754972,
                21.238529
              ],
              [
                105.754933,
                21.238547
              ],
              [
                105.754931,
                21.238548
              ],
              [
                105.75493,
                21.238548
              ],
              [
                105.75493,
                21.238547
              ],
              [
                105.754911,
                21.238533
              ],
              [
                105.754766,
                21.23839
              ],
              [
                105.754756,
                21.238381
              ],
              [
                105.754754,
                21.23838
              ],
              [
                105.754746,
                21.238376
              ],
              [
                105.754746,
                21.238376
              ],
              [
                105.754738,
                21.238374
              ],
              [
                105.75473,
                21.238372
              ],
              [
                105.754729,
                21.238372
              ],
              [
                105.75472,
                21.238356
              ],
              [
                105.754697,
                21.238315
              ],
              [
                105.754686,
                21.238283
              ],
              [
                105.75468,
                21.238256
              ],
              [
                105.754679,
                21.23825
              ],
              [
                105.754678,
                21.238247
              ],
              [
                105.75467,
                21.23824
              ],
              [
                105.754659,
                21.238232
              ],
              [
                105.754623,
                21.238215
              ],
              [
                105.754582,
                21.238197
              ],
              [
                105.754553,
                21.238177
              ],
              [
                105.754539,
                21.238166
              ],
              [
                105.754522,
                21.238153
              ],
              [
                105.754502,
                21.238132
              ],
              [
                105.754484,
                21.238109
              ],
              [
                105.754467,
                21.23808
              ],
              [
                105.754446,
                21.238049
              ],
              [
                105.754424,
                21.238022
              ],
              [
                105.754363,
                21.237943
              ],
              [
                105.754298,
                21.237863
              ],
              [
                105.754255,
                21.237814
              ],
              [
                105.754171,
                21.237744
              ],
              [
                105.754106,
                21.237707
              ],
              [
                105.754066,
                21.237685
              ],
              [
                105.754038,
                21.237669
              ],
              [
                105.754004,
                21.23765
              ],
              [
                105.753989,
                21.237639
              ],
              [
                105.753966,
                21.237624
              ],
              [
                105.753943,
                21.237597
              ],
              [
                105.753912,
                21.237561
              ],
              [
                105.753873,
                21.237533
              ],
              [
                105.753827,
                21.237498
              ],
              [
                105.753786,
                21.237473
              ],
              [
                105.753742,
                21.237467
              ],
              [
                105.753692,
                21.237465
              ],
              [
                105.753646,
                21.237461
              ],
              [
                105.753611,
                21.237451
              ],
              [
                105.753577,
                21.237431
              ],
              [
                105.753531,
                21.237394
              ],
              [
                105.753503,
                21.23737
              ],
              [
                105.753494,
                21.237361
              ],
              [
                105.753484,
                21.237349
              ],
              [
                105.753462,
                21.237316
              ],
              [
                105.753451,
                21.237293
              ],
              [
                105.753447,
                21.237284
              ],
              [
                105.75342,
                21.237295
              ],
              [
                105.753409,
                21.237299
              ],
              [
                105.753408,
                21.2373
              ],
              [
                105.753401,
                21.237304
              ],
              [
                105.753394,
                21.237307
              ],
              [
                105.75338,
                21.237317
              ],
              [
                105.753353,
                21.237336
              ],
              [
                105.753347,
                21.23733
              ],
              [
                105.753278,
                21.237255
              ],
              [
                105.753249,
                21.237221
              ],
              [
                105.753298,
                21.23718
              ],
              [
                105.753294,
                21.237157
              ],
              [
                105.753243,
                21.237034
              ],
              [
                105.753188,
                21.236883
              ],
              [
                105.753176,
                21.23685
              ],
              [
                105.753098,
                21.236657
              ],
              [
                105.753022,
                21.236697
              ],
              [
                105.752933,
                21.236737
              ],
              [
                105.75283,
                21.236771
              ],
              [
                105.752826,
                21.236772
              ],
              [
                105.752815,
                21.236787
              ],
              [
                105.752568,
                21.236873
              ],
              [
                105.752349,
                21.236942
              ],
              [
                105.752108,
                21.237026
              ],
              [
                105.751885,
                21.237097
              ],
              [
                105.751885,
                21.237097
              ],
              [
                105.751739,
                21.237143
              ],
              [
                105.751528,
                21.237213
              ],
              [
                105.751273,
                21.237302
              ],
              [
                105.751135,
                21.237346
              ],
              [
                105.750849,
                21.237452
              ],
              [
                105.750839,
                21.237421
              ],
              [
                105.750796,
                21.237439
              ],
              [
                105.750786,
                21.237466
              ],
              [
                105.750761,
                21.237466
              ],
              [
                105.750774,
                21.237497
              ],
              [
                105.75069,
                21.237533
              ],
              [
                105.750633,
                21.237508
              ],
              [
                105.75056,
                21.237441
              ],
              [
                105.750549,
                21.237466
              ],
              [
                105.750457,
                21.237426
              ],
              [
                105.750433,
                21.23751
              ],
              [
                105.750435,
                21.237547
              ],
              [
                105.750445,
                21.237581
              ],
              [
                105.750398,
                21.237619
              ],
              [
                105.750389,
                21.237616
              ],
              [
                105.750143,
                21.237718
              ],
              [
                105.750115,
                21.237712
              ],
              [
                105.750092,
                21.237811
              ],
              [
                105.750039,
                21.23789
              ],
              [
                105.749969,
                21.237958
              ],
              [
                105.749966,
                21.23796
              ],
              [
                105.749863,
                21.238035
              ],
              [
                105.749805,
                21.238068
              ],
              [
                105.749726,
                21.238136
              ],
              [
                105.749738,
                21.238165
              ],
              [
                105.749753,
                21.238211
              ],
              [
                105.749651,
                21.238263
              ],
              [
                105.749635,
                21.238284
              ],
              [
                105.74963,
                21.238327
              ],
              [
                105.749426,
                21.238356
              ],
              [
                105.749292,
                21.238417
              ],
              [
                105.749206,
                21.238512
              ],
              [
                105.74922,
                21.238536
              ],
              [
                105.749201,
                21.23859
              ],
              [
                105.749206,
                21.238608
              ],
              [
                105.749188,
                21.23871
              ],
              [
                105.749056,
                21.238769
              ],
              [
                105.749062,
                21.238777
              ],
              [
                105.748888,
                21.238887
              ],
              [
                105.748768,
                21.238902
              ],
              [
                105.748745,
                21.238968
              ],
              [
                105.748678,
                21.238984
              ],
              [
                105.748481,
                21.239041
              ],
              [
                105.748334,
                21.239091
              ],
              [
                105.748298,
                21.239097
              ],
              [
                105.747985,
                21.239215
              ],
              [
                105.747939,
                21.239128
              ],
              [
                105.747926,
                21.239103
              ],
              [
                105.747486,
                21.238599
              ],
              [
                105.747407,
                21.238509
              ],
              [
                105.747395,
                21.238495
              ],
              [
                105.747383,
                21.238481
              ],
              [
                105.747279,
                21.238364
              ],
              [
                105.747271,
                21.238355
              ],
              [
                105.746935,
                21.237966
              ],
              [
                105.746917,
                21.237946
              ],
              [
                105.746895,
                21.237919
              ],
              [
                105.746367,
                21.237292
              ],
              [
                105.746026,
                21.23765
              ],
              [
                105.745629,
                21.237324
              ],
              [
                105.745122,
                21.237934
              ],
              [
                105.74504,
                21.237992
              ],
              [
                105.744962,
                21.238078
              ],
              [
                105.744779,
                21.23828
              ],
              [
                105.744733,
                21.23835
              ],
              [
                105.744721,
                21.238385
              ],
              [
                105.744727,
                21.238414
              ],
              [
                105.744694,
                21.238543
              ],
              [
                105.744675,
                21.238566
              ],
              [
                105.744653,
                21.238599
              ],
              [
                105.744612,
                21.238662
              ],
              [
                105.744521,
                21.238801
              ],
              [
                105.744497,
                21.238868
              ],
              [
                105.744484,
                21.238916
              ],
              [
                105.744501,
                21.239018
              ],
              [
                105.744508,
                21.239057
              ],
              [
                105.744503,
                21.239079
              ],
              [
                105.7445,
                21.239103
              ],
              [
                105.744479,
                21.239148
              ],
              [
                105.744479,
                21.239149
              ],
              [
                105.744477,
                21.239152
              ],
              [
                105.744477,
                21.23916
              ],
              [
                105.744471,
                21.239249
              ],
              [
                105.744451,
                21.239305
              ],
              [
                105.744429,
                21.239369
              ],
              [
                105.744428,
                21.239371
              ],
              [
                105.744426,
                21.239374
              ],
              [
                105.744398,
                21.239397
              ],
              [
                105.744396,
                21.2394
              ],
              [
                105.744335,
                21.239499
              ],
              [
                105.74428,
                21.23953
              ],
              [
                105.744242,
                21.239576
              ],
              [
                105.74423,
                21.239582
              ],
              [
                105.744224,
                21.239584
              ],
              [
                105.744219,
                21.239585
              ],
              [
                105.744216,
                21.239585
              ],
              [
                105.744206,
                21.239581
              ],
              [
                105.744203,
                21.239579
              ],
              [
                105.744194,
                21.239569
              ],
              [
                105.744191,
                21.239567
              ],
              [
                105.744188,
                21.239566
              ],
              [
                105.74417,
                21.239562
              ],
              [
                105.744128,
                21.239563
              ],
              [
                105.744126,
                21.239563
              ],
              [
                105.74409,
                21.239579
              ],
              [
                105.744047,
                21.239601
              ],
              [
                105.744038,
                21.239612
              ],
              [
                105.744037,
                21.239612
              ],
              [
                105.744025,
                21.239641
              ],
              [
                105.744009,
                21.239679
              ],
              [
                105.743953,
                21.239712
              ],
              [
                105.74392,
                21.239728
              ],
              [
                105.743916,
                21.239728
              ],
              [
                105.743912,
                21.239727
              ],
              [
                105.743907,
                21.239726
              ],
              [
                105.743904,
                21.239724
              ],
              [
                105.743891,
                21.23971
              ],
              [
                105.74389,
                21.23971
              ],
              [
                105.74389,
                21.239709
              ],
              [
                105.743889,
                21.23971
              ],
              [
                105.743847,
                21.239724
              ],
              [
                105.74383,
                21.239733
              ],
              [
                105.743762,
                21.239769
              ],
              [
                105.743759,
                21.239771
              ],
              [
                105.743494,
                21.239918
              ],
              [
                105.74337,
                21.239996
              ],
              [
                105.743278,
                21.239953
              ],
              [
                105.743168,
                21.239967
              ],
              [
                105.743056,
                21.239957
              ],
              [
                105.742995,
                21.239954
              ],
              [
                105.742956,
                21.239965
              ],
              [
                105.742871,
                21.239995
              ],
              [
                105.742829,
                21.239994
              ],
              [
                105.742806,
                21.239985
              ],
              [
                105.742735,
                21.239937
              ],
              [
                105.74268,
                21.239885
              ],
              [
                105.742614,
                21.239798
              ],
              [
                105.742595,
                21.239778
              ],
              [
                105.742543,
                21.239761
              ],
              [
                105.742467,
                21.239756
              ],
              [
                105.742449,
                21.239759
              ],
              [
                105.742177,
                21.239429
              ],
              [
                105.742733,
                21.238984
              ],
              [
                105.742394,
                21.23863
              ],
              [
                105.742233,
                21.238432
              ],
              [
                105.742182,
                21.23847
              ],
              [
                105.742016,
                21.238593
              ],
              [
                105.741997,
                21.238606
              ],
              [
                105.741923,
                21.238661
              ],
              [
                105.741912,
                21.23867
              ],
              [
                105.741815,
                21.238741
              ],
              [
                105.741782,
                21.238768
              ],
              [
                105.741772,
                21.238775
              ],
              [
                105.741726,
                21.238808
              ],
              [
                105.741725,
                21.238809
              ],
              [
                105.741577,
                21.23892
              ],
              [
                105.741577,
                21.23892
              ],
              [
                105.741475,
                21.238998
              ],
              [
                105.741463,
                21.239007
              ],
              [
                105.741214,
                21.239192
              ],
              [
                105.741214,
                21.239192
              ],
              [
                105.741003,
                21.239354
              ],
              [
                105.740801,
                21.239502
              ],
              [
                105.74075,
                21.239539
              ],
              [
                105.740677,
                21.239592
              ],
              [
                105.740332,
                21.239278
              ],
              [
                105.740132,
                21.23908
              ],
              [
                105.74007,
                21.239018
              ],
              [
                105.740065,
                21.239005
              ],
              [
                105.740081,
                21.23899
              ],
              [
                105.740472,
                21.238763
              ],
              [
                105.740343,
                21.23862
              ],
              [
                105.74033,
                21.2386
              ],
              [
                105.740268,
                21.238532
              ],
              [
                105.740189,
                21.238452
              ],
              [
                105.740151,
                21.238407
              ],
              [
                105.740025,
                21.238267
              ],
              [
                105.739779,
                21.237987
              ],
              [
                105.739397,
                21.237552
              ],
              [
                105.739138,
                21.237337
              ],
              [
                105.739004,
                21.237162
              ],
              [
                105.738857,
                21.237049
              ],
              [
                105.738787,
                21.23692
              ],
              [
                105.738701,
                21.23674
              ],
              [
                105.738593,
                21.236802
              ],
              [
                105.738521,
                21.236859
              ],
              [
                105.738484,
                21.236884
              ],
              [
                105.73842,
                21.236911
              ],
              [
                105.738408,
                21.236914
              ],
              [
                105.738398,
                21.236904
              ],
              [
                105.738381,
                21.236876
              ],
              [
                105.738347,
                21.236808
              ],
              [
                105.738289,
                21.236859
              ],
              [
                105.738286,
                21.23686
              ],
              [
                105.738274,
                21.236866
              ],
              [
                105.738264,
                21.236869
              ],
              [
                105.738261,
                21.236869
              ],
              [
                105.738259,
                21.236868
              ],
              [
                105.738245,
                21.236857
              ],
              [
                105.738205,
                21.236795
              ],
              [
                105.73817,
                21.23674
              ],
              [
                105.738165,
                21.236732
              ],
              [
                105.738136,
                21.236696
              ],
              [
                105.738132,
                21.236692
              ],
              [
                105.738065,
                21.236648
              ],
              [
                105.738045,
                21.236635
              ],
              [
                105.737995,
                21.236603
              ],
              [
                105.737978,
                21.236591
              ],
              [
                105.737953,
                21.236573
              ],
              [
                105.737863,
                21.236581
              ],
              [
                105.737727,
                21.236596
              ],
              [
                105.737556,
                21.236592
              ],
              [
                105.737513,
                21.236828
              ],
              [
                105.737343,
                21.237283
              ],
              [
                105.73713,
                21.237851
              ],
              [
                105.736833,
                21.238642
              ],
              [
                105.736555,
                21.239331
              ],
              [
                105.736361,
                21.239711
              ],
              [
                105.736199,
                21.240022
              ],
              [
                105.736034,
                21.24031
              ],
              [
                105.736031,
                21.240315
              ],
              [
                105.735886,
                21.240493
              ],
              [
                105.735639,
                21.240766
              ],
              [
                105.73543,
                21.240991
              ],
              [
                105.735138,
                21.241219
              ],
              [
                105.73483,
                21.241448
              ],
              [
                105.734597,
                21.24162
              ],
              [
                105.734442,
                21.241721
              ],
              [
                105.734261,
                21.241812
              ],
              [
                105.734016,
                21.241888
              ],
              [
                105.733694,
                21.241964
              ],
              [
                105.73335,
                21.241992
              ],
              [
                105.732958,
                21.242009
              ],
              [
                105.732627,
                21.242001
              ],
              [
                105.732282,
                21.241955
              ],
              [
                105.731711,
                21.241835
              ],
              [
                105.73047,
                21.241503
              ],
              [
                105.730469,
                21.241502
              ],
              [
                105.730463,
                21.241501
              ],
              [
                105.730095,
                21.241371
              ],
              [
                105.729786,
                21.241225
              ],
              [
                105.729536,
                21.241077
              ],
              [
                105.729293,
                21.240899
              ],
              [
                105.729103,
                21.240802
              ],
              [
                105.728957,
                21.240757
              ],
              [
                105.728773,
                21.240721
              ],
              [
                105.728503,
                21.240722
              ],
              [
                105.728187,
                21.240756
              ],
              [
                105.727783,
                21.240869
              ],
              [
                105.727322,
                21.241027
              ],
              [
                105.726959,
                21.24116
              ],
              [
                105.726675,
                21.241286
              ],
              [
                105.726504,
                21.241388
              ],
              [
                105.726282,
                21.24145
              ],
              [
                105.726105,
                21.241537
              ],
              [
                105.725911,
                21.241655
              ],
              [
                105.725645,
                21.241832
              ],
              [
                105.725395,
                21.241968
              ],
              [
                105.725212,
                21.242141
              ],
              [
                105.725074,
                21.242287
              ],
              [
                105.724997,
                21.242444
              ],
              [
                105.724982,
                21.242554
              ],
              [
                105.724986,
                21.242687
              ],
              [
                105.725049,
                21.242777
              ],
              [
                105.725179,
                21.242863
              ],
              [
                105.725372,
                21.242947
              ],
              [
                105.725373,
                21.242947
              ],
              [
                105.72553,
                21.242988
              ],
              [
                105.725705,
                21.243008
              ],
              [
                105.725922,
                21.243022
              ],
              [
                105.726116,
                21.243019
              ],
              [
                105.726269,
                21.243018
              ],
              [
                105.72639,
                21.243038
              ],
              [
                105.726497,
                21.243091
              ],
              [
                105.726635,
                21.243225
              ],
              [
                105.726774,
                21.243455
              ],
              [
                105.726991,
                21.243846
              ],
              [
                105.727221,
                21.244243
              ],
              [
                105.727425,
                21.244542
              ],
              [
                105.727638,
                21.244811
              ],
              [
                105.727882,
                21.245108
              ],
              [
                105.728102,
                21.245411
              ],
              [
                105.728332,
                21.245791
              ],
              [
                105.728525,
                21.246147
              ],
              [
                105.728674,
                21.246502
              ],
              [
                105.728801,
                21.246815
              ],
              [
                105.728887,
                21.247045
              ],
              [
                105.728928,
                21.247251
              ],
              [
                105.728951,
                21.247479
              ],
              [
                105.728988,
                21.247737
              ],
              [
                105.729054,
                21.248153
              ],
              [
                105.729104,
                21.248435
              ],
              [
                105.729163,
                21.248588
              ],
              [
                105.729197,
                21.248762
              ],
              [
                105.729182,
                21.248882
              ],
              [
                105.72912,
                21.249021
              ],
              [
                105.729083,
                21.249105
              ],
              [
                105.729042,
                21.249186
              ],
              [
                105.728979,
                21.249264
              ],
              [
                105.728906,
                21.249333
              ],
              [
                105.728811,
                21.249396
              ],
              [
                105.728534,
                21.249508
              ],
              [
                105.728327,
                21.24956
              ],
              [
                105.727289,
                21.249757
              ],
              [
                105.726589,
                21.249941
              ],
              [
                105.726508,
                21.249963
              ],
              [
                105.726372,
                21.25
              ],
              [
                105.72639,
                21.250149
              ],
              [
                105.726431,
                21.250487
              ],
              [
                105.726006,
                21.250507
              ],
              [
                105.726047,
                21.250661
              ],
              [
                105.72587,
                21.250715
              ],
              [
                105.725882,
                21.250906
              ],
              [
                105.724699,
                21.251156
              ],
              [
                105.724688,
                21.251282
              ],
              [
                105.724596,
                21.251323
              ],
              [
                105.724592,
                21.251325
              ],
              [
                105.724512,
                21.251244
              ],
              [
                105.723694,
                21.251673
              ],
              [
                105.723505,
                21.251772
              ],
              [
                105.723529,
                21.251811
              ],
              [
                105.72377,
                21.252187
              ],
              [
                105.723864,
                21.252329
              ],
              [
                105.723978,
                21.252503
              ],
              [
                105.724117,
                21.252732
              ],
              [
                105.724175,
                21.252932
              ],
              [
                105.724257,
                21.253317
              ],
              [
                105.7243,
                21.253646
              ],
              [
                105.72435,
                21.254133
              ],
              [
                105.724368,
                21.254439
              ],
              [
                105.724379,
                21.25462
              ],
              [
                105.724387,
                21.254687
              ],
              [
                105.724398,
                21.254808
              ],
              [
                105.724455,
                21.255109
              ],
              [
                105.724468,
                21.25518
              ],
              [
                105.724529,
                21.255481
              ],
              [
                105.724565,
                21.255708
              ],
              [
                105.724615,
                21.25598
              ],
              [
                105.724683,
                21.256306
              ],
              [
                105.724719,
                21.256598
              ],
              [
                105.724784,
                21.25728
              ],
              [
                105.724786,
                21.257627
              ],
              [
                105.72476,
                21.25794
              ],
              [
                105.724689,
                21.258389
              ],
              [
                105.724527,
                21.259183
              ],
              [
                105.724366,
                21.259964
              ],
              [
                105.724215,
                21.260758
              ],
              [
                105.724183,
                21.260955
              ],
              [
                105.724149,
                21.261104
              ],
              [
                105.724067,
                21.261372
              ],
              [
                105.723989,
                21.261569
              ],
              [
                105.723902,
                21.261836
              ],
              [
                105.723893,
                21.261923
              ],
              [
                105.723888,
                21.262092
              ],
              [
                105.723869,
                21.262231
              ],
              [
                105.723798,
                21.262585
              ],
              [
                105.723786,
                21.262695
              ],
              [
                105.723786,
                21.262822
              ],
              [
                105.723833,
                21.263062
              ],
              [
                105.723894,
                21.263315
              ],
              [
                105.724031,
                21.263975
              ],
              [
                105.724139,
                21.26447
              ],
              [
                105.724144,
                21.264498
              ],
              [
                105.724335,
                21.26535
              ],
              [
                105.724451,
                21.265916
              ],
              [
                105.724498,
                21.266047
              ],
              [
                105.724522,
                21.266084
              ],
              [
                105.724544,
                21.266105
              ],
              [
                105.724626,
                21.266136
              ],
              [
                105.724628,
                21.266137
              ],
              [
                105.724645,
                21.266141
              ],
              [
                105.724645,
                21.266141
              ],
              [
                105.724853,
                21.266194
              ],
              [
                105.724855,
                21.266195
              ],
              [
                105.725036,
                21.266258
              ],
              [
                105.725404,
                21.266453
              ],
              [
                105.725567,
                21.266565
              ],
              [
                105.725762,
                21.266739
              ],
              [
                105.726039,
                21.267025
              ],
              [
                105.726436,
                21.26738
              ],
              [
                105.726729,
                21.267651
              ],
              [
                105.726928,
                21.267851
              ],
              [
                105.727124,
                21.268028
              ],
              [
                105.727297,
                21.268167
              ],
              [
                105.727483,
                21.268294
              ],
              [
                105.727593,
                21.268344
              ],
              [
                105.727648,
                21.268363
              ],
              [
                105.727654,
                21.268365
              ],
              [
                105.727655,
                21.268365
              ],
              [
                105.727708,
                21.26838
              ],
              [
                105.727812,
                21.268393
              ],
              [
                105.727819,
                21.268393
              ],
              [
                105.727922,
                21.268374
              ],
              [
                105.728248,
                21.268284
              ],
              [
                105.728363,
                21.268249
              ],
              [
                105.728443,
                21.268242
              ],
              [
                105.728511,
                21.26825
              ],
              [
                105.728571,
                21.268265
              ],
              [
                105.728658,
                21.268312
              ],
              [
                105.728756,
                21.2684
              ],
              [
                105.728906,
                21.268587
              ],
              [
                105.729134,
                21.268926
              ],
              [
                105.729265,
                21.26919
              ],
              [
                105.729306,
                21.269312
              ],
              [
                105.729314,
                21.269403
              ],
              [
                105.729283,
                21.269517
              ],
              [
                105.729247,
                21.269602
              ],
              [
                105.729145,
                21.269719
              ],
              [
                105.729014,
                21.269843
              ],
              [
                105.728801,
                21.27002
              ],
              [
                105.728655,
                21.270107
              ],
              [
                105.728628,
                21.270121
              ],
              [
                105.72855,
                21.270167
              ],
              [
                105.728165,
                21.27035
              ],
              [
                105.728062,
                21.270414
              ],
              [
                105.727969,
                21.270483
              ],
              [
                105.727821,
                21.270613
              ],
              [
                105.727659,
                21.270753
              ],
              [
                105.727498,
                21.270859
              ],
              [
                105.727335,
                21.270949
              ],
              [
                105.727185,
                21.271007
              ],
              [
                105.726864,
                21.271077
              ],
              [
                105.726547,
                21.271117
              ],
              [
                105.725973,
                21.27114
              ],
              [
                105.725794,
                21.271168
              ],
              [
                105.72573,
                21.271197
              ],
              [
                105.725707,
                21.27122
              ],
              [
                105.725684,
                21.271276
              ],
              [
                105.725655,
                21.271382
              ],
              [
                105.725627,
                21.271479
              ],
              [
                105.725561,
                21.271602
              ],
              [
                105.725472,
                21.271737
              ],
              [
                105.725445,
                21.271766
              ],
              [
                105.725312,
                21.27192
              ],
              [
                105.725266,
                21.271988
              ],
              [
                105.72521,
                21.272112
              ],
              [
                105.725202,
                21.272143
              ],
              [
                105.725187,
                21.272254
              ],
              [
                105.725187,
                21.272357
              ],
              [
                105.725227,
                21.272536
              ],
              [
                105.725407,
                21.272992
              ],
              [
                105.725474,
                21.273118
              ],
              [
                105.725509,
                21.273166
              ],
              [
                105.72556,
                21.273216
              ],
              [
                105.725614,
                21.273259
              ],
              [
                105.725711,
                21.273316
              ],
              [
                105.725835,
                21.273374
              ],
              [
                105.726293,
                21.273536
              ],
              [
                105.726296,
                21.273536
              ],
              [
                105.726371,
                21.273551
              ],
              [
                105.726452,
                21.27355
              ],
              [
                105.726463,
                21.273549
              ],
              [
                105.726514,
                21.273542
              ],
              [
                105.726597,
                21.273517
              ],
              [
                105.726694,
                21.273463
              ],
              [
                105.727013,
                21.273222
              ],
              [
                105.7272,
                21.273063
              ],
              [
                105.727275,
                21.273002
              ],
              [
                105.72735,
                21.272958
              ],
              [
                105.727448,
                21.272933
              ],
              [
                105.727639,
                21.272914
              ],
              [
                105.727661,
                21.272916
              ],
              [
                105.72771,
                21.272926
              ],
              [
                105.727786,
                21.272944
              ],
              [
                105.727787,
                21.272945
              ],
              [
                105.727793,
                21.272946
              ],
              [
                105.727879,
                21.272984
              ],
              [
                105.727953,
                21.273041
              ],
              [
                105.72808,
                21.273173
              ],
              [
                105.728292,
                21.273478
              ],
              [
                105.7286,
                21.273809
              ],
              [
                105.728927,
                21.274194
              ],
              [
                105.728966,
                21.274245
              ],
              [
                105.728987,
                21.274288
              ],
              [
                105.728996,
                21.274334
              ],
              [
                105.728993,
                21.274417
              ],
              [
                105.728967,
                21.274525
              ],
              [
                105.728855,
                21.274761
              ],
              [
                105.728841,
                21.274816
              ],
              [
                105.728836,
                21.274905
              ],
              [
                105.728841,
                21.27499
              ],
              [
                105.728848,
                21.275144
              ],
              [
                105.728848,
                21.275222
              ],
              [
                105.728835,
                21.275323
              ],
              [
                105.728798,
                21.275424
              ],
              [
                105.728776,
                21.275528
              ],
              [
                105.728771,
                21.275601
              ],
              [
                105.728774,
                21.275677
              ],
              [
                105.728806,
                21.275757
              ],
              [
                105.728855,
                21.275828
              ],
              [
                105.72892,
                21.275896
              ],
              [
                105.728984,
                21.275933
              ],
              [
                105.729075,
                21.275956
              ],
              [
                105.729163,
                21.275966
              ],
              [
                105.729279,
                21.275958
              ],
              [
                105.729427,
                21.275909
              ],
              [
                105.729607,
                21.275825
              ],
              [
                105.72988,
                21.275685
              ],
              [
                105.73008,
                21.275624
              ],
              [
                105.730204,
                21.275606
              ],
              [
                105.730336,
                21.275602
              ],
              [
                105.730438,
                21.275597
              ],
              [
                105.730524,
                21.275587
              ],
              [
                105.730637,
                21.275556
              ],
              [
                105.730932,
                21.275448
              ],
              [
                105.732095,
                21.274992
              ],
              [
                105.732202,
                21.274966
              ],
              [
                105.732305,
                21.274963
              ],
              [
                105.73245,
                21.275
              ],
              [
                105.732451,
                21.275001
              ],
              [
                105.732555,
                21.275055
              ],
              [
                105.732612,
                21.275096
              ],
              [
                105.732633,
                21.275117
              ],
              [
                105.732668,
                21.275152
              ],
              [
                105.732673,
                21.27516
              ],
              [
                105.732696,
                21.275181
              ],
              [
                105.732721,
                21.275224
              ],
              [
                105.732767,
                21.27535
              ],
              [
                105.732767,
                21.275447
              ],
              [
                105.732752,
                21.275646
              ],
              [
                105.73271,
                21.275935
              ],
              [
                105.732682,
                21.276177
              ],
              [
                105.732684,
                21.276289
              ],
              [
                105.732687,
                21.276317
              ],
              [
                105.732719,
                21.276429
              ],
              [
                105.732759,
                21.276541
              ],
              [
                105.732812,
                21.276646
              ],
              [
                105.732999,
                21.276947
              ],
              [
                105.733059,
                21.277019
              ],
              [
                105.733256,
                21.277339
              ],
              [
                105.733343,
                21.277516
              ],
              [
                105.73342,
                21.277757
              ],
              [
                105.733445,
                21.278006
              ],
              [
                105.733452,
                21.278217
              ],
              [
                105.733452,
                21.27826
              ],
              [
                105.733414,
                21.27869
              ],
              [
                105.733389,
                21.278927
              ],
              [
                105.733361,
                21.27913
              ],
              [
                105.733345,
                21.27925
              ],
              [
                105.73336,
                21.279351
              ],
              [
                105.733396,
                21.27943
              ],
              [
                105.733411,
                21.279455
              ],
              [
                105.733459,
                21.279509
              ],
              [
                105.733534,
                21.279551
              ],
              [
                105.733619,
                21.279585
              ],
              [
                105.733623,
                21.279586
              ],
              [
                105.733626,
                21.279587
              ],
              [
                105.733785,
                21.279624
              ],
              [
                105.733905,
                21.279635
              ],
              [
                105.733997,
                21.279626
              ],
              [
                105.734128,
                21.279582
              ],
              [
                105.734232,
                21.279531
              ],
              [
                105.734363,
                21.279463
              ],
              [
                105.734395,
                21.279451
              ],
              [
                105.734452,
                21.279435
              ],
              [
                105.73457,
                21.279413
              ],
              [
                105.73471,
                21.279415
              ],
              [
                105.734938,
                21.27943
              ],
              [
                105.735069,
                21.279426
              ],
              [
                105.735102,
                21.279426
              ],
              [
                105.735145,
                21.279421
              ],
              [
                105.735332,
                21.279386
              ],
              [
                105.735491,
                21.279344
              ],
              [
                105.73569,
                21.279334
              ],
              [
                105.735815,
                21.279363
              ],
              [
                105.735881,
                21.279399
              ],
              [
                105.735919,
                21.279442
              ],
              [
                105.735957,
                21.279545
              ],
              [
                105.735994,
                21.279705
              ],
              [
                105.736017,
                21.279865
              ],
              [
                105.736027,
                21.280306
              ],
              [
                105.735987,
                21.28077
              ],
              [
                105.735787,
                21.281527
              ],
              [
                105.735585,
                21.282133
              ],
              [
                105.735239,
                21.283134
              ],
              [
                105.735213,
                21.283236
              ],
              [
                105.735156,
                21.283433
              ],
              [
                105.735124,
                21.283661
              ],
              [
                105.735112,
                21.283963
              ],
              [
                105.735098,
                21.284167
              ],
              [
                105.735098,
                21.284331
              ],
              [
                105.735112,
                21.284408
              ],
              [
                105.735124,
                21.284437
              ],
              [
                105.735139,
                21.284452
              ],
              [
                105.735143,
                21.284462
              ],
              [
                105.735168,
                21.284478
              ],
              [
                105.735239,
                21.284505
              ],
              [
                105.735243,
                21.284506
              ],
              [
                105.73543,
                21.284548
              ],
              [
                105.735667,
                21.284599
              ],
              [
                105.735671,
                21.2846
              ],
              [
                105.735736,
                21.284623
              ],
              [
                105.735807,
                21.284666
              ],
              [
                105.735883,
                21.284741
              ],
              [
                105.735988,
                21.284882
              ],
              [
                105.736077,
                21.285035
              ],
              [
                105.736153,
                21.28518
              ],
              [
                105.736222,
                21.285272
              ],
              [
                105.736324,
                21.285357
              ],
              [
                105.73654,
                21.285466
              ],
              [
                105.736723,
                21.285566
              ],
              [
                105.736778,
                21.285605
              ],
              [
                105.736843,
                21.28568
              ],
              [
                105.736874,
                21.28574
              ],
              [
                105.73689,
                21.285817
              ],
              [
                105.73689,
                21.285866
              ],
              [
                105.736879,
                21.285945
              ],
              [
                105.73686,
                21.286004
              ],
              [
                105.736831,
                21.286047
              ],
              [
                105.736794,
                21.286087
              ],
              [
                105.73675,
                21.28612
              ],
              [
                105.736685,
                21.286148
              ],
              [
                105.736548,
                21.286209
              ],
              [
                105.736354,
                21.286295
              ],
              [
                105.736283,
                21.286338
              ],
              [
                105.73625,
                21.286374
              ],
              [
                105.736208,
                21.286441
              ],
              [
                105.736186,
                21.28652
              ],
              [
                105.736182,
                21.286592
              ],
              [
                105.736194,
                21.286667
              ],
              [
                105.736226,
                21.286735
              ],
              [
                105.736307,
                21.286858
              ],
              [
                105.736352,
                21.286918
              ],
              [
                105.736433,
                21.287009
              ],
              [
                105.736515,
                21.287087
              ],
              [
                105.736588,
                21.287145
              ],
              [
                105.736697,
                21.287199
              ],
              [
                105.736824,
                21.287246
              ],
              [
                105.737019,
                21.287328
              ],
              [
                105.737159,
                21.287411
              ],
              [
                105.73729,
                21.287502
              ],
              [
                105.737323,
                21.287529
              ],
              [
                105.737723,
                21.287875
              ],
              [
                105.737851,
                21.287989
              ],
              [
                105.737943,
                21.288053
              ],
              [
                105.738011,
                21.288092
              ],
              [
                105.738018,
                21.288094
              ],
              [
                105.738019,
                21.288094
              ],
              [
                105.738085,
                21.288113
              ],
              [
                105.738158,
                21.288125
              ],
              [
                105.738258,
                21.288124
              ],
              [
                105.738493,
                21.288084
              ],
              [
                105.73894,
                21.287953
              ],
              [
                105.739083,
                21.28789
              ],
              [
                105.739085,
                21.287889
              ],
              [
                105.739103,
                21.28788
              ],
              [
                105.739143,
                21.287846
              ],
              [
                105.739158,
                21.287807
              ],
              [
                105.73916,
                21.287774
              ],
              [
                105.739147,
                21.287726
              ],
              [
                105.739109,
                21.287678
              ],
              [
                105.738889,
                21.287499
              ],
              [
                105.738852,
                21.287471
              ],
              [
                105.738692,
                21.287319
              ],
              [
                105.738668,
                21.287285
              ],
              [
                105.738655,
                21.287263
              ],
              [
                105.738635,
                21.287186
              ],
              [
                105.738632,
                21.287147
              ],
              [
                105.738654,
                21.28709
              ],
              [
                105.738689,
                21.287022
              ],
              [
                105.738759,
                21.286966
              ],
              [
                105.738845,
                21.286913
              ],
              [
                105.739083,
                21.286816
              ],
              [
                105.739324,
                21.286695
              ],
              [
                105.739409,
                21.286666
              ],
              [
                105.739465,
                21.286657
              ],
              [
                105.739531,
                21.286664
              ],
              [
                105.739633,
                21.286708
              ],
              [
                105.739774,
                21.286822
              ],
              [
                105.739856,
                21.286907
              ],
              [
                105.739875,
                21.286941
              ],
              [
                105.739883,
                21.286962
              ],
              [
                105.739883,
                21.287002
              ],
              [
                105.739883,
                21.287048
              ],
              [
                105.739875,
                21.287083
              ],
              [
                105.739857,
                21.287118
              ],
              [
                105.739822,
                21.287158
              ],
              [
                105.739736,
                21.287223
              ],
              [
                105.739659,
                21.287287
              ],
              [
                105.739629,
                21.287332
              ],
              [
                105.739597,
                21.287394
              ],
              [
                105.739571,
                21.287458
              ],
              [
                105.73956,
                21.287519
              ],
              [
                105.739553,
                21.287597
              ],
              [
                105.739552,
                21.287621
              ],
              [
                105.739554,
                21.287645
              ],
              [
                105.739561,
                21.287743
              ],
              [
                105.739568,
                21.287801
              ],
              [
                105.739597,
                21.287849
              ],
              [
                105.739635,
                21.287867
              ],
              [
                105.739639,
                21.287868
              ],
              [
                105.73967,
                21.287873
              ],
              [
                105.739701,
                21.287873
              ],
              [
                105.739768,
                21.287866
              ],
              [
                105.739898,
                21.287831
              ],
              [
                105.74022,
                21.287704
              ],
              [
                105.74039,
                21.287636
              ],
              [
                105.740505,
                21.287582
              ],
              [
                105.740801,
                21.287463
              ],
              [
                105.741075,
                21.287377
              ],
              [
                105.741266,
                21.287341
              ],
              [
                105.741356,
                21.287331
              ],
              [
                105.74142,
                21.28732
              ],
              [
                105.741638,
                21.287293
              ],
              [
                105.741817,
                21.287286
              ],
              [
                105.741899,
                21.287303
              ],
              [
                105.741901,
                21.287304
              ],
              [
                105.741957,
                21.287329
              ],
              [
                105.742008,
                21.287383
              ],
              [
                105.742207,
                21.287675
              ],
              [
                105.742314,
                21.287839
              ],
              [
                105.742371,
                21.287921
              ],
              [
                105.742529,
                21.288161
              ],
              [
                105.742564,
                21.288252
              ],
              [
                105.74258,
                21.288334
              ],
              [
                105.742577,
                21.28844
              ],
              [
                105.742562,
                21.288584
              ],
              [
                105.742566,
                21.288672
              ],
              [
                105.742582,
                21.288807
              ],
              [
                105.74258,
                21.288953
              ],
              [
                105.742563,
                21.289028
              ],
              [
                105.742545,
                21.289079
              ],
              [
                105.742503,
                21.289139
              ],
              [
                105.742459,
                21.289188
              ],
              [
                105.742385,
                21.289257
              ],
              [
                105.742229,
                21.289384
              ],
              [
                105.742097,
                21.28948
              ],
              [
                105.742018,
                21.289518
              ],
              [
                105.741922,
                21.289554
              ],
              [
                105.741697,
                21.289614
              ],
              [
                105.741385,
                21.289685
              ],
              [
                105.741135,
                21.289759
              ],
              [
                105.741017,
                21.289791
              ],
              [
                105.740971,
                21.289811
              ],
              [
                105.740879,
                21.28986
              ],
              [
                105.740829,
                21.289921
              ],
              [
                105.740794,
                21.289999
              ],
              [
                105.740774,
                21.290093
              ],
              [
                105.740767,
                21.290199
              ],
              [
                105.740776,
                21.290345
              ],
              [
                105.740801,
                21.290472
              ],
              [
                105.740847,
                21.290576
              ],
              [
                105.740925,
                21.290688
              ],
              [
                105.741042,
                21.290808
              ],
              [
                105.741145,
                21.290866
              ],
              [
                105.741233,
                21.290906
              ],
              [
                105.741239,
                21.290907
              ],
              [
                105.74124,
                21.290908
              ],
              [
                105.741351,
                21.290936
              ],
              [
                105.741472,
                21.290952
              ],
              [
                105.741652,
                21.290955
              ],
              [
                105.741773,
                21.290943
              ],
              [
                105.741871,
                21.29091
              ],
              [
                105.741956,
                21.29086
              ],
              [
                105.741976,
                21.290846
              ],
              [
                105.742072,
                21.29076
              ],
              [
                105.742184,
                21.290632
              ],
              [
                105.742334,
                21.290452
              ],
              [
                105.742386,
                21.290386
              ],
              [
                105.742453,
                21.290328
              ],
              [
                105.742526,
                21.290283
              ],
              [
                105.742581,
                21.290262
              ],
              [
                105.742629,
                21.290254
              ],
              [
                105.742682,
                21.290261
              ],
              [
                105.74274,
                21.290281
              ],
              [
                105.742768,
                21.290305
              ],
              [
                105.742811,
                21.290348
              ],
              [
                105.742861,
                21.29041
              ],
              [
                105.742904,
                21.290485
              ],
              [
                105.742942,
                21.29057
              ],
              [
                105.742962,
                21.290624
              ],
              [
                105.742965,
                21.290635
              ],
              [
                105.742986,
                21.290729
              ],
              [
                105.742995,
                21.290791
              ],
              [
                105.742997,
                21.290849
              ],
              [
                105.74299,
                21.290894
              ],
              [
                105.742972,
                21.290968
              ],
              [
                105.742954,
                21.291016
              ],
              [
                105.742915,
                21.291081
              ],
              [
                105.742882,
                21.291132
              ],
              [
                105.742738,
                21.291298
              ],
              [
                105.742674,
                21.291382
              ],
              [
                105.742615,
                21.29147
              ],
              [
                105.742582,
                21.291536
              ],
              [
                105.74256,
                21.291599
              ],
              [
                105.742547,
                21.291645
              ],
              [
                105.742537,
                21.291751
              ],
              [
                105.742539,
                21.291817
              ],
              [
                105.742559,
                21.291906
              ],
              [
                105.742585,
                21.291992
              ],
              [
                105.742614,
                21.292061
              ],
              [
                105.742624,
                21.292081
              ],
              [
                105.742626,
                21.292086
              ],
              [
                105.742706,
                21.292253
              ],
              [
                105.742737,
                21.292304
              ],
              [
                105.742764,
                21.292338
              ],
              [
                105.742926,
                21.292525
              ],
              [
                105.742991,
                21.292604
              ],
              [
                105.743011,
                21.292642
              ],
              [
                105.74302,
                21.292664
              ],
              [
                105.743024,
                21.292689
              ],
              [
                105.743033,
                21.292788
              ],
              [
                105.743041,
                21.292848
              ],
              [
                105.74305,
                21.292877
              ],
              [
                105.74306,
                21.292891
              ],
              [
                105.743072,
                21.292899
              ],
              [
                105.743096,
                21.29291
              ],
              [
                105.743102,
                21.292911
              ],
              [
                105.743103,
                21.292912
              ],
              [
                105.743158,
                21.292926
              ],
              [
                105.743159,
                21.292926
              ],
              [
                105.743235,
                21.292935
              ],
              [
                105.743287,
                21.292934
              ],
              [
                105.743329,
                21.292931
              ],
              [
                105.743386,
                21.292921
              ],
              [
                105.743447,
                21.292904
              ],
              [
                105.743684,
                21.292792
              ],
              [
                105.744082,
                21.292557
              ],
              [
                105.74425,
                21.292439
              ],
              [
                105.744392,
                21.292306
              ],
              [
                105.744502,
                21.292167
              ],
              [
                105.744584,
                21.292073
              ],
              [
                105.74465,
                21.29201
              ],
              [
                105.744706,
                21.291967
              ],
              [
                105.744784,
                21.291917
              ],
              [
                105.744824,
                21.291901
              ],
              [
                105.744882,
                21.291894
              ],
              [
                105.744931,
                21.291906
              ],
              [
                105.744938,
                21.291907
              ],
              [
                105.745001,
                21.29195
              ],
              [
                105.745043,
                21.292014
              ],
              [
                105.745088,
                21.292117
              ],
              [
                105.745142,
                21.292282
              ],
              [
                105.74516,
                21.292323
              ],
              [
                105.745194,
                21.292375
              ],
              [
                105.745221,
                21.292429
              ],
              [
                105.745249,
                21.292537
              ],
              [
                105.745251,
                21.292548
              ],
              [
                105.745271,
                21.2927
              ],
              [
                105.745303,
                21.292998
              ],
              [
                105.745342,
                21.29323
              ],
              [
                105.745355,
                21.293319
              ],
              [
                105.74538,
                21.293503
              ],
              [
                105.745403,
                21.293638
              ],
              [
                105.745426,
                21.293724
              ],
              [
                105.745447,
                21.293771
              ],
              [
                105.745478,
                21.293816
              ],
              [
                105.745529,
                21.293874
              ],
              [
                105.74559,
                21.293935
              ],
              [
                105.745619,
                21.293967
              ],
              [
                105.74568,
                21.294028
              ],
              [
                105.745743,
                21.294079
              ],
              [
                105.745836,
                21.294147
              ],
              [
                105.745885,
                21.294178
              ],
              [
                105.745891,
                21.294183
              ],
              [
                105.746002,
                21.29426
              ],
              [
                105.746148,
                21.294361
              ],
              [
                105.746192,
                21.294392
              ],
              [
                105.746239,
                21.294425
              ],
              [
                105.746266,
                21.294439
              ],
              [
                105.746267,
                21.29444
              ],
              [
                105.7463,
                21.294447
              ],
              [
                105.746309,
                21.294449
              ],
              [
                105.746412,
                21.294453
              ],
              [
                105.746456,
                21.294454
              ],
              [
                105.746532,
                21.294451
              ],
              [
                105.7467,
                21.294444
              ],
              [
                105.746787,
                21.29444
              ],
              [
                105.746829,
                21.294438
              ],
              [
                105.746882,
                21.294436
              ],
              [
                105.747024,
                21.29443
              ],
              [
                105.747083,
                21.294427
              ],
              [
                105.747142,
                21.294424
              ],
              [
                105.747235,
                21.294372
              ],
              [
                105.747288,
                21.294342
              ],
              [
                105.747348,
                21.294328
              ],
              [
                105.747359,
                21.294325
              ],
              [
                105.74738,
                21.294323
              ],
              [
                105.747456,
                21.294315
              ],
              [
                105.747532,
                21.294319
              ],
              [
                105.747552,
                21.29432
              ],
              [
                105.747563,
                21.294323
              ],
              [
                105.747613,
                21.294335
              ],
              [
                105.74762,
                21.294337
              ],
              [
                105.747647,
                21.294358
              ],
              [
                105.747689,
                21.294392
              ],
              [
                105.747755,
                21.294448
              ],
              [
                105.747917,
                21.294585
              ],
              [
                105.748053,
                21.2947
              ],
              [
                105.74806,
                21.294706
              ],
              [
                105.748072,
                21.294716
              ],
              [
                105.748072,
                21.294717
              ],
              [
                105.748123,
                21.294781
              ],
              [
                105.748202,
                21.294882
              ],
              [
                105.748299,
                21.295006
              ],
              [
                105.748441,
                21.295176
              ],
              [
                105.74863,
                21.295378
              ],
              [
                105.748806,
                21.29559
              ],
              [
                105.748912,
                21.295715
              ],
              [
                105.749034,
                21.295807
              ],
              [
                105.749227,
                21.295912
              ],
              [
                105.749235,
                21.295916
              ],
              [
                105.74942,
                21.296002
              ],
              [
                105.749489,
                21.29603
              ],
              [
                105.7495,
                21.296031
              ],
              [
                105.749525,
                21.296033
              ],
              [
                105.749526,
                21.296032
              ],
              [
                105.74955,
                21.296018
              ],
              [
                105.74956,
                21.296012
              ],
              [
                105.749563,
                21.296007
              ],
              [
                105.749595,
                21.295967
              ],
              [
                105.749636,
                21.295889
              ],
              [
                105.749722,
                21.295799
              ],
              [
                105.749785,
                21.295751
              ],
              [
                105.7499,
                21.295702
              ],
              [
                105.750052,
                21.295654
              ],
              [
                105.750068,
                21.295652
              ],
              [
                105.750149,
                21.295641
              ],
              [
                105.750275,
                21.295631
              ],
              [
                105.750313,
                21.295631
              ],
              [
                105.750414,
                21.29563
              ],
              [
                105.750453,
                21.295627
              ],
              [
                105.750499,
                21.29561
              ],
              [
                105.750543,
                21.295601
              ],
              [
                105.750582,
                21.29561
              ],
              [
                105.750583,
                21.29561
              ],
              [
                105.750589,
                21.295612
              ],
              [
                105.75064,
                21.295638
              ],
              [
                105.750652,
                21.295656
              ],
              [
                105.750655,
                21.295657
              ],
              [
                105.750714,
                21.295683
              ],
              [
                105.750795,
                21.29569
              ],
              [
                105.750858,
                21.295689
              ],
              [
                105.750926,
                21.295674
              ],
              [
                105.751412,
                21.295513
              ],
              [
                105.751488,
                21.295472
              ],
              [
                105.751605,
                21.295387
              ],
              [
                105.751632,
                21.295351
              ],
              [
                105.751699,
                21.2953
              ],
              [
                105.751731,
                21.295276
              ],
              [
                105.751794,
                21.29521
              ],
              [
                105.751879,
                21.295172
              ],
              [
                105.752065,
                21.2951
              ],
              [
                105.752117,
                21.295087
              ],
              [
                105.752156,
                21.295087
              ],
              [
                105.752162,
                21.295089
              ],
              [
                105.752244,
                21.295116
              ],
              [
                105.752493,
                21.295246
              ],
              [
                105.752568,
                21.295271
              ],
              [
                105.752569,
                21.295271
              ],
              [
                105.752575,
                21.295273
              ],
              [
                105.752644,
                21.295276
              ],
              [
                105.752716,
                21.29525
              ],
              [
                105.752789,
                21.295204
              ],
              [
                105.752923,
                21.295072
              ],
              [
                105.752923,
                21.295072
              ],
              [
                105.753005,
                21.295096
              ],
              [
                105.753097,
                21.295165
              ],
              [
                105.753141,
                21.295226
              ],
              [
                105.753151,
                21.295273
              ],
              [
                105.753169,
                21.295305
              ],
              [
                105.753264,
                21.295375
              ],
              [
                105.753404,
                21.295456
              ],
              [
                105.753422,
                21.295484
              ],
              [
                105.753425,
                21.295518
              ],
              [
                105.753372,
                21.295693
              ],
              [
                105.753328,
                21.295791
              ],
              [
                105.753293,
                21.295931
              ],
              [
                105.753277,
                21.296153
              ],
              [
                105.753283,
                21.296386
              ],
              [
                105.753209,
                21.296634
              ],
              [
                105.75319,
                21.296736
              ],
              [
                105.75315,
                21.296815
              ],
              [
                105.753085,
                21.296892
              ],
              [
                105.753036,
                21.296912
              ],
              [
                105.75298,
                21.296922
              ],
              [
                105.752883,
                21.296989
              ],
              [
                105.752838,
                21.297063
              ],
              [
                105.752799,
                21.297191
              ],
              [
                105.752796,
                21.297267
              ],
              [
                105.752818,
                21.297346
              ],
              [
                105.752837,
                21.297368
              ],
              [
                105.752894,
                21.297377
              ],
              [
                105.752956,
                21.297391
              ],
              [
                105.752957,
                21.297391
              ],
              [
                105.753012,
                21.297431
              ],
              [
                105.753026,
                21.29744
              ],
              [
                105.753042,
                21.297446
              ],
              [
                105.753075,
                21.297458
              ],
              [
                105.753077,
                21.297458
              ],
              [
                105.753125,
                21.297462
              ],
              [
                105.753188,
                21.297473
              ],
              [
                105.753191,
                21.297474
              ],
              [
                105.753306,
                21.29752
              ],
              [
                105.753378,
                21.297564
              ],
              [
                105.753475,
                21.297629
              ],
              [
                105.753535,
                21.297679
              ],
              [
                105.753661,
                21.297766
              ],
              [
                105.753791,
                21.297807
              ],
              [
                105.753792,
                21.297807
              ],
              [
                105.753798,
                21.297809
              ],
              [
                105.753874,
                21.297815
              ],
              [
                105.754019,
                21.297868
              ],
              [
                105.754026,
                21.29787
              ],
              [
                105.754026,
                21.29787
              ],
              [
                105.754134,
                21.2979
              ],
              [
                105.754141,
                21.297902
              ],
              [
                105.754181,
                21.297922
              ],
              [
                105.754213,
                21.297953
              ],
              [
                105.754247,
                21.298018
              ],
              [
                105.754282,
                21.298165
              ],
              [
                105.754387,
                21.298522
              ],
              [
                105.754496,
                21.298794
              ],
              [
                105.754627,
                21.298994
              ],
              [
                105.754961,
                21.2994
              ],
              [
                105.755286,
                21.299862
              ],
              [
                105.755412,
                21.299973
              ],
              [
                105.75549,
                21.30001
              ],
              [
                105.755493,
                21.300012
              ],
              [
                105.75565,
                21.300029
              ],
              [
                105.755795,
                21.300018
              ],
              [
                105.75596,
                21.29997
              ],
              [
                105.756151,
                21.299927
              ],
              [
                105.756307,
                21.299943
              ],
              [
                105.756473,
                21.300052
              ],
              [
                105.756577,
                21.300195
              ],
              [
                105.756689,
                21.300342
              ],
              [
                105.756743,
                21.30047
              ],
              [
                105.756797,
                21.300546
              ],
              [
                105.756874,
                21.300588
              ],
              [
                105.756878,
                21.300589
              ],
              [
                105.756881,
                21.30059
              ],
              [
                105.756961,
                21.300597
              ],
              [
                105.757037,
                21.30059
              ],
              [
                105.757012,
                21.300636
              ],
              [
                105.756464,
                21.301647
              ],
              [
                105.756472,
                21.301652
              ],
              [
                105.756719,
                21.30182
              ],
              [
                105.757007,
                21.301993
              ],
              [
                105.757425,
                21.302261
              ],
              [
                105.757648,
                21.302376
              ],
              [
                105.757787,
                21.302442
              ],
              [
                105.757905,
                21.302498
              ],
              [
                105.758305,
                21.302734
              ],
              [
                105.758711,
                21.30297
              ],
              [
                105.759113,
                21.30319
              ],
              [
                105.759191,
                21.303227
              ],
              [
                105.759344,
                21.303292
              ],
              [
                105.758937,
                21.303691
              ],
              [
                105.758471,
                21.304162
              ],
              [
                105.758438,
                21.304195
              ],
              [
                105.75887,
                21.304652
              ],
              [
                105.760776,
                21.306674
              ],
              [
                105.760678,
                21.306861
              ],
              [
                105.76026,
                21.307663
              ],
              [
                105.760237,
                21.308244
              ],
              [
                105.760233,
                21.308351
              ],
              [
                105.760292,
                21.308511
              ],
              [
                105.760301,
                21.308535
              ],
              [
                105.761036,
                21.31052
              ],
              [
                105.761403,
                21.311514
              ],
              [
                105.761403,
                21.311514
              ],
              [
                105.761465,
                21.311609
              ],
              [
                105.761624,
                21.311878
              ],
              [
                105.761854,
                21.312295
              ],
              [
                105.762126,
                21.312816
              ],
              [
                105.762267,
                21.313073
              ],
              [
                105.762352,
                21.313276
              ],
              [
                105.762417,
                21.313429
              ],
              [
                105.762526,
                21.313747
              ],
              [
                105.762643,
                21.31399
              ],
              [
                105.762774,
                21.314151
              ],
              [
                105.762965,
                21.314367
              ],
              [
                105.763306,
                21.31468
              ],
              [
                105.763586,
                21.314922
              ],
              [
                105.763708,
                21.315052
              ],
              [
                105.76382,
                21.3153
              ],
              [
                105.763956,
                21.315556
              ],
              [
                105.763998,
                21.315616
              ],
              [
                105.764083,
                21.315739
              ],
              [
                105.764227,
                21.315856
              ],
              [
                105.764409,
                21.315946
              ],
              [
                105.764581,
                21.316028
              ],
              [
                105.764842,
                21.316171
              ],
              [
                105.765015,
                21.316301
              ],
              [
                105.76518,
                21.316479
              ],
              [
                105.7653,
                21.316609
              ],
              [
                105.765447,
                21.316853
              ],
              [
                105.765459,
                21.316874
              ],
              [
                105.765684,
                21.317177
              ],
              [
                105.765871,
                21.317386
              ],
              [
                105.76602,
                21.317494
              ],
              [
                105.766239,
                21.317593
              ],
              [
                105.766546,
                21.317722
              ],
              [
                105.76703,
                21.317912
              ],
              [
                105.767467,
                21.31808
              ],
              [
                105.767626,
                21.318162
              ],
              [
                105.767794,
                21.3183
              ],
              [
                105.767915,
                21.318456
              ],
              [
                105.768028,
                21.318717
              ],
              [
                105.76809,
                21.31907
              ],
              [
                105.768102,
                21.319131
              ],
              [
                105.768143,
                21.319344
              ],
              [
                105.768256,
                21.319622
              ],
              [
                105.768443,
                21.319948
              ],
              [
                105.768794,
                21.320395
              ],
              [
                105.769061,
                21.320776
              ],
              [
                105.769114,
                21.320859
              ],
              [
                105.7695,
                21.32147
              ],
              [
                105.770104,
                21.323001
              ],
              [
                105.770138,
                21.323081
              ],
              [
                105.770215,
                21.323262
              ],
              [
                105.770236,
                21.323311
              ],
              [
                105.770377,
                21.323732
              ],
              [
                105.770475,
                21.323943
              ],
              [
                105.770566,
                21.324064
              ],
              [
                105.770758,
                21.324253
              ],
              [
                105.771151,
                21.324599
              ],
              [
                105.771418,
                21.324853
              ],
              [
                105.771786,
                21.325236
              ],
              [
                105.771895,
                21.325354
              ],
              [
                105.77196,
                21.32546
              ],
              [
                105.771993,
                21.325559
              ],
              [
                105.772021,
                21.325676
              ],
              [
                105.772144,
                21.326291
              ],
              [
                105.772187,
                21.326602
              ],
              [
                105.772316,
                21.327005
              ],
              [
                105.772342,
                21.327171
              ],
              [
                105.772351,
                21.327463
              ],
              [
                105.772296,
                21.327977
              ],
              [
                105.772274,
                21.328135
              ],
              [
                105.772292,
                21.328314
              ],
              [
                105.772321,
                21.328448
              ],
              [
                105.772387,
                21.328568
              ],
              [
                105.772449,
                21.328667
              ],
              [
                105.772502,
                21.328785
              ],
              [
                105.772526,
                21.328871
              ],
              [
                105.772597,
                21.329512
              ],
              [
                105.772741,
                21.329864
              ],
              [
                105.772814,
                21.330032
              ],
              [
                105.772911,
                21.330161
              ],
              [
                105.773023,
                21.330342
              ],
              [
                105.77315,
                21.330501
              ],
              [
                105.773227,
                21.330611
              ],
              [
                105.773283,
                21.330766
              ],
              [
                105.773284,
                21.330775
              ],
              [
                105.773317,
                21.331108
              ],
              [
                105.773357,
                21.331287
              ],
              [
                105.773381,
                21.331351
              ],
              [
                105.773413,
                21.33144
              ],
              [
                105.773513,
                21.331614
              ],
              [
                105.773613,
                21.331767
              ],
              [
                105.773913,
                21.332174
              ],
              [
                105.774013,
                21.332339
              ],
              [
                105.774719,
                21.333299
              ],
              [
                105.775644,
                21.334822
              ],
              [
                105.775743,
                21.334936
              ],
              [
                105.775885,
                21.335147
              ],
              [
                105.776092,
                21.335489
              ],
              [
                105.776243,
                21.335761
              ],
              [
                105.776295,
                21.336016
              ],
              [
                105.776293,
                21.336081
              ],
              [
                105.776289,
                21.336128
              ],
              [
                105.776271,
                21.336197
              ],
              [
                105.776225,
                21.336273
              ],
              [
                105.776115,
                21.33647
              ],
              [
                105.77607,
                21.336617
              ],
              [
                105.77605,
                21.336762
              ],
              [
                105.776057,
                21.336833
              ],
              [
                105.776104,
                21.336972
              ],
              [
                105.776148,
                21.337053
              ],
              [
                105.776213,
                21.337127
              ],
              [
                105.776304,
                21.337217
              ],
              [
                105.776405,
                21.337273
              ],
              [
                105.776539,
                21.33735
              ],
              [
                105.776884,
                21.337538
              ],
              [
                105.77712,
                21.337714
              ],
              [
                105.777335,
                21.337878
              ],
              [
                105.777485,
                21.337983
              ],
              [
                105.777659,
                21.338144
              ],
              [
                105.777826,
                21.338284
              ],
              [
                105.777976,
                21.338339
              ],
              [
                105.777981,
                21.338341
              ],
              [
                105.777983,
                21.338341
              ],
              [
                105.778082,
                21.338367
              ],
              [
                105.778322,
                21.338398
              ],
              [
                105.778451,
                21.338432
              ],
              [
                105.778629,
                21.338591
              ],
              [
                105.778814,
                21.338703
              ],
              [
                105.778821,
                21.338704
              ],
              [
                105.778946,
                21.338737
              ],
              [
                105.779096,
                21.338764
              ],
              [
                105.779264,
                21.338789
              ],
              [
                105.779407,
                21.338827
              ],
              [
                105.779408,
                21.338828
              ],
              [
                105.779414,
                21.338829
              ],
              [
                105.77955,
                21.338885
              ],
              [
                105.779675,
                21.338956
              ],
              [
                105.779793,
                21.339054
              ],
              [
                105.779969,
                21.339218
              ],
              [
                105.780171,
                21.339364
              ],
              [
                105.780298,
                21.339488
              ],
              [
                105.780432,
                21.339611
              ],
              [
                105.780632,
                21.339859
              ],
              [
                105.780781,
                21.340091
              ],
              [
                105.780876,
                21.340246
              ],
              [
                105.780951,
                21.340423
              ],
              [
                105.781023,
                21.34055
              ],
              [
                105.781062,
                21.340604
              ],
              [
                105.781132,
                21.340664
              ],
              [
                105.781247,
                21.340737
              ],
              [
                105.781342,
                21.340815
              ],
              [
                105.781507,
                21.340971
              ],
              [
                105.781639,
                21.341122
              ],
              [
                105.781776,
                21.341396
              ],
              [
                105.781883,
                21.341525
              ],
              [
                105.781978,
                21.341598
              ],
              [
                105.782109,
                21.341708
              ],
              [
                105.78304,
                21.342838
              ],
              [
                105.783099,
                21.342893
              ],
              [
                105.783101,
                21.342895
              ],
              [
                105.784071,
                21.342872
              ],
              [
                105.784202,
                21.342872
              ],
              [
                105.785317,
                21.34289
              ],
              [
                105.785313,
                21.343048
              ],
              [
                105.785312,
                21.343054
              ],
              [
                105.785308,
                21.34334
              ],
              [
                105.78527,
                21.346437
              ],
              [
                105.78525,
                21.348066
              ],
              [
                105.784527,
                21.349944
              ],
              [
                105.78393,
                21.351495
              ],
              [
                105.783377,
                21.352933
              ],
              [
                105.783376,
                21.352934
              ],
              [
                105.783017,
                21.353867
              ],
              [
                105.783024,
                21.353869
              ],
              [
                105.785234,
                21.354427
              ],
              [
                105.785235,
                21.354428
              ],
              [
                105.785241,
                21.354429
              ],
              [
                105.785928,
                21.354734
              ],
              [
                105.785935,
                21.354662
              ],
              [
                105.785979,
                21.35451
              ],
              [
                105.786071,
                21.354266
              ],
              [
                105.786338,
                21.353733
              ],
              [
                105.786381,
                21.353688
              ],
              [
                105.786442,
                21.353642
              ],
              [
                105.786545,
                21.353578
              ],
              [
                105.786753,
                21.353433
              ],
              [
                105.786913,
                21.35331
              ],
              [
                105.787031,
                21.35325
              ],
              [
                105.787054,
                21.353232
              ],
              [
                105.787074,
                21.353198
              ],
              [
                105.787078,
                21.353152
              ],
              [
                105.787071,
                21.353015
              ],
              [
                105.787063,
                21.35297
              ],
              [
                105.787051,
                21.352937
              ],
              [
                105.787041,
                21.352896
              ],
              [
                105.787039,
                21.352858
              ],
              [
                105.787042,
                21.352813
              ],
              [
                105.787064,
                21.352767
              ],
              [
                105.787099,
                21.352713
              ],
              [
                105.78716,
                21.352642
              ],
              [
                105.787272,
                21.352544
              ],
              [
                105.787343,
                21.352498
              ],
              [
                105.78749,
                21.352408
              ],
              [
                105.787722,
                21.352321
              ],
              [
                105.787869,
                21.352265
              ],
              [
                105.788037,
                21.352225
              ],
              [
                105.788037,
                21.352225
              ]
            ]
          ]
        ]
      },
      "properties": {
        "code": "00382",
        "name": "Kim Anh",
        "nameEn": "Kim Anh",
        "fullName": "Xã Kim Anh",
        "fullNameEn": "Kim Anh Commune",
        "codeName": "kim_anh",
        "postalCode": "12234",
        "postalCodePrefix": "",
        "gisServerId": "diaphanhanhchinhcapxa_2025.3254",
        "areaKm2": 52.8
      }
    }
  ]
}