{
  "type": "FeatureCollection",
  "bbox": [
    105.861825,
    21.177017,
    105.93906,
    21.317691
  ],
  "features": [
    {
      "type": "Feature",
      "id": "00430",
      "bbox": [
        105.861825,
        21.177017,
        105.93906,
        21.317691
      ],
      "geometry": {
        "type": "MultiPolygon",
        "coordinates": [
          [
            [
              [
                105.898789,
                21.317286
              ],
              [
                105.898619,
                21.315736
              ],
              [
                105.897911,
                21.312537
              ],
              [
                105.897527,
                21.311181
              ],
              [
                105.897392,
                21.310894
              ],
              [
                105.897203,
                21.310449
              ],
              [
                105.897086,
                21.310134
              ],
              [
                105.896988,
                21.309796
              ],
              [
                105.896944,
                21.309525
              ],
              [
                105.896955,
                21.309243
              ],
              [
                105.896988,
                21.308791
              ],
              [
                105.897069,
                21.308333
              ],
              [
                105.897205,
                21.307881
              ],
              [
                105.897342,
                21.307603
              ],
              [
                105.89767,
                21.307111
              ],
              [
                105.89795,
                21.306782
              ],
              [
                105.898423,
                21.306282
              ],
              [
                105.899027,
                21.30572
              ],
              [
                105.899542,
                21.305305
              ],
              [
                105.900027,
                21.304947
              ],
              [
                105.900506,
                21.304583
              ],
              [
                105.900973,
                21.304197
              ],
              [
                105.90144,
                21.303816
              ],
              [
                105.901739,
                21.303544
              ],
              [
                105.901978,
                21.303379
              ],
              [
                105.902596,
                21.303014
              ],
              [
                105.903351,
                21.302587
              ],
              [
                105.903975,
                21.30229
              ],
              [
                105.904437,
                21.302129
              ],
              [
                105.904876,
                21.301986
              ],
              [
                105.905524,
                21.301807
              ],
              [
                105.906317,
                21.301645
              ],
              [
                105.906967,
                21.301591
              ],
              [
                105.907712,
                21.301547
              ],
              [
                105.908136,
                21.301539
              ],
              [
                105.90923,
                21.301601
              ],
              [
                105.909791,
                21.301674
              ],
              [
                105.910316,
                21.301796
              ],
              [
                105.910319,
                21.301797
              ],
              [
                105.910934,
                21.301996
              ],
              [
                105.911193,
                21.302116
              ],
              [
                105.911347,
                21.302236
              ],
              [
                105.911598,
                21.302437
              ],
              [
                105.912094,
                21.302907
              ],
              [
                105.912938,
                21.303729
              ],
              [
                105.913222,
                21.303993
              ],
              [
                105.913935,
                21.304573
              ],
              [
                105.914609,
                21.305037
              ],
              [
                105.915023,
                21.305268
              ],
              [
                105.915405,
                21.305427
              ],
              [
                105.915407,
                21.305428
              ],
              [
                105.91581,
                21.305516
              ],
              [
                105.916031,
                21.305555
              ],
              [
                105.916256,
                21.305567
              ],
              [
                105.916587,
                21.305565
              ],
              [
                105.916681,
                21.305542
              ],
              [
                105.916776,
                21.305519
              ],
              [
                105.917089,
                21.305441
              ],
              [
                105.917343,
                21.30535
              ],
              [
                105.917457,
                21.305282
              ],
              [
                105.917576,
                21.305173
              ],
              [
                105.917652,
                21.305061
              ],
              [
                105.917714,
                21.304885
              ],
              [
                105.917745,
                21.304615
              ],
              [
                105.917749,
                21.304435
              ],
              [
                105.917669,
                21.303838
              ],
              [
                105.917536,
                21.303326
              ],
              [
                105.917071,
                21.301688
              ],
              [
                105.91686,
                21.300921
              ],
              [
                105.916762,
                21.300652
              ],
              [
                105.916254,
                21.299041
              ],
              [
                105.916038,
                21.298282
              ],
              [
                105.915905,
                21.297546
              ],
              [
                105.915791,
                21.296944
              ],
              [
                105.915779,
                21.296657
              ],
              [
                105.915797,
                21.29649
              ],
              [
                105.915947,
                21.295905
              ],
              [
                105.916141,
                21.295513
              ],
              [
                105.916455,
                21.295183
              ],
              [
                105.916956,
                21.29474
              ],
              [
                105.917228,
                21.294577
              ],
              [
                105.917672,
                21.294399
              ],
              [
                105.918261,
                21.294239
              ],
              [
                105.919137,
                21.294059
              ],
              [
                105.920406,
                21.29398
              ],
              [
                105.92135,
                21.293912
              ],
              [
                105.923017,
                21.293893
              ],
              [
                105.923693,
                21.293917
              ],
              [
                105.924264,
                21.293986
              ],
              [
                105.924873,
                21.294099
              ],
              [
                105.925564,
                21.294238
              ],
              [
                105.926177,
                21.294521
              ],
              [
                105.926816,
                21.29481
              ],
              [
                105.926903,
                21.294839
              ],
              [
                105.927296,
                21.294974
              ],
              [
                105.927301,
                21.294975
              ],
              [
                105.927303,
                21.294976
              ],
              [
                105.927402,
                21.295
              ],
              [
                105.927507,
                21.295027
              ],
              [
                105.928227,
                21.295207
              ],
              [
                105.928228,
                21.295207
              ],
              [
                105.928765,
                21.295312
              ],
              [
                105.92934,
                21.295313
              ],
              [
                105.929675,
                21.295311
              ],
              [
                105.929939,
                21.295274
              ],
              [
                105.930164,
                21.29521
              ],
              [
                105.930374,
                21.295136
              ],
              [
                105.930589,
                21.295014
              ],
              [
                105.93078,
                21.294847
              ],
              [
                105.931351,
                21.294304
              ],
              [
                105.931451,
                21.294155
              ],
              [
                105.931555,
                21.293979
              ],
              [
                105.931611,
                21.293759
              ],
              [
                105.931609,
                21.293444
              ],
              [
                105.931563,
                21.292977
              ],
              [
                105.931382,
                21.292403
              ],
              [
                105.931169,
                21.291963
              ],
              [
                105.930754,
                21.291588
              ],
              [
                105.930192,
                21.291263
              ],
              [
                105.929644,
                21.291101
              ],
              [
                105.92931,
                21.291018
              ],
              [
                105.92873,
                21.290914
              ],
              [
                105.92837,
                21.290862
              ],
              [
                105.928363,
                21.29086
              ],
              [
                105.927578,
                21.290641
              ],
              [
                105.927578,
                21.290641
              ],
              [
                105.927571,
                21.290639
              ],
              [
                105.926394,
                21.29012
              ],
              [
                105.925476,
                21.289621
              ],
              [
                105.924629,
                21.289073
              ],
              [
                105.924297,
                21.288823
              ],
              [
                105.924046,
                21.288582
              ],
              [
                105.923703,
                21.288229
              ],
              [
                105.923327,
                21.287799
              ],
              [
                105.923201,
                21.287535
              ],
              [
                105.923088,
                21.287122
              ],
              [
                105.922882,
                21.286386
              ],
              [
                105.922699,
                21.28538
              ],
              [
                105.922563,
                21.284433
              ],
              [
                105.922443,
                21.282802
              ],
              [
                105.922396,
                21.282272
              ],
              [
                105.922321,
                21.280955
              ],
              [
                105.922316,
                21.280262
              ],
              [
                105.922297,
                21.279481
              ],
              [
                105.922291,
                21.279369
              ],
              [
                105.922282,
                21.278691
              ],
              [
                105.922282,
                21.278667
              ],
              [
                105.922279,
                21.278607
              ],
              [
                105.922261,
                21.277613
              ],
              [
                105.922254,
                21.277281
              ],
              [
                105.922261,
                21.276157
              ],
              [
                105.922261,
                21.275678
              ],
              [
                105.922256,
                21.275589
              ],
              [
                105.922304,
                21.274489
              ],
              [
                105.922304,
                21.2742
              ],
              [
                105.922373,
                21.273509
              ],
              [
                105.922417,
                21.273
              ],
              [
                105.922444,
                21.272418
              ],
              [
                105.922506,
                21.272037
              ],
              [
                105.92259,
                21.271669
              ],
              [
                105.922614,
                21.271591
              ],
              [
                105.922779,
                21.270899
              ],
              [
                105.922924,
                21.270377
              ],
              [
                105.923212,
                21.26946
              ],
              [
                105.923229,
                21.269405
              ],
              [
                105.923286,
                21.269298
              ],
              [
                105.923299,
                21.269256
              ],
              [
                105.923506,
                21.268859
              ],
              [
                105.923841,
                21.268226
              ],
              [
                105.923949,
                21.268071
              ],
              [
                105.924128,
                21.267888
              ],
              [
                105.924755,
                21.267183
              ],
              [
                105.925136,
                21.26673
              ],
              [
                105.925219,
                21.266654
              ],
              [
                105.925707,
                21.265984
              ],
              [
                105.925817,
                21.265847
              ],
              [
                105.926627,
                21.26474
              ],
              [
                105.92682,
                21.264494
              ],
              [
                105.927077,
                21.264146
              ],
              [
                105.927747,
                21.26336
              ],
              [
                105.928224,
                21.262697
              ],
              [
                105.928299,
                21.262602
              ],
              [
                105.928726,
                21.262064
              ],
              [
                105.929272,
                21.261349
              ],
              [
                105.929644,
                21.26083
              ],
              [
                105.929834,
                21.260592
              ],
              [
                105.930082,
                21.260168
              ],
              [
                105.930375,
                21.25958
              ],
              [
                105.930502,
                21.259332
              ],
              [
                105.930634,
                21.259059
              ],
              [
                105.930823,
                21.258746
              ],
              [
                105.930968,
                21.25853
              ],
              [
                105.931381,
                21.2579
              ],
              [
                105.931836,
                21.257147
              ],
              [
                105.931967,
                21.256863
              ],
              [
                105.932064,
                21.256621
              ],
              [
                105.932291,
                21.256131
              ],
              [
                105.932456,
                21.255819
              ],
              [
                105.932852,
                21.255139
              ],
              [
                105.933046,
                21.254811
              ],
              [
                105.933447,
                21.254103
              ],
              [
                105.933607,
                21.253843
              ],
              [
                105.933671,
                21.253742
              ],
              [
                105.933766,
                21.253578
              ],
              [
                105.934063,
                21.253062
              ],
              [
                105.934149,
                21.252901
              ],
              [
                105.934522,
                21.252258
              ],
              [
                105.934677,
                21.251977
              ],
              [
                105.935041,
                21.251417
              ],
              [
                105.935362,
                21.251021
              ],
              [
                105.935464,
                21.250884
              ],
              [
                105.936308,
                21.249868
              ],
              [
                105.937523,
                21.249018
              ],
              [
                105.938452,
                21.247642
              ],
              [
                105.938947,
                21.246779
              ],
              [
                105.93906,
                21.246365
              ],
              [
                105.939059,
                21.246072
              ],
              [
                105.939008,
                21.245633
              ],
              [
                105.938989,
                21.245475
              ],
              [
                105.938881,
                21.245044
              ],
              [
                105.938773,
                21.244709
              ],
              [
                105.938551,
                21.244324
              ],
              [
                105.938145,
                21.243818
              ],
              [
                105.937785,
                21.243495
              ],
              [
                105.93778,
                21.24349
              ],
              [
                105.937445,
                21.243962
              ],
              [
                105.937434,
                21.243977
              ],
              [
                105.93695,
                21.244559
              ],
              [
                105.936705,
                21.244818
              ],
              [
                105.936555,
                21.244951
              ],
              [
                105.93626,
                21.24514
              ],
              [
                105.935823,
                21.245343
              ],
              [
                105.935478,
                21.245451
              ],
              [
                105.935162,
                21.24551
              ],
              [
                105.934933,
                21.24552
              ],
              [
                105.934533,
                21.245517
              ],
              [
                105.933513,
                21.245442
              ],
              [
                105.933536,
                21.245233
              ],
              [
                105.933542,
                21.245174
              ],
              [
                105.93358,
                21.244573
              ],
              [
                105.933598,
                21.244536
              ],
              [
                105.933622,
                21.244476
              ],
              [
                105.933677,
                21.24398
              ],
              [
                105.933725,
                21.243519
              ],
              [
                105.933749,
                21.243283
              ],
              [
                105.93375,
                21.243268
              ],
              [
                105.933773,
                21.24307
              ],
              [
                105.933804,
                21.242872
              ],
              [
                105.933809,
                21.242852
              ],
              [
                105.933815,
                21.242807
              ],
              [
                105.933801,
                21.242778
              ],
              [
                105.933678,
                21.242587
              ],
              [
                105.933537,
                21.242456
              ],
              [
                105.933379,
                21.242384
              ],
              [
                105.933175,
                21.24236
              ],
              [
                105.933136,
                21.242085
              ],
              [
                105.933021,
                21.241858
              ],
              [
                105.932919,
                21.241702
              ],
              [
                105.932778,
                21.241618
              ],
              [
                105.932771,
                21.241616
              ],
              [
                105.932587,
                21.241571
              ],
              [
                105.932395,
                21.241547
              ],
              [
                105.932242,
                21.241511
              ],
              [
                105.932089,
                21.241511
              ],
              [
                105.931974,
                21.241691
              ],
              [
                105.93186,
                21.241907
              ],
              [
                105.931807,
                21.241948
              ],
              [
                105.931745,
                21.241979
              ],
              [
                105.931595,
                21.241993
              ],
              [
                105.931393,
                21.241977
              ],
              [
                105.931347,
                21.241959
              ],
              [
                105.931272,
                21.241953
              ],
              [
                105.931205,
                21.241956
              ],
              [
                105.931153,
                21.241968
              ],
              [
                105.931091,
                21.241998
              ],
              [
                105.931022,
                21.242035
              ],
              [
                105.930979,
                21.242046
              ],
              [
                105.930908,
                21.242053
              ],
              [
                105.930571,
                21.242016
              ],
              [
                105.930574,
                21.241922
              ],
              [
                105.930567,
                21.241921
              ],
              [
                105.930503,
                21.241918
              ],
              [
                105.930471,
                21.241916
              ],
              [
                105.930381,
                21.24191
              ],
              [
                105.93035,
                21.241878
              ],
              [
                105.930342,
                21.241824
              ],
              [
                105.930384,
                21.241741
              ],
              [
                105.930395,
                21.241691
              ],
              [
                105.930368,
                21.241634
              ],
              [
                105.930295,
                21.241595
              ],
              [
                105.930226,
                21.241545
              ],
              [
                105.930172,
                21.241449
              ],
              [
                105.930131,
                21.241433
              ],
              [
                105.930099,
                21.24142
              ],
              [
                105.930015,
                21.241421
              ],
              [
                105.929759,
                21.241462
              ],
              [
                105.929655,
                21.241466
              ],
              [
                105.929575,
                21.241423
              ],
              [
                105.929544,
                21.241337
              ],
              [
                105.929474,
                21.241141
              ],
              [
                105.929327,
                21.240883
              ],
              [
                105.929217,
                21.24054
              ],
              [
                105.929168,
                21.240316
              ],
              [
                105.929159,
                21.240217
              ],
              [
                105.92915,
                21.240128
              ],
              [
                105.929107,
                21.240074
              ],
              [
                105.929035,
                21.240053
              ],
              [
                105.928943,
                21.24007
              ],
              [
                105.92876,
                21.240116
              ],
              [
                105.928742,
                21.24012
              ],
              [
                105.928607,
                21.240154
              ],
              [
                105.928369,
                21.240162
              ],
              [
                105.928293,
                21.240164
              ],
              [
                105.928097,
                21.240154
              ],
              [
                105.928097,
                21.239885
              ],
              [
                105.928052,
                21.239714
              ],
              [
                105.927988,
                21.239517
              ],
              [
                105.927876,
                21.239272
              ],
              [
                105.927591,
                21.238893
              ],
              [
                105.926939,
                21.238297
              ],
              [
                105.926378,
                21.237933
              ],
              [
                105.925751,
                21.237567
              ],
              [
                105.925751,
                21.237567
              ],
              [
                105.925692,
                21.237533
              ],
              [
                105.925624,
                21.237493
              ],
              [
                105.925502,
                21.237422
              ],
              [
                105.925497,
                21.237419
              ],
              [
                105.925457,
                21.2374
              ],
              [
                105.924558,
                21.23696
              ],
              [
                105.924171,
                21.236725
              ],
              [
                105.923607,
                21.236384
              ],
              [
                105.923394,
                21.236256
              ],
              [
                105.922765,
                21.235811
              ],
              [
                105.922109,
                21.235255
              ],
              [
                105.921734,
                21.235004
              ],
              [
                105.921533,
                21.234935
              ],
              [
                105.921531,
                21.234934
              ],
              [
                105.921526,
                21.234933
              ],
              [
                105.921302,
                21.234903
              ],
              [
                105.921167,
                21.234935
              ],
              [
                105.921012,
                21.235032
              ],
              [
                105.920903,
                21.235053
              ],
              [
                105.920902,
                21.235054
              ],
              [
                105.920797,
                21.235015
              ],
              [
                105.920715,
                21.234955
              ],
              [
                105.92064,
                21.234832
              ],
              [
                105.920651,
                21.234667
              ],
              [
                105.920678,
                21.234586
              ],
              [
                105.920716,
                21.234466
              ],
              [
                105.920737,
                21.234398
              ],
              [
                105.920752,
                21.23432
              ],
              [
                105.920746,
                21.234259
              ],
              [
                105.920727,
                21.234199
              ],
              [
                105.920716,
                21.234154
              ],
              [
                105.920721,
                21.234104
              ],
              [
                105.920727,
                21.23402
              ],
              [
                105.920716,
                21.23393
              ],
              [
                105.920691,
                21.233838
              ],
              [
                105.920675,
                21.233763
              ],
              [
                105.920673,
                21.233695
              ],
              [
                105.92067,
                21.233601
              ],
              [
                105.920654,
                21.233534
              ],
              [
                105.920635,
                21.233402
              ],
              [
                105.920646,
                21.233358
              ],
              [
                105.920679,
                21.233298
              ],
              [
                105.920695,
                21.233251
              ],
              [
                105.920683,
                21.233206
              ],
              [
                105.920663,
                21.233154
              ],
              [
                105.920655,
                21.233086
              ],
              [
                105.920618,
                21.232808
              ],
              [
                105.920626,
                21.232687
              ],
              [
                105.920644,
                21.232628
              ],
              [
                105.920708,
                21.232517
              ],
              [
                105.920769,
                21.23242
              ],
              [
                105.920785,
                21.232377
              ],
              [
                105.920773,
                21.232344
              ],
              [
                105.920726,
                21.232286
              ],
              [
                105.920704,
                21.23224
              ],
              [
                105.920701,
                21.232187
              ],
              [
                105.920704,
                21.232131
              ],
              [
                105.920692,
                21.232086
              ],
              [
                105.920618,
                21.231997
              ],
              [
                105.920471,
                21.231823
              ],
              [
                105.920366,
                21.231721
              ],
              [
                105.920266,
                21.23163
              ],
              [
                105.920147,
                21.231554
              ],
              [
                105.919976,
                21.23145
              ],
              [
                105.919929,
                21.231415
              ],
              [
                105.919915,
                21.23138
              ],
              [
                105.919916,
                21.231337
              ],
              [
                105.91988,
                21.23128
              ],
              [
                105.919749,
                21.231154
              ],
              [
                105.919568,
                21.230992
              ],
              [
                105.91955,
                21.23098
              ],
              [
                105.919274,
                21.231173
              ],
              [
                105.919194,
                21.231195
              ],
              [
                105.919093,
                21.231206
              ],
              [
                105.919015,
                21.231194
              ],
              [
                105.919014,
                21.231193
              ],
              [
                105.918973,
                21.23116
              ],
              [
                105.9189,
                21.231077
              ],
              [
                105.918851,
                21.23102
              ],
              [
                105.918844,
                21.231014
              ],
              [
                105.918838,
                21.231011
              ],
              [
                105.918835,
                21.231011
              ],
              [
                105.918831,
                21.231009
              ],
              [
                105.918823,
                21.231009
              ],
              [
                105.918768,
                21.23103
              ],
              [
                105.918592,
                21.2311
              ],
              [
                105.918305,
                21.231192
              ],
              [
                105.918239,
                21.231196
              ],
              [
                105.918037,
                21.231208
              ],
              [
                105.917651,
                21.231093
              ],
              [
                105.917643,
                21.231091
              ],
              [
                105.917519,
                21.231034
              ],
              [
                105.917352,
                21.230958
              ],
              [
                105.917226,
                21.230899
              ],
              [
                105.91722,
                21.230896
              ],
              [
                105.916154,
                21.231662
              ],
              [
                105.915667,
                21.232003
              ],
              [
                105.915567,
                21.232035
              ],
              [
                105.915228,
                21.232048
              ],
              [
                105.915142,
                21.232099
              ],
              [
                105.91509,
                21.232063
              ],
              [
                105.915058,
                21.232052
              ],
              [
                105.915057,
                21.232052
              ],
              [
                105.915051,
                21.23205
              ],
              [
                105.91456,
                21.232058
              ],
              [
                105.913986,
                21.232078
              ],
              [
                105.913686,
                21.232086
              ],
              [
                105.913656,
                21.232083
              ],
              [
                105.913637,
                21.232079
              ],
              [
                105.913631,
                21.232077
              ],
              [
                105.913623,
                21.23207
              ],
              [
                105.913532,
                21.231946
              ],
              [
                105.913411,
                21.231774
              ],
              [
                105.913343,
                21.231677
              ],
              [
                105.912977,
                21.231168
              ],
              [
                105.91284,
                21.230966
              ],
              [
                105.912837,
                21.230962
              ],
              [
                105.912653,
                21.23109
              ],
              [
                105.912167,
                21.231376
              ],
              [
                105.911863,
                21.231542
              ],
              [
                105.911862,
                21.231542
              ],
              [
                105.911594,
                21.231762
              ],
              [
                105.9115,
                21.231839
              ],
              [
                105.911394,
                21.231848
              ],
              [
                105.911002,
                21.231882
              ],
              [
                105.910775,
                21.231901
              ],
              [
                105.910589,
                21.231904
              ],
              [
                105.910328,
                21.231907
              ],
              [
                105.909637,
                21.231917
              ],
              [
                105.909348,
                21.232054
              ],
              [
                105.909192,
                21.231478
              ],
              [
                105.909186,
                21.23148
              ],
              [
                105.908567,
                21.231681
              ],
              [
                105.907935,
                21.231654
              ],
              [
                105.907384,
                21.231975
              ],
              [
                105.906942,
                21.232163
              ],
              [
                105.906735,
                21.232289
              ],
              [
                105.90673,
                21.232286
              ],
              [
                105.906247,
                21.232046
              ],
              [
                105.905894,
                21.231634
              ],
              [
                105.906199,
                21.231292
              ],
              [
                105.905637,
                21.230817
              ],
              [
                105.905819,
                21.230539
              ],
              [
                105.905595,
                21.230374
              ],
              [
                105.906665,
                21.229098
              ],
              [
                105.906466,
                21.228939
              ],
              [
                105.905892,
                21.228407
              ],
              [
                105.905774,
                21.228283
              ],
              [
                105.905522,
                21.227974
              ],
              [
                105.905386,
                21.227908
              ],
              [
                105.90538,
                21.227906
              ],
              [
                105.905379,
                21.227906
              ],
              [
                105.905332,
                21.227894
              ],
              [
                105.905325,
                21.227892
              ],
              [
                105.905377,
                21.227641
              ],
              [
                105.905392,
                21.227514
              ],
              [
                105.905407,
                21.227339
              ],
              [
                105.905419,
                21.227285
              ],
              [
                105.905419,
                21.227284
              ],
              [
                105.905385,
                21.227282
              ],
              [
                105.904752,
                21.227325
              ],
              [
                105.904448,
                21.227345
              ],
              [
                105.904429,
                21.227155
              ],
              [
                105.904408,
                21.226947
              ],
              [
                105.904348,
                21.226747
              ],
              [
                105.904174,
                21.226468
              ],
              [
                105.904069,
                21.226301
              ],
              [
                105.904034,
                21.226215
              ],
              [
                105.903992,
                21.226093
              ],
              [
                105.903919,
                21.22588
              ],
              [
                105.903913,
                21.225853
              ],
              [
                105.903898,
                21.225793
              ],
              [
                105.903878,
                21.225714
              ],
              [
                105.903849,
                21.225599
              ],
              [
                105.90381,
                21.22536
              ],
              [
                105.903789,
                21.225082
              ],
              [
                105.903789,
                21.225075
              ],
              [
                105.90379,
                21.224843
              ],
              [
                105.903791,
                21.224524
              ],
              [
                105.903792,
                21.224255
              ],
              [
                105.903799,
                21.224125
              ],
              [
                105.903802,
                21.224077
              ],
              [
                105.903804,
                21.224036
              ],
              [
                105.903811,
                21.223911
              ],
              [
                105.903874,
                21.22362
              ],
              [
                105.90394,
                21.223363
              ],
              [
                105.904066,
                21.223105
              ],
              [
                105.904082,
                21.223085
              ],
              [
                105.904225,
                21.222897
              ],
              [
                105.904286,
                21.222822
              ],
              [
                105.904324,
                21.222774
              ],
              [
                105.904334,
                21.222762
              ],
              [
                105.904389,
                21.222708
              ],
              [
                105.904633,
                21.222565
              ],
              [
                105.904903,
                21.222443
              ],
              [
                105.905123,
                21.222405
              ],
              [
                105.905455,
                21.222413
              ],
              [
                105.905602,
                21.222445
              ],
              [
                105.905829,
                21.222494
              ],
              [
                105.906129,
                21.222598
              ],
              [
                105.906254,
                21.222668
              ],
              [
                105.906429,
                21.222767
              ],
              [
                105.906708,
                21.222935
              ],
              [
                105.907398,
                21.223422
              ],
              [
                105.907759,
                21.223714
              ],
              [
                105.90818,
                21.224067
              ],
              [
                105.908622,
                21.224451
              ],
              [
                105.908676,
                21.224495
              ],
              [
                105.908962,
                21.224733
              ],
              [
                105.909061,
                21.224813
              ],
              [
                105.909134,
                21.224872
              ],
              [
                105.90928,
                21.224945
              ],
              [
                105.909287,
                21.224946
              ],
              [
                105.909416,
                21.224981
              ],
              [
                105.909554,
                21.224993
              ],
              [
                105.909762,
                21.224952
              ],
              [
                105.909984,
                21.22488
              ],
              [
                105.910103,
                21.224807
              ],
              [
                105.910198,
                21.224749
              ],
              [
                105.910492,
                21.224537
              ],
              [
                105.910542,
                21.224485
              ],
              [
                105.910651,
                21.22437
              ],
              [
                105.910768,
                21.224215
              ],
              [
                105.910937,
                21.223968
              ],
              [
                105.911084,
                21.223651
              ],
              [
                105.911171,
                21.22331
              ],
              [
                105.91121,
                21.223158
              ],
              [
                105.911282,
                21.222714
              ],
              [
                105.911387,
                21.222363
              ],
              [
                105.911425,
                21.222132
              ],
              [
                105.911487,
                21.221811
              ],
              [
                105.911513,
                21.221758
              ],
              [
                105.911624,
                21.221534
              ],
              [
                105.911679,
                21.221404
              ],
              [
                105.911705,
                21.221346
              ],
              [
                105.911898,
                21.221014
              ],
              [
                105.911905,
                21.221001
              ],
              [
                105.912058,
                21.220788
              ],
              [
                105.912107,
                21.22072
              ],
              [
                105.912191,
                21.220636
              ],
              [
                105.912404,
                21.220424
              ],
              [
                105.912802,
                21.220186
              ],
              [
                105.913088,
                21.219972
              ],
              [
                105.913234,
                21.219842
              ],
              [
                105.913418,
                21.219654
              ],
              [
                105.913956,
                21.219144
              ],
              [
                105.91399,
                21.219103
              ],
              [
                105.914426,
                21.218577
              ],
              [
                105.914439,
                21.218562
              ],
              [
                105.914508,
                21.218479
              ],
              [
                105.914812,
                21.218019
              ],
              [
                105.915052,
                21.217407
              ],
              [
                105.915173,
                21.216805
              ],
              [
                105.915202,
                21.216575
              ],
              [
                105.915291,
                21.21599
              ],
              [
                105.915358,
                21.215555
              ],
              [
                105.915463,
                21.214864
              ],
              [
                105.915467,
                21.214778
              ],
              [
                105.915563,
                21.213217
              ],
              [
                105.915564,
                21.213085
              ],
              [
                105.915567,
                21.21287
              ],
              [
                105.915582,
                21.211695
              ],
              [
                105.915675,
                21.210527
              ],
              [
                105.915703,
                21.210022
              ],
              [
                105.915707,
                21.209961
              ],
              [
                105.915744,
                21.209284
              ],
              [
                105.915727,
                21.208857
              ],
              [
                105.915673,
                21.208647
              ],
              [
                105.915528,
                21.208405
              ],
              [
                105.915398,
                21.208266
              ],
              [
                105.91527,
                21.208205
              ],
              [
                105.91483,
                21.208114
              ],
              [
                105.91438,
                21.208094
              ],
              [
                105.913586,
                21.208189
              ],
              [
                105.91303,
                21.208207
              ],
              [
                105.91287,
                21.208212
              ],
              [
                105.912571,
                21.20818
              ],
              [
                105.912164,
                21.208115
              ],
              [
                105.912161,
                21.208115
              ],
              [
                105.912065,
                21.208095
              ],
              [
                105.911644,
                21.208009
              ],
              [
                105.911341,
                21.207931
              ],
              [
                105.911264,
                21.207912
              ],
              [
                105.91126,
                21.20791
              ],
              [
                105.911257,
                21.20791
              ],
              [
                105.910716,
                21.207742
              ],
              [
                105.91041,
                21.207647
              ],
              [
                105.910374,
                21.207636
              ],
              [
                105.910177,
                21.207523
              ],
              [
                105.910048,
                21.2074
              ],
              [
                105.909992,
                21.20732
              ],
              [
                105.909912,
                21.207144
              ],
              [
                105.909887,
                21.207047
              ],
              [
                105.909866,
                21.206954
              ],
              [
                105.909841,
                21.206818
              ],
              [
                105.909847,
                21.206706
              ],
              [
                105.909893,
                21.206582
              ],
              [
                105.909984,
                21.206364
              ],
              [
                105.910135,
                21.206088
              ],
              [
                105.91034,
                21.20581
              ],
              [
                105.910398,
                21.205745
              ],
              [
                105.910562,
                21.20556
              ],
              [
                105.910796,
                21.205327
              ],
              [
                105.910948,
                21.205187
              ],
              [
                105.911141,
                21.205009
              ],
              [
                105.911385,
                21.204797
              ],
              [
                105.91204,
                21.20433
              ],
              [
                105.912234,
                21.20421
              ],
              [
                105.912359,
                21.204133
              ],
              [
                105.912898,
                21.203906
              ],
              [
                105.913494,
                21.203645
              ],
              [
                105.913665,
                21.203511
              ],
              [
                105.913743,
                21.203375
              ],
              [
                105.913763,
                21.203222
              ],
              [
                105.913759,
                21.203098
              ],
              [
                105.913713,
                21.202976
              ],
              [
                105.913622,
                21.202844
              ],
              [
                105.913273,
                21.202581
              ],
              [
                105.912533,
                21.202201
              ],
              [
                105.912471,
                21.202169
              ],
              [
                105.912293,
                21.202053
              ],
              [
                105.91197,
                21.201843
              ],
              [
                105.912074,
                21.201693
              ],
              [
                105.912298,
                21.201372
              ],
              [
                105.911945,
                21.201217
              ],
              [
                105.911675,
                21.201099
              ],
              [
                105.911568,
                21.201025
              ],
              [
                105.909618,
                21.200119
              ],
              [
                105.909453,
                21.200057
              ],
              [
                105.909328,
                21.200012
              ],
              [
                105.909221,
                21.199945
              ],
              [
                105.908828,
                21.199433
              ],
              [
                105.908441,
                21.198876
              ],
              [
                105.90765,
                21.197725
              ],
              [
                105.90731,
                21.197146
              ],
              [
                105.907202,
                21.196942
              ],
              [
                105.907085,
                21.196673
              ],
              [
                105.906983,
                21.196366
              ],
              [
                105.906893,
                21.196026
              ],
              [
                105.90684,
                21.195676
              ],
              [
                105.906792,
                21.195436
              ],
              [
                105.906767,
                21.195219
              ],
              [
                105.906787,
                21.194965
              ],
              [
                105.906787,
                21.194965
              ],
              [
                105.906691,
                21.194946
              ],
              [
                105.906521,
                21.194914
              ],
              [
                105.906581,
                21.194755
              ],
              [
                105.906634,
                21.194506
              ],
              [
                105.90669,
                21.194309
              ],
              [
                105.906891,
                21.193866
              ],
              [
                105.906951,
                21.193683
              ],
              [
                105.90699,
                21.193468
              ],
              [
                105.90701,
                21.193265
              ],
              [
                105.907039,
                21.192926
              ],
              [
                105.907059,
                21.192472
              ],
              [
                105.907059,
                21.19247
              ],
              [
                105.907055,
                21.192098
              ],
              [
                105.907044,
                21.191915
              ],
              [
                105.907016,
                21.191694
              ],
              [
                105.907006,
                21.191505
              ],
              [
                105.906997,
                21.191308
              ],
              [
                105.906991,
                21.191113
              ],
              [
                105.907003,
                21.190924
              ],
              [
                105.907037,
                21.190543
              ],
              [
                105.907038,
                21.190387
              ],
              [
                105.906966,
                21.189709
              ],
              [
                105.906941,
                21.189461
              ],
              [
                105.906934,
                21.189395
              ],
              [
                105.906922,
                21.189321
              ],
              [
                105.906725,
                21.18794
              ],
              [
                105.906571,
                21.187255
              ],
              [
                105.906275,
                21.186279
              ],
              [
                105.906255,
                21.186205
              ],
              [
                105.906149,
                21.185896
              ],
              [
                105.906037,
                21.185578
              ],
              [
                105.905919,
                21.185249
              ],
              [
                105.905846,
                21.184991
              ],
              [
                105.905815,
                21.184882
              ],
              [
                105.905744,
                21.184553
              ],
              [
                105.905707,
                21.184305
              ],
              [
                105.905698,
                21.184189
              ],
              [
                105.905644,
                21.183494
              ],
              [
                105.905583,
                21.183244
              ],
              [
                105.905513,
                21.183012
              ],
              [
                105.905474,
                21.182961
              ],
              [
                105.905388,
                21.182887
              ],
              [
                105.905289,
                21.182837
              ],
              [
                105.905166,
                21.182809
              ],
              [
                105.904926,
                21.182781
              ],
              [
                105.904789,
                21.182759
              ],
              [
                105.904434,
                21.182774
              ],
              [
                105.904274,
                21.182798
              ],
              [
                105.904124,
                21.182821
              ],
              [
                105.90383,
                21.182863
              ],
              [
                105.903543,
                21.182883
              ],
              [
                105.903311,
                21.182899
              ],
              [
                105.903311,
                21.182899
              ],
              [
                105.903311,
                21.182899
              ],
              [
                105.903052,
                21.182899
              ],
              [
                105.903052,
                21.182899
              ],
              [
                105.902672,
                21.182884
              ],
              [
                105.902672,
                21.182884
              ],
              [
                105.902426,
                21.182845
              ],
              [
                105.90214,
                21.182766
              ],
              [
                105.902077,
                21.182746
              ],
              [
                105.901851,
                21.182673
              ],
              [
                105.901605,
                21.182585
              ],
              [
                105.901411,
                21.18251
              ],
              [
                105.901102,
                21.18237
              ],
              [
                105.900828,
                21.182247
              ],
              [
                105.900554,
                21.182123
              ],
              [
                105.900324,
                21.181997
              ],
              [
                105.90027,
                21.18196
              ],
              [
                105.900204,
                21.181893
              ],
              [
                105.900162,
                21.181827
              ],
              [
                105.900134,
                21.181677
              ],
              [
                105.900137,
                21.181643
              ],
              [
                105.900163,
                21.181449
              ],
              [
                105.900194,
                21.181275
              ],
              [
                105.900217,
                21.181107
              ],
              [
                105.900257,
                21.180921
              ],
              [
                105.900273,
                21.180848
              ],
              [
                105.900418,
                21.180438
              ],
              [
                105.900472,
                21.180296
              ],
              [
                105.900571,
                21.180094
              ],
              [
                105.900844,
                21.179616
              ],
              [
                105.900963,
                21.179457
              ],
              [
                105.901158,
                21.179231
              ],
              [
                105.901417,
                21.17898
              ],
              [
                105.901543,
                21.178843
              ],
              [
                105.901604,
                21.178732
              ],
              [
                105.901634,
                21.178634
              ],
              [
                105.901657,
                21.178517
              ],
              [
                105.901659,
                21.178456
              ],
              [
                105.901635,
                21.178384
              ],
              [
                105.901579,
                21.178289
              ],
              [
                105.901514,
                21.178208
              ],
              [
                105.901372,
                21.178091
              ],
              [
                105.90114,
                21.177966
              ],
              [
                105.900981,
                21.177911
              ],
              [
                105.900775,
                21.177883
              ],
              [
                105.900481,
                21.177849
              ],
              [
                105.900022,
                21.17781
              ],
              [
                105.900022,
                21.17781
              ],
              [
                105.899528,
                21.177779
              ],
              [
                105.899527,
                21.177779
              ],
              [
                105.89925,
                21.177758
              ],
              [
                105.899167,
                21.177752
              ],
              [
                105.898827,
                21.177718
              ],
              [
                105.898687,
                21.1777
              ],
              [
                105.898572,
                21.177685
              ],
              [
                105.898234,
                21.177598
              ],
              [
                105.897718,
                21.177456
              ],
              [
                105.897662,
                21.177437
              ],
              [
                105.897344,
                21.177315
              ],
              [
                105.896984,
                21.177181
              ],
              [
                105.896636,
                21.177053
              ],
              [
                105.89641,
                21.177017
              ],
              [
                105.896275,
                21.177018
              ],
              [
                105.896275,
                21.177018
              ],
              [
                105.896162,
                21.17704
              ],
              [
                105.896089,
                21.177088
              ],
              [
                105.89603,
                21.177157
              ],
              [
                105.895971,
                21.177287
              ],
              [
                105.895958,
                21.177388
              ],
              [
                105.89597,
                21.177526
              ],
              [
                105.896028,
                21.177759
              ],
              [
                105.896092,
                21.177903
              ],
              [
                105.896208,
                21.178161
              ],
              [
                105.896311,
                21.178385
              ],
              [
                105.896448,
                21.178575
              ],
              [
                105.896587,
                21.178763
              ],
              [
                105.896721,
                21.178924
              ],
              [
                105.89683,
                21.179028
              ],
              [
                105.896935,
                21.179135
              ],
              [
                105.896953,
                21.179154
              ],
              [
                105.897108,
                21.179312
              ],
              [
                105.897337,
                21.179535
              ],
              [
                105.897424,
                21.17964
              ],
              [
                105.897497,
                21.179729
              ],
              [
                105.897718,
                21.18003
              ],
              [
                105.897817,
                21.180133
              ],
              [
                105.897858,
                21.180181
              ],
              [
                105.898145,
                21.180755
              ],
              [
                105.898529,
                21.18179
              ],
              [
                105.898535,
                21.181816
              ],
              [
                105.898537,
                21.181834
              ],
              [
                105.898556,
                21.182009
              ],
              [
                105.898564,
                21.182213
              ],
              [
                105.898563,
                21.182309
              ],
              [
                105.898513,
                21.182563
              ],
              [
                105.898471,
                21.182697
              ],
              [
                105.898429,
                21.182811
              ],
              [
                105.898364,
                21.182981
              ],
              [
                105.898239,
                21.183199
              ],
              [
                105.898132,
                21.183339
              ],
              [
                105.897924,
                21.18356
              ],
              [
                105.897719,
                21.183729
              ],
              [
                105.897718,
                21.18373
              ],
              [
                105.897718,
                21.18373
              ],
              [
                105.897341,
                21.184049
              ],
              [
                105.897093,
                21.184269
              ],
              [
                105.897041,
                21.184315
              ],
              [
                105.896923,
                21.184377
              ],
              [
                105.89681,
                21.184439
              ],
              [
                105.896699,
                21.184495
              ],
              [
                105.896102,
                21.184631
              ],
              [
                105.896102,
                21.184631
              ],
              [
                105.894955,
                21.18436
              ],
              [
                105.894822,
                21.184336
              ],
              [
                105.894804,
                21.184324
              ],
              [
                105.894786,
                21.184324
              ],
              [
                105.894779,
                21.184321
              ],
              [
                105.894773,
                21.184319
              ],
              [
                105.894674,
                21.184298
              ],
              [
                105.894632,
                21.184295
              ],
              [
                105.894569,
                21.184291
              ],
              [
                105.894569,
                21.184291
              ],
              [
                105.894569,
                21.184291
              ],
              [
                105.8941,
                21.184287
              ],
              [
                105.894099,
                21.184287
              ],
              [
                105.893854,
                21.184268
              ],
              [
                105.893854,
                21.184268
              ],
              [
                105.893659,
                21.184263
              ],
              [
                105.893316,
                21.184256
              ],
              [
                105.893147,
                21.184226
              ],
              [
                105.893052,
                21.18422
              ],
              [
                105.893052,
                21.18422
              ],
              [
                105.892929,
                21.184223
              ],
              [
                105.892928,
                21.184223
              ],
              [
                105.892928,
                21.184223
              ],
              [
                105.892788,
                21.184214
              ],
              [
                105.892557,
                21.184198
              ],
              [
                105.892489,
                21.184189
              ],
              [
                105.89246,
                21.184179
              ],
              [
                105.892433,
                21.184168
              ],
              [
                105.892414,
                21.18417
              ],
              [
                105.892399,
                21.184177
              ],
              [
                105.892384,
                21.184191
              ],
              [
                105.89236,
                21.184227
              ],
              [
                105.892353,
                21.184235
              ],
              [
                105.892333,
                21.184246
              ],
              [
                105.892302,
                21.184258
              ],
              [
                105.892265,
                21.184274
              ],
              [
                105.892208,
                21.184308
              ],
              [
                105.892151,
                21.184336
              ],
              [
                105.892051,
                21.184373
              ],
              [
                105.892031,
                21.184385
              ],
              [
                105.891984,
                21.184424
              ],
              [
                105.891893,
                21.184485
              ],
              [
                105.891817,
                21.18453
              ],
              [
                105.891731,
                21.184565
              ],
              [
                105.891727,
                21.184569
              ],
              [
                105.891717,
                21.184597
              ],
              [
                105.891711,
                21.18461
              ],
              [
                105.8917,
                21.18462
              ],
              [
                105.891556,
                21.184696
              ],
              [
                105.891349,
                21.184804
              ],
              [
                105.891235,
                21.184843
              ],
              [
                105.891212,
                21.184855
              ],
              [
                105.891201,
                21.184864
              ],
              [
                105.89118,
                21.184881
              ],
              [
                105.891174,
                21.184887
              ],
              [
                105.891131,
                21.184905
              ],
              [
                105.891099,
                21.184907
              ],
              [
                105.891099,
                21.184907
              ],
              [
                105.891061,
                21.184901
              ],
              [
                105.890952,
                21.184862
              ],
              [
                105.890819,
                21.184818
              ],
              [
                105.890723,
                21.184777
              ],
              [
                105.890648,
                21.184751
              ],
              [
                105.890613,
                21.184741
              ],
              [
                105.890601,
                21.184739
              ],
              [
                105.890597,
                21.184738
              ],
              [
                105.890569,
                21.184736
              ],
              [
                105.890568,
                21.184736
              ],
              [
                105.890526,
                21.184735
              ],
              [
                105.890475,
                21.184734
              ],
              [
                105.890475,
                21.184734
              ],
              [
                105.890431,
                21.184734
              ],
              [
                105.890379,
                21.184734
              ],
              [
                105.890379,
                21.184734
              ],
              [
                105.89033,
                21.184734
              ],
              [
                105.890329,
                21.184734
              ],
              [
                105.890302,
                21.184732
              ],
              [
                105.890281,
                21.184729
              ],
              [
                105.890243,
                21.18472
              ],
              [
                105.890242,
                21.18472
              ],
              [
                105.890235,
                21.184723
              ],
              [
                105.890234,
                21.184729
              ],
              [
                105.890233,
                21.184746
              ],
              [
                105.890232,
                21.184765
              ],
              [
                105.89022,
                21.184959
              ],
              [
                105.890186,
                21.18496
              ],
              [
                105.890037,
                21.184973
              ],
              [
                105.890036,
                21.184973
              ],
              [
                105.889852,
                21.185029
              ],
              [
                105.889644,
                21.185088
              ],
              [
                105.88942,
                21.185199
              ],
              [
                105.889257,
                21.185295
              ],
              [
                105.889053,
                21.185454
              ],
              [
                105.888962,
                21.185542
              ],
              [
                105.888877,
                21.185634
              ],
              [
                105.888732,
                21.185831
              ],
              [
                105.888598,
                21.186018
              ],
              [
                105.888492,
                21.186179
              ],
              [
                105.88841,
                21.186337
              ],
              [
                105.88833,
                21.186514
              ],
              [
                105.88833,
                21.186516
              ],
              [
                105.888328,
                21.186539
              ],
              [
                105.888333,
                21.186563
              ],
              [
                105.888391,
                21.186674
              ],
              [
                105.888425,
                21.186737
              ],
              [
                105.888427,
                21.186746
              ],
              [
                105.888428,
                21.186755
              ],
              [
                105.888429,
                21.186773
              ],
              [
                105.888435,
                21.186774
              ],
              [
                105.888435,
                21.186813
              ],
              [
                105.888435,
                21.186813
              ],
              [
                105.888432,
                21.186849
              ],
              [
                105.888423,
                21.186899
              ],
              [
                105.8884,
                21.187003
              ],
              [
                105.88837,
                21.187137
              ],
              [
                105.888359,
                21.187176
              ],
              [
                105.88834,
                21.187249
              ],
              [
                105.888305,
                21.187355
              ],
              [
                105.888283,
                21.18744
              ],
              [
                105.888273,
                21.187484
              ],
              [
                105.88826,
                21.187549
              ],
              [
                105.88824,
                21.187635
              ],
              [
                105.888229,
                21.187686
              ],
              [
                105.888214,
                21.187736
              ],
              [
                105.888201,
                21.187781
              ],
              [
                105.888157,
                21.187891
              ],
              [
                105.888132,
                21.187955
              ],
              [
                105.888095,
                21.188042
              ],
              [
                105.88808,
                21.18808
              ],
              [
                105.888053,
                21.188128
              ],
              [
                105.888035,
                21.188162
              ],
              [
                105.888022,
                21.1882
              ],
              [
                105.888013,
                21.188225
              ],
              [
                105.887999,
                21.18826
              ],
              [
                105.887991,
                21.188279
              ],
              [
                105.887988,
                21.188294
              ],
              [
                105.887987,
                21.188303
              ],
              [
                105.887986,
                21.188314
              ],
              [
                105.887985,
                21.188324
              ],
              [
                105.887984,
                21.18833
              ],
              [
                105.887983,
                21.18834
              ],
              [
                105.887983,
                21.188346
              ],
              [
                105.887981,
                21.188358
              ],
              [
                105.88798,
                21.188376
              ],
              [
                105.887974,
                21.188396
              ],
              [
                105.88797,
                21.188408
              ],
              [
                105.887963,
                21.188429
              ],
              [
                105.887939,
                21.188467
              ],
              [
                105.887905,
                21.188509
              ],
              [
                105.887885,
                21.188538
              ],
              [
                105.887881,
                21.188545
              ],
              [
                105.887879,
                21.188548
              ],
              [
                105.887877,
                21.188556
              ],
              [
                105.887876,
                21.188563
              ],
              [
                105.887876,
                21.188567
              ],
              [
                105.887878,
                21.188575
              ],
              [
                105.887879,
                21.188582
              ],
              [
                105.887878,
                21.188594
              ],
              [
                105.887878,
                21.188601
              ],
              [
                105.887876,
                21.188612
              ],
              [
                105.887873,
                21.188621
              ],
              [
                105.887868,
                21.188637
              ],
              [
                105.887852,
                21.18867
              ],
              [
                105.887809,
                21.188737
              ],
              [
                105.887788,
                21.188781
              ],
              [
                105.887768,
                21.188824
              ],
              [
                105.887766,
                21.188828
              ],
              [
                105.887709,
                21.18892
              ],
              [
                105.887678,
                21.188972
              ],
              [
                105.887661,
                21.189008
              ],
              [
                105.88765,
                21.189037
              ],
              [
                105.887646,
                21.189049
              ],
              [
                105.887639,
                21.189075
              ],
              [
                105.887632,
                21.189117
              ],
              [
                105.887631,
                21.189123
              ],
              [
                105.887628,
                21.189139
              ],
              [
                105.887623,
                21.189155
              ],
              [
                105.887619,
                21.189167
              ],
              [
                105.887609,
                21.189193
              ],
              [
                105.887602,
                21.189222
              ],
              [
                105.887591,
                21.189277
              ],
              [
                105.887589,
                21.189306
              ],
              [
                105.887587,
                21.18932
              ],
              [
                105.887586,
                21.189327
              ],
              [
                105.887579,
                21.189345
              ],
              [
                105.887553,
                21.189386
              ],
              [
                105.887535,
                21.189418
              ],
              [
                105.887513,
                21.189451
              ],
              [
                105.887497,
                21.189467
              ],
              [
                105.887473,
                21.189484
              ],
              [
                105.887412,
                21.189519
              ],
              [
                105.887361,
                21.189559
              ],
              [
                105.887351,
                21.189571
              ],
              [
                105.887346,
                21.189578
              ],
              [
                105.887341,
                21.189588
              ],
              [
                105.887339,
                21.189592
              ],
              [
                105.887336,
                21.189601
              ],
              [
                105.887335,
                21.189609
              ],
              [
                105.887335,
                21.189618
              ],
              [
                105.887335,
                21.189618
              ],
              [
                105.887333,
                21.189638
              ],
              [
                105.887325,
                21.189693
              ],
              [
                105.887324,
                21.189699
              ],
              [
                105.887195,
                21.190111
              ],
              [
                105.885776,
                21.189795
              ],
              [
                105.885136,
                21.189579
              ],
              [
                105.884898,
                21.189457
              ],
              [
                105.884529,
                21.189228
              ],
              [
                105.884338,
                21.189102
              ],
              [
                105.883745,
                21.188714
              ],
              [
                105.882874,
                21.188171
              ],
              [
                105.882192,
                21.187819
              ],
              [
                105.881521,
                21.187553
              ],
              [
                105.881495,
                21.187544
              ],
              [
                105.880813,
                21.187304
              ],
              [
                105.880426,
                21.187192
              ],
              [
                105.880341,
                21.187175
              ],
              [
                105.879691,
                21.187063
              ],
              [
                105.878586,
                21.186889
              ],
              [
                105.878567,
                21.186886
              ],
              [
                105.878406,
                21.186855
              ],
              [
                105.878273,
                21.186831
              ],
              [
                105.877713,
                21.186728
              ],
              [
                105.877623,
                21.186712
              ],
              [
                105.877518,
                21.1867
              ],
              [
                105.877374,
                21.186684
              ],
              [
                105.877176,
                21.186684
              ],
              [
                105.877103,
                21.186698
              ],
              [
                105.876946,
                21.186744
              ],
              [
                105.876884,
                21.186775
              ],
              [
                105.876807,
                21.186822
              ],
              [
                105.876711,
                21.186887
              ],
              [
                105.876559,
                21.187023
              ],
              [
                105.876439,
                21.187148
              ],
              [
                105.876332,
                21.187326
              ],
              [
                105.876243,
                21.187521
              ],
              [
                105.876185,
                21.187741
              ],
              [
                105.876131,
                21.187905
              ],
              [
                105.876114,
                21.188035
              ],
              [
                105.876124,
                21.188139
              ],
              [
                105.876146,
                21.188252
              ],
              [
                105.876212,
                21.18851
              ],
              [
                105.87624,
                21.18859
              ],
              [
                105.876295,
                21.188687
              ],
              [
                105.876324,
                21.18873
              ],
              [
                105.876433,
                21.188845
              ],
              [
                105.876513,
                21.188914
              ],
              [
                105.876566,
                21.188952
              ],
              [
                105.876638,
                21.188991
              ],
              [
                105.876725,
                21.18902
              ],
              [
                105.876884,
                21.189065
              ],
              [
                105.877303,
                21.189129
              ],
              [
                105.877508,
                21.189129
              ],
              [
                105.877669,
                21.189107
              ],
              [
                105.878048,
                21.188993
              ],
              [
                105.878758,
                21.188699
              ],
              [
                105.879241,
                21.188574
              ],
              [
                105.87967,
                21.188541
              ],
              [
                105.880116,
                21.188595
              ],
              [
                105.880703,
                21.188765
              ],
              [
                105.881341,
                21.189057
              ],
              [
                105.881784,
                21.189294
              ],
              [
                105.882001,
                21.189457
              ],
              [
                105.882383,
                21.189851
              ],
              [
                105.882913,
                21.190508
              ],
              [
                105.883211,
                21.191009
              ],
              [
                105.88349,
                21.191834
              ],
              [
                105.883623,
                21.192232
              ],
              [
                105.883865,
                21.193174
              ],
              [
                105.883985,
                21.193818
              ],
              [
                105.884188,
                21.19455
              ],
              [
                105.884294,
                21.194816
              ],
              [
                105.884649,
                21.19572
              ],
              [
                105.885334,
                21.197066
              ],
              [
                105.885691,
                21.197942
              ],
              [
                105.885812,
                21.198307
              ],
              [
                105.885958,
                21.198624
              ],
              [
                105.886139,
                21.198848
              ],
              [
                105.886577,
                21.199202
              ],
              [
                105.886833,
                21.199382
              ],
              [
                105.887031,
                21.199494
              ],
              [
                105.888023,
                21.199868
              ],
              [
                105.889467,
                21.200342
              ],
              [
                105.889836,
                21.200476
              ],
              [
                105.890178,
                21.200667
              ],
              [
                105.890721,
                21.201057
              ],
              [
                105.891043,
                21.201345
              ],
              [
                105.891553,
                21.201922
              ],
              [
                105.891835,
                21.202301
              ],
              [
                105.891914,
                21.202427
              ],
              [
                105.891979,
                21.202622
              ],
              [
                105.892,
                21.202765
              ],
              [
                105.891997,
                21.20288
              ],
              [
                105.891955,
                21.203058
              ],
              [
                105.891759,
                21.203366
              ],
              [
                105.891643,
                21.203491
              ],
              [
                105.891545,
                21.203582
              ],
              [
                105.891352,
                21.203746
              ],
              [
                105.891269,
                21.203814
              ],
              [
                105.890053,
                21.204442
              ],
              [
                105.889708,
                21.20463
              ],
              [
                105.888983,
                21.205024
              ],
              [
                105.888367,
                21.205346
              ],
              [
                105.887838,
                21.205598
              ],
              [
                105.887373,
                21.205733
              ],
              [
                105.886986,
                21.205792
              ],
              [
                105.886718,
                21.205785
              ],
              [
                105.886408,
                21.205725
              ],
              [
                105.886069,
                21.205569
              ],
              [
                105.885791,
                21.205418
              ],
              [
                105.885605,
                21.205287
              ],
              [
                105.885501,
                21.205188
              ],
              [
                105.885289,
                21.205007
              ],
              [
                105.885186,
                21.204906
              ],
              [
                105.885077,
                21.204802
              ],
              [
                105.884465,
                21.204246
              ],
              [
                105.884134,
                21.203999
              ],
              [
                105.883818,
                21.203836
              ],
              [
                105.883284,
                21.203589
              ],
              [
                105.883065,
                21.203505
              ],
              [
                105.882829,
                21.203439
              ],
              [
                105.882237,
                21.203338
              ],
              [
                105.882036,
                21.203317
              ],
              [
                105.881405,
                21.203321
              ],
              [
                105.881151,
                21.20331
              ],
              [
                105.880865,
                21.203302
              ],
              [
                105.880553,
                21.203304
              ],
              [
                105.879977,
                21.203263
              ],
              [
                105.879835,
                21.203258
              ],
              [
                105.879781,
                21.203465
              ],
              [
                105.879752,
                21.203574
              ],
              [
                105.879705,
                21.203778
              ],
              [
                105.879684,
                21.203936
              ],
              [
                105.879896,
                21.20403
              ],
              [
                105.879865,
                21.204152
              ],
              [
                105.879988,
                21.204225
              ],
              [
                105.879886,
                21.204584
              ],
              [
                105.880044,
                21.204605
              ],
              [
                105.880502,
                21.204663
              ],
              [
                105.880694,
                21.204692
              ],
              [
                105.88065,
                21.204927
              ],
              [
                105.880642,
                21.204965
              ],
              [
                105.880747,
                21.204998
              ],
              [
                105.880746,
                21.205007
              ],
              [
                105.880725,
                21.205085
              ],
              [
                105.880694,
                21.2052
              ],
              [
                105.880691,
                21.205202
              ],
              [
                105.880691,
                21.205206
              ],
              [
                105.880689,
                21.205225
              ],
              [
                105.880689,
                21.205225
              ],
              [
                105.880708,
                21.205324
              ],
              [
                105.880714,
                21.205362
              ],
              [
                105.880711,
                21.205376
              ],
              [
                105.880712,
                21.205417
              ],
              [
                105.88072,
                21.205477
              ],
              [
                105.880722,
                21.205535
              ],
              [
                105.880715,
                21.205587
              ],
              [
                105.880707,
                21.205635
              ],
              [
                105.880706,
                21.205694
              ],
              [
                105.880714,
                21.205722
              ],
              [
                105.880722,
                21.205841
              ],
              [
                105.880731,
                21.205944
              ],
              [
                105.880738,
                21.205952
              ],
              [
                105.880749,
                21.205956
              ],
              [
                105.880803,
                21.205958
              ],
              [
                105.880839,
                21.205958
              ],
              [
                105.880839,
                21.205958
              ],
              [
                105.880875,
                21.205966
              ],
              [
                105.880891,
                21.205993
              ],
              [
                105.880895,
                21.20602
              ],
              [
                105.880903,
                21.206093
              ],
              [
                105.880906,
                21.20615
              ],
              [
                105.880903,
                21.206176
              ],
              [
                105.880899,
                21.206202
              ],
              [
                105.881007,
                21.206182
              ],
              [
                105.881005,
                21.206192
              ],
              [
                105.881006,
                21.206238
              ],
              [
                105.881034,
                21.206708
              ],
              [
                105.881036,
                21.20698
              ],
              [
                105.881041,
                21.207115
              ],
              [
                105.881052,
                21.207308
              ],
              [
                105.881055,
                21.207643
              ],
              [
                105.881297,
                21.207572
              ],
              [
                105.881691,
                21.207453
              ],
              [
                105.882018,
                21.207354
              ],
              [
                105.882038,
                21.207348
              ],
              [
                105.882215,
                21.207298
              ],
              [
                105.882416,
                21.20724
              ],
              [
                105.882476,
                21.207231
              ],
              [
                105.882485,
                21.20723
              ],
              [
                105.882532,
                21.207225
              ],
              [
                105.882591,
                21.207218
              ],
              [
                105.882644,
                21.207202
              ],
              [
                105.882837,
                21.207153
              ],
              [
                105.882909,
                21.207138
              ],
              [
                105.882945,
                21.20713
              ],
              [
                105.882946,
                21.20713
              ],
              [
                105.882947,
                21.207153
              ],
              [
                105.882949,
                21.207189
              ],
              [
                105.882961,
                21.207371
              ],
              [
                105.881987,
                21.207643
              ],
              [
                105.881976,
                21.207636
              ],
              [
                105.881959,
                21.207641
              ],
              [
                105.881924,
                21.207651
              ],
              [
                105.881103,
                21.207874
              ],
              [
                105.880863,
                21.207939
              ],
              [
                105.880847,
                21.207944
              ],
              [
                105.88086,
                21.20811
              ],
              [
                105.880856,
                21.208411
              ],
              [
                105.880868,
                21.208896
              ],
              [
                105.880868,
                21.20891
              ],
              [
                105.88087,
                21.209242
              ],
              [
                105.880882,
                21.209422
              ],
              [
                105.880752,
                21.209408
              ],
              [
                105.880687,
                21.209397
              ],
              [
                105.880684,
                21.20941
              ],
              [
                105.880656,
                21.209473
              ],
              [
                105.88064,
                21.209506
              ],
              [
                105.88063,
                21.209526
              ],
              [
                105.880412,
                21.209633
              ],
              [
                105.880411,
                21.210129
              ],
              [
                105.880699,
                21.21014
              ],
              [
                105.880665,
                21.210369
              ],
              [
                105.880948,
                21.210485
              ],
              [
                105.881114,
                21.210565
              ],
              [
                105.881199,
                21.210619
              ],
              [
                105.881232,
                21.210631
              ],
              [
                105.881255,
                21.210653
              ],
              [
                105.881337,
                21.210735
              ],
              [
                105.881341,
                21.21074
              ],
              [
                105.881386,
                21.21078
              ],
              [
                105.881402,
                21.210784
              ],
              [
                105.8814,
                21.210791
              ],
              [
                105.881408,
                21.2108
              ],
              [
                105.881426,
                21.210821
              ],
              [
                105.881424,
                21.21083
              ],
              [
                105.881444,
                21.210836
              ],
              [
                105.881488,
                21.210874
              ],
              [
                105.881525,
                21.210909
              ],
              [
                105.881529,
                21.210912
              ],
              [
                105.881625,
                21.211021
              ],
              [
                105.881679,
                21.21109
              ],
              [
                105.881692,
                21.211109
              ],
              [
                105.881713,
                21.211149
              ],
              [
                105.881764,
                21.211171
              ],
              [
                105.881838,
                21.21115
              ],
              [
                105.882154,
                21.211059
              ],
              [
                105.88242,
                21.21098
              ],
              [
                105.88279,
                21.210873
              ],
              [
                105.882804,
                21.210907
              ],
              [
                105.882804,
                21.210907
              ],
              [
                105.882836,
                21.210987
              ],
              [
                105.882842,
                21.211027
              ],
              [
                105.882613,
                21.21112
              ],
              [
                105.882425,
                21.211193
              ],
              [
                105.882631,
                21.211672
              ],
              [
                105.882697,
                21.211816
              ],
              [
                105.882716,
                21.211863
              ],
              [
                105.882637,
                21.211879
              ],
              [
                105.882576,
                21.211887
              ],
              [
                105.88248,
                21.211898
              ],
              [
                105.882414,
                21.211902
              ],
              [
                105.882355,
                21.211908
              ],
              [
                105.882289,
                21.211937
              ],
              [
                105.882405,
                21.21209
              ],
              [
                105.88247,
                21.212172
              ],
              [
                105.882605,
                21.212389
              ],
              [
                105.882718,
                21.212513
              ],
              [
                105.882943,
                21.212715
              ],
              [
                105.883089,
                21.212845
              ],
              [
                105.883092,
                21.212845
              ],
              [
                105.883099,
                21.212847
              ],
              [
                105.883111,
                21.212854
              ],
              [
                105.883124,
                21.212865
              ],
              [
                105.883139,
                21.212879
              ],
              [
                105.883221,
                21.212959
              ],
              [
                105.883259,
                21.212993
              ],
              [
                105.883269,
                21.213002
              ],
              [
                105.883282,
                21.21301
              ],
              [
                105.883294,
                21.213017
              ],
              [
                105.883296,
                21.213018
              ],
              [
                105.88331,
                21.213022
              ],
              [
                105.883313,
                21.213022
              ],
              [
                105.883324,
                21.213022
              ],
              [
                105.883325,
                21.213021
              ],
              [
                105.883334,
                21.213017
              ],
              [
                105.883337,
                21.213015
              ],
              [
                105.88335,
                21.213004
              ],
              [
                105.883368,
                21.212988
              ],
              [
                105.883406,
                21.212958
              ],
              [
                105.883419,
                21.21295
              ],
              [
                105.883442,
                21.212933
              ],
              [
                105.883471,
                21.212915
              ],
              [
                105.88351,
                21.212889
              ],
              [
                105.883538,
                21.212869
              ],
              [
                105.883562,
                21.212852
              ],
              [
                105.883607,
                21.212813
              ],
              [
                105.883629,
                21.2128
              ],
              [
                105.883643,
                21.212797
              ],
              [
                105.883647,
                21.212795
              ],
              [
                105.883669,
                21.212788
              ],
              [
                105.883671,
                21.212787
              ],
              [
                105.883672,
                21.212788
              ],
              [
                105.883687,
                21.212799
              ],
              [
                105.883709,
                21.212818
              ],
              [
                105.883743,
                21.212852
              ],
              [
                105.883779,
                21.212889
              ],
              [
                105.883819,
                21.212926
              ],
              [
                105.883846,
                21.212949
              ],
              [
                105.883853,
                21.212955
              ],
              [
                105.883882,
                21.212975
              ],
              [
                105.883926,
                21.213005
              ],
              [
                105.883984,
                21.213047
              ],
              [
                105.884005,
                21.213063
              ],
              [
                105.884041,
                21.21309
              ],
              [
                105.884071,
                21.213114
              ],
              [
                105.884107,
                21.213142
              ],
              [
                105.884105,
                21.21321
              ],
              [
                105.884806,
                21.2134
              ],
              [
                105.88485,
                21.213413
              ],
              [
                105.884816,
                21.213519
              ],
              [
                105.884616,
                21.214116
              ],
              [
                105.884434,
                21.21466
              ],
              [
                105.884426,
                21.214684
              ],
              [
                105.884421,
                21.214697
              ],
              [
                105.884415,
                21.214716
              ],
              [
                105.884368,
                21.214857
              ],
              [
                105.884392,
                21.214913
              ],
              [
                105.884405,
                21.214927
              ],
              [
                105.884481,
                21.215033
              ],
              [
                105.884538,
                21.215112
              ],
              [
                105.884573,
                21.215174
              ],
              [
                105.884587,
                21.21523
              ],
              [
                105.884594,
                21.215285
              ],
              [
                105.884629,
                21.215366
              ],
              [
                105.884659,
                21.215421
              ],
              [
                105.884846,
                21.215678
              ],
              [
                105.884996,
                21.215882
              ],
              [
                105.885166,
                21.216117
              ],
              [
                105.885471,
                21.216537
              ],
              [
                105.885482,
                21.216553
              ],
              [
                105.885506,
                21.216584
              ],
              [
                105.885602,
                21.21671
              ],
              [
                105.885637,
                21.216756
              ],
              [
                105.885735,
                21.216885
              ],
              [
                105.885753,
                21.21691
              ],
              [
                105.885873,
                21.217091
              ],
              [
                105.885881,
                21.217104
              ],
              [
                105.88587,
                21.217123
              ],
              [
                105.885868,
                21.21713
              ],
              [
                105.885905,
                21.217763
              ],
              [
                105.885905,
                21.217765
              ],
              [
                105.885929,
                21.21812
              ],
              [
                105.885937,
                21.218132
              ],
              [
                105.885931,
                21.218151
              ],
              [
                105.885956,
                21.218529
              ],
              [
                105.885963,
                21.218631
              ],
              [
                105.885965,
                21.218684
              ],
              [
                105.88597,
                21.218801
              ],
              [
                105.88565,
                21.218843
              ],
              [
                105.885228,
                21.218932
              ],
              [
                105.885228,
                21.218932
              ],
              [
                105.885204,
                21.218954
              ],
              [
                105.885201,
                21.21896
              ],
              [
                105.885143,
                21.218988
              ],
              [
                105.885056,
                21.21903
              ],
              [
                105.885035,
                21.21904
              ],
              [
                105.884962,
                21.219073
              ],
              [
                105.884803,
                21.219145
              ],
              [
                105.884801,
                21.219146
              ],
              [
                105.884528,
                21.219274
              ],
              [
                105.88419,
                21.219432
              ],
              [
                105.884167,
                21.219445
              ],
              [
                105.884155,
                21.219454
              ],
              [
                105.884004,
                21.219557
              ],
              [
                105.883789,
                21.219675
              ],
              [
                105.883771,
                21.219687
              ],
              [
                105.883577,
                21.219784
              ],
              [
                105.883574,
                21.219779
              ],
              [
                105.883568,
                21.21977
              ],
              [
                105.883556,
                21.219744
              ],
              [
                105.883532,
                21.219713
              ],
              [
                105.883508,
                21.219694
              ],
              [
                105.883487,
                21.219686
              ],
              [
                105.883465,
                21.21967
              ],
              [
                105.883423,
                21.219608
              ],
              [
                105.883408,
                21.219587
              ],
              [
                105.883366,
                21.219517
              ],
              [
                105.883342,
                21.219487
              ],
              [
                105.883319,
                21.219457
              ],
              [
                105.883307,
                21.219427
              ],
              [
                105.883284,
                21.219352
              ],
              [
                105.883302,
                21.219317
              ],
              [
                105.883302,
                21.219317
              ],
              [
                105.883297,
                21.219218
              ],
              [
                105.883254,
                21.219115
              ],
              [
                105.88321,
                21.219008
              ],
              [
                105.883181,
                21.218799
              ],
              [
                105.883177,
                21.218768
              ],
              [
                105.883187,
                21.21869
              ],
              [
                105.883143,
                21.218516
              ],
              [
                105.883192,
                21.218478
              ],
              [
                105.883176,
                21.218444
              ],
              [
                105.883123,
                21.218389
              ],
              [
                105.883047,
                21.21816
              ],
              [
                105.882415,
                21.218393
              ],
              [
                105.882395,
                21.218408
              ],
              [
                105.882333,
                21.218391
              ],
              [
                105.882303,
                21.218376
              ],
              [
                105.882251,
                21.218333
              ],
              [
                105.882215,
                21.218316
              ],
              [
                105.882195,
                21.218309
              ],
              [
                105.882183,
                21.218304
              ],
              [
                105.882157,
                21.218335
              ],
              [
                105.882142,
                21.218351
              ],
              [
                105.882066,
                21.218433
              ],
              [
                105.882046,
                21.218454
              ],
              [
                105.882042,
                21.218457
              ],
              [
                105.882037,
                21.218459
              ],
              [
                105.882033,
                21.21846
              ],
              [
                105.882033,
                21.21846
              ],
              [
                105.881999,
                21.218452
              ],
              [
                105.881972,
                21.218446
              ],
              [
                105.879483,
                21.219063
              ],
              [
                105.878959,
                21.219193
              ],
              [
                105.878615,
                21.219318
              ],
              [
                105.878582,
                21.219325
              ],
              [
                105.878515,
                21.219355
              ],
              [
                105.878392,
                21.219423
              ],
              [
                105.878257,
                21.219479
              ],
              [
                105.878149,
                21.219515
              ],
              [
                105.878046,
                21.219563
              ],
              [
                105.877922,
                21.219615
              ],
              [
                105.877804,
                21.219682
              ],
              [
                105.877612,
                21.219795
              ],
              [
                105.877573,
                21.21986
              ],
              [
                105.877545,
                21.2199
              ],
              [
                105.877454,
                21.219944
              ],
              [
                105.877285,
                21.220038
              ],
              [
                105.877155,
                21.220104
              ],
              [
                105.877116,
                21.220108
              ],
              [
                105.877083,
                21.220114
              ],
              [
                105.877074,
                21.220119
              ],
              [
                105.877024,
                21.220145
              ],
              [
                105.87689,
                21.220216
              ],
              [
                105.87688,
                21.220221
              ],
              [
                105.875454,
                21.220986
              ],
              [
                105.874805,
                21.221335
              ],
              [
                105.874799,
                21.221338
              ],
              [
                105.874779,
                21.221348
              ],
              [
                105.874776,
                21.221349
              ],
              [
                105.874555,
                21.221459
              ],
              [
                105.874551,
                21.221467
              ],
              [
                105.874544,
                21.22147
              ],
              [
                105.874496,
                21.221495
              ],
              [
                105.874476,
                21.221505
              ],
              [
                105.874474,
                21.221506
              ],
              [
                105.874151,
                21.221663
              ],
              [
                105.87415,
                21.221664
              ],
              [
                105.873386,
                21.222025
              ],
              [
                105.872002,
                21.222679
              ],
              [
                105.871547,
                21.222894
              ],
              [
                105.871513,
                21.222909
              ],
              [
                105.871512,
                21.222949
              ],
              [
                105.871511,
                21.223085
              ],
              [
                105.871513,
                21.223134
              ],
              [
                105.871522,
                21.223438
              ],
              [
                105.871531,
                21.223768
              ],
              [
                105.871531,
                21.223772
              ],
              [
                105.871539,
                21.224095
              ],
              [
                105.871551,
                21.224548
              ],
              [
                105.871524,
                21.224554
              ],
              [
                105.871001,
                21.224662
              ],
              [
                105.870975,
                21.224667
              ],
              [
                105.870944,
                21.224673
              ],
              [
                105.870786,
                21.224706
              ],
              [
                105.870312,
                21.224804
              ],
              [
                105.869912,
                21.224885
              ],
              [
                105.869884,
                21.224891
              ],
              [
                105.869855,
                21.224897
              ],
              [
                105.869763,
                21.224917
              ],
              [
                105.869697,
                21.224931
              ],
              [
                105.868907,
                21.225092
              ],
              [
                105.868878,
                21.225098
              ],
              [
                105.86885,
                21.225104
              ],
              [
                105.868666,
                21.225142
              ],
              [
                105.86818,
                21.225243
              ],
              [
                105.867908,
                21.2253
              ],
              [
                105.867841,
                21.225313
              ],
              [
                105.867521,
                21.225379
              ],
              [
                105.867005,
                21.225485
              ],
              [
                105.866974,
                21.225491
              ],
              [
                105.866947,
                21.225497
              ],
              [
                105.866468,
                21.225595
              ],
              [
                105.866206,
                21.225649
              ],
              [
                105.8661,
                21.22567
              ],
              [
                105.866071,
                21.225676
              ],
              [
                105.866104,
                21.225765
              ],
              [
                105.866132,
                21.225848
              ],
              [
                105.86614,
                21.225876
              ],
              [
                105.866112,
                21.225892
              ],
              [
                105.866111,
                21.225892
              ],
              [
                105.865993,
                21.22596
              ],
              [
                105.865888,
                21.22602
              ],
              [
                105.865523,
                21.226229
              ],
              [
                105.865151,
                21.226438
              ],
              [
                105.864929,
                21.226564
              ],
              [
                105.863874,
                21.227166
              ],
              [
                105.86385,
                21.227179
              ],
              [
                105.863396,
                21.227439
              ],
              [
                105.863343,
                21.227469
              ],
              [
                105.863342,
                21.22747
              ],
              [
                105.862735,
                21.227816
              ],
              [
                105.862404,
                21.228002
              ],
              [
                105.862365,
                21.228024
              ],
              [
                105.862259,
                21.228086
              ],
              [
                105.862096,
                21.228178
              ],
              [
                105.862082,
                21.228185
              ],
              [
                105.861958,
                21.228256
              ],
              [
                105.861891,
                21.228294
              ],
              [
                105.861857,
                21.228314
              ],
              [
                105.86183,
                21.22833
              ],
              [
                105.861827,
                21.228332
              ],
              [
                105.861826,
                21.228333
              ],
              [
                105.861825,
                21.228335
              ],
              [
                105.861825,
                21.228335
              ],
              [
                105.861825,
                21.228339
              ],
              [
                105.861827,
                21.228394
              ],
              [
                105.861834,
                21.228672
              ],
              [
                105.861836,
                21.228715
              ],
              [
                105.861843,
                21.228937
              ],
              [
                105.861843,
                21.228956
              ],
              [
                105.861849,
                21.22915
              ],
              [
                105.861855,
                21.229321
              ],
              [
                105.861857,
                21.229404
              ],
              [
                105.861864,
                21.229646
              ],
              [
                105.861865,
                21.229666
              ],
              [
                105.861872,
                21.229908
              ],
              [
                105.86188,
                21.230108
              ],
              [
                105.861887,
                21.230349
              ],
              [
                105.861896,
                21.230603
              ],
              [
                105.861899,
                21.230702
              ],
              [
                105.861901,
                21.230788
              ],
              [
                105.861907,
                21.230977
              ],
              [
                105.861914,
                21.231147
              ],
              [
                105.861919,
                21.231317
              ],
              [
                105.861919,
                21.231336
              ],
              [
                105.861922,
                21.231444
              ],
              [
                105.86193,
                21.231706
              ],
              [
                105.861936,
                21.231838
              ],
              [
                105.861938,
                21.231954
              ],
              [
                105.86194,
                21.23199
              ],
              [
                105.861949,
                21.231998
              ],
              [
                105.861951,
                21.232088
              ],
              [
                105.861976,
                21.232845
              ],
              [
                105.861991,
                21.233165
              ],
              [
                105.861993,
                21.23334
              ],
              [
                105.862001,
                21.233688
              ],
              [
                105.862002,
                21.233724
              ],
              [
                105.862003,
                21.233767
              ],
              [
                105.862007,
                21.233811
              ],
              [
                105.862008,
                21.233821
              ],
              [
                105.862013,
                21.233869
              ],
              [
                105.862014,
                21.233875
              ],
              [
                105.862014,
                21.233918
              ],
              [
                105.862027,
                21.233944
              ],
              [
                105.86202,
                21.234017
              ],
              [
                105.862024,
                21.234151
              ],
              [
                105.862048,
                21.234147
              ],
              [
                105.862066,
                21.234144
              ],
              [
                105.862087,
                21.234142
              ],
              [
                105.862122,
                21.23414
              ],
              [
                105.862174,
                21.234142
              ],
              [
                105.86223,
                21.234148
              ],
              [
                105.862279,
                21.234159
              ],
              [
                105.862381,
                21.234185
              ],
              [
                105.86253,
                21.234233
              ],
              [
                105.86255,
                21.23424
              ],
              [
                105.862572,
                21.234174
              ],
              [
                105.86262,
                21.234113
              ],
              [
                105.862683,
                21.234043
              ],
              [
                105.862742,
                21.233973
              ],
              [
                105.862804,
                21.233905
              ],
              [
                105.86289,
                21.23381
              ],
              [
                105.862963,
                21.233736
              ],
              [
                105.863022,
                21.233685
              ],
              [
                105.86308,
                21.233654
              ],
              [
                105.863147,
                21.233644
              ],
              [
                105.86321,
                21.233644
              ],
              [
                105.863291,
                21.233654
              ],
              [
                105.863326,
                21.233652
              ],
              [
                105.863361,
                21.233636
              ],
              [
                105.863401,
                21.233597
              ],
              [
                105.863558,
                21.233381
              ],
              [
                105.863694,
                21.23318
              ],
              [
                105.863735,
                21.233117
              ],
              [
                105.863954,
                21.233202
              ],
              [
                105.864161,
                21.233286
              ],
              [
                105.86425,
                21.23332
              ],
              [
                105.864435,
                21.233395
              ],
              [
                105.864618,
                21.233473
              ],
              [
                105.864717,
                21.233516
              ],
              [
                105.864741,
                21.233529
              ],
              [
                105.864812,
                21.233557
              ],
              [
                105.865419,
                21.233822
              ],
              [
                105.865619,
                21.233914
              ],
              [
                105.865774,
                21.233985
              ],
              [
                105.866205,
                21.234182
              ],
              [
                105.866807,
                21.234444
              ],
              [
                105.866469,
                21.235073
              ],
              [
                105.866357,
                21.23528
              ],
              [
                105.866313,
                21.23537
              ],
              [
                105.866469,
                21.235418
              ],
              [
                105.866617,
                21.235462
              ],
              [
                105.867297,
                21.235681
              ],
              [
                105.867407,
                21.235724
              ],
              [
                105.867412,
                21.235726
              ],
              [
                105.867498,
                21.235767
              ],
              [
                105.8676,
                21.235789
              ],
              [
                105.86761,
                21.235791
              ],
              [
                105.867725,
                21.23582
              ],
              [
                105.867857,
                21.235857
              ],
              [
                105.868312,
                21.235993
              ],
              [
                105.868545,
                21.236064
              ],
              [
                105.86893,
                21.236183
              ],
              [
                105.869115,
                21.236238
              ],
              [
                105.869269,
                21.236285
              ],
              [
                105.869533,
                21.236365
              ],
              [
                105.869525,
                21.236443
              ],
              [
                105.869527,
                21.236657
              ],
              [
                105.869528,
                21.236737
              ],
              [
                105.869526,
                21.236922
              ],
              [
                105.869534,
                21.237074
              ],
              [
                105.869534,
                21.237106
              ],
              [
                105.869537,
                21.237202
              ],
              [
                105.869537,
                21.237202
              ],
              [
                105.86956,
                21.23762
              ],
              [
                105.869578,
                21.237639
              ],
              [
                105.869602,
                21.237662
              ],
              [
                105.869591,
                21.237691
              ],
              [
                105.869678,
                21.237896
              ],
              [
                105.869781,
                21.238095
              ],
              [
                105.869866,
                21.238236
              ],
              [
                105.869934,
                21.238344
              ],
              [
                105.870007,
                21.238435
              ],
              [
                105.869939,
                21.238494
              ],
              [
                105.869928,
                21.238503
              ],
              [
                105.870207,
                21.238607
              ],
              [
                105.87006,
                21.238829
              ],
              [
                105.87039,
                21.238968
              ],
              [
                105.870438,
                21.238975
              ],
              [
                105.870449,
                21.238983
              ],
              [
                105.870479,
                21.239004
              ],
              [
                105.87055,
                21.239054
              ],
              [
                105.870702,
                21.239147
              ],
              [
                105.870887,
                21.239285
              ],
              [
                105.8709,
                21.239294
              ],
              [
                105.870902,
                21.239291
              ],
              [
                105.87095,
                21.23924
              ],
              [
                105.870949,
                21.239233
              ],
              [
                105.870938,
                21.239221
              ],
              [
                105.870938,
                21.23922
              ],
              [
                105.870943,
                21.239183
              ],
              [
                105.870946,
                21.239175
              ],
              [
                105.870971,
                21.239124
              ],
              [
                105.870976,
                21.239115
              ],
              [
                105.871011,
                21.23907
              ],
              [
                105.871016,
                21.239063
              ],
              [
                105.87103,
                21.23904
              ],
              [
                105.871034,
                21.23904
              ],
              [
                105.871102,
                21.238957
              ],
              [
                105.87111,
                21.238947
              ],
              [
                105.871206,
                21.238837
              ],
              [
                105.871207,
                21.238836
              ],
              [
                105.871235,
                21.238816
              ],
              [
                105.871298,
                21.238775
              ],
              [
                105.871318,
                21.23875
              ],
              [
                105.871329,
                21.238736
              ],
              [
                105.871391,
                21.238706
              ],
              [
                105.871408,
                21.238714
              ],
              [
                105.871408,
                21.238714
              ],
              [
                105.871496,
                21.238703
              ],
              [
                105.871497,
                21.238703
              ],
              [
                105.871598,
                21.238715
              ],
              [
                105.871605,
                21.238716
              ],
              [
                105.87178,
                21.238749
              ],
              [
                105.871781,
                21.238751
              ],
              [
                105.871774,
                21.238788
              ],
              [
                105.871774,
                21.238788
              ],
              [
                105.871762,
                21.238984
              ],
              [
                105.871757,
                21.239053
              ],
              [
                105.871758,
                21.239061
              ],
              [
                105.871762,
                21.239068
              ],
              [
                105.871767,
                21.239063
              ],
              [
                105.871845,
                21.239071
              ],
              [
                105.872071,
                21.239095
              ],
              [
                105.872071,
                21.239095
              ],
              [
                105.872231,
                21.239101
              ],
              [
                105.872234,
                21.239101
              ],
              [
                105.872319,
                21.239099
              ],
              [
                105.872333,
                21.239112
              ],
              [
                105.872349,
                21.239113
              ],
              [
                105.872428,
                21.239115
              ],
              [
                105.872432,
                21.239114
              ],
              [
                105.872494,
                21.239097
              ],
              [
                105.872518,
                21.239084
              ],
              [
                105.872652,
                21.239071
              ],
              [
                105.872674,
                21.239069
              ],
              [
                105.872712,
                21.239043
              ],
              [
                105.872787,
                21.239046
              ],
              [
                105.872802,
                21.239056
              ],
              [
                105.872825,
                21.239152
              ],
              [
                105.872826,
                21.239155
              ],
              [
                105.872897,
                21.239494
              ],
              [
                105.872893,
                21.239509
              ],
              [
                105.872893,
                21.239509
              ],
              [
                105.87291,
                21.23953
              ],
              [
                105.872931,
                21.239629
              ],
              [
                105.872932,
                21.239634
              ],
              [
                105.872974,
                21.239967
              ],
              [
                105.872997,
                21.240198
              ],
              [
                105.872997,
                21.240202
              ],
              [
                105.872997,
                21.240208
              ],
              [
                105.872984,
                21.240425
              ],
              [
                105.872983,
                21.24044
              ],
              [
                105.872984,
                21.240452
              ],
              [
                105.873007,
                21.240589
              ],
              [
                105.873016,
                21.240646
              ],
              [
                105.873062,
                21.240933
              ],
              [
                105.873068,
                21.240937
              ],
              [
                105.873064,
                21.240943
              ],
              [
                105.873084,
                21.241086
              ],
              [
                105.873136,
                21.241444
              ],
              [
                105.873138,
                21.241445
              ],
              [
                105.873144,
                21.241482
              ],
              [
                105.87324,
                21.24211
              ],
              [
                105.873242,
                21.242124
              ],
              [
                105.873207,
                21.242138
              ],
              [
                105.873274,
                21.242415
              ],
              [
                105.873277,
                21.242423
              ],
              [
                105.873282,
                21.242436
              ],
              [
                105.873287,
                21.242449
              ],
              [
                105.873334,
                21.242565
              ],
              [
                105.873353,
                21.242586
              ],
              [
                105.873389,
                21.242607
              ],
              [
                105.873417,
                21.242624
              ],
              [
                105.873412,
                21.242647
              ],
              [
                105.873433,
                21.242684
              ],
              [
                105.873492,
                21.242659
              ],
              [
                105.873537,
                21.242762
              ],
              [
                105.873555,
                21.24288
              ],
              [
                105.873545,
                21.242955
              ],
              [
                105.873543,
                21.242974
              ],
              [
                105.873529,
                21.243024
              ],
              [
                105.873558,
                21.243091
              ],
              [
                105.8737,
                21.243043
              ],
              [
                105.873927,
                21.242995
              ],
              [
                105.874109,
                21.242961
              ],
              [
                105.87419,
                21.242929
              ],
              [
                105.87422,
                21.242876
              ],
              [
                105.874224,
                21.242813
              ],
              [
                105.874221,
                21.242755
              ],
              [
                105.874245,
                21.242711
              ],
              [
                105.874472,
                21.242453
              ],
              [
                105.87461,
                21.242328
              ],
              [
                105.874747,
                21.242237
              ],
              [
                105.874909,
                21.242211
              ],
              [
                105.875137,
                21.242221
              ],
              [
                105.875352,
                21.242187
              ],
              [
                105.87567,
                21.242153
              ],
              [
                105.875824,
                21.24216
              ],
              [
                105.876068,
                21.242136
              ],
              [
                105.876131,
                21.242118
              ],
              [
                105.876357,
                21.242042
              ],
              [
                105.876724,
                21.241985
              ],
              [
                105.877233,
                21.241909
              ],
              [
                105.877695,
                21.241814
              ],
              [
                105.878316,
                21.241673
              ],
              [
                105.878422,
                21.241624
              ],
              [
                105.879137,
                21.241512
              ],
              [
                105.880442,
                21.241338
              ],
              [
                105.880452,
                21.241336
              ],
              [
                105.880462,
                21.241402
              ],
              [
                105.880473,
                21.241463
              ],
              [
                105.8805,
                21.241645
              ],
              [
                105.880502,
                21.241678
              ],
              [
                105.880509,
                21.241724
              ],
              [
                105.880515,
                21.241783
              ],
              [
                105.880531,
                21.241941
              ],
              [
                105.880545,
                21.241961
              ],
              [
                105.880576,
                21.242022
              ],
              [
                105.880601,
                21.242097
              ],
              [
                105.880635,
                21.242221
              ],
              [
                105.880658,
                21.242305
              ],
              [
                105.880659,
                21.242306
              ],
              [
                105.880697,
                21.242449
              ],
              [
                105.880786,
                21.242772
              ],
              [
                105.88081,
                21.242861
              ],
              [
                105.880868,
                21.243074
              ],
              [
                105.880883,
                21.243131
              ],
              [
                105.880962,
                21.243419
              ],
              [
                105.881042,
                21.243714
              ],
              [
                105.881051,
                21.243747
              ],
              [
                105.881091,
                21.243895
              ],
              [
                105.881125,
                21.244019
              ],
              [
                105.881128,
                21.244031
              ],
              [
                105.881148,
                21.244031
              ],
              [
                105.881212,
                21.244076
              ],
              [
                105.881229,
                21.244089
              ],
              [
                105.881324,
                21.244155
              ],
              [
                105.881336,
                21.244164
              ],
              [
                105.881395,
                21.244208
              ],
              [
                105.881481,
                21.244271
              ],
              [
                105.881628,
                21.244378
              ],
              [
                105.881847,
                21.244528
              ],
              [
                105.882185,
                21.244774
              ],
              [
                105.882438,
                21.244958
              ],
              [
                105.882469,
                21.244983
              ],
              [
                105.883114,
                21.24463
              ],
              [
                105.883407,
                21.244471
              ],
              [
                105.883429,
                21.244501
              ],
              [
                105.883748,
                21.244975
              ],
              [
                105.883837,
                21.245107
              ],
              [
                105.884161,
                21.245597
              ],
              [
                105.884203,
                21.245692
              ],
              [
                105.884308,
                21.245677
              ],
              [
                105.88433,
                21.245696
              ],
              [
                105.884613,
                21.245645
              ],
              [
                105.884687,
                21.245643
              ],
              [
                105.884913,
                21.245604
              ],
              [
                105.884966,
                21.245587
              ],
              [
                105.88503,
                21.245587
              ],
              [
                105.885241,
                21.245549
              ],
              [
                105.88527,
                21.245547
              ],
              [
                105.885281,
                21.245546
              ],
              [
                105.885292,
                21.245558
              ],
              [
                105.885585,
                21.245268
              ],
              [
                105.885593,
                21.245267
              ],
              [
                105.885599,
                21.245273
              ],
              [
                105.885607,
                21.24528
              ],
              [
                105.88561,
                21.245283
              ],
              [
                105.885637,
                21.245314
              ],
              [
                105.885678,
                21.245356
              ],
              [
                105.88571,
                21.245379
              ],
              [
                105.885751,
                21.245401
              ],
              [
                105.885811,
                21.245426
              ],
              [
                105.885854,
                21.245454
              ],
              [
                105.885881,
                21.245478
              ],
              [
                105.885912,
                21.245502
              ],
              [
                105.885941,
                21.245517
              ],
              [
                105.88599,
                21.245545
              ],
              [
                105.88599,
                21.245546
              ],
              [
                105.886001,
                21.245552
              ],
              [
                105.886026,
                21.245566
              ],
              [
                105.886038,
                21.245574
              ],
              [
                105.886044,
                21.245577
              ],
              [
                105.886045,
                21.245577
              ],
              [
                105.886144,
                21.245628
              ],
              [
                105.88629,
                21.245709
              ],
              [
                105.886306,
                21.245715
              ],
              [
                105.886327,
                21.245723
              ],
              [
                105.886386,
                21.245746
              ],
              [
                105.886415,
                21.245762
              ],
              [
                105.886457,
                21.245798
              ],
              [
                105.8865,
                21.245845
              ],
              [
                105.886554,
                21.245906
              ],
              [
                105.886581,
                21.245933
              ],
              [
                105.886613,
                21.245957
              ],
              [
                105.886697,
                21.24602
              ],
              [
                105.886757,
                21.246062
              ],
              [
                105.886766,
                21.246069
              ],
              [
                105.886788,
                21.246086
              ],
              [
                105.886845,
                21.246129
              ],
              [
                105.886925,
                21.246202
              ],
              [
                105.886925,
                21.246202
              ],
              [
                105.886922,
                21.246205
              ],
              [
                105.886857,
                21.246271
              ],
              [
                105.886851,
                21.246277
              ],
              [
                105.886794,
                21.246329
              ],
              [
                105.886787,
                21.246338
              ],
              [
                105.886759,
                21.246372
              ],
              [
                105.886839,
                21.246417
              ],
              [
                105.886894,
                21.246454
              ],
              [
                105.886949,
                21.24649
              ],
              [
                105.887036,
                21.246542
              ],
              [
                105.887224,
                21.246645
              ],
              [
                105.887238,
                21.246658
              ],
              [
                105.887286,
                21.246737
              ],
              [
                105.887302,
                21.246771
              ],
              [
                105.887312,
                21.246792
              ],
              [
                105.887322,
                21.246798
              ],
              [
                105.887443,
                21.246783
              ],
              [
                105.88746,
                21.246841
              ],
              [
                105.887495,
                21.246893
              ],
              [
                105.887512,
                21.246909
              ],
              [
                105.887453,
                21.246936
              ],
              [
                105.88741,
                21.246948
              ],
              [
                105.887302,
                21.246949
              ],
              [
                105.887256,
                21.246949
              ],
              [
                105.887269,
                21.247024
              ],
              [
                105.887284,
                21.247065
              ],
              [
                105.887294,
                21.247121
              ],
              [
                105.887302,
                21.247191
              ],
              [
                105.887306,
                21.247223
              ],
              [
                105.887307,
                21.247269
              ],
              [
                105.887308,
                21.247281
              ],
              [
                105.887306,
                21.247318
              ],
              [
                105.887306,
                21.247377
              ],
              [
                105.887313,
                21.247427
              ],
              [
                105.887318,
                21.247464
              ],
              [
                105.887357,
                21.24762
              ],
              [
                105.887358,
                21.247764
              ],
              [
                105.887358,
                21.247798
              ],
              [
                105.887349,
                21.24784
              ],
              [
                105.887364,
                21.247982
              ],
              [
                105.887349,
                21.247985
              ],
              [
                105.887386,
                21.24813
              ],
              [
                105.88739,
                21.248146
              ],
              [
                105.887392,
                21.248156
              ],
              [
                105.887389,
                21.248204
              ],
              [
                105.887384,
                21.248217
              ],
              [
                105.887377,
                21.248272
              ],
              [
                105.887384,
                21.248301
              ],
              [
                105.887424,
                21.248429
              ],
              [
                105.887374,
                21.248457
              ],
              [
                105.887302,
                21.248472
              ],
              [
                105.887228,
                21.248487
              ],
              [
                105.88699,
                21.248524
              ],
              [
                105.886953,
                21.248535
              ],
              [
                105.886911,
                21.248541
              ],
              [
                105.886911,
                21.248567
              ],
              [
                105.886899,
                21.248627
              ],
              [
                105.886878,
                21.248651
              ],
              [
                105.886866,
                21.248656
              ],
              [
                105.88685,
                21.248662
              ],
              [
                105.886825,
                21.248662
              ],
              [
                105.886705,
                21.248632
              ],
              [
                105.886642,
                21.248604
              ],
              [
                105.886633,
                21.248601
              ],
              [
                105.88659,
                21.248595
              ],
              [
                105.886593,
                21.248626
              ],
              [
                105.886575,
                21.248697
              ],
              [
                105.886516,
                21.248871
              ],
              [
                105.886516,
                21.248872
              ],
              [
                105.886468,
                21.249015
              ],
              [
                105.886248,
                21.249693
              ],
              [
                105.886229,
                21.249755
              ],
              [
                105.886228,
                21.249756
              ],
              [
                105.886227,
                21.249761
              ],
              [
                105.886227,
                21.249764
              ],
              [
                105.886226,
                21.249777
              ],
              [
                105.886188,
                21.249776
              ],
              [
                105.88601,
                21.24975
              ],
              [
                105.885815,
                21.250186
              ],
              [
                105.885797,
                21.250227
              ],
              [
                105.885776,
                21.250317
              ],
              [
                105.885658,
                21.250811
              ],
              [
                105.885478,
                21.251424
              ],
              [
                105.885418,
                21.251586
              ],
              [
                105.885357,
                21.251749
              ],
              [
                105.885314,
                21.251902
              ],
              [
                105.885313,
                21.251906
              ],
              [
                105.88524,
                21.252165
              ],
              [
                105.88524,
                21.252165
              ],
              [
                105.885228,
                21.252209
              ],
              [
                105.885196,
                21.252376
              ],
              [
                105.885086,
                21.252953
              ],
              [
                105.885062,
                21.253076
              ],
              [
                105.885045,
                21.253159
              ],
              [
                105.885017,
                21.253238
              ],
              [
                105.884904,
                21.253528
              ],
              [
                105.884898,
                21.253545
              ],
              [
                105.884889,
                21.253655
              ],
              [
                105.884952,
                21.253874
              ],
              [
                105.885145,
                21.254038
              ],
              [
                105.885424,
                21.254273
              ],
              [
                105.88561,
                21.254507
              ],
              [
                105.885655,
                21.254726
              ],
              [
                105.885656,
                21.254728
              ],
              [
                105.885593,
                21.254955
              ],
              [
                105.885575,
                21.255021
              ],
              [
                105.88524,
                21.255614
              ],
              [
                105.885128,
                21.256033
              ],
              [
                105.885089,
                21.256332
              ],
              [
                105.885037,
                21.256727
              ],
              [
                105.884917,
                21.257056
              ],
              [
                105.884813,
                21.257149
              ],
              [
                105.884759,
                21.257198
              ],
              [
                105.884714,
                21.257238
              ],
              [
                105.88415,
                21.257741
              ],
              [
                105.883991,
                21.257862
              ],
              [
                105.883941,
                21.257964
              ],
              [
                105.883964,
                21.258086
              ],
              [
                105.884081,
                21.258173
              ],
              [
                105.884188,
                21.258277
              ],
              [
                105.88425,
                21.258397
              ],
              [
                105.884267,
                21.25844
              ],
              [
                105.884402,
                21.258654
              ],
              [
                105.884484,
                21.25867
              ],
              [
                105.884572,
                21.258732
              ],
              [
                105.884627,
                21.258793
              ],
              [
                105.884655,
                21.258848
              ],
              [
                105.884671,
                21.258902
              ],
              [
                105.884611,
                21.258922
              ],
              [
                105.884611,
                21.258962
              ],
              [
                105.884612,
                21.25912
              ],
              [
                105.884688,
                21.259167
              ],
              [
                105.884576,
                21.259289
              ],
              [
                105.884548,
                21.259343
              ],
              [
                105.884535,
                21.259462
              ],
              [
                105.884524,
                21.259476
              ],
              [
                105.884523,
                21.25956
              ],
              [
                105.884491,
                21.259596
              ],
              [
                105.884467,
                21.259617
              ],
              [
                105.884462,
                21.259628
              ],
              [
                105.884455,
                21.259705
              ],
              [
                105.884448,
                21.259781
              ],
              [
                105.884424,
                21.259856
              ],
              [
                105.884314,
                21.260207
              ],
              [
                105.884276,
                21.260362
              ],
              [
                105.884267,
                21.260389
              ],
              [
                105.884256,
                21.26042
              ],
              [
                105.884244,
                21.260508
              ],
              [
                105.884266,
                21.260636
              ],
              [
                105.884317,
                21.260771
              ],
              [
                105.884414,
                21.260856
              ],
              [
                105.884442,
                21.260895
              ],
              [
                105.884443,
                21.260936
              ],
              [
                105.884417,
                21.260991
              ],
              [
                105.8846,
                21.261697
              ],
              [
                105.884576,
                21.261692
              ],
              [
                105.884532,
                21.261698
              ],
              [
                105.884493,
                21.261719
              ],
              [
                105.88448,
                21.261754
              ],
              [
                105.88447,
                21.261779
              ],
              [
                105.884448,
                21.261793
              ],
              [
                105.884305,
                21.26193
              ],
              [
                105.884227,
                21.261988
              ],
              [
                105.884144,
                21.262037
              ],
              [
                105.88409,
                21.262081
              ],
              [
                105.884058,
                21.262126
              ],
              [
                105.884003,
                21.262249
              ],
              [
                105.884032,
                21.262256
              ],
              [
                105.884066,
                21.262279
              ],
              [
                105.884012,
                21.262376
              ],
              [
                105.883994,
                21.262408
              ],
              [
                105.883982,
                21.262479
              ],
              [
                105.88397,
                21.262544
              ],
              [
                105.884029,
                21.262587
              ],
              [
                105.884177,
                21.262695
              ],
              [
                105.884295,
                21.262811
              ],
              [
                105.884502,
                21.263014
              ],
              [
                105.884509,
                21.263043
              ],
              [
                105.88455,
                21.263101
              ],
              [
                105.884566,
                21.26314
              ],
              [
                105.884572,
                21.263233
              ],
              [
                105.884568,
                21.263316
              ],
              [
                105.88455,
                21.263418
              ],
              [
                105.884532,
                21.26349
              ],
              [
                105.884529,
                21.263539
              ],
              [
                105.884529,
                21.263612
              ],
              [
                105.884553,
                21.263735
              ],
              [
                105.884544,
                21.263966
              ],
              [
                105.884336,
                21.2642
              ],
              [
                105.884215,
                21.264331
              ],
              [
                105.884182,
                21.264362
              ],
              [
                105.884292,
                21.264456
              ],
              [
                105.884108,
                21.264767
              ],
              [
                105.884034,
                21.264892
              ],
              [
                105.883908,
                21.265179
              ],
              [
                105.883552,
                21.265613
              ],
              [
                105.883735,
                21.265767
              ],
              [
                105.883724,
                21.265811
              ],
              [
                105.883711,
                21.265845
              ],
              [
                105.883677,
                21.265882
              ],
              [
                105.883663,
                21.265938
              ],
              [
                105.883651,
                21.26601
              ],
              [
                105.883545,
                21.266413
              ],
              [
                105.883491,
                21.266562
              ],
              [
                105.883425,
                21.266799
              ],
              [
                105.883396,
                21.266821
              ],
              [
                105.883424,
                21.26687
              ],
              [
                105.883623,
                21.266948
              ],
              [
                105.883583,
                21.267003
              ],
              [
                105.883704,
                21.267063
              ],
              [
                105.883863,
                21.26719
              ],
              [
                105.883923,
                21.267254
              ],
              [
                105.883941,
                21.267274
              ],
              [
                105.883987,
                21.267399
              ],
              [
                105.883837,
                21.267555
              ],
              [
                105.883749,
                21.267508
              ],
              [
                105.883658,
                21.267605
              ],
              [
                105.883373,
                21.267361
              ],
              [
                105.883367,
                21.267445
              ],
              [
                105.883389,
                21.267517
              ],
              [
                105.883417,
                21.267609
              ],
              [
                105.883379,
                21.267826
              ],
              [
                105.883326,
                21.268043
              ],
              [
                105.883266,
                21.268219
              ],
              [
                105.88318,
                21.268369
              ],
              [
                105.883013,
                21.26857
              ],
              [
                105.882925,
                21.268672
              ],
              [
                105.882623,
                21.268985
              ],
              [
                105.882622,
                21.268986
              ],
              [
                105.882433,
                21.269173
              ],
              [
                105.882271,
                21.269019
              ],
              [
                105.882119,
                21.269169
              ],
              [
                105.8821,
                21.269189
              ],
              [
                105.88233,
                21.26936
              ],
              [
                105.882351,
                21.269375
              ],
              [
                105.882361,
                21.269383
              ],
              [
                105.882372,
                21.269392
              ],
              [
                105.882511,
                21.269502
              ],
              [
                105.882501,
                21.26953
              ],
              [
                105.882363,
                21.269927
              ],
              [
                105.88216,
                21.27045
              ],
              [
                105.882264,
                21.270523
              ],
              [
                105.882063,
                21.270723
              ],
              [
                105.881857,
                21.270928
              ],
              [
                105.881354,
                21.271467
              ],
              [
                105.881189,
                21.271662
              ],
              [
                105.88096,
                21.271792
              ],
              [
                105.880935,
                21.271806
              ],
              [
                105.880922,
                21.271813
              ],
              [
                105.881258,
                21.27261
              ],
              [
                105.88162,
                21.273715
              ],
              [
                105.881633,
                21.273782
              ],
              [
                105.881617,
                21.273872
              ],
              [
                105.881567,
                21.273977
              ],
              [
                105.881533,
                21.274126
              ],
              [
                105.88153,
                21.274285
              ],
              [
                105.881562,
                21.274401
              ],
              [
                105.881702,
                21.274852
              ],
              [
                105.881848,
                21.27532
              ],
              [
                105.881806,
                21.27534
              ],
              [
                105.881784,
                21.275351
              ],
              [
                105.881761,
                21.275358
              ],
              [
                105.881706,
                21.275376
              ],
              [
                105.881641,
                21.275384
              ],
              [
                105.881511,
                21.275351
              ],
              [
                105.881469,
                21.275346
              ],
              [
                105.881434,
                21.275343
              ],
              [
                105.881401,
                21.275344
              ],
              [
                105.881364,
                21.275347
              ],
              [
                105.881326,
                21.275354
              ],
              [
                105.881299,
                21.27537
              ],
              [
                105.881277,
                21.275396
              ],
              [
                105.881254,
                21.275423
              ],
              [
                105.881234,
                21.275441
              ],
              [
                105.881215,
                21.275454
              ],
              [
                105.881173,
                21.275476
              ],
              [
                105.881137,
                21.275489
              ],
              [
                105.881013,
                21.275448
              ],
              [
                105.880857,
                21.275421
              ],
              [
                105.880756,
                21.275464
              ],
              [
                105.880721,
                21.275518
              ],
              [
                105.880599,
                21.27562
              ],
              [
                105.880281,
                21.275646
              ],
              [
                105.880162,
                21.27568
              ],
              [
                105.880084,
                21.275807
              ],
              [
                105.880042,
                21.275953
              ],
              [
                105.879992,
                21.276188
              ],
              [
                105.879909,
                21.276673
              ],
              [
                105.879869,
                21.277021
              ],
              [
                105.879834,
                21.277197
              ],
              [
                105.879829,
                21.277441
              ],
              [
                105.880004,
                21.278007
              ],
              [
                105.88012,
                21.278249
              ],
              [
                105.880408,
                21.278321
              ],
              [
                105.880657,
                21.278403
              ],
              [
                105.88081,
                21.27842
              ],
              [
                105.881046,
                21.278377
              ],
              [
                105.881256,
                21.278298
              ],
              [
                105.881516,
                21.278148
              ],
              [
                105.881693,
                21.27792
              ],
              [
                105.881889,
                21.27762
              ],
              [
                105.882052,
                21.277093
              ],
              [
                105.882202,
                21.276776
              ],
              [
                105.882266,
                21.276719
              ],
              [
                105.882279,
                21.276707
              ],
              [
                105.88244,
                21.276563
              ],
              [
                105.883025,
                21.276469
              ],
              [
                105.88379,
                21.276484
              ],
              [
                105.884324,
                21.276382
              ],
              [
                105.884771,
                21.276226
              ],
              [
                105.884837,
                21.276198
              ],
              [
                105.884835,
                21.276205
              ],
              [
                105.884834,
                21.276215
              ],
              [
                105.884837,
                21.276275
              ],
              [
                105.884826,
                21.276374
              ],
              [
                105.884766,
                21.276517
              ],
              [
                105.884759,
                21.276597
              ],
              [
                105.884743,
                21.277221
              ],
              [
                105.884742,
                21.277338
              ],
              [
                105.884742,
                21.277358
              ],
              [
                105.884742,
                21.277373
              ],
              [
                105.884742,
                21.277374
              ],
              [
                105.884764,
                21.277519
              ],
              [
                105.884784,
                21.2776
              ],
              [
                105.884784,
                21.2776
              ],
              [
                105.884768,
                21.277637
              ],
              [
                105.884841,
                21.277714
              ],
              [
                105.884834,
                21.277997
              ],
              [
                105.884831,
                21.27815
              ],
              [
                105.884992,
                21.278427
              ],
              [
                105.884988,
                21.278762
              ],
              [
                105.884992,
                21.278899
              ],
              [
                105.885194,
                21.279011
              ],
              [
                105.885219,
                21.279528
              ],
              [
                105.88527,
                21.279948
              ],
              [
                105.885313,
                21.280085
              ],
              [
                105.885372,
                21.280265
              ],
              [
                105.88551,
                21.280746
              ],
              [
                105.885553,
                21.280841
              ],
              [
                105.885643,
                21.280895
              ],
              [
                105.885996,
                21.281094
              ],
              [
                105.886094,
                21.281114
              ],
              [
                105.886229,
                21.281001
              ],
              [
                105.886419,
                21.280893
              ],
              [
                105.886601,
                21.280816
              ],
              [
                105.886751,
                21.280774
              ],
              [
                105.88707,
                21.280688
              ],
              [
                105.887112,
                21.280676
              ],
              [
                105.887163,
                21.280663
              ],
              [
                105.887211,
                21.28065
              ],
              [
                105.88731,
                21.280623
              ],
              [
                105.887295,
                21.280679
              ],
              [
                105.887281,
                21.280732
              ],
              [
                105.88722,
                21.280964
              ],
              [
                105.887117,
                21.281349
              ],
              [
                105.88697,
                21.281908
              ],
              [
                105.886853,
                21.282366
              ],
              [
                105.886711,
                21.282916
              ],
              [
                105.886438,
                21.283962
              ],
              [
                105.886044,
                21.285462
              ],
              [
                105.886369,
                21.285515
              ],
              [
                105.886366,
                21.28552
              ],
              [
                105.886364,
                21.28553
              ],
              [
                105.886359,
                21.285799
              ],
              [
                105.886443,
                21.285975
              ],
              [
                105.886654,
                21.286417
              ],
              [
                105.886655,
                21.28642
              ],
              [
                105.886746,
                21.28661
              ],
              [
                105.886741,
                21.286663
              ],
              [
                105.88663,
                21.286824
              ],
              [
                105.886628,
                21.286843
              ],
              [
                105.886462,
                21.28693
              ],
              [
                105.886489,
                21.286965
              ],
              [
                105.886505,
                21.287073
              ],
              [
                105.886507,
                21.287139
              ],
              [
                105.886522,
                21.287387
              ],
              [
                105.886592,
                21.288073
              ],
              [
                105.886601,
                21.288079
              ],
              [
                105.886611,
                21.28809
              ],
              [
                105.886618,
                21.288106
              ],
              [
                105.886621,
                21.288119
              ],
              [
                105.886611,
                21.288142
              ],
              [
                105.88659,
                21.288193
              ],
              [
                105.88654,
                21.288271
              ],
              [
                105.88655,
                21.288318
              ],
              [
                105.886576,
                21.288429
              ],
              [
                105.886638,
                21.288532
              ],
              [
                105.886734,
                21.28865
              ],
              [
                105.886769,
                21.288692
              ],
              [
                105.886778,
                21.288723
              ],
              [
                105.886804,
                21.288784
              ],
              [
                105.886655,
                21.288843
              ],
              [
                105.886594,
                21.288919
              ],
              [
                105.886533,
                21.289058
              ],
              [
                105.886503,
                21.289185
              ],
              [
                105.886492,
                21.289239
              ],
              [
                105.886452,
                21.289417
              ],
              [
                105.88633,
                21.289794
              ],
              [
                105.88626,
                21.289941
              ],
              [
                105.886175,
                21.290088
              ],
              [
                105.885902,
                21.290447
              ],
              [
                105.885739,
                21.290606
              ],
              [
                105.885433,
                21.290715
              ],
              [
                105.885319,
                21.290776
              ],
              [
                105.885285,
                21.290841
              ],
              [
                105.885255,
                21.290942
              ],
              [
                105.885199,
                21.291175
              ],
              [
                105.885061,
                21.291577
              ],
              [
                105.885053,
                21.291731
              ],
              [
                105.885053,
                21.291733
              ],
              [
                105.885064,
                21.291934
              ],
              [
                105.885066,
                21.291984
              ],
              [
                105.885067,
                21.292017
              ],
              [
                105.885067,
                21.29205
              ],
              [
                105.885067,
                21.292067
              ],
              [
                105.885066,
                21.292081
              ],
              [
                105.885064,
                21.292096
              ],
              [
                105.885062,
                21.29211
              ],
              [
                105.88506,
                21.292124
              ],
              [
                105.885056,
                21.292138
              ],
              [
                105.885052,
                21.292152
              ],
              [
                105.885046,
                21.292166
              ],
              [
                105.88504,
                21.29218
              ],
              [
                105.885033,
                21.292193
              ],
              [
                105.885025,
                21.292207
              ],
              [
                105.885016,
                21.292219
              ],
              [
                105.885007,
                21.292232
              ],
              [
                105.884996,
                21.292245
              ],
              [
                105.884986,
                21.292257
              ],
              [
                105.884941,
                21.292306
              ],
              [
                105.88493,
                21.292319
              ],
              [
                105.884919,
                21.292332
              ],
              [
                105.88491,
                21.292345
              ],
              [
                105.884902,
                21.292359
              ],
              [
                105.884896,
                21.292373
              ],
              [
                105.884891,
                21.292387
              ],
              [
                105.884867,
                21.292442
              ],
              [
                105.88393,
                21.292728
              ],
              [
                105.883819,
                21.292732
              ],
              [
                105.88374,
                21.292908
              ],
              [
                105.88362,
                21.293073
              ],
              [
                105.883455,
                21.293266
              ],
              [
                105.883351,
                21.29335
              ],
              [
                105.883303,
                21.293422
              ],
              [
                105.883282,
                21.293509
              ],
              [
                105.883224,
                21.293542
              ],
              [
                105.883043,
                21.293558
              ],
              [
                105.882836,
                21.293587
              ],
              [
                105.882718,
                21.293613
              ],
              [
                105.882618,
                21.293625
              ],
              [
                105.882558,
                21.29364
              ],
              [
                105.882486,
                21.293686
              ],
              [
                105.882425,
                21.293751
              ],
              [
                105.882369,
                21.293802
              ],
              [
                105.882328,
                21.293825
              ],
              [
                105.882291,
                21.293838
              ],
              [
                105.882241,
                21.29384
              ],
              [
                105.882042,
                21.293825
              ],
              [
                105.881786,
                21.293808
              ],
              [
                105.881665,
                21.293788
              ],
              [
                105.881575,
                21.293781
              ],
              [
                105.881524,
                21.293786
              ],
              [
                105.881452,
                21.293797
              ],
              [
                105.881371,
                21.293803
              ],
              [
                105.881292,
                21.293795
              ],
              [
                105.881205,
                21.29379
              ],
              [
                105.881044,
                21.293792
              ],
              [
                105.881019,
                21.293793
              ],
              [
                105.88103,
                21.293843
              ],
              [
                105.881053,
                21.293905
              ],
              [
                105.881054,
                21.293906
              ],
              [
                105.881095,
                21.293981
              ],
              [
                105.881211,
                21.294113
              ],
              [
                105.881347,
                21.294247
              ],
              [
                105.881491,
                21.294302
              ],
              [
                105.881615,
                21.294352
              ],
              [
                105.881859,
                21.294526
              ],
              [
                105.881935,
                21.294584
              ],
              [
                105.881977,
                21.294618
              ],
              [
                105.882295,
                21.294873
              ],
              [
                105.8824,
                21.294976
              ],
              [
                105.882424,
                21.294994
              ],
              [
                105.882436,
                21.295003
              ],
              [
                105.882439,
                21.295005
              ],
              [
                105.882454,
                21.295016
              ],
              [
                105.882505,
                21.295055
              ],
              [
                105.882578,
                21.295141
              ],
              [
                105.882635,
                21.29523
              ],
              [
                105.882661,
                21.295303
              ],
              [
                105.882675,
                21.295373
              ],
              [
                105.8827,
                21.295479
              ],
              [
                105.882726,
                21.295566
              ],
              [
                105.88277,
                21.295673
              ],
              [
                105.882843,
                21.295774
              ],
              [
                105.88289,
                21.295874
              ],
              [
                105.882937,
                21.295978
              ],
              [
                105.882948,
                21.296002
              ],
              [
                105.882932,
                21.296026
              ],
              [
                105.88292,
                21.296045
              ],
              [
                105.882909,
                21.29614
              ],
              [
                105.882882,
                21.296222
              ],
              [
                105.882833,
                21.296295
              ],
              [
                105.882799,
                21.296325
              ],
              [
                105.882791,
                21.296332
              ],
              [
                105.882785,
                21.296342
              ],
              [
                105.882764,
                21.296374
              ],
              [
                105.882744,
                21.296448
              ],
              [
                105.882697,
                21.296624
              ],
              [
                105.882683,
                21.296699
              ],
              [
                105.882679,
                21.296718
              ],
              [
                105.882656,
                21.296799
              ],
              [
                105.882636,
                21.29686
              ],
              [
                105.882612,
                21.296948
              ],
              [
                105.882576,
                21.297004
              ],
              [
                105.882568,
                21.297016
              ],
              [
                105.882504,
                21.297073
              ],
              [
                105.882413,
                21.297134
              ],
              [
                105.88238,
                21.297157
              ],
              [
                105.882287,
                21.297215
              ],
              [
                105.882277,
                21.29723
              ],
              [
                105.88226,
                21.297257
              ],
              [
                105.882268,
                21.297298
              ],
              [
                105.882281,
                21.297428
              ],
              [
                105.882281,
                21.297433
              ],
              [
                105.882295,
                21.297531
              ],
              [
                105.88233,
                21.297804
              ],
              [
                105.882367,
                21.298197
              ],
              [
                105.882369,
                21.298236
              ],
              [
                105.882369,
                21.298242
              ],
              [
                105.882371,
                21.298301
              ],
              [
                105.882437,
                21.29859
              ],
              [
                105.882457,
                21.298681
              ],
              [
                105.88252,
                21.298961
              ],
              [
                105.882287,
                21.299855
              ],
              [
                105.882072,
                21.300679
              ],
              [
                105.881945,
                21.300642
              ],
              [
                105.881904,
                21.30063
              ],
              [
                105.88188,
                21.300623
              ],
              [
                105.881764,
                21.300517
              ],
              [
                105.881703,
                21.30049
              ],
              [
                105.88163,
                21.30049
              ],
              [
                105.881586,
                21.300497
              ],
              [
                105.881533,
                21.300533
              ],
              [
                105.88138,
                21.300679
              ],
              [
                105.88134,
                21.300711
              ],
              [
                105.881292,
                21.300796
              ],
              [
                105.881227,
                21.300932
              ],
              [
                105.881222,
                21.300943
              ],
              [
                105.881217,
                21.300953
              ],
              [
                105.881213,
                21.300961
              ],
              [
                105.881209,
                21.300991
              ],
              [
                105.881194,
                21.301002
              ],
              [
                105.881184,
                21.301019
              ],
              [
                105.88107,
                21.301237
              ],
              [
                105.881005,
                21.301365
              ],
              [
                105.880808,
                21.301344
              ],
              [
                105.880653,
                21.301444
              ],
              [
                105.880525,
                21.301635
              ],
              [
                105.880446,
                21.301835
              ],
              [
                105.88038,
                21.301914
              ],
              [
                105.880218,
                21.301958
              ],
              [
                105.880209,
                21.302012
              ],
              [
                105.879965,
                21.302193
              ],
              [
                105.879965,
                21.30221
              ],
              [
                105.879971,
                21.302215
              ],
              [
                105.87999,
                21.30223
              ],
              [
                105.879978,
                21.302241
              ],
              [
                105.87988,
                21.302332
              ],
              [
                105.879844,
                21.302363
              ],
              [
                105.879841,
                21.302367
              ],
              [
                105.879824,
                21.302385
              ],
              [
                105.879875,
                21.30243
              ],
              [
                105.879872,
                21.302434
              ],
              [
                105.879826,
                21.30248
              ],
              [
                105.87978,
                21.302517
              ],
              [
                105.879746,
                21.302544
              ],
              [
                105.879686,
                21.302581
              ],
              [
                105.879678,
                21.302591
              ],
              [
                105.879668,
                21.302603
              ],
              [
                105.879661,
                21.302648
              ],
              [
                105.879663,
                21.302663
              ],
              [
                105.879665,
                21.302672
              ],
              [
                105.8797,
                21.302728
              ],
              [
                105.87972,
                21.30276
              ],
              [
                105.87972,
                21.30276
              ],
              [
                105.879735,
                21.302774
              ],
              [
                105.879685,
                21.302817
              ],
              [
                105.879644,
                21.302851
              ],
              [
                105.879608,
                21.302887
              ],
              [
                105.879438,
                21.303006
              ],
              [
                105.879439,
                21.303007
              ],
              [
                105.879558,
                21.303136
              ],
              [
                105.879585,
                21.303165
              ],
              [
                105.87977,
                21.30336
              ],
              [
                105.87978,
                21.303371
              ],
              [
                105.879837,
                21.303337
              ],
              [
                105.879903,
                21.303296
              ],
              [
                105.879933,
                21.30328
              ],
              [
                105.879956,
                21.30328
              ],
              [
                105.879969,
                21.303283
              ],
              [
                105.879975,
                21.303297
              ],
              [
                105.879977,
                21.303335
              ],
              [
                105.87997,
                21.303374
              ],
              [
                105.87997,
                21.303401
              ],
              [
                105.879982,
                21.30344
              ],
              [
                105.880008,
                21.303483
              ],
              [
                105.880044,
                21.303534
              ],
              [
                105.880096,
                21.303586
              ],
              [
                105.880123,
                21.30361
              ],
              [
                105.880151,
                21.303631
              ],
              [
                105.880227,
                21.303688
              ],
              [
                105.880291,
                21.303722
              ],
              [
                105.880358,
                21.303749
              ],
              [
                105.880394,
                21.303773
              ],
              [
                105.880401,
                21.30379
              ],
              [
                105.880408,
                21.303807
              ],
              [
                105.880406,
                21.303849
              ],
              [
                105.880417,
                21.30388
              ],
              [
                105.880442,
                21.30391
              ],
              [
                105.880448,
                21.303938
              ],
              [
                105.880443,
                21.303981
              ],
              [
                105.88043,
                21.304026
              ],
              [
                105.880436,
                21.304056
              ],
              [
                105.880449,
                21.304099
              ],
              [
                105.880484,
                21.304163
              ],
              [
                105.880551,
                21.304275
              ],
              [
                105.880594,
                21.304341
              ],
              [
                105.880606,
                21.30436
              ],
              [
                105.880221,
                21.304528
              ],
              [
                105.880213,
                21.304531
              ],
              [
                105.879411,
                21.30488
              ],
              [
                105.87938,
                21.304894
              ],
              [
                105.879398,
                21.304926
              ],
              [
                105.879707,
                21.305345
              ],
              [
                105.879719,
                21.305369
              ],
              [
                105.879735,
                21.305375
              ],
              [
                105.879745,
                21.305394
              ],
              [
                105.879854,
                21.305532
              ],
              [
                105.880016,
                21.305749
              ],
              [
                105.880166,
                21.305965
              ],
              [
                105.880179,
                21.305983
              ],
              [
                105.880239,
                21.30608
              ],
              [
                105.880242,
                21.306094
              ],
              [
                105.880385,
                21.306257
              ],
              [
                105.88042,
                21.306296
              ],
              [
                105.88042,
                21.306296
              ],
              [
                105.880455,
                21.306336
              ],
              [
                105.880491,
                21.306376
              ],
              [
                105.88056,
                21.306455
              ],
              [
                105.880364,
                21.307209
              ],
              [
                105.88019,
                21.307881
              ],
              [
                105.880237,
                21.307927
              ],
              [
                105.880273,
                21.307962
              ],
              [
                105.880303,
                21.307991
              ],
              [
                105.880349,
                21.308036
              ],
              [
                105.88037,
                21.308056
              ],
              [
                105.880387,
                21.308073
              ],
              [
                105.880564,
                21.308245
              ],
              [
                105.880719,
                21.308588
              ],
              [
                105.880688,
                21.308847
              ],
              [
                105.88068,
                21.308913
              ],
              [
                105.880682,
                21.309085
              ],
              [
                105.880681,
                21.309422
              ],
              [
                105.880671,
                21.309471
              ],
              [
                105.880668,
                21.3095
              ],
              [
                105.880654,
                21.309628
              ],
              [
                105.880654,
                21.309708
              ],
              [
                105.880671,
                21.309774
              ],
              [
                105.880695,
                21.309865
              ],
              [
                105.880777,
                21.309961
              ],
              [
                105.88107,
                21.310227
              ],
              [
                105.881193,
                21.310427
              ],
              [
                105.88124,
                21.310608
              ],
              [
                105.88125,
                21.310632
              ],
              [
                105.881412,
                21.311021
              ],
              [
                105.881494,
                21.311171
              ],
              [
                105.881499,
                21.311207
              ],
              [
                105.881531,
                21.311424
              ],
              [
                105.881466,
                21.311649
              ],
              [
                105.881377,
                21.31218
              ],
              [
                105.881393,
                21.312344
              ],
              [
                105.881404,
                21.312471
              ],
              [
                105.881446,
                21.312609
              ],
              [
                105.88151,
                21.312801
              ],
              [
                105.881524,
                21.312833
              ],
              [
                105.881669,
                21.313162
              ],
              [
                105.881672,
                21.313167
              ],
              [
                105.881681,
                21.313188
              ],
              [
                105.881726,
                21.313166
              ],
              [
                105.881961,
                21.313053
              ],
              [
                105.882095,
                21.312973
              ],
              [
                105.882336,
                21.312785
              ],
              [
                105.882435,
                21.312713
              ],
              [
                105.882452,
                21.312734
              ],
              [
                105.882654,
                21.312939
              ],
              [
                105.882739,
                21.313024
              ],
              [
                105.882751,
                21.313031
              ],
              [
                105.882805,
                21.313063
              ],
              [
                105.883957,
                21.313727
              ],
              [
                105.884,
                21.31373
              ],
              [
                105.884011,
                21.313735
              ],
              [
                105.884045,
                21.313788
              ],
              [
                105.884056,
                21.313789
              ],
              [
                105.884074,
                21.313794
              ],
              [
                105.884086,
                21.313802
              ],
              [
                105.884696,
                21.314152
              ],
              [
                105.884698,
                21.314153
              ],
              [
                105.885049,
                21.314355
              ],
              [
                105.885285,
                21.314489
              ],
              [
                105.885296,
                21.314498
              ],
              [
                105.885306,
                21.314509
              ],
              [
                105.885313,
                21.314522
              ],
              [
                105.885315,
                21.314521
              ],
              [
                105.885317,
                21.314522
              ],
              [
                105.88533,
                21.314522
              ],
              [
                105.885341,
                21.314523
              ],
              [
                105.885355,
                21.314527
              ],
              [
                105.885481,
                21.314599
              ],
              [
                105.885628,
                21.314624
              ],
              [
                105.885971,
                21.314683
              ],
              [
                105.886056,
                21.314697
              ],
              [
                105.88649,
                21.314771
              ],
              [
                105.886596,
                21.314791
              ],
              [
                105.886612,
                21.314796
              ],
              [
                105.886624,
                21.314805
              ],
              [
                105.886637,
                21.314803
              ],
              [
                105.88665,
                21.314801
              ],
              [
                105.886664,
                21.314803
              ],
              [
                105.886892,
                21.314844
              ],
              [
                105.88758,
                21.314973
              ],
              [
                105.887671,
                21.31499
              ],
              [
                105.88769,
                21.314992
              ],
              [
                105.887721,
                21.314991
              ],
              [
                105.887752,
                21.315019
              ],
              [
                105.887771,
                21.315013
              ],
              [
                105.887789,
                21.315012
              ],
              [
                105.88802,
                21.315057
              ],
              [
                105.888363,
                21.315116
              ],
              [
                105.888449,
                21.315131
              ],
              [
                105.888632,
                21.315162
              ],
              [
                105.888689,
                21.315172
              ],
              [
                105.888701,
                21.315178
              ],
              [
                105.888715,
                21.315189
              ],
              [
                105.888719,
                21.315193
              ],
              [
                105.888719,
                21.315193
              ],
              [
                105.888727,
                21.31519
              ],
              [
                105.88873,
                21.315188
              ],
              [
                105.888744,
                21.315185
              ],
              [
                105.888758,
                21.315184
              ],
              [
                105.889508,
                21.315329
              ],
              [
                105.889516,
                21.315331
              ],
              [
                105.889527,
                21.315335
              ],
              [
                105.889531,
                21.315338
              ],
              [
                105.889537,
                21.315337
              ],
              [
                105.88955,
                21.315336
              ],
              [
                105.889561,
                21.315338
              ],
              [
                105.889813,
                21.315379
              ],
              [
                105.89037,
                21.315468
              ],
              [
                105.890385,
                21.315473
              ],
              [
                105.890392,
                21.315479
              ],
              [
                105.8904,
                21.315477
              ],
              [
                105.890401,
                21.315476
              ],
              [
                105.89042,
                21.315477
              ],
              [
                105.890565,
                21.315502
              ],
              [
                105.890582,
                21.3155
              ],
              [
                105.890592,
                21.315499
              ],
              [
                105.890593,
                21.315499
              ],
              [
                105.890594,
                21.315499
              ],
              [
                105.890616,
                21.315511
              ],
              [
                105.890694,
                21.315524
              ],
              [
                105.890846,
                21.315546
              ],
              [
                105.890976,
                21.315546
              ],
              [
                105.891041,
                21.315539
              ],
              [
                105.891179,
                21.315526
              ],
              [
                105.891179,
                21.315526
              ],
              [
                105.891208,
                21.315529
              ],
              [
                105.891233,
                21.315543
              ],
              [
                105.891241,
                21.315541
              ],
              [
                105.891245,
                21.315543
              ],
              [
                105.89128,
                21.315553
              ],
              [
                105.891924,
                21.315739
              ],
              [
                105.892081,
                21.315784
              ],
              [
                105.892108,
                21.315797
              ],
              [
                105.892121,
                21.315807
              ],
              [
                105.892134,
                21.315817
              ],
              [
                105.892194,
                21.315806
              ],
              [
                105.892199,
                21.315808
              ],
              [
                105.892229,
                21.31582
              ],
              [
                105.892608,
                21.315934
              ],
              [
                105.892794,
                21.315989
              ],
              [
                105.892967,
                21.316041
              ],
              [
                105.892986,
                21.316048
              ],
              [
                105.893007,
                21.316062
              ],
              [
                105.893011,
                21.316066
              ],
              [
                105.893013,
                21.316065
              ],
              [
                105.893046,
                21.316064
              ],
              [
                105.89317,
                21.316098
              ],
              [
                105.893184,
                21.316102
              ],
              [
                105.893209,
                21.316101
              ],
              [
                105.893219,
                21.316108
              ],
              [
                105.89324,
                21.316118
              ],
              [
                105.89385,
                21.316286
              ],
              [
                105.893879,
                21.316295
              ],
              [
                105.893902,
                21.316306
              ],
              [
                105.893908,
                21.31631
              ],
              [
                105.893926,
                21.316309
              ],
              [
                105.893952,
                21.316313
              ],
              [
                105.8943,
                21.3164
              ],
              [
                105.894317,
                21.316402
              ],
              [
                105.894347,
                21.316403
              ],
              [
                105.894354,
                21.316409
              ],
              [
                105.894377,
                21.31642
              ],
              [
                105.894787,
                21.316544
              ],
              [
                105.894816,
                21.316554
              ],
              [
                105.894833,
                21.316568
              ],
              [
                105.894852,
                21.316565
              ],
              [
                105.894872,
                21.31657
              ],
              [
                105.895139,
                21.316651
              ],
              [
                105.895465,
                21.316742
              ],
              [
                105.89571,
                21.316811
              ],
              [
                105.895711,
                21.316811
              ],
              [
                105.895734,
                21.316817
              ],
              [
                105.895979,
                21.316888
              ],
              [
                105.896013,
                21.316892
              ],
              [
                105.896054,
                21.316889
              ],
              [
                105.896061,
                21.316899
              ],
              [
                105.896074,
                21.316947
              ],
              [
                105.896074,
                21.316971
              ],
              [
                105.896052,
                21.317218
              ],
              [
                105.896041,
                21.317342
              ],
              [
                105.896041,
                21.317343
              ],
              [
                105.896015,
                21.317574
              ],
              [
                105.896219,
                21.317577
              ],
              [
                105.897754,
                21.317647
              ],
              [
                105.89862,
                21.317686
              ],
              [
                105.898718,
                21.317691
              ],
              [
                105.898725,
                21.317691
              ],
              [
                105.898729,
                21.31752
              ],
              [
                105.898739,
                21.317481
              ],
              [
                105.898789,
                21.317286
              ],
              [
                105.898789,
                21.317286
              ]
            ]
          ]
        ]
      },
      "properties": {
        "code": "00430",
        "name": "Đa Phúc",
        "nameEn": "Da Phuc",
        "fullName": "Xã Đa Phúc",
        "fullNameEn": "Da Phuc Commune",
        "codeName": "da_phuc",
        "postalCode": "12232",
        "postalCodePrefix": "",
        "gisServerId": "diaphanhanhchinhcapxa_2025.3252",
        "areaKm2": 55.32
      }
    }
  ]
}