{
  "type": "FeatureCollection",
  "bbox": [
    105.917909,
    20.963198,
    105.977968,
    21.041001
  ],
  "features": [
    {
      "type": "Feature",
      "id": "00565",
      "bbox": [
        105.917909,
        20.963198,
        105.977968,
        21.041001
      ],
      "geometry": {
        "type": "MultiPolygon",
        "coordinates": [
          [
            [
              [
                105.948646,
                21.035155
              ],
              [
                105.948759,
                21.034424
              ],
              [
                105.948812,
                21.034429
              ],
              [
                105.948878,
                21.034435
              ],
              [
                105.948963,
                21.034443
              ],
              [
                105.949245,
                21.03447
              ],
              [
                105.949258,
                21.034471
              ],
              [
                105.949308,
                21.034262
              ],
              [
                105.949308,
                21.034261
              ],
              [
                105.949318,
                21.034242
              ],
              [
                105.94933,
                21.034213
              ],
              [
                105.949348,
                21.034168
              ],
              [
                105.94936,
                21.03411
              ],
              [
                105.949366,
                21.034089
              ],
              [
                105.949395,
                21.03398
              ],
              [
                105.949405,
                21.033943
              ],
              [
                105.949415,
                21.033916
              ],
              [
                105.949436,
                21.033863
              ],
              [
                105.949442,
                21.033846
              ],
              [
                105.949449,
                21.033829
              ],
              [
                105.949456,
                21.03381
              ],
              [
                105.949474,
                21.033754
              ],
              [
                105.94949,
                21.033702
              ],
              [
                105.949524,
                21.033596
              ],
              [
                105.949531,
                21.033573
              ],
              [
                105.949551,
                21.033502
              ],
              [
                105.949569,
                21.03344
              ],
              [
                105.949572,
                21.03343
              ],
              [
                105.949577,
                21.033416
              ],
              [
                105.949581,
                21.033402
              ],
              [
                105.949586,
                21.033388
              ],
              [
                105.949608,
                21.033321
              ],
              [
                105.949623,
                21.033278
              ],
              [
                105.949627,
                21.033266
              ],
              [
                105.949631,
                21.033252
              ],
              [
                105.949647,
                21.033206
              ],
              [
                105.949648,
                21.033203
              ],
              [
                105.949652,
                21.033191
              ],
              [
                105.949673,
                21.033129
              ],
              [
                105.949677,
                21.033117
              ],
              [
                105.949682,
                21.033104
              ],
              [
                105.949711,
                21.033018
              ],
              [
                105.949716,
                21.033003
              ],
              [
                105.949729,
                21.032969
              ],
              [
                105.949734,
                21.032955
              ],
              [
                105.949718,
                21.03295
              ],
              [
                105.949699,
                21.032944
              ],
              [
                105.949641,
                21.032924
              ],
              [
                105.949605,
                21.032911
              ],
              [
                105.949514,
                21.03288
              ],
              [
                105.949507,
                21.032878
              ],
              [
                105.949415,
                21.032849
              ],
              [
                105.94944,
                21.032796
              ],
              [
                105.949599,
                21.032493
              ],
              [
                105.949778,
                21.032151
              ],
              [
                105.949799,
                21.03211
              ],
              [
                105.949799,
                21.03211
              ],
              [
                105.949885,
                21.031968
              ],
              [
                105.949785,
                21.031919
              ],
              [
                105.949663,
                21.031827
              ],
              [
                105.949416,
                21.031627
              ],
              [
                105.949195,
                21.031456
              ],
              [
                105.949065,
                21.031367
              ],
              [
                105.949022,
                21.031341
              ],
              [
                105.949017,
                21.031338
              ],
              [
                105.949078,
                21.031264
              ],
              [
                105.94911,
                21.031232
              ],
              [
                105.949142,
                21.0312
              ],
              [
                105.949173,
                21.031166
              ],
              [
                105.949205,
                21.031131
              ],
              [
                105.949237,
                21.031096
              ],
              [
                105.949269,
                21.03106
              ],
              [
                105.949301,
                21.031025
              ],
              [
                105.949324,
                21.030999
              ],
              [
                105.949346,
                21.030975
              ],
              [
                105.94938,
                21.030939
              ],
              [
                105.949414,
                21.030907
              ],
              [
                105.949441,
                21.030879
              ],
              [
                105.949464,
                21.030852
              ],
              [
                105.949485,
                21.030826
              ],
              [
                105.949508,
                21.030798
              ],
              [
                105.949539,
                21.030759
              ],
              [
                105.94957,
                21.03072
              ],
              [
                105.949602,
                21.030682
              ],
              [
                105.949636,
                21.030643
              ],
              [
                105.94967,
                21.030604
              ],
              [
                105.949704,
                21.030565
              ],
              [
                105.949739,
                21.030526
              ],
              [
                105.949773,
                21.030487
              ],
              [
                105.949806,
                21.03045
              ],
              [
                105.949837,
                21.030417
              ],
              [
                105.949869,
                21.030383
              ],
              [
                105.949917,
                21.030329
              ],
              [
                105.94996,
                21.030271
              ],
              [
                105.949982,
                21.030245
              ],
              [
                105.950009,
                21.030215
              ],
              [
                105.950043,
                21.030176
              ],
              [
                105.950077,
                21.030137
              ],
              [
                105.950111,
                21.030098
              ],
              [
                105.950137,
                21.030068
              ],
              [
                105.950155,
                21.030047
              ],
              [
                105.950173,
                21.030026
              ],
              [
                105.950206,
                21.029988
              ],
              [
                105.950222,
                21.029969
              ],
              [
                105.950247,
                21.029939
              ],
              [
                105.950291,
                21.029897
              ],
              [
                105.950605,
                21.029558
              ],
              [
                105.950802,
                21.029321
              ],
              [
                105.951012,
                21.028996
              ],
              [
                105.951079,
                21.028963
              ],
              [
                105.951364,
                21.028523
              ],
              [
                105.952151,
                21.027276
              ],
              [
                105.952318,
                21.027028
              ],
              [
                105.952306,
                21.026998
              ],
              [
                105.952291,
                21.026959
              ],
              [
                105.952276,
                21.02692
              ],
              [
                105.952264,
                21.026888
              ],
              [
                105.952254,
                21.026859
              ],
              [
                105.952245,
                21.026835
              ],
              [
                105.952237,
                21.02681
              ],
              [
                105.952228,
                21.026786
              ],
              [
                105.95222,
                21.026761
              ],
              [
                105.952211,
                21.026736
              ],
              [
                105.952202,
                21.026712
              ],
              [
                105.952194,
                21.026687
              ],
              [
                105.952181,
                21.026652
              ],
              [
                105.952165,
                21.026605
              ],
              [
                105.952148,
                21.026558
              ],
              [
                105.952135,
                21.026523
              ],
              [
                105.952123,
                21.026489
              ],
              [
                105.952109,
                21.026447
              ],
              [
                105.952094,
                21.026404
              ],
              [
                105.952079,
                21.026362
              ],
              [
                105.952064,
                21.026319
              ],
              [
                105.952053,
                21.026287
              ],
              [
                105.952044,
                21.026262
              ],
              [
                105.952035,
                21.026237
              ],
              [
                105.952026,
                21.026212
              ],
              [
                105.952016,
                21.026186
              ],
              [
                105.952007,
                21.026161
              ],
              [
                105.951998,
                21.026136
              ],
              [
                105.951989,
                21.026111
              ],
              [
                105.95198,
                21.026085
              ],
              [
                105.95197,
                21.026059
              ],
              [
                105.951961,
                21.026032
              ],
              [
                105.951951,
                21.026006
              ],
              [
                105.951942,
                21.025979
              ],
              [
                105.951932,
                21.025952
              ],
              [
                105.95192,
                21.025918
              ],
              [
                105.951876,
                21.025838
              ],
              [
                105.951871,
                21.02581
              ],
              [
                105.951865,
                21.025767
              ],
              [
                105.951853,
                21.025734
              ],
              [
                105.95184,
                21.025699
              ],
              [
                105.951824,
                21.025653
              ],
              [
                105.951807,
                21.025607
              ],
              [
                105.95179,
                21.025561
              ],
              [
                105.951778,
                21.025527
              ],
              [
                105.951767,
                21.0255
              ],
              [
                105.951757,
                21.025473
              ],
              [
                105.951746,
                21.025447
              ],
              [
                105.951735,
                21.02542
              ],
              [
                105.951725,
                21.025394
              ],
              [
                105.951714,
                21.025367
              ],
              [
                105.951705,
                21.025343
              ],
              [
                105.951695,
                21.025318
              ],
              [
                105.951685,
                21.025294
              ],
              [
                105.951676,
                21.025269
              ],
              [
                105.951666,
                21.025244
              ],
              [
                105.951655,
                21.025216
              ],
              [
                105.951653,
                21.025211
              ],
              [
                105.951648,
                21.025197
              ],
              [
                105.95164,
                21.025177
              ],
              [
                105.951626,
                21.025143
              ],
              [
                105.951608,
                21.025098
              ],
              [
                105.951591,
                21.025052
              ],
              [
                105.951573,
                21.025003
              ],
              [
                105.951559,
                21.024967
              ],
              [
                105.951547,
                21.024933
              ],
              [
                105.951532,
                21.024893
              ],
              [
                105.951518,
                21.024853
              ],
              [
                105.951507,
                21.024823
              ],
              [
                105.951491,
                21.024788
              ],
              [
                105.95147,
                21.024741
              ],
              [
                105.951449,
                21.024695
              ],
              [
                105.951432,
                21.02465
              ],
              [
                105.951416,
                21.024606
              ],
              [
                105.951404,
                21.024573
              ],
              [
                105.951392,
                21.024542
              ],
              [
                105.951377,
                21.024504
              ],
              [
                105.951369,
                21.024482
              ],
              [
                105.951363,
                21.024465
              ],
              [
                105.951353,
                21.024426
              ],
              [
                105.951348,
                21.0244
              ],
              [
                105.951324,
                21.024326
              ],
              [
                105.951312,
                21.024291
              ],
              [
                105.951302,
                21.024264
              ],
              [
                105.951291,
                21.024236
              ],
              [
                105.951281,
                21.024209
              ],
              [
                105.951271,
                21.024182
              ],
              [
                105.951261,
                21.024155
              ],
              [
                105.951251,
                21.024127
              ],
              [
                105.95124,
                21.0241
              ],
              [
                105.951229,
                21.024068
              ],
              [
                105.951218,
                21.024036
              ],
              [
                105.951206,
                21.024004
              ],
              [
                105.951195,
                21.023972
              ],
              [
                105.951183,
                21.02394
              ],
              [
                105.951172,
                21.023909
              ],
              [
                105.951161,
                21.023878
              ],
              [
                105.95115,
                21.023848
              ],
              [
                105.951139,
                21.023818
              ],
              [
                105.951128,
                21.023787
              ],
              [
                105.951118,
                21.023757
              ],
              [
                105.951107,
                21.023727
              ],
              [
                105.951098,
                21.0237
              ],
              [
                105.951089,
                21.023674
              ],
              [
                105.95108,
                21.023647
              ],
              [
                105.951072,
                21.023621
              ],
              [
                105.951063,
                21.023594
              ],
              [
                105.951054,
                21.023567
              ],
              [
                105.951046,
                21.023541
              ],
              [
                105.951037,
                21.023514
              ],
              [
                105.951027,
                21.023484
              ],
              [
                105.951017,
                21.023454
              ],
              [
                105.951007,
                21.023424
              ],
              [
                105.950997,
                21.023394
              ],
              [
                105.950985,
                21.023363
              ],
              [
                105.950974,
                21.023331
              ],
              [
                105.950963,
                21.0233
              ],
              [
                105.950952,
                21.023269
              ],
              [
                105.95094,
                21.023237
              ],
              [
                105.950929,
                21.023206
              ],
              [
                105.950918,
                21.023174
              ],
              [
                105.950903,
                21.023131
              ],
              [
                105.950884,
                21.023076
              ],
              [
                105.950869,
                21.023033
              ],
              [
                105.950863,
                21.023014
              ],
              [
                105.950842,
                21.022958
              ],
              [
                105.950832,
                21.022932
              ],
              [
                105.950823,
                21.022908
              ],
              [
                105.950813,
                21.022882
              ],
              [
                105.950804,
                21.022857
              ],
              [
                105.950794,
                21.022832
              ],
              [
                105.950784,
                21.022807
              ],
              [
                105.950774,
                21.022778
              ],
              [
                105.950763,
                21.022746
              ],
              [
                105.950753,
                21.022717
              ],
              [
                105.950742,
                21.022685
              ],
              [
                105.950732,
                21.022655
              ],
              [
                105.95072,
                21.022623
              ],
              [
                105.950457,
                21.021826
              ],
              [
                105.950578,
                21.021751
              ],
              [
                105.950934,
                21.021525
              ],
              [
                105.951286,
                21.021303
              ],
              [
                105.951534,
                21.021141
              ],
              [
                105.951577,
                21.021112
              ],
              [
                105.95159,
                21.021105
              ],
              [
                105.951548,
                21.021044
              ],
              [
                105.951538,
                21.021031
              ],
              [
                105.951383,
                21.020841
              ],
              [
                105.951348,
                21.020801
              ],
              [
                105.95126,
                21.020696
              ],
              [
                105.951165,
                21.020584
              ],
              [
                105.951141,
                21.020555
              ],
              [
                105.951122,
                21.020568
              ],
              [
                105.951099,
                21.020584
              ],
              [
                105.951094,
                21.020588
              ],
              [
                105.951078,
                21.0206
              ],
              [
                105.951038,
                21.020628
              ],
              [
                105.950971,
                21.02067
              ],
              [
                105.950922,
                21.020701
              ],
              [
                105.950912,
                21.020707
              ],
              [
                105.950903,
                21.020713
              ],
              [
                105.9509,
                21.020715
              ],
              [
                105.950896,
                21.020718
              ],
              [
                105.950862,
                21.020736
              ],
              [
                105.950856,
                21.020739
              ],
              [
                105.950854,
                21.02074
              ],
              [
                105.950852,
                21.020741
              ],
              [
                105.950834,
                21.02075
              ],
              [
                105.950801,
                21.020768
              ],
              [
                105.950797,
                21.02077
              ],
              [
                105.950788,
                21.020775
              ],
              [
                105.950723,
                21.020795
              ],
              [
                105.9507,
                21.020802
              ],
              [
                105.950675,
                21.020811
              ],
              [
                105.950642,
                21.020811
              ],
              [
                105.95063,
                21.020813
              ],
              [
                105.950621,
                21.020813
              ],
              [
                105.950612,
                21.020813
              ],
              [
                105.95058,
                21.020813
              ],
              [
                105.950531,
                21.020809
              ],
              [
                105.950526,
                21.020808
              ],
              [
                105.950521,
                21.020807
              ],
              [
                105.950508,
                21.020804
              ],
              [
                105.950453,
                21.020793
              ],
              [
                105.950432,
                21.020784
              ],
              [
                105.950425,
                21.020782
              ],
              [
                105.950347,
                21.020752
              ],
              [
                105.950321,
                21.020737
              ],
              [
                105.950313,
                21.020732
              ],
              [
                105.950273,
                21.020708
              ],
              [
                105.950241,
                21.020685
              ],
              [
                105.950217,
                21.020667
              ],
              [
                105.950207,
                21.020659
              ],
              [
                105.950191,
                21.020639
              ],
              [
                105.950167,
                21.02061
              ],
              [
                105.950161,
                21.020602
              ],
              [
                105.950113,
                21.020544
              ],
              [
                105.950107,
                21.020536
              ],
              [
                105.950084,
                21.020508
              ],
              [
                105.950032,
                21.020449
              ],
              [
                105.950003,
                21.020414
              ],
              [
                105.950003,
                21.020414
              ],
              [
                105.949956,
                21.020359
              ],
              [
                105.949955,
                21.020357
              ],
              [
                105.949939,
                21.020339
              ],
              [
                105.949931,
                21.02033
              ],
              [
                105.949921,
                21.020317
              ],
              [
                105.949898,
                21.020287
              ],
              [
                105.949897,
                21.020286
              ],
              [
                105.949883,
                21.020268
              ],
              [
                105.949852,
                21.02023
              ],
              [
                105.949827,
                21.020199
              ],
              [
                105.949799,
                21.020165
              ],
              [
                105.949787,
                21.02015
              ],
              [
                105.949772,
                21.020133
              ],
              [
                105.949705,
                21.020054
              ],
              [
                105.949678,
                21.020022
              ],
              [
                105.949666,
                21.020008
              ],
              [
                105.949661,
                21.020002
              ],
              [
                105.949641,
                21.019976
              ],
              [
                105.949623,
                21.019953
              ],
              [
                105.949606,
                21.019931
              ],
              [
                105.949605,
                21.019929
              ],
              [
                105.949589,
                21.019909
              ],
              [
                105.949581,
                21.0199
              ],
              [
                105.94956,
                21.019877
              ],
              [
                105.949548,
                21.019865
              ],
              [
                105.949531,
                21.019846
              ],
              [
                105.949519,
                21.019833
              ],
              [
                105.949499,
                21.019812
              ],
              [
                105.949473,
                21.019781
              ],
              [
                105.949473,
                21.019781
              ],
              [
                105.949405,
                21.0197
              ],
              [
                105.949394,
                21.019688
              ],
              [
                105.949353,
                21.019639
              ],
              [
                105.949313,
                21.019592
              ],
              [
                105.94931,
                21.019588
              ],
              [
                105.949281,
                21.019555
              ],
              [
                105.949272,
                21.019543
              ],
              [
                105.949247,
                21.019513
              ],
              [
                105.949203,
                21.019458
              ],
              [
                105.94918,
                21.01943
              ],
              [
                105.949114,
                21.019348
              ],
              [
                105.949102,
                21.019334
              ],
              [
                105.949032,
                21.019247
              ],
              [
                105.948994,
                21.019201
              ],
              [
                105.948965,
                21.019164
              ],
              [
                105.948949,
                21.019147
              ],
              [
                105.948949,
                21.019147
              ],
              [
                105.94893,
                21.019124
              ],
              [
                105.948877,
                21.019064
              ],
              [
                105.948865,
                21.019051
              ],
              [
                105.948788,
                21.018962
              ],
              [
                105.948763,
                21.018933
              ],
              [
                105.948691,
                21.018852
              ],
              [
                105.94866,
                21.018816
              ],
              [
                105.948636,
                21.018789
              ],
              [
                105.948613,
                21.018763
              ],
              [
                105.948602,
                21.018749
              ],
              [
                105.948568,
                21.018707
              ],
              [
                105.948557,
                21.018694
              ],
              [
                105.948495,
                21.018618
              ],
              [
                105.948493,
                21.018615
              ],
              [
                105.94848,
                21.018599
              ],
              [
                105.948461,
                21.018576
              ],
              [
                105.948454,
                21.018568
              ],
              [
                105.948408,
                21.018512
              ],
              [
                105.948406,
                21.01851
              ],
              [
                105.948351,
                21.018445
              ],
              [
                105.948304,
                21.018388
              ],
              [
                105.948288,
                21.018368
              ],
              [
                105.948278,
                21.018356
              ],
              [
                105.948262,
                21.018337
              ],
              [
                105.948226,
                21.018296
              ],
              [
                105.948226,
                21.018295
              ],
              [
                105.948168,
                21.018228
              ],
              [
                105.948102,
                21.018151
              ],
              [
                105.948032,
                21.01807
              ],
              [
                105.947942,
                21.017966
              ],
              [
                105.947913,
                21.017932
              ],
              [
                105.947901,
                21.017918
              ],
              [
                105.947866,
                21.017877
              ],
              [
                105.947838,
                21.017843
              ],
              [
                105.947807,
                21.017805
              ],
              [
                105.947758,
                21.017747
              ],
              [
                105.94769,
                21.017664
              ],
              [
                105.947612,
                21.017571
              ],
              [
                105.947509,
                21.017448
              ],
              [
                105.947482,
                21.017415
              ],
              [
                105.947482,
                21.017415
              ],
              [
                105.947476,
                21.017407
              ],
              [
                105.947484,
                21.017402
              ],
              [
                105.94752,
                21.017373
              ],
              [
                105.947772,
                21.017175
              ],
              [
                105.948074,
                21.016955
              ],
              [
                105.948102,
                21.016934
              ],
              [
                105.948072,
                21.016899
              ],
              [
                105.947881,
                21.01668
              ],
              [
                105.947852,
                21.016647
              ],
              [
                105.947828,
                21.016619
              ],
              [
                105.947812,
                21.016601
              ],
              [
                105.947647,
                21.016405
              ],
              [
                105.947617,
                21.016369
              ],
              [
                105.947584,
                21.01633
              ],
              [
                105.947347,
                21.016055
              ],
              [
                105.947239,
                21.015937
              ],
              [
                105.947206,
                21.015902
              ],
              [
                105.946979,
                21.015706
              ],
              [
                105.946974,
                21.015701
              ],
              [
                105.946941,
                21.015664
              ],
              [
                105.946904,
                21.01562
              ],
              [
                105.946915,
                21.015609
              ],
              [
                105.946952,
                21.015576
              ],
              [
                105.947023,
                21.015517
              ],
              [
                105.947136,
                21.015435
              ],
              [
                105.947169,
                21.015408
              ],
              [
                105.947282,
                21.015289
              ],
              [
                105.947356,
                21.015221
              ],
              [
                105.947397,
                21.015202
              ],
              [
                105.947418,
                21.015186
              ],
              [
                105.947456,
                21.01515
              ],
              [
                105.947494,
                21.015104
              ],
              [
                105.947505,
                21.015099
              ],
              [
                105.947535,
                21.015093
              ],
              [
                105.947552,
                21.015089
              ],
              [
                105.947588,
                21.015067
              ],
              [
                105.947702,
                21.014977
              ],
              [
                105.947856,
                21.014853
              ],
              [
                105.948007,
                21.014738
              ],
              [
                105.948121,
                21.014642
              ],
              [
                105.948175,
                21.014605
              ],
              [
                105.948285,
                21.01453
              ],
              [
                105.948316,
                21.014525
              ],
              [
                105.948345,
                21.014501
              ],
              [
                105.948397,
                21.014566
              ],
              [
                105.948616,
                21.014385
              ],
              [
                105.948579,
                21.014341
              ],
              [
                105.948592,
                21.014301
              ],
              [
                105.94866,
                21.014253
              ],
              [
                105.948732,
                21.014204
              ],
              [
                105.948747,
                21.014198
              ],
              [
                105.948817,
                21.014202
              ],
              [
                105.948835,
                21.014196
              ],
              [
                105.948845,
                21.014192
              ],
              [
                105.948859,
                21.014179
              ],
              [
                105.948863,
                21.014168
              ],
              [
                105.948865,
                21.014124
              ],
              [
                105.94887,
                21.014103
              ],
              [
                105.948889,
                21.014087
              ],
              [
                105.948927,
                21.01406
              ],
              [
                105.948948,
                21.014056
              ],
              [
                105.949021,
                21.014066
              ],
              [
                105.949039,
                21.014061
              ],
              [
                105.949052,
                21.014054
              ],
              [
                105.949077,
                21.014024
              ],
              [
                105.949101,
                21.013993
              ],
              [
                105.949106,
                21.013974
              ],
              [
                105.949109,
                21.013943
              ],
              [
                105.949117,
                21.013924
              ],
              [
                105.949131,
                21.013908
              ],
              [
                105.949157,
                21.013888
              ],
              [
                105.949274,
                21.013806
              ],
              [
                105.949402,
                21.013719
              ],
              [
                105.949503,
                21.013642
              ],
              [
                105.94967,
                21.013509
              ],
              [
                105.949799,
                21.013406
              ],
              [
                105.949817,
                21.013392
              ],
              [
                105.949895,
                21.013329
              ],
              [
                105.94995,
                21.013293
              ],
              [
                105.950003,
                21.013263
              ],
              [
                105.950079,
                21.013209
              ],
              [
                105.950293,
                21.013051
              ],
              [
                105.950468,
                21.012935
              ],
              [
                105.950527,
                21.012904
              ],
              [
                105.950587,
                21.012872
              ],
              [
                105.950847,
                21.012652
              ],
              [
                105.950915,
                21.01259
              ],
              [
                105.951122,
                21.012429
              ],
              [
                105.951283,
                21.0123
              ],
              [
                105.951457,
                21.012171
              ],
              [
                105.951496,
                21.012151
              ],
              [
                105.951542,
                21.012138
              ],
              [
                105.951582,
                21.012127
              ],
              [
                105.951661,
                21.012193
              ],
              [
                105.951664,
                21.012197
              ],
              [
                105.951698,
                21.012242
              ],
              [
                105.951703,
                21.012238
              ],
              [
                105.951734,
                21.012215
              ],
              [
                105.951895,
                21.012097
              ],
              [
                105.951912,
                21.012085
              ],
              [
                105.951958,
                21.012048
              ],
              [
                105.952185,
                21.012317
              ],
              [
                105.952259,
                21.01238
              ],
              [
                105.952523,
                21.012701
              ],
              [
                105.952564,
                21.01275
              ],
              [
                105.952679,
                21.012886
              ],
              [
                105.952765,
                21.012987
              ],
              [
                105.952873,
                21.013114
              ],
              [
                105.95303,
                21.013303
              ],
              [
                105.953041,
                21.013316
              ],
              [
                105.953236,
                21.01355
              ],
              [
                105.953302,
                21.013631
              ],
              [
                105.953615,
                21.014023
              ],
              [
                105.953643,
                21.014058
              ],
              [
                105.953645,
                21.014061
              ],
              [
                105.953726,
                21.014149
              ],
              [
                105.953908,
                21.01435
              ],
              [
                105.954116,
                21.014608
              ],
              [
                105.954179,
                21.014686
              ],
              [
                105.954179,
                21.014687
              ],
              [
                105.954358,
                21.014904
              ],
              [
                105.954368,
                21.014916
              ],
              [
                105.954375,
                21.014924
              ],
              [
                105.954482,
                21.015053
              ],
              [
                105.954708,
                21.015326
              ],
              [
                105.954729,
                21.015352
              ],
              [
                105.954776,
                21.015408
              ],
              [
                105.954988,
                21.015664
              ],
              [
                105.955106,
                21.015807
              ],
              [
                105.955198,
                21.015917
              ],
              [
                105.955362,
                21.016113
              ],
              [
                105.955393,
                21.01615
              ],
              [
                105.955448,
                21.016221
              ],
              [
                105.955588,
                21.0164
              ],
              [
                105.955668,
                21.016489
              ],
              [
                105.95573,
                21.016558
              ],
              [
                105.955737,
                21.016567
              ],
              [
                105.955825,
                21.016671
              ],
              [
                105.955901,
                21.016763
              ],
              [
                105.955937,
                21.016806
              ],
              [
                105.956061,
                21.016956
              ],
              [
                105.956244,
                21.017175
              ],
              [
                105.956293,
                21.017235
              ],
              [
                105.95641,
                21.017378
              ],
              [
                105.956448,
                21.017424
              ],
              [
                105.956464,
                21.017443
              ],
              [
                105.956489,
                21.017475
              ],
              [
                105.956491,
                21.017477
              ],
              [
                105.956574,
                21.017581
              ],
              [
                105.956673,
                21.017704
              ],
              [
                105.956691,
                21.017726
              ],
              [
                105.956757,
                21.01781
              ],
              [
                105.956757,
                21.01781
              ],
              [
                105.956757,
                21.01781
              ],
              [
                105.956718,
                21.017831
              ],
              [
                105.956676,
                21.017853
              ],
              [
                105.956556,
                21.017932
              ],
              [
                105.956593,
                21.017986
              ],
              [
                105.956597,
                21.017992
              ],
              [
                105.956617,
                21.018023
              ],
              [
                105.956639,
                21.018055
              ],
              [
                105.956654,
                21.018077
              ],
              [
                105.956671,
                21.018101
              ],
              [
                105.956686,
                21.018124
              ],
              [
                105.956702,
                21.018148
              ],
              [
                105.956718,
                21.01817
              ],
              [
                105.956725,
                21.01818
              ],
              [
                105.956734,
                21.018195
              ],
              [
                105.95675,
                21.018217
              ],
              [
                105.956766,
                21.018241
              ],
              [
                105.956781,
                21.018264
              ],
              [
                105.956798,
                21.018288
              ],
              [
                105.956813,
                21.018311
              ],
              [
                105.956828,
                21.018333
              ],
              [
                105.956845,
                21.018358
              ],
              [
                105.956867,
                21.01839
              ],
              [
                105.956895,
                21.018432
              ],
              [
                105.956924,
                21.018474
              ],
              [
                105.956945,
                21.018506
              ],
              [
                105.95696,
                21.018528
              ],
              [
                105.956976,
                21.018551
              ],
              [
                105.956991,
                21.018573
              ],
              [
                105.957006,
                21.018595
              ],
              [
                105.957021,
                21.018616
              ],
              [
                105.957036,
                21.018638
              ],
              [
                105.957051,
                21.01866
              ],
              [
                105.957067,
                21.018682
              ],
              [
                105.957081,
                21.018703
              ],
              [
                105.957104,
                21.018734
              ],
              [
                105.957126,
                21.018764
              ],
              [
                105.957148,
                21.018795
              ],
              [
                105.95717,
                21.018825
              ],
              [
                105.957185,
                21.018845
              ],
              [
                105.957205,
                21.018873
              ],
              [
                105.957221,
                21.018895
              ],
              [
                105.957237,
                21.018916
              ],
              [
                105.957253,
                21.018938
              ],
              [
                105.957268,
                21.01896
              ],
              [
                105.957284,
                21.018982
              ],
              [
                105.9573,
                21.019003
              ],
              [
                105.957317,
                21.019027
              ],
              [
                105.957334,
                21.019051
              ],
              [
                105.95735,
                21.019073
              ],
              [
                105.957366,
                21.019096
              ],
              [
                105.957383,
                21.019119
              ],
              [
                105.957399,
                21.019142
              ],
              [
                105.957415,
                21.019165
              ],
              [
                105.957432,
                21.019188
              ],
              [
                105.957448,
                21.01921
              ],
              [
                105.957464,
                21.019233
              ],
              [
                105.957483,
                21.019259
              ],
              [
                105.957503,
                21.019289
              ],
              [
                105.95752,
                21.019313
              ],
              [
                105.957539,
                21.019339
              ],
              [
                105.957556,
                21.019363
              ],
              [
                105.957574,
                21.01939
              ],
              [
                105.957597,
                21.019422
              ],
              [
                105.95765,
                21.019488
              ],
              [
                105.957652,
                21.01949
              ],
              [
                105.957683,
                21.019485
              ],
              [
                105.957687,
                21.019484
              ],
              [
                105.958076,
                21.019638
              ],
              [
                105.95815,
                21.019666
              ],
              [
                105.958401,
                21.019766
              ],
              [
                105.958575,
                21.019809
              ],
              [
                105.958609,
                21.019821
              ],
              [
                105.95864,
                21.019832
              ],
              [
                105.958679,
                21.019846
              ],
              [
                105.958738,
                21.019867
              ],
              [
                105.958907,
                21.019927
              ],
              [
                105.959074,
                21.019984
              ],
              [
                105.959091,
                21.01999
              ],
              [
                105.959262,
                21.020055
              ],
              [
                105.959295,
                21.02007
              ],
              [
                105.959436,
                21.020136
              ],
              [
                105.959568,
                21.020187
              ],
              [
                105.959632,
                21.020213
              ],
              [
                105.959838,
                21.020293
              ],
              [
                105.959843,
                21.020295
              ],
              [
                105.960121,
                21.020375
              ],
              [
                105.960239,
                21.020434
              ],
              [
                105.961318,
                21.020844
              ],
              [
                105.961987,
                21.021076
              ],
              [
                105.962785,
                21.021367
              ],
              [
                105.963062,
                21.021426
              ],
              [
                105.96359,
                21.021588
              ],
              [
                105.963951,
                21.021684
              ],
              [
                105.964173,
                21.021377
              ],
              [
                105.964506,
                21.020943
              ],
              [
                105.964788,
                21.020567
              ],
              [
                105.964828,
                21.020495
              ],
              [
                105.96483,
                21.020493
              ],
              [
                105.964833,
                21.020488
              ],
              [
                105.964835,
                21.020485
              ],
              [
                105.96486,
                21.020495
              ],
              [
                105.964981,
                21.020568
              ],
              [
                105.965064,
                21.020624
              ],
              [
                105.965117,
                21.020673
              ],
              [
                105.965241,
                21.020464
              ],
              [
                105.965365,
                21.020298
              ],
              [
                105.965492,
                21.020128
              ],
              [
                105.96556,
                21.020048
              ],
              [
                105.965571,
                21.020035
              ],
              [
                105.965496,
                21.019986
              ],
              [
                105.9654,
                21.019932
              ],
              [
                105.965448,
                21.019846
              ],
              [
                105.965534,
                21.019671
              ],
              [
                105.965712,
                21.01978
              ],
              [
                105.965742,
                21.0198
              ],
              [
                105.965769,
                21.019818
              ],
              [
                105.96579,
                21.019831
              ],
              [
                105.965812,
                21.019846
              ],
              [
                105.966056,
                21.020008
              ],
              [
                105.966261,
                21.020145
              ],
              [
                105.96632,
                21.020184
              ],
              [
                105.966578,
                21.019645
              ],
              [
                105.966896,
                21.019094
              ],
              [
                105.967193,
                21.01869
              ],
              [
                105.968261,
                21.017714
              ],
              [
                105.968867,
                21.017276
              ],
              [
                105.969374,
                21.016723
              ],
              [
                105.969825,
                21.016227
              ],
              [
                105.970143,
                21.01581
              ],
              [
                105.970521,
                21.015176
              ],
              [
                105.971256,
                21.013737
              ],
              [
                105.972176,
                21.012088
              ],
              [
                105.973026,
                21.010306
              ],
              [
                105.973672,
                21.008865
              ],
              [
                105.973933,
                21.008191
              ],
              [
                105.974576,
                21.006169
              ],
              [
                105.975247,
                21.004464
              ],
              [
                105.975756,
                21.002955
              ],
              [
                105.976115,
                21.00182
              ],
              [
                105.976583,
                21.000885
              ],
              [
                105.97687,
                21.000424
              ],
              [
                105.977506,
                20.99956
              ],
              [
                105.977968,
                20.999018
              ],
              [
                105.977157,
                20.998906
              ],
              [
                105.977085,
                20.998828
              ],
              [
                105.977031,
                20.998771
              ],
              [
                105.976985,
                20.998723
              ],
              [
                105.97695,
                20.998677
              ],
              [
                105.97691,
                20.998627
              ],
              [
                105.976881,
                20.998594
              ],
              [
                105.976863,
                20.998569
              ],
              [
                105.976838,
                20.998532
              ],
              [
                105.976818,
                20.998489
              ],
              [
                105.976808,
                20.998481
              ],
              [
                105.976789,
                20.998458
              ],
              [
                105.976733,
                20.99839
              ],
              [
                105.976676,
                20.998322
              ],
              [
                105.976617,
                20.998252
              ],
              [
                105.976549,
                20.998174
              ],
              [
                105.976518,
                20.998138
              ],
              [
                105.97644,
                20.998049
              ],
              [
                105.976386,
                20.997987
              ],
              [
                105.976273,
                20.997858
              ],
              [
                105.97626,
                20.997843
              ],
              [
                105.976238,
                20.997856
              ],
              [
                105.976126,
                20.997922
              ],
              [
                105.976059,
                20.997962
              ],
              [
                105.97602,
                20.997985
              ],
              [
                105.975943,
                20.998031
              ],
              [
                105.975779,
                20.998128
              ],
              [
                105.975685,
                20.998048
              ],
              [
                105.975666,
                20.998032
              ],
              [
                105.97551,
                20.9979
              ],
              [
                105.975502,
                20.997893
              ],
              [
                105.975498,
                20.99789
              ],
              [
                105.975497,
                20.997889
              ],
              [
                105.975493,
                20.997886
              ],
              [
                105.975478,
                20.997873
              ],
              [
                105.975456,
                20.997854
              ],
              [
                105.97544,
                20.997841
              ],
              [
                105.975439,
                20.99784
              ],
              [
                105.97529,
                20.997715
              ],
              [
                105.975199,
                20.997642
              ],
              [
                105.975112,
                20.997572
              ],
              [
                105.97501,
                20.997491
              ],
              [
                105.97465,
                20.997205
              ],
              [
                105.974427,
                20.997027
              ],
              [
                105.974411,
                20.997014
              ],
              [
                105.974394,
                20.997001
              ],
              [
                105.974362,
                20.996975
              ],
              [
                105.97428,
                20.99691
              ],
              [
                105.9742,
                20.996843
              ],
              [
                105.974125,
                20.996779
              ],
              [
                105.973994,
                20.996669
              ],
              [
                105.97398,
                20.996656
              ],
              [
                105.973669,
                20.996394
              ],
              [
                105.973566,
                20.996307
              ],
              [
                105.973552,
                20.996305
              ],
              [
                105.973542,
                20.996319
              ],
              [
                105.973542,
                20.99632
              ],
              [
                105.973535,
                20.99632
              ],
              [
                105.973464,
                20.996318
              ],
              [
                105.973357,
                20.996315
              ],
              [
                105.973246,
                20.996311
              ],
              [
                105.973124,
                20.996308
              ],
              [
                105.973033,
                20.996304
              ],
              [
                105.973019,
                20.996305
              ],
              [
                105.973012,
                20.996307
              ],
              [
                105.97294,
                20.996359
              ],
              [
                105.972866,
                20.996414
              ],
              [
                105.97279,
                20.996469
              ],
              [
                105.972712,
                20.996527
              ],
              [
                105.972682,
                20.996548
              ],
              [
                105.972627,
                20.996587
              ],
              [
                105.972548,
                20.996645
              ],
              [
                105.97247,
                20.996703
              ],
              [
                105.97247,
                20.996703
              ],
              [
                105.972392,
                20.99676
              ],
              [
                105.972315,
                20.996817
              ],
              [
                105.972244,
                20.996871
              ],
              [
                105.972231,
                20.996881
              ],
              [
                105.972227,
                20.996882
              ],
              [
                105.972224,
                20.996879
              ],
              [
                105.972213,
                20.996871
              ],
              [
                105.972203,
                20.996864
              ],
              [
                105.972192,
                20.996858
              ],
              [
                105.972186,
                20.996857
              ],
              [
                105.972185,
                20.996856
              ],
              [
                105.97217,
                20.996852
              ],
              [
                105.972169,
                20.996852
              ],
              [
                105.971904,
                20.997099
              ],
              [
                105.971861,
                20.997139
              ],
              [
                105.971736,
                20.997012
              ],
              [
                105.971741,
                20.99698
              ],
              [
                105.971804,
                20.996622
              ],
              [
                105.971677,
                20.996535
              ],
              [
                105.971628,
                20.996501
              ],
              [
                105.971622,
                20.996496
              ],
              [
                105.971478,
                20.996397
              ],
              [
                105.971582,
                20.996233
              ],
              [
                105.971708,
                20.996024
              ],
              [
                105.971718,
                20.996007
              ],
              [
                105.971408,
                20.995714
              ],
              [
                105.97145,
                20.995343
              ],
              [
                105.971451,
                20.99526
              ],
              [
                105.971462,
                20.995109
              ],
              [
                105.971472,
                20.994958
              ],
              [
                105.971483,
                20.994806
              ],
              [
                105.971495,
                20.994653
              ],
              [
                105.971485,
                20.994484
              ],
              [
                105.971511,
                20.994454
              ],
              [
                105.971621,
                20.994325
              ],
              [
                105.97196,
                20.993928
              ],
              [
                105.971975,
                20.99391
              ],
              [
                105.972138,
                20.993722
              ],
              [
                105.972241,
                20.993603
              ],
              [
                105.972267,
                20.99355
              ],
              [
                105.972285,
                20.993446
              ],
              [
                105.972331,
                20.993081
              ],
              [
                105.972333,
                20.993063
              ],
              [
                105.972366,
                20.992795
              ],
              [
                105.972413,
                20.992415
              ],
              [
                105.972427,
                20.992331
              ],
              [
                105.972445,
                20.992221
              ],
              [
                105.972474,
                20.992042
              ],
              [
                105.972479,
                20.992007
              ],
              [
                105.972457,
                20.991878
              ],
              [
                105.972427,
                20.991583
              ],
              [
                105.972427,
                20.991582
              ],
              [
                105.972407,
                20.991385
              ],
              [
                105.972348,
                20.990744
              ],
              [
                105.972299,
                20.990255
              ],
              [
                105.972291,
                20.990166
              ],
              [
                105.972287,
                20.990128
              ],
              [
                105.972261,
                20.989814
              ],
              [
                105.972237,
                20.989773
              ],
              [
                105.972226,
                20.989766
              ],
              [
                105.972183,
                20.989739
              ],
              [
                105.971993,
                20.989682
              ],
              [
                105.971409,
                20.9895
              ],
              [
                105.970973,
                20.989365
              ],
              [
                105.970286,
                20.989156
              ],
              [
                105.969542,
                20.988925
              ],
              [
                105.969528,
                20.988921
              ],
              [
                105.969521,
                20.988919
              ],
              [
                105.969224,
                20.988836
              ],
              [
                105.969223,
                20.988836
              ],
              [
                105.969217,
                20.988834
              ],
              [
                105.968997,
                20.98877
              ],
              [
                105.968963,
                20.988737
              ],
              [
                105.968926,
                20.988722
              ],
              [
                105.968872,
                20.988685
              ],
              [
                105.96887,
                20.988684
              ],
              [
                105.968833,
                20.988672
              ],
              [
                105.968829,
                20.98867
              ],
              [
                105.968807,
                20.988665
              ],
              [
                105.968806,
                20.988665
              ],
              [
                105.966643,
                20.991021
              ],
              [
                105.966642,
                20.991022
              ],
              [
                105.966579,
                20.990984
              ],
              [
                105.966577,
                20.990983
              ],
              [
                105.965636,
                20.99041
              ],
              [
                105.965636,
                20.99041
              ],
              [
                105.965636,
                20.99041
              ],
              [
                105.965632,
                20.990415
              ],
              [
                105.965488,
                20.990574
              ],
              [
                105.965358,
                20.990719
              ],
              [
                105.965268,
                20.99082
              ],
              [
                105.96518,
                20.990918
              ],
              [
                105.965127,
                20.99097
              ],
              [
                105.965094,
                20.991004
              ],
              [
                105.965077,
                20.991017
              ],
              [
                105.96507,
                20.991023
              ],
              [
                105.964993,
                20.990988
              ],
              [
                105.964974,
                20.990979
              ],
              [
                105.964829,
                20.990898
              ],
              [
                105.964724,
                20.990839
              ],
              [
                105.964707,
                20.99083
              ],
              [
                105.964566,
                20.990752
              ],
              [
                105.964477,
                20.9907
              ],
              [
                105.964394,
                20.990656
              ],
              [
                105.964066,
                20.990478
              ],
              [
                105.964073,
                20.990471
              ],
              [
                105.964063,
                20.990466
              ],
              [
                105.96405,
                20.990459
              ],
              [
                105.963481,
                20.990162
              ],
              [
                105.962662,
                20.989726
              ],
              [
                105.962394,
                20.989583
              ],
              [
                105.962316,
                20.989541
              ],
              [
                105.962271,
                20.989514
              ],
              [
                105.962005,
                20.989357
              ],
              [
                105.961835,
                20.98926
              ],
              [
                105.961785,
                20.989233
              ],
              [
                105.961605,
                20.989162
              ],
              [
                105.961566,
                20.989044
              ],
              [
                105.961563,
                20.989034
              ],
              [
                105.961509,
                20.988865
              ],
              [
                105.96143,
                20.988613
              ],
              [
                105.961424,
                20.988596
              ],
              [
                105.961386,
                20.988473
              ],
              [
                105.961358,
                20.988388
              ],
              [
                105.961348,
                20.988354
              ],
              [
                105.961363,
                20.988327
              ],
              [
                105.961604,
                20.988064
              ],
              [
                105.961672,
                20.987989
              ],
              [
                105.961982,
                20.987652
              ],
              [
                105.962114,
                20.987521
              ],
              [
                105.962604,
                20.987004
              ],
              [
                105.96277,
                20.986824
              ],
              [
                105.96293,
                20.986636
              ],
              [
                105.962963,
                20.986609
              ],
              [
                105.963059,
                20.986499
              ],
              [
                105.963135,
                20.986412
              ],
              [
                105.963287,
                20.986238
              ],
              [
                105.963402,
                20.986112
              ],
              [
                105.963474,
                20.98605
              ],
              [
                105.963494,
                20.986027
              ],
              [
                105.963481,
                20.98602
              ],
              [
                105.963282,
                20.98591
              ],
              [
                105.963286,
                20.985905
              ],
              [
                105.96343,
                20.985692
              ],
              [
                105.96343,
                20.985692
              ],
              [
                105.963504,
                20.985582
              ],
              [
                105.963509,
                20.985575
              ],
              [
                105.963351,
                20.985478
              ],
              [
                105.963441,
                20.985349
              ],
              [
                105.963561,
                20.985168
              ],
              [
                105.963686,
                20.984984
              ],
              [
                105.963805,
                20.984805
              ],
              [
                105.963932,
                20.984615
              ],
              [
                105.963961,
                20.984575
              ],
              [
                105.963984,
                20.984541
              ],
              [
                105.963992,
                20.98453
              ],
              [
                105.963993,
                20.984529
              ],
              [
                105.964282,
                20.984689
              ],
              [
                105.964381,
                20.984745
              ],
              [
                105.964625,
                20.984884
              ],
              [
                105.964975,
                20.985072
              ],
              [
                105.965105,
                20.985146
              ],
              [
                105.965119,
                20.985103
              ],
              [
                105.965138,
                20.985046
              ],
              [
                105.965134,
                20.985025
              ],
              [
                105.965127,
                20.984991
              ],
              [
                105.965126,
                20.984974
              ],
              [
                105.965128,
                20.984947
              ],
              [
                105.965129,
                20.984923
              ],
              [
                105.965129,
                20.984905
              ],
              [
                105.965133,
                20.984839
              ],
              [
                105.96513,
                20.984753
              ],
              [
                105.965133,
                20.984708
              ],
              [
                105.965137,
                20.984678
              ],
              [
                105.965137,
                20.98466
              ],
              [
                105.965132,
                20.984601
              ],
              [
                105.965128,
                20.984503
              ],
              [
                105.965126,
                20.984469
              ],
              [
                105.96512,
                20.984446
              ],
              [
                105.965113,
                20.984425
              ],
              [
                105.965117,
                20.984388
              ],
              [
                105.965113,
                20.984345
              ],
              [
                105.96511,
                20.984311
              ],
              [
                105.9651,
                20.98421
              ],
              [
                105.965099,
                20.984193
              ],
              [
                105.965096,
                20.984164
              ],
              [
                105.964983,
                20.984115
              ],
              [
                105.964906,
                20.984091
              ],
              [
                105.964859,
                20.984042
              ],
              [
                105.964787,
                20.983971
              ],
              [
                105.964784,
                20.983969
              ],
              [
                105.96461,
                20.983884
              ],
              [
                105.96459,
                20.983789
              ],
              [
                105.964583,
                20.983784
              ],
              [
                105.964579,
                20.983768
              ],
              [
                105.963421,
                20.983084
              ],
              [
                105.963251,
                20.982939
              ],
              [
                105.963249,
                20.982934
              ],
              [
                105.963249,
                20.982933
              ],
              [
                105.962989,
                20.982713
              ],
              [
                105.96274,
                20.982285
              ],
              [
                105.962735,
                20.982286
              ],
              [
                105.962733,
                20.982283
              ],
              [
                105.962335,
                20.982342
              ],
              [
                105.961985,
                20.98167
              ],
              [
                105.961863,
                20.981398
              ],
              [
                105.961983,
                20.98135
              ],
              [
                105.962159,
                20.981283
              ],
              [
                105.962319,
                20.981221
              ],
              [
                105.962326,
                20.981218
              ],
              [
                105.962333,
                20.981215
              ],
              [
                105.962386,
                20.981135
              ],
              [
                105.9624,
                20.981114
              ],
              [
                105.962472,
                20.981007
              ],
              [
                105.962501,
                20.980963
              ],
              [
                105.962585,
                20.980825
              ],
              [
                105.962676,
                20.980684
              ],
              [
                105.962773,
                20.980543
              ],
              [
                105.962864,
                20.980404
              ],
              [
                105.962953,
                20.980264
              ],
              [
                105.962972,
                20.980233
              ],
              [
                105.962975,
                20.980229
              ],
              [
                105.962976,
                20.980228
              ],
              [
                105.962979,
                20.980223
              ],
              [
                105.962981,
                20.980219
              ],
              [
                105.962981,
                20.980219
              ],
              [
                105.962981,
                20.980219
              ],
              [
                105.962976,
                20.980205
              ],
              [
                105.962971,
                20.980193
              ],
              [
                105.962936,
                20.9801
              ],
              [
                105.962906,
                20.98002
              ],
              [
                105.962769,
                20.979657
              ],
              [
                105.962532,
                20.979026
              ],
              [
                105.96221,
                20.978177
              ],
              [
                105.962132,
                20.978
              ],
              [
                105.961986,
                20.977618
              ],
              [
                105.961838,
                20.977236
              ],
              [
                105.961665,
                20.976787
              ],
              [
                105.961562,
                20.97651
              ],
              [
                105.96154,
                20.976451
              ],
              [
                105.961477,
                20.976288
              ],
              [
                105.961458,
                20.976225
              ],
              [
                105.961379,
                20.976024
              ],
              [
                105.961329,
                20.975893
              ],
              [
                105.961355,
                20.975875
              ],
              [
                105.961354,
                20.97587
              ],
              [
                105.961457,
                20.975803
              ],
              [
                105.961714,
                20.975646
              ],
              [
                105.961768,
                20.975611
              ],
              [
                105.961954,
                20.975499
              ],
              [
                105.962068,
                20.975427
              ],
              [
                105.962408,
                20.975219
              ],
              [
                105.962821,
                20.974969
              ],
              [
                105.962923,
                20.974915
              ],
              [
                105.962996,
                20.974871
              ],
              [
                105.963044,
                20.974842
              ],
              [
                105.963045,
                20.974838
              ],
              [
                105.963035,
                20.974782
              ],
              [
                105.963037,
                20.974752
              ],
              [
                105.96305,
                20.974709
              ],
              [
                105.963048,
                20.974685
              ],
              [
                105.962866,
                20.974329
              ],
              [
                105.962649,
                20.973927
              ],
              [
                105.962566,
                20.973739
              ],
              [
                105.962547,
                20.973703
              ],
              [
                105.962451,
                20.973519
              ],
              [
                105.962697,
                20.973398
              ],
              [
                105.962906,
                20.973301
              ],
              [
                105.963245,
                20.973138
              ],
              [
                105.963657,
                20.972946
              ],
              [
                105.964042,
                20.972772
              ],
              [
                105.964506,
                20.972558
              ],
              [
                105.964633,
                20.972501
              ],
              [
                105.964716,
                20.972463
              ],
              [
                105.964731,
                20.972312
              ],
              [
                105.964761,
                20.971989
              ],
              [
                105.964774,
                20.971825
              ],
              [
                105.964792,
                20.971602
              ],
              [
                105.964832,
                20.97127
              ],
              [
                105.964872,
                20.970927
              ],
              [
                105.964915,
                20.97054
              ],
              [
                105.964945,
                20.97016
              ],
              [
                105.964984,
                20.969777
              ],
              [
                105.965012,
                20.969487
              ],
              [
                105.965049,
                20.969209
              ],
              [
                105.965074,
                20.968913
              ],
              [
                105.965111,
                20.968751
              ],
              [
                105.965127,
                20.968609
              ],
              [
                105.96514,
                20.968492
              ],
              [
                105.965167,
                20.968242
              ],
              [
                105.965169,
                20.968225
              ],
              [
                105.965201,
                20.967934
              ],
              [
                105.964877,
                20.967943
              ],
              [
                105.964605,
                20.967951
              ],
              [
                105.964469,
                20.967955
              ],
              [
                105.96443,
                20.967956
              ],
              [
                105.96443,
                20.967954
              ],
              [
                105.964442,
                20.967366
              ],
              [
                105.964438,
                20.967332
              ],
              [
                105.964489,
                20.966646
              ],
              [
                105.96448,
                20.966045
              ],
              [
                105.964477,
                20.965884
              ],
              [
                105.964717,
                20.965884
              ],
              [
                105.9644,
                20.964611
              ],
              [
                105.964348,
                20.964412
              ],
              [
                105.96433,
                20.964357
              ],
              [
                105.964239,
                20.963997
              ],
              [
                105.964077,
                20.963556
              ],
              [
                105.964061,
                20.963512
              ],
              [
                105.964033,
                20.963435
              ],
              [
                105.964023,
                20.963409
              ],
              [
                105.963736,
                20.963435
              ],
              [
                105.962854,
                20.963514
              ],
              [
                105.962819,
                20.963525
              ],
              [
                105.962719,
                20.963558
              ],
              [
                105.962603,
                20.963597
              ],
              [
                105.962523,
                20.963625
              ],
              [
                105.962433,
                20.963656
              ],
              [
                105.962157,
                20.963751
              ],
              [
                105.962134,
                20.963759
              ],
              [
                105.961911,
                20.963836
              ],
              [
                105.961637,
                20.963924
              ],
              [
                105.961633,
                20.963914
              ],
              [
                105.961587,
                20.963814
              ],
              [
                105.961321,
                20.963219
              ],
              [
                105.961317,
                20.96321
              ],
              [
                105.961311,
                20.963209
              ],
              [
                105.96131,
                20.963208
              ],
              [
                105.961106,
                20.963198
              ],
              [
                105.960767,
                20.963339
              ],
              [
                105.960208,
                20.963563
              ],
              [
                105.959979,
                20.963701
              ],
              [
                105.959965,
                20.963711
              ],
              [
                105.959613,
                20.963916
              ],
              [
                105.959471,
                20.963999
              ],
              [
                105.959298,
                20.964099
              ],
              [
                105.959175,
                20.96416
              ],
              [
                105.95917,
                20.964164
              ],
              [
                105.959167,
                20.964166
              ],
              [
                105.959165,
                20.964169
              ],
              [
                105.959165,
                20.964173
              ],
              [
                105.959168,
                20.96419
              ],
              [
                105.95918,
                20.96423
              ],
              [
                105.959219,
                20.964331
              ],
              [
                105.959252,
                20.964407
              ],
              [
                105.959253,
                20.964412
              ],
              [
                105.959253,
                20.964419
              ],
              [
                105.959251,
                20.964421
              ],
              [
                105.959249,
                20.964423
              ],
              [
                105.959247,
                20.964424
              ],
              [
                105.959335,
                20.964649
              ],
              [
                105.959328,
                20.964652
              ],
              [
                105.958714,
                20.964838
              ],
              [
                105.958712,
                20.964843
              ],
              [
                105.95871,
                20.964848
              ],
              [
                105.958688,
                20.965016
              ],
              [
                105.958654,
                20.965264
              ],
              [
                105.958653,
                20.965271
              ],
              [
                105.958652,
                20.965286
              ],
              [
                105.958652,
                20.965286
              ],
              [
                105.958608,
                20.96575
              ],
              [
                105.95859,
                20.965911
              ],
              [
                105.958588,
                20.965928
              ],
              [
                105.958575,
                20.966051
              ],
              [
                105.95855,
                20.966052
              ],
              [
                105.958484,
                20.966056
              ],
              [
                105.958077,
                20.966083
              ],
              [
                105.957897,
                20.966093
              ],
              [
                105.957685,
                20.966105
              ],
              [
                105.957312,
                20.966121
              ],
              [
                105.957209,
                20.966124
              ],
              [
                105.957041,
                20.96613
              ],
              [
                105.956944,
                20.966135
              ],
              [
                105.95679,
                20.966138
              ],
              [
                105.95679,
                20.966144
              ],
              [
                105.95679,
                20.966144
              ],
              [
                105.956789,
                20.966186
              ],
              [
                105.95679,
                20.966191
              ],
              [
                105.95679,
                20.966192
              ],
              [
                105.956789,
                20.966461
              ],
              [
                105.956788,
                20.966517
              ],
              [
                105.956787,
                20.967149
              ],
              [
                105.956786,
                20.967761
              ],
              [
                105.956787,
                20.967851
              ],
              [
                105.956788,
                20.967938
              ],
              [
                105.956592,
                20.967953
              ],
              [
                105.95652,
                20.96797
              ],
              [
                105.956513,
                20.967972
              ],
              [
                105.956435,
                20.968005
              ],
              [
                105.956429,
                20.968008
              ],
              [
                105.956398,
                20.968024
              ],
              [
                105.956141,
                20.968185
              ],
              [
                105.955998,
                20.968012
              ],
              [
                105.955946,
                20.967986
              ],
              [
                105.955949,
                20.967953
              ],
              [
                105.955899,
                20.967774
              ],
              [
                105.955877,
                20.96772
              ],
              [
                105.955802,
                20.967537
              ],
              [
                105.955782,
                20.967443
              ],
              [
                105.955727,
                20.967174
              ],
              [
                105.95572,
                20.967175
              ],
              [
                105.955657,
                20.967186
              ],
              [
                105.955646,
                20.967188
              ],
              [
                105.955564,
                20.967209
              ],
              [
                105.955558,
                20.967211
              ],
              [
                105.955519,
                20.967223
              ],
              [
                105.955482,
                20.967232
              ],
              [
                105.955473,
                20.967232
              ],
              [
                105.955371,
                20.967258
              ],
              [
                105.955373,
                20.967275
              ],
              [
                105.955414,
                20.967525
              ],
              [
                105.955425,
                20.967592
              ],
              [
                105.955434,
                20.9677
              ],
              [
                105.955296,
                20.967712
              ],
              [
                105.955098,
                20.967735
              ],
              [
                105.955098,
                20.967732
              ],
              [
                105.955065,
                20.967598
              ],
              [
                105.955059,
                20.967598
              ],
              [
                105.955024,
                20.967599
              ],
              [
                105.954901,
                20.967602
              ],
              [
                105.954869,
                20.967602
              ],
              [
                105.954854,
                20.967603
              ],
              [
                105.954835,
                20.967603
              ],
              [
                105.95477,
                20.967618
              ],
              [
                105.954735,
                20.967626
              ],
              [
                105.954429,
                20.967748
              ],
              [
                105.954416,
                20.967753
              ],
              [
                105.954391,
                20.967763
              ],
              [
                105.954371,
                20.96777
              ],
              [
                105.954344,
                20.96779
              ],
              [
                105.954279,
                20.967778
              ],
              [
                105.954223,
                20.967784
              ],
              [
                105.954186,
                20.967794
              ],
              [
                105.954101,
                20.967825
              ],
              [
                105.954021,
                20.967855
              ],
              [
                105.953995,
                20.96787
              ],
              [
                105.953985,
                20.967879
              ],
              [
                105.953982,
                20.967882
              ],
              [
                105.953976,
                20.967888
              ],
              [
                105.953952,
                20.967932
              ],
              [
                105.953935,
                20.96797
              ],
              [
                105.953936,
                20.967988
              ],
              [
                105.953936,
                20.967989
              ],
              [
                105.953855,
                20.968027
              ],
              [
                105.953852,
                20.968023
              ],
              [
                105.953675,
                20.967825
              ],
              [
                105.953671,
                20.967825
              ],
              [
                105.953668,
                20.967823
              ],
              [
                105.953639,
                20.967827
              ],
              [
                105.953605,
                20.967846
              ],
              [
                105.95359,
                20.967853
              ],
              [
                105.953583,
                20.967826
              ],
              [
                105.953575,
                20.967797
              ],
              [
                105.95356,
                20.967763
              ],
              [
                105.953539,
                20.967716
              ],
              [
                105.953516,
                20.967683
              ],
              [
                105.953511,
                20.967684
              ],
              [
                105.95341,
                20.967696
              ],
              [
                105.952992,
                20.967748
              ],
              [
                105.952974,
                20.96775
              ],
              [
                105.95287,
                20.967763
              ],
              [
                105.952557,
                20.967802
              ],
              [
                105.952483,
                20.967811
              ],
              [
                105.952396,
                20.967832
              ],
              [
                105.952356,
                20.967826
              ],
              [
                105.952356,
                20.967825
              ],
              [
                105.95235,
                20.967825
              ],
              [
                105.952337,
                20.967761
              ],
              [
                105.952334,
                20.967748
              ],
              [
                105.952255,
                20.967395
              ],
              [
                105.952207,
                20.96711
              ],
              [
                105.951954,
                20.967112
              ],
              [
                105.951954,
                20.96711
              ],
              [
                105.951948,
                20.96711
              ],
              [
                105.951905,
                20.966914
              ],
              [
                105.951875,
                20.966887
              ],
              [
                105.951868,
                20.966802
              ],
              [
                105.951857,
                20.966658
              ],
              [
                105.951852,
                20.966595
              ],
              [
                105.951851,
                20.966595
              ],
              [
                105.951851,
                20.966595
              ],
              [
                105.951614,
                20.966621
              ],
              [
                105.951489,
                20.966639
              ],
              [
                105.951264,
                20.966672
              ],
              [
                105.951154,
                20.966689
              ],
              [
                105.951042,
                20.966707
              ],
              [
                105.950905,
                20.966717
              ],
              [
                105.95075,
                20.966707
              ],
              [
                105.950679,
                20.966705
              ],
              [
                105.950482,
                20.96671
              ],
              [
                105.950426,
                20.966711
              ],
              [
                105.950422,
                20.966985
              ],
              [
                105.950204,
                20.966985
              ],
              [
                105.950204,
                20.966983
              ],
              [
                105.950204,
                20.966979
              ],
              [
                105.950203,
                20.966778
              ],
              [
                105.950196,
                20.966778
              ],
              [
                105.950143,
                20.966777
              ],
              [
                105.95014,
                20.966775
              ],
              [
                105.950089,
                20.966744
              ],
              [
                105.950029,
                20.966706
              ],
              [
                105.950025,
                20.966706
              ],
              [
                105.949999,
                20.966704
              ],
              [
                105.949996,
                20.966702
              ],
              [
                105.949971,
                20.966688
              ],
              [
                105.949967,
                20.966687
              ],
              [
                105.949621,
                20.966653
              ],
              [
                105.949605,
                20.966651
              ],
              [
                105.949602,
                20.966732
              ],
              [
                105.949598,
                20.966815
              ],
              [
                105.949598,
                20.96686
              ],
              [
                105.949598,
                20.966874
              ],
              [
                105.949597,
                20.966885
              ],
              [
                105.949594,
                20.966921
              ],
              [
                105.949591,
                20.966951
              ],
              [
                105.949584,
                20.967017
              ],
              [
                105.949578,
                20.967017
              ],
              [
                105.949508,
                20.967019
              ],
              [
                105.949267,
                20.967028
              ],
              [
                105.949264,
                20.967028
              ],
              [
                105.949038,
                20.967054
              ],
              [
                105.948929,
                20.967038
              ],
              [
                105.948925,
                20.967036
              ],
              [
                105.948807,
                20.966991
              ],
              [
                105.948804,
                20.96699
              ],
              [
                105.948787,
                20.966988
              ],
              [
                105.948649,
                20.966967
              ],
              [
                105.948638,
                20.966965
              ],
              [
                105.948621,
                20.966972
              ],
              [
                105.948582,
                20.966987
              ],
              [
                105.948578,
                20.966989
              ],
              [
                105.94857,
                20.966994
              ],
              [
                105.948439,
                20.967081
              ],
              [
                105.948433,
                20.967085
              ],
              [
                105.948438,
                20.967086
              ],
              [
                105.948444,
                20.967089
              ],
              [
                105.948473,
                20.967131
              ],
              [
                105.948519,
                20.967183
              ],
              [
                105.948533,
                20.967215
              ],
              [
                105.94865,
                20.967153
              ],
              [
                105.948654,
                20.967157
              ],
              [
                105.948657,
                20.967155
              ],
              [
                105.948899,
                20.967461
              ],
              [
                105.948687,
                20.967556
              ],
              [
                105.948699,
                20.967587
              ],
              [
                105.94871,
                20.967625
              ],
              [
                105.94872,
                20.967671
              ],
              [
                105.948375,
                20.967756
              ],
              [
                105.948377,
                20.967763
              ],
              [
                105.948404,
                20.967827
              ],
              [
                105.948414,
                20.967865
              ],
              [
                105.948439,
                20.967929
              ],
              [
                105.948454,
                20.967969
              ],
              [
                105.948465,
                20.968031
              ],
              [
                105.948466,
                20.968062
              ],
              [
                105.948481,
                20.968146
              ],
              [
                105.948483,
                20.968163
              ],
              [
                105.948485,
                20.968286
              ],
              [
                105.948478,
                20.968325
              ],
              [
                105.948464,
                20.968386
              ],
              [
                105.948464,
                20.968386
              ],
              [
                105.948464,
                20.968389
              ],
              [
                105.948399,
                20.968376
              ],
              [
                105.948353,
                20.968366
              ],
              [
                105.948305,
                20.968356
              ],
              [
                105.948159,
                20.968328
              ],
              [
                105.948137,
                20.968324
              ],
              [
                105.948058,
                20.968306
              ],
              [
                105.948019,
                20.968298
              ],
              [
                105.947989,
                20.96829
              ],
              [
                105.947778,
                20.96824
              ],
              [
                105.947758,
                20.968527
              ],
              [
                105.947759,
                20.968748
              ],
              [
                105.947688,
                20.969116
              ],
              [
                105.947656,
                20.969276
              ],
              [
                105.947655,
                20.969281
              ],
              [
                105.947254,
                20.969222
              ],
              [
                105.945227,
                20.968864
              ],
              [
                105.944346,
                20.968709
              ],
              [
                105.944022,
                20.968662
              ],
              [
                105.94386,
                20.968639
              ],
              [
                105.941194,
                20.968199
              ],
              [
                105.940495,
                20.968097
              ],
              [
                105.940045,
                20.968004
              ],
              [
                105.939783,
                20.96795
              ],
              [
                105.939779,
                20.967968
              ],
              [
                105.93974,
                20.968144
              ],
              [
                105.939714,
                20.968259
              ],
              [
                105.939635,
                20.968727
              ],
              [
                105.939625,
                20.968772
              ],
              [
                105.939603,
                20.969074
              ],
              [
                105.939558,
                20.969076
              ],
              [
                105.939412,
                20.969095
              ],
              [
                105.939382,
                20.969101
              ],
              [
                105.93931,
                20.969114
              ],
              [
                105.939227,
                20.969141
              ],
              [
                105.939123,
                20.969174
              ],
              [
                105.939111,
                20.969176
              ],
              [
                105.939086,
                20.969181
              ],
              [
                105.939056,
                20.969187
              ],
              [
                105.939028,
                20.969193
              ],
              [
                105.939023,
                20.969194
              ],
              [
                105.938992,
                20.969201
              ],
              [
                105.93897,
                20.969205
              ],
              [
                105.938969,
                20.969206
              ],
              [
                105.938965,
                20.969208
              ],
              [
                105.93895,
                20.969215
              ],
              [
                105.938941,
                20.969225
              ],
              [
                105.938934,
                20.96924
              ],
              [
                105.938924,
                20.969262
              ],
              [
                105.938913,
                20.969285
              ],
              [
                105.938904,
                20.969307
              ],
              [
                105.938892,
                20.969331
              ],
              [
                105.938883,
                20.969353
              ],
              [
                105.938871,
                20.969377
              ],
              [
                105.938862,
                20.969399
              ],
              [
                105.938851,
                20.969423
              ],
              [
                105.938841,
                20.969445
              ],
              [
                105.93883,
                20.969468
              ],
              [
                105.938818,
                20.969489
              ],
              [
                105.938807,
                20.969513
              ],
              [
                105.938795,
                20.969533
              ],
              [
                105.938784,
                20.969557
              ],
              [
                105.938772,
                20.969578
              ],
              [
                105.938761,
                20.969601
              ],
              [
                105.938749,
                20.969622
              ],
              [
                105.938738,
                20.969646
              ],
              [
                105.938727,
                20.969667
              ],
              [
                105.938715,
                20.96969
              ],
              [
                105.938703,
                20.969716
              ],
              [
                105.938692,
                20.969739
              ],
              [
                105.938679,
                20.969765
              ],
              [
                105.938668,
                20.96979
              ],
              [
                105.938655,
                20.969815
              ],
              [
                105.938644,
                20.96984
              ],
              [
                105.938631,
                20.969866
              ],
              [
                105.93862,
                20.969891
              ],
              [
                105.938609,
                20.969914
              ],
              [
                105.938598,
                20.969939
              ],
              [
                105.938597,
                20.96994
              ],
              [
                105.938505,
                20.970211
              ],
              [
                105.938499,
                20.970207
              ],
              [
                105.938317,
                20.970108
              ],
              [
                105.938313,
                20.970108
              ],
              [
                105.937904,
                20.970044
              ],
              [
                105.937813,
                20.970029
              ],
              [
                105.937672,
                20.970006
              ],
              [
                105.937454,
                20.96997
              ],
              [
                105.937236,
                20.969937
              ],
              [
                105.936656,
                20.969847
              ],
              [
                105.936572,
                20.969834
              ],
              [
                105.936548,
                20.969838
              ],
              [
                105.936264,
                20.969831
              ],
              [
                105.936301,
                20.96988
              ],
              [
                105.936343,
                20.969929
              ],
              [
                105.936371,
                20.969962
              ],
              [
                105.936399,
                20.969994
              ],
              [
                105.936412,
                20.970011
              ],
              [
                105.936441,
                20.970046
              ],
              [
                105.936477,
                20.970092
              ],
              [
                105.93652,
                20.970144
              ],
              [
                105.936556,
                20.97019
              ],
              [
                105.936569,
                20.970205
              ],
              [
                105.936597,
                20.97024
              ],
              [
                105.936636,
                20.970285
              ],
              [
                105.936677,
                20.970334
              ],
              [
                105.936709,
                20.970373
              ],
              [
                105.936741,
                20.970412
              ],
              [
                105.936784,
                20.970463
              ],
              [
                105.9368,
                20.970483
              ],
              [
                105.936816,
                20.970503
              ],
              [
                105.93686,
                20.970555
              ],
              [
                105.936892,
                20.970595
              ],
              [
                105.936931,
                20.970645
              ],
              [
                105.936967,
                20.97069
              ],
              [
                105.937007,
                20.97074
              ],
              [
                105.937042,
                20.970786
              ],
              [
                105.937081,
                20.970831
              ],
              [
                105.937118,
                20.970874
              ],
              [
                105.937157,
                20.97092
              ],
              [
                105.937194,
                20.970963
              ],
              [
                105.937217,
                20.97099
              ],
              [
                105.937232,
                20.971009
              ],
              [
                105.937269,
                20.971055
              ],
              [
                105.937307,
                20.971101
              ],
              [
                105.937344,
                20.971146
              ],
              [
                105.937384,
                20.971191
              ],
              [
                105.937422,
                20.971235
              ],
              [
                105.937461,
                20.97128
              ],
              [
                105.937462,
                20.971281
              ],
              [
                105.937499,
                20.971323
              ],
              [
                105.937538,
                20.971369
              ],
              [
                105.937581,
                20.971418
              ],
              [
                105.937619,
                20.971465
              ],
              [
                105.937667,
                20.971523
              ],
              [
                105.937707,
                20.971572
              ],
              [
                105.937755,
                20.971631
              ],
              [
                105.937794,
                20.971679
              ],
              [
                105.937832,
                20.971725
              ],
              [
                105.937872,
                20.971771
              ],
              [
                105.937909,
                20.971817
              ],
              [
                105.937949,
                20.971864
              ],
              [
                105.937983,
                20.971905
              ],
              [
                105.938023,
                20.971953
              ],
              [
                105.938058,
                20.971995
              ],
              [
                105.938098,
                20.972043
              ],
              [
                105.938132,
                20.972084
              ],
              [
                105.938166,
                20.972124
              ],
              [
                105.938169,
                20.972128
              ],
              [
                105.938206,
                20.972172
              ],
              [
                105.93824,
                20.972213
              ],
              [
                105.93828,
                20.972261
              ],
              [
                105.938313,
                20.972302
              ],
              [
                105.938354,
                20.972351
              ],
              [
                105.93839,
                20.972394
              ],
              [
                105.93841,
                20.972419
              ],
              [
                105.93843,
                20.972443
              ],
              [
                105.938466,
                20.972487
              ],
              [
                105.938506,
                20.972535
              ],
              [
                105.938542,
                20.972578
              ],
              [
                105.938582,
                20.972626
              ],
              [
                105.938618,
                20.972669
              ],
              [
                105.938656,
                20.972715
              ],
              [
                105.93869,
                20.972755
              ],
              [
                105.938725,
                20.972796
              ],
              [
                105.938763,
                20.972841
              ],
              [
                105.938796,
                20.972881
              ],
              [
                105.938837,
                20.972932
              ],
              [
                105.93887,
                20.972972
              ],
              [
                105.938911,
                20.973023
              ],
              [
                105.938942,
                20.973061
              ],
              [
                105.938983,
                20.973109
              ],
              [
                105.939014,
                20.973148
              ],
              [
                105.939031,
                20.973168
              ],
              [
                105.939045,
                20.973185
              ],
              [
                105.939086,
                20.973233
              ],
              [
                105.939096,
                20.973244
              ],
              [
                105.939117,
                20.97327
              ],
              [
                105.939157,
                20.97332
              ],
              [
                105.939186,
                20.973354
              ],
              [
                105.939226,
                20.973404
              ],
              [
                105.939255,
                20.973439
              ],
              [
                105.939285,
                20.973475
              ],
              [
                105.939314,
                20.973509
              ],
              [
                105.939344,
                20.973545
              ],
              [
                105.939373,
                20.973579
              ],
              [
                105.939382,
                20.973589
              ],
              [
                105.939398,
                20.973608
              ],
              [
                105.93941,
                20.973623
              ],
              [
                105.93941,
                20.973623
              ],
              [
                105.939412,
                20.973626
              ],
              [
                105.939456,
                20.97368
              ],
              [
                105.9395,
                20.973734
              ],
              [
                105.939544,
                20.973789
              ],
              [
                105.939587,
                20.973843
              ],
              [
                105.939632,
                20.973897
              ],
              [
                105.939675,
                20.973952
              ],
              [
                105.93972,
                20.974006
              ],
              [
                105.939763,
                20.974061
              ],
              [
                105.939807,
                20.974099
              ],
              [
                105.939852,
                20.97414
              ],
              [
                105.939896,
                20.974178
              ],
              [
                105.939941,
                20.974219
              ],
              [
                105.939985,
                20.974257
              ],
              [
                105.94003,
                20.974298
              ],
              [
                105.940074,
                20.974336
              ],
              [
                105.94012,
                20.974377
              ],
              [
                105.940129,
                20.974385
              ],
              [
                105.940163,
                20.974415
              ],
              [
                105.940213,
                20.974459
              ],
              [
                105.940259,
                20.974502
              ],
              [
                105.940309,
                20.974546
              ],
              [
                105.940355,
                20.974588
              ],
              [
                105.940405,
                20.974632
              ],
              [
                105.940452,
                20.974675
              ],
              [
                105.940501,
                20.974719
              ],
              [
                105.940548,
                20.974761
              ],
              [
                105.940593,
                20.974804
              ],
              [
                105.940639,
                20.974846
              ],
              [
                105.940685,
                20.974888
              ],
              [
                105.940731,
                20.974931
              ],
              [
                105.940776,
                20.974973
              ],
              [
                105.940823,
                20.975016
              ],
              [
                105.940843,
                20.975035
              ],
              [
                105.940868,
                20.975058
              ],
              [
                105.940913,
                20.975098
              ],
              [
                105.940967,
                20.975144
              ],
              [
                105.941013,
                20.975184
              ],
              [
                105.941066,
                20.975229
              ],
              [
                105.941112,
                20.97527
              ],
              [
                105.941166,
                20.975315
              ],
              [
                105.941211,
                20.975355
              ],
              [
                105.941257,
                20.975395
              ],
              [
                105.94131,
                20.975441
              ],
              [
                105.941313,
                20.975443
              ],
              [
                105.941356,
                20.975481
              ],
              [
                105.941404,
                20.975524
              ],
              [
                105.94145,
                20.975564
              ],
              [
                105.941498,
                20.975607
              ],
              [
                105.941551,
                20.975654
              ],
              [
                105.9416,
                20.975696
              ],
              [
                105.941653,
                20.975743
              ],
              [
                105.941701,
                20.975786
              ],
              [
                105.941749,
                20.975829
              ],
              [
                105.941787,
                20.975862
              ],
              [
                105.941799,
                20.975872
              ],
              [
                105.941951,
                20.97577
              ],
              [
                105.942439,
                20.97609
              ],
              [
                105.942863,
                20.976478
              ],
              [
                105.943268,
                20.976823
              ],
              [
                105.94364,
                20.977009
              ],
              [
                105.944077,
                20.977162
              ],
              [
                105.944056,
                20.977213
              ],
              [
                105.944031,
                20.977271
              ],
              [
                105.944006,
                20.97733
              ],
              [
                105.943981,
                20.977388
              ],
              [
                105.943957,
                20.977447
              ],
              [
                105.943932,
                20.977505
              ],
              [
                105.943907,
                20.977564
              ],
              [
                105.943881,
                20.977617
              ],
              [
                105.943855,
                20.977671
              ],
              [
                105.943853,
                20.977675
              ],
              [
                105.943848,
                20.977684
              ],
              [
                105.944097,
                20.977804
              ],
              [
                105.943915,
                20.978119
              ],
              [
                105.943561,
                20.978494
              ],
              [
                105.943321,
                20.978749
              ],
              [
                105.943256,
                20.978943
              ],
              [
                105.943209,
                20.979158
              ],
              [
                105.9432,
                20.979364
              ],
              [
                105.943245,
                20.979631
              ],
              [
                105.943483,
                20.980165
              ],
              [
                105.943779,
                20.980766
              ],
              [
                105.943801,
                20.980852
              ],
              [
                105.944371,
                20.980821
              ],
              [
                105.944468,
                20.980847
              ],
              [
                105.944677,
                20.981298
              ],
              [
                105.944879,
                20.982001
              ],
              [
                105.944465,
                20.98261
              ],
              [
                105.943827,
                20.983495
              ],
              [
                105.943227,
                20.984311
              ],
              [
                105.942974,
                20.984649
              ],
              [
                105.942545,
                20.985192
              ],
              [
                105.94172,
                20.986236
              ],
              [
                105.941401,
                20.98662
              ],
              [
                105.940995,
                20.987112
              ],
              [
                105.940176,
                20.988068
              ],
              [
                105.939408,
                20.988944
              ],
              [
                105.938582,
                20.989871
              ],
              [
                105.937594,
                20.990969
              ],
              [
                105.937339,
                20.991238
              ],
              [
                105.936601,
                20.992045
              ],
              [
                105.935602,
                20.993135
              ],
              [
                105.935038,
                20.993746
              ],
              [
                105.933931,
                20.994935
              ],
              [
                105.933244,
                20.995679
              ],
              [
                105.932554,
                20.996419
              ],
              [
                105.931894,
                20.997147
              ],
              [
                105.930797,
                20.998338
              ],
              [
                105.930226,
                20.998962
              ],
              [
                105.930178,
                20.999014
              ],
              [
                105.929677,
                20.999565
              ],
              [
                105.928765,
                21.000562
              ],
              [
                105.928633,
                21.000708
              ],
              [
                105.928231,
                21.001143
              ],
              [
                105.92794,
                21.001459
              ],
              [
                105.92739,
                21.002055
              ],
              [
                105.926699,
                21.002807
              ],
              [
                105.925858,
                21.003719
              ],
              [
                105.925075,
                21.004557
              ],
              [
                105.924626,
                21.005035
              ],
              [
                105.923916,
                21.00582
              ],
              [
                105.923164,
                21.006628
              ],
              [
                105.92239,
                21.007477
              ],
              [
                105.921477,
                21.008468
              ],
              [
                105.92064,
                21.009357
              ],
              [
                105.919753,
                21.010313
              ],
              [
                105.918686,
                21.011478
              ],
              [
                105.917909,
                21.012319
              ],
              [
                105.918394,
                21.013003
              ],
              [
                105.919092,
                21.013971
              ],
              [
                105.91945,
                21.014473
              ],
              [
                105.91993,
                21.015117
              ],
              [
                105.920228,
                21.015503
              ],
              [
                105.920513,
                21.015846
              ],
              [
                105.920824,
                21.016198
              ],
              [
                105.920997,
                21.016398
              ],
              [
                105.921318,
                21.016746
              ],
              [
                105.921843,
                21.017271
              ],
              [
                105.922359,
                21.017732
              ],
              [
                105.922699,
                21.018029
              ],
              [
                105.923169,
                21.018413
              ],
              [
                105.924031,
                21.019073
              ],
              [
                105.924912,
                21.019716
              ],
              [
                105.925542,
                21.020185
              ],
              [
                105.925841,
                21.020405
              ],
              [
                105.926168,
                21.020675
              ],
              [
                105.926533,
                21.020981
              ],
              [
                105.926872,
                21.021302
              ],
              [
                105.927125,
                21.021566
              ],
              [
                105.927204,
                21.021649
              ],
              [
                105.927428,
                21.021908
              ],
              [
                105.927456,
                21.021941
              ],
              [
                105.927534,
                21.022034
              ],
              [
                105.927607,
                21.022122
              ],
              [
                105.927612,
                21.022129
              ],
              [
                105.92782,
                21.022403
              ],
              [
                105.927821,
                21.022404
              ],
              [
                105.927822,
                21.022406
              ],
              [
                105.927985,
                21.022636
              ],
              [
                105.928019,
                21.022688
              ],
              [
                105.928166,
                21.022909
              ],
              [
                105.928198,
                21.022961
              ],
              [
                105.928251,
                21.023046
              ],
              [
                105.928324,
                21.023165
              ],
              [
                105.928398,
                21.023298
              ],
              [
                105.92847,
                21.023425
              ],
              [
                105.928584,
                21.023638
              ],
              [
                105.928603,
                21.023673
              ],
              [
                105.928732,
                21.023924
              ],
              [
                105.928733,
                21.023925
              ],
              [
                105.928848,
                21.02416
              ],
              [
                105.928883,
                21.024234
              ],
              [
                105.928966,
                21.024412
              ],
              [
                105.929004,
                21.024493
              ],
              [
                105.929015,
                21.024515
              ],
              [
                105.929027,
                21.024541
              ],
              [
                105.929037,
                21.024563
              ],
              [
                105.929051,
                21.024592
              ],
              [
                105.929061,
                21.024613
              ],
              [
                105.929064,
                21.02462
              ],
              [
                105.929086,
                21.024666
              ],
              [
                105.9291,
                21.024696
              ],
              [
                105.929111,
                21.024719
              ],
              [
                105.929119,
                21.024735
              ],
              [
                105.92912,
                21.024738
              ],
              [
                105.929127,
                21.024753
              ],
              [
                105.929246,
                21.025018
              ],
              [
                105.929251,
                21.025028
              ],
              [
                105.929342,
                21.025235
              ],
              [
                105.929367,
                21.025292
              ],
              [
                105.929378,
                21.025316
              ],
              [
                105.929464,
                21.025516
              ],
              [
                105.929579,
                21.025774
              ],
              [
                105.929593,
                21.025807
              ],
              [
                105.929686,
                21.026014
              ],
              [
                105.929716,
                21.026082
              ],
              [
                105.9298,
                21.026276
              ],
              [
                105.929845,
                21.026379
              ],
              [
                105.929902,
                21.026509
              ],
              [
                105.929997,
                21.02673
              ],
              [
                105.930037,
                21.026824
              ],
              [
                105.930126,
                21.027022
              ],
              [
                105.930212,
                21.027215
              ],
              [
                105.930261,
                21.027327
              ],
              [
                105.930411,
                21.027665
              ],
              [
                105.930629,
                21.028169
              ],
              [
                105.931014,
                21.029023
              ],
              [
                105.931371,
                21.029824
              ],
              [
                105.931647,
                21.030405
              ],
              [
                105.931865,
                21.030856
              ],
              [
                105.932009,
                21.031141
              ],
              [
                105.932339,
                21.031782
              ],
              [
                105.932672,
                21.032385
              ],
              [
                105.933023,
                21.033
              ],
              [
                105.933302,
                21.03345
              ],
              [
                105.93353,
                21.03382
              ],
              [
                105.933626,
                21.033974
              ],
              [
                105.934159,
                21.034797
              ],
              [
                105.934508,
                21.035296
              ],
              [
                105.934943,
                21.035913
              ],
              [
                105.935556,
                21.036752
              ],
              [
                105.937358,
                21.039137
              ],
              [
                105.938725,
                21.041001
              ],
              [
                105.938754,
                21.040965
              ],
              [
                105.938797,
                21.040913
              ],
              [
                105.938799,
                21.04091
              ],
              [
                105.93884,
                21.04086
              ],
              [
                105.938987,
                21.04068
              ],
              [
                105.939091,
                21.040552
              ],
              [
                105.948539,
                21.037486
              ],
              [
                105.948582,
                21.035503
              ],
              [
                105.948646,
                21.035155
              ],
              [
                105.948646,
                21.035155
              ]
            ]
          ]
        ]
      },
      "properties": {
        "code": "00565",
        "name": "Gia Lâm",
        "nameEn": "Gia Lam",
        "fullName": "Xã Gia Lâm",
        "fullNameEn": "Gia Lam Commune",
        "codeName": "gia_lam",
        "postalCode": "12428",
        "postalCodePrefix": "",
        "gisServerId": "diaphanhanhchinhcapxa_2025.3194",
        "areaKm2": 25.72
      }
    }
  ]
}