{
  "type": "FeatureCollection",
  "bbox": [
    105.789463,
    20.90929,
    105.844455,
    20.95941
  ],
  "features": [
    {
      "type": "Feature",
      "id": "00664",
      "bbox": [
        105.789463,
        20.90929,
        105.844455,
        20.95941
      ],
      "geometry": {
        "type": "MultiPolygon",
        "coordinates": [
          [
            [
              [
                105.804694,
                20.958807
              ],
              [
                105.805245,
                20.958514
              ],
              [
                105.805311,
                20.95848
              ],
              [
                105.805332,
                20.958469
              ],
              [
                105.805849,
                20.958194
              ],
              [
                105.805867,
                20.958185
              ],
              [
                105.805892,
                20.958171
              ],
              [
                105.80607,
                20.958077
              ],
              [
                105.80609,
                20.958067
              ],
              [
                105.806099,
                20.958062
              ],
              [
                105.80638,
                20.957913
              ],
              [
                105.806524,
                20.957836
              ],
              [
                105.806546,
                20.957825
              ],
              [
                105.806923,
                20.957625
              ],
              [
                105.806951,
                20.95761
              ],
              [
                105.807006,
                20.957581
              ],
              [
                105.807445,
                20.957348
              ],
              [
                105.807495,
                20.957321
              ],
              [
                105.807521,
                20.957308
              ],
              [
                105.807597,
                20.957269
              ],
              [
                105.80785,
                20.957138
              ],
              [
                105.808329,
                20.956888
              ],
              [
                105.808361,
                20.956871
              ],
              [
                105.808378,
                20.956862
              ],
              [
                105.808403,
                20.956849
              ],
              [
                105.808956,
                20.956563
              ],
              [
                105.809033,
                20.956523
              ],
              [
                105.809112,
                20.956483
              ],
              [
                105.809309,
                20.956381
              ],
              [
                105.809377,
                20.956348
              ],
              [
                105.80942,
                20.956326
              ],
              [
                105.809443,
                20.956316
              ],
              [
                105.809449,
                20.956313
              ],
              [
                105.809679,
                20.956198
              ],
              [
                105.80969,
                20.956192
              ],
              [
                105.809703,
                20.956184
              ],
              [
                105.809736,
                20.956165
              ],
              [
                105.809779,
                20.95614
              ],
              [
                105.809916,
                20.956067
              ],
              [
                105.809974,
                20.956037
              ],
              [
                105.810019,
                20.956013
              ],
              [
                105.810489,
                20.95576
              ],
              [
                105.810532,
                20.955737
              ],
              [
                105.810592,
                20.955704
              ],
              [
                105.810744,
                20.955622
              ],
              [
                105.810783,
                20.955602
              ],
              [
                105.810809,
                20.955588
              ],
              [
                105.81084,
                20.955572
              ],
              [
                105.81155,
                20.955199
              ],
              [
                105.812617,
                20.954638
              ],
              [
                105.813381,
                20.954233
              ],
              [
                105.813381,
                20.954233
              ],
              [
                105.813314,
                20.954147
              ],
              [
                105.812783,
                20.953475
              ],
              [
                105.812804,
                20.953468
              ],
              [
                105.812812,
                20.953467
              ],
              [
                105.812821,
                20.953462
              ],
              [
                105.81293,
                20.953377
              ],
              [
                105.81309,
                20.953251
              ],
              [
                105.813162,
                20.953194
              ],
              [
                105.81318,
                20.95318
              ],
              [
                105.813199,
                20.953164
              ],
              [
                105.813218,
                20.953146
              ],
              [
                105.813225,
                20.953136
              ],
              [
                105.813228,
                20.953132
              ],
              [
                105.813236,
                20.95312
              ],
              [
                105.813656,
                20.952793
              ],
              [
                105.813729,
                20.952736
              ],
              [
                105.814145,
                20.952412
              ],
              [
                105.814159,
                20.952401
              ],
              [
                105.814367,
                20.952237
              ],
              [
                105.814382,
                20.952225
              ],
              [
                105.814391,
                20.952217
              ],
              [
                105.814739,
                20.951935
              ],
              [
                105.814883,
                20.951818
              ],
              [
                105.815062,
                20.951674
              ],
              [
                105.815146,
                20.951605
              ],
              [
                105.815221,
                20.951558
              ],
              [
                105.815292,
                20.951514
              ],
              [
                105.81536,
                20.951471
              ],
              [
                105.815369,
                20.951466
              ],
              [
                105.815442,
                20.95142
              ],
              [
                105.815478,
                20.951398
              ],
              [
                105.815512,
                20.951377
              ],
              [
                105.815527,
                20.951367
              ],
              [
                105.81555,
                20.951352
              ],
              [
                105.815586,
                20.951331
              ],
              [
                105.815665,
                20.951254
              ],
              [
                105.815731,
                20.951215
              ],
              [
                105.815776,
                20.951018
              ],
              [
                105.815808,
                20.950851
              ],
              [
                105.815838,
                20.950753
              ],
              [
                105.816002,
                20.950439
              ],
              [
                105.816085,
                20.950279
              ],
              [
                105.816111,
                20.950222
              ],
              [
                105.816122,
                20.950179
              ],
              [
                105.81613,
                20.950126
              ],
              [
                105.816142,
                20.950106
              ],
              [
                105.816275,
                20.950027
              ],
              [
                105.816483,
                20.94992
              ],
              [
                105.816639,
                20.949817
              ],
              [
                105.816737,
                20.94976
              ],
              [
                105.816828,
                20.949698
              ],
              [
                105.816869,
                20.949646
              ],
              [
                105.816939,
                20.949778
              ],
              [
                105.817007,
                20.949898
              ],
              [
                105.817084,
                20.950036
              ],
              [
                105.817145,
                20.950143
              ],
              [
                105.817299,
                20.950418
              ],
              [
                105.81736,
                20.950387
              ],
              [
                105.817448,
                20.950518
              ],
              [
                105.81753,
                20.950641
              ],
              [
                105.817648,
                20.950816
              ],
              [
                105.817719,
                20.950922
              ],
              [
                105.817782,
                20.951016
              ],
              [
                105.81774,
                20.95104
              ],
              [
                105.817805,
                20.951176
              ],
              [
                105.817904,
                20.951375
              ],
              [
                105.81799,
                20.951516
              ],
              [
                105.818064,
                20.951636
              ],
              [
                105.818184,
                20.951782
              ],
              [
                105.818314,
                20.951896
              ],
              [
                105.818457,
                20.952112
              ],
              [
                105.818923,
                20.952809
              ],
              [
                105.819124,
                20.953104
              ],
              [
                105.819419,
                20.953536
              ],
              [
                105.819259,
                20.953626
              ],
              [
                105.819326,
                20.953748
              ],
              [
                105.819426,
                20.953762
              ],
              [
                105.819575,
                20.953856
              ],
              [
                105.81965,
                20.953904
              ],
              [
                105.819764,
                20.953981
              ],
              [
                105.819866,
                20.954049
              ],
              [
                105.819933,
                20.954116
              ],
              [
                105.819931,
                20.954165
              ],
              [
                105.819917,
                20.954283
              ],
              [
                105.819909,
                20.954366
              ],
              [
                105.819898,
                20.954489
              ],
              [
                105.819859,
                20.954487
              ],
              [
                105.8199,
                20.95462
              ],
              [
                105.819941,
                20.954693
              ],
              [
                105.820046,
                20.954873
              ],
              [
                105.8201,
                20.954984
              ],
              [
                105.820197,
                20.955086
              ],
              [
                105.820274,
                20.955149
              ],
              [
                105.820346,
                20.955233
              ],
              [
                105.820391,
                20.955321
              ],
              [
                105.820504,
                20.955541
              ],
              [
                105.820546,
                20.955655
              ],
              [
                105.820564,
                20.955702
              ],
              [
                105.820977,
                20.95559
              ],
              [
                105.820984,
                20.955589
              ],
              [
                105.821012,
                20.955701
              ],
              [
                105.821045,
                20.955832
              ],
              [
                105.821079,
                20.956014
              ],
              [
                105.821111,
                20.956183
              ],
              [
                105.821128,
                20.956268
              ],
              [
                105.821152,
                20.956408
              ],
              [
                105.821177,
                20.956556
              ],
              [
                105.821201,
                20.956692
              ],
              [
                105.821241,
                20.956931
              ],
              [
                105.821255,
                20.957081
              ],
              [
                105.821262,
                20.957148
              ],
              [
                105.821295,
                20.957142
              ],
              [
                105.821524,
                20.957104
              ],
              [
                105.821678,
                20.957079
              ],
              [
                105.8218,
                20.95706
              ],
              [
                105.821907,
                20.957045
              ],
              [
                105.82204,
                20.957025
              ],
              [
                105.82219,
                20.957004
              ],
              [
                105.822357,
                20.956981
              ],
              [
                105.822524,
                20.956958
              ],
              [
                105.82263,
                20.956944
              ],
              [
                105.822823,
                20.956917
              ],
              [
                105.82307,
                20.956882
              ],
              [
                105.823204,
                20.956864
              ],
              [
                105.823415,
                20.956834
              ],
              [
                105.823564,
                20.956813
              ],
              [
                105.823729,
                20.95679
              ],
              [
                105.823938,
                20.956761
              ],
              [
                105.82407,
                20.956743
              ],
              [
                105.824239,
                20.95672
              ],
              [
                105.824379,
                20.9567
              ],
              [
                105.824547,
                20.956678
              ],
              [
                105.824716,
                20.956653
              ],
              [
                105.824828,
                20.956636
              ],
              [
                105.824938,
                20.956621
              ],
              [
                105.825147,
                20.956592
              ],
              [
                105.825349,
                20.95655
              ],
              [
                105.825526,
                20.956503
              ],
              [
                105.825674,
                20.95644
              ],
              [
                105.825894,
                20.956334
              ],
              [
                105.826082,
                20.956229
              ],
              [
                105.826278,
                20.956118
              ],
              [
                105.826396,
                20.956051
              ],
              [
                105.826526,
                20.955976
              ],
              [
                105.82671,
                20.955872
              ],
              [
                105.826887,
                20.955768
              ],
              [
                105.827048,
                20.955669
              ],
              [
                105.827152,
                20.9556
              ],
              [
                105.827235,
                20.955545
              ],
              [
                105.827352,
                20.955461
              ],
              [
                105.827518,
                20.955322
              ],
              [
                105.827716,
                20.955148
              ],
              [
                105.827914,
                20.954974
              ],
              [
                105.828068,
                20.954838
              ],
              [
                105.828219,
                20.954705
              ],
              [
                105.828365,
                20.954578
              ],
              [
                105.828489,
                20.954469
              ],
              [
                105.8286,
                20.954372
              ],
              [
                105.828701,
                20.954287
              ],
              [
                105.828807,
                20.954198
              ],
              [
                105.828973,
                20.954073
              ],
              [
                105.829106,
                20.953979
              ],
              [
                105.829257,
                20.953877
              ],
              [
                105.829395,
                20.953784
              ],
              [
                105.829483,
                20.953729
              ],
              [
                105.829598,
                20.953668
              ],
              [
                105.829711,
                20.953603
              ],
              [
                105.829903,
                20.9535
              ],
              [
                105.830069,
                20.953415
              ],
              [
                105.830251,
                20.953322
              ],
              [
                105.830448,
                20.953221
              ],
              [
                105.830551,
                20.953166
              ],
              [
                105.830654,
                20.953113
              ],
              [
                105.83079,
                20.953044
              ],
              [
                105.830877,
                20.953
              ],
              [
                105.830986,
                20.952945
              ],
              [
                105.831211,
                20.952832
              ],
              [
                105.831435,
                20.952718
              ],
              [
                105.83166,
                20.952605
              ],
              [
                105.831829,
                20.952521
              ],
              [
                105.831955,
                20.95247
              ],
              [
                105.83208,
                20.952419
              ],
              [
                105.832236,
                20.952355
              ],
              [
                105.832368,
                20.952306
              ],
              [
                105.83247,
                20.952269
              ],
              [
                105.832591,
                20.952239
              ],
              [
                105.832712,
                20.952213
              ],
              [
                105.832939,
                20.95218
              ],
              [
                105.833142,
                20.952173
              ],
              [
                105.833278,
                20.952172
              ],
              [
                105.833439,
                20.952179
              ],
              [
                105.833666,
                20.952191
              ],
              [
                105.833925,
                20.952207
              ],
              [
                105.83418,
                20.952226
              ],
              [
                105.834435,
                20.952245
              ],
              [
                105.834626,
                20.952259
              ],
              [
                105.834784,
                20.95227
              ],
              [
                105.834938,
                20.952278
              ],
              [
                105.835123,
                20.952288
              ],
              [
                105.835338,
                20.9523
              ],
              [
                105.835504,
                20.952315
              ],
              [
                105.835671,
                20.952336
              ],
              [
                105.835808,
                20.952354
              ],
              [
                105.835944,
                20.952372
              ],
              [
                105.83608,
                20.952406
              ],
              [
                105.836215,
                20.952446
              ],
              [
                105.83635,
                20.952486
              ],
              [
                105.836513,
                20.952543
              ],
              [
                105.836669,
                20.952605
              ],
              [
                105.836809,
                20.952673
              ],
              [
                105.837005,
                20.952774
              ],
              [
                105.837202,
                20.952876
              ],
              [
                105.837398,
                20.952979
              ],
              [
                105.837623,
                20.953096
              ],
              [
                105.837848,
                20.953213
              ],
              [
                105.838074,
                20.953331
              ],
              [
                105.838307,
                20.953453
              ],
              [
                105.838543,
                20.953575
              ],
              [
                105.838779,
                20.953698
              ],
              [
                105.839016,
                20.953821
              ],
              [
                105.839252,
                20.953944
              ],
              [
                105.839429,
                20.954036
              ],
              [
                105.839607,
                20.954107
              ],
              [
                105.839812,
                20.954182
              ],
              [
                105.839977,
                20.954217
              ],
              [
                105.84008,
                20.954235
              ],
              [
                105.840193,
                20.954248
              ],
              [
                105.840406,
                20.954267
              ],
              [
                105.840607,
                20.95426
              ],
              [
                105.840744,
                20.954247
              ],
              [
                105.840913,
                20.954225
              ],
              [
                105.841084,
                20.954173
              ],
              [
                105.841247,
                20.954123
              ],
              [
                105.841385,
                20.954068
              ],
              [
                105.84158,
                20.953961
              ],
              [
                105.841752,
                20.953858
              ],
              [
                105.841871,
                20.953771
              ],
              [
                105.841979,
                20.953676
              ],
              [
                105.842086,
                20.953572
              ],
              [
                105.842206,
                20.953441
              ],
              [
                105.842319,
                20.953294
              ],
              [
                105.842407,
                20.953166
              ],
              [
                105.842504,
                20.952974
              ],
              [
                105.842581,
                20.952775
              ],
              [
                105.842622,
                20.952632
              ],
              [
                105.842647,
                20.952476
              ],
              [
                105.842657,
                20.952286
              ],
              [
                105.842661,
                20.952109
              ],
              [
                105.842665,
                20.951933
              ],
              [
                105.842669,
                20.951757
              ],
              [
                105.842672,
                20.95164
              ],
              [
                105.842677,
                20.951526
              ],
              [
                105.842696,
                20.951373
              ],
              [
                105.842754,
                20.95124
              ],
              [
                105.842867,
                20.951114
              ],
              [
                105.843049,
                20.951119
              ],
              [
                105.843182,
                20.951123
              ],
              [
                105.843344,
                20.951128
              ],
              [
                105.843533,
                20.951139
              ],
              [
                105.843729,
                20.951148
              ],
              [
                105.84415,
                20.951194
              ],
              [
                105.844182,
                20.950977
              ],
              [
                105.844182,
                20.950972
              ],
              [
                105.844188,
                20.95092
              ],
              [
                105.844195,
                20.950855
              ],
              [
                105.844213,
                20.950688
              ],
              [
                105.844246,
                20.950385
              ],
              [
                105.844261,
                20.950251
              ],
              [
                105.84427,
                20.950174
              ],
              [
                105.844314,
                20.949771
              ],
              [
                105.844316,
                20.94975
              ],
              [
                105.844322,
                20.949692
              ],
              [
                105.844326,
                20.949627
              ],
              [
                105.844332,
                20.949543
              ],
              [
                105.844337,
                20.949469
              ],
              [
                105.844343,
                20.949364
              ],
              [
                105.844352,
                20.949174
              ],
              [
                105.844352,
                20.94917
              ],
              [
                105.844353,
                20.948885
              ],
              [
                105.844346,
                20.948571
              ],
              [
                105.84434,
                20.948272
              ],
              [
                105.84433,
                20.947969
              ],
              [
                105.844322,
                20.947434
              ],
              [
                105.844317,
                20.947139
              ],
              [
                105.844319,
                20.946928
              ],
              [
                105.844319,
                20.946895
              ],
              [
                105.844321,
                20.946777
              ],
              [
                105.844322,
                20.946739
              ],
              [
                105.844325,
                20.94663
              ],
              [
                105.844326,
                20.94661
              ],
              [
                105.844332,
                20.946506
              ],
              [
                105.844339,
                20.946395
              ],
              [
                105.844348,
                20.946284
              ],
              [
                105.84436,
                20.946134
              ],
              [
                105.844379,
                20.945915
              ],
              [
                105.8444,
                20.945674
              ],
              [
                105.844414,
                20.945515
              ],
              [
                105.844428,
                20.945341
              ],
              [
                105.844436,
                20.945248
              ],
              [
                105.844449,
                20.944973
              ],
              [
                105.84445,
                20.944964
              ],
              [
                105.844451,
                20.944945
              ],
              [
                105.844452,
                20.94492
              ],
              [
                105.844455,
                20.944761
              ],
              [
                105.844453,
                20.944677
              ],
              [
                105.844447,
                20.944564
              ],
              [
                105.84444,
                20.944448
              ],
              [
                105.844427,
                20.944331
              ],
              [
                105.844407,
                20.944187
              ],
              [
                105.844386,
                20.944064
              ],
              [
                105.844376,
                20.944014
              ],
              [
                105.844368,
                20.943974
              ],
              [
                105.844357,
                20.943913
              ],
              [
                105.844326,
                20.943767
              ],
              [
                105.844284,
                20.943572
              ],
              [
                105.844215,
                20.943248
              ],
              [
                105.844166,
                20.943007
              ],
              [
                105.843997,
                20.943025
              ],
              [
                105.843841,
                20.943034
              ],
              [
                105.843797,
                20.943037
              ],
              [
                105.843789,
                20.943037
              ],
              [
                105.843746,
                20.943039
              ],
              [
                105.84367,
                20.943042
              ],
              [
                105.843651,
                20.943043
              ],
              [
                105.843636,
                20.943044
              ],
              [
                105.843245,
                20.94306
              ],
              [
                105.843199,
                20.943066
              ],
              [
                105.843166,
                20.94307
              ],
              [
                105.84314,
                20.943073
              ],
              [
                105.843012,
                20.943088
              ],
              [
                105.842984,
                20.943091
              ],
              [
                105.842954,
                20.943098
              ],
              [
                105.842722,
                20.943149
              ],
              [
                105.842693,
                20.943155
              ],
              [
                105.842674,
                20.94316
              ],
              [
                105.842519,
                20.943201
              ],
              [
                105.842456,
                20.943217
              ],
              [
                105.842302,
                20.943011
              ],
              [
                105.842022,
                20.942658
              ],
              [
                105.841713,
                20.942161
              ],
              [
                105.841629,
                20.942021
              ],
              [
                105.84159,
                20.941946
              ],
              [
                105.841494,
                20.941662
              ],
              [
                105.841184,
                20.940749
              ],
              [
                105.840954,
                20.939968
              ],
              [
                105.840918,
                20.939811
              ],
              [
                105.840899,
                20.93975
              ],
              [
                105.840872,
                20.939696
              ],
              [
                105.840837,
                20.939618
              ],
              [
                105.840741,
                20.939432
              ],
              [
                105.840439,
                20.93877
              ],
              [
                105.840308,
                20.938476
              ],
              [
                105.840265,
                20.938398
              ],
              [
                105.840088,
                20.938108
              ],
              [
                105.839796,
                20.937636
              ],
              [
                105.839711,
                20.937511
              ],
              [
                105.839615,
                20.937404
              ],
              [
                105.839488,
                20.937286
              ],
              [
                105.839331,
                20.937144
              ],
              [
                105.839235,
                20.937044
              ],
              [
                105.839062,
                20.93684
              ],
              [
                105.838674,
                20.936319
              ],
              [
                105.838127,
                20.935446
              ],
              [
                105.837919,
                20.935171
              ],
              [
                105.837831,
                20.935046
              ],
              [
                105.837719,
                20.934878
              ],
              [
                105.837507,
                20.934517
              ],
              [
                105.837372,
                20.934238
              ],
              [
                105.83733,
                20.934177
              ],
              [
                105.836802,
                20.933355
              ],
              [
                105.836475,
                20.932858
              ],
              [
                105.836151,
                20.932272
              ],
              [
                105.835924,
                20.931864
              ],
              [
                105.835874,
                20.931753
              ],
              [
                105.835846,
                20.931592
              ],
              [
                105.835837,
                20.931348
              ],
              [
                105.835837,
                20.931284
              ],
              [
                105.835836,
                20.931223
              ],
              [
                105.835847,
                20.93114
              ],
              [
                105.835895,
                20.930828
              ],
              [
                105.835924,
                20.930487
              ],
              [
                105.83593,
                20.93029
              ],
              [
                105.835905,
                20.929921
              ],
              [
                105.835853,
                20.929573
              ],
              [
                105.835845,
                20.929199
              ],
              [
                105.835796,
                20.92925
              ],
              [
                105.835758,
                20.929275
              ],
              [
                105.835672,
                20.929282
              ],
              [
                105.835519,
                20.929265
              ],
              [
                105.83547,
                20.929259
              ],
              [
                105.835438,
                20.929235
              ],
              [
                105.835406,
                20.929191
              ],
              [
                105.835353,
                20.929123
              ],
              [
                105.835303,
                20.92907
              ],
              [
                105.835256,
                20.929033
              ],
              [
                105.835214,
                20.929014
              ],
              [
                105.835123,
                20.928998
              ],
              [
                105.834945,
                20.928958
              ],
              [
                105.834702,
                20.928903
              ],
              [
                105.834544,
                20.928842
              ],
              [
                105.834389,
                20.928774
              ],
              [
                105.834224,
                20.928667
              ],
              [
                105.834108,
                20.928567
              ],
              [
                105.833944,
                20.928436
              ],
              [
                105.833823,
                20.928332
              ],
              [
                105.833659,
                20.928178
              ],
              [
                105.833495,
                20.92803
              ],
              [
                105.833252,
                20.927788
              ],
              [
                105.832909,
                20.927453
              ],
              [
                105.832828,
                20.927377
              ],
              [
                105.832256,
                20.926849
              ],
              [
                105.831927,
                20.926545
              ],
              [
                105.831835,
                20.926466
              ],
              [
                105.831169,
                20.925885
              ],
              [
                105.831052,
                20.925777
              ],
              [
                105.831021,
                20.925806
              ],
              [
                105.830985,
                20.925832
              ],
              [
                105.83092,
                20.925881
              ],
              [
                105.830836,
                20.925948
              ],
              [
                105.830752,
                20.926014
              ],
              [
                105.830705,
                20.926052
              ],
              [
                105.830649,
                20.926097
              ],
              [
                105.830636,
                20.926108
              ],
              [
                105.83055,
                20.926178
              ],
              [
                105.830487,
                20.926228
              ],
              [
                105.830337,
                20.926351
              ],
              [
                105.830327,
                20.926361
              ],
              [
                105.830316,
                20.926377
              ],
              [
                105.830303,
                20.926368
              ],
              [
                105.830269,
                20.926343
              ],
              [
                105.830249,
                20.926329
              ],
              [
                105.830169,
                20.926257
              ],
              [
                105.83009,
                20.926186
              ],
              [
                105.830065,
                20.926164
              ],
              [
                105.830039,
                20.926142
              ],
              [
                105.830021,
                20.926125
              ],
              [
                105.829992,
                20.926097
              ],
              [
                105.829958,
                20.926066
              ],
              [
                105.829935,
                20.926043
              ],
              [
                105.829867,
                20.925978
              ],
              [
                105.829799,
                20.925913
              ],
              [
                105.829772,
                20.92589
              ],
              [
                105.829745,
                20.925867
              ],
              [
                105.829711,
                20.925834
              ],
              [
                105.829677,
                20.925802
              ],
              [
                105.82965,
                20.925777
              ],
              [
                105.829624,
                20.925753
              ],
              [
                105.82959,
                20.925722
              ],
              [
                105.829556,
                20.925692
              ],
              [
                105.829519,
                20.925659
              ],
              [
                105.829482,
                20.925627
              ],
              [
                105.829452,
                20.925603
              ],
              [
                105.829423,
                20.925578
              ],
              [
                105.82939,
                20.925551
              ],
              [
                105.829358,
                20.925523
              ],
              [
                105.829327,
                20.925495
              ],
              [
                105.829296,
                20.925467
              ],
              [
                105.829251,
                20.925424
              ],
              [
                105.829206,
                20.925381
              ],
              [
                105.829179,
                20.925355
              ],
              [
                105.829152,
                20.925329
              ],
              [
                105.829123,
                20.925307
              ],
              [
                105.829095,
                20.925285
              ],
              [
                105.829076,
                20.925271
              ],
              [
                105.829057,
                20.925256
              ],
              [
                105.829034,
                20.925232
              ],
              [
                105.829012,
                20.925209
              ],
              [
                105.828963,
                20.925159
              ],
              [
                105.828913,
                20.925109
              ],
              [
                105.828861,
                20.925065
              ],
              [
                105.828808,
                20.925022
              ],
              [
                105.828755,
                20.924975
              ],
              [
                105.828702,
                20.924927
              ],
              [
                105.828619,
                20.924855
              ],
              [
                105.828536,
                20.924784
              ],
              [
                105.828502,
                20.924753
              ],
              [
                105.828467,
                20.924722
              ],
              [
                105.82843,
                20.924689
              ],
              [
                105.828393,
                20.924655
              ],
              [
                105.828345,
                20.924611
              ],
              [
                105.828292,
                20.924562
              ],
              [
                105.828277,
                20.924549
              ],
              [
                105.828269,
                20.924542
              ],
              [
                105.828233,
                20.924511
              ],
              [
                105.828198,
                20.92448
              ],
              [
                105.828171,
                20.924454
              ],
              [
                105.828145,
                20.924429
              ],
              [
                105.828104,
                20.924391
              ],
              [
                105.828063,
                20.924355
              ],
              [
                105.828035,
                20.92433
              ],
              [
                105.828003,
                20.924301
              ],
              [
                105.827984,
                20.924282
              ],
              [
                105.827995,
                20.924276
              ],
              [
                105.828078,
                20.92418
              ],
              [
                105.828161,
                20.924079
              ],
              [
                105.828181,
                20.924055
              ],
              [
                105.828432,
                20.923751
              ],
              [
                105.828474,
                20.923713
              ],
              [
                105.828436,
                20.923685
              ],
              [
                105.828157,
                20.923507
              ],
              [
                105.827876,
                20.923326
              ],
              [
                105.827091,
                20.922827
              ],
              [
                105.826787,
                20.923111
              ],
              [
                105.826731,
                20.923164
              ],
              [
                105.826706,
                20.923187
              ],
              [
                105.826476,
                20.923403
              ],
              [
                105.826394,
                20.92348
              ],
              [
                105.826172,
                20.923688
              ],
              [
                105.826154,
                20.923705
              ],
              [
                105.825774,
                20.924059
              ],
              [
                105.825597,
                20.924224
              ],
              [
                105.825297,
                20.9245
              ],
              [
                105.824781,
                20.924974
              ],
              [
                105.824721,
                20.925028
              ],
              [
                105.824693,
                20.925054
              ],
              [
                105.824692,
                20.925055
              ],
              [
                105.824662,
                20.925083
              ],
              [
                105.824594,
                20.925029
              ],
              [
                105.824583,
                20.92502
              ],
              [
                105.824499,
                20.924959
              ],
              [
                105.824344,
                20.924865
              ],
              [
                105.824278,
                20.924828
              ],
              [
                105.824219,
                20.924795
              ],
              [
                105.824217,
                20.924794
              ],
              [
                105.823944,
                20.92464
              ],
              [
                105.823694,
                20.924493
              ],
              [
                105.823652,
                20.924469
              ],
              [
                105.823456,
                20.924358
              ],
              [
                105.82334,
                20.924292
              ],
              [
                105.82316,
                20.92419
              ],
              [
                105.823061,
                20.924136
              ],
              [
                105.82292,
                20.924061
              ],
              [
                105.822709,
                20.923942
              ],
              [
                105.8223,
                20.923715
              ],
              [
                105.822299,
                20.923714
              ],
              [
                105.822104,
                20.923604
              ],
              [
                105.821889,
                20.923484
              ],
              [
                105.821785,
                20.923426
              ],
              [
                105.821626,
                20.923338
              ],
              [
                105.821422,
                20.923225
              ],
              [
                105.821416,
                20.923222
              ],
              [
                105.82139,
                20.923208
              ],
              [
                105.821023,
                20.923004
              ],
              [
                105.820926,
                20.922949
              ],
              [
                105.820708,
                20.922827
              ],
              [
                105.820641,
                20.92279
              ],
              [
                105.820419,
                20.922671
              ],
              [
                105.820276,
                20.922588
              ],
              [
                105.820116,
                20.922496
              ],
              [
                105.819881,
                20.922365
              ],
              [
                105.819713,
                20.922272
              ],
              [
                105.819579,
                20.922198
              ],
              [
                105.819366,
                20.92208
              ],
              [
                105.81931,
                20.92205
              ],
              [
                105.819012,
                20.921886
              ],
              [
                105.818971,
                20.921864
              ],
              [
                105.818762,
                20.921752
              ],
              [
                105.818495,
                20.921604
              ],
              [
                105.818221,
                20.92145
              ],
              [
                105.818068,
                20.921362
              ],
              [
                105.818003,
                20.921324
              ],
              [
                105.817657,
                20.921131
              ],
              [
                105.817475,
                20.921032
              ],
              [
                105.817448,
                20.921018
              ],
              [
                105.81721,
                20.920889
              ],
              [
                105.81717,
                20.920868
              ],
              [
                105.816725,
                20.920611
              ],
              [
                105.816548,
                20.920508
              ],
              [
                105.816236,
                20.920327
              ],
              [
                105.816017,
                20.920206
              ],
              [
                105.815978,
                20.920184
              ],
              [
                105.81572,
                20.92004
              ],
              [
                105.815429,
                20.919876
              ],
              [
                105.815299,
                20.919803
              ],
              [
                105.815093,
                20.919689
              ],
              [
                105.814792,
                20.919522
              ],
              [
                105.814721,
                20.919483
              ],
              [
                105.814628,
                20.919404
              ],
              [
                105.814586,
                20.919368
              ],
              [
                105.814534,
                20.91934
              ],
              [
                105.814422,
                20.9193
              ],
              [
                105.814315,
                20.919273
              ],
              [
                105.814184,
                20.91924
              ],
              [
                105.813973,
                20.919195
              ],
              [
                105.813723,
                20.919147
              ],
              [
                105.813616,
                20.919128
              ],
              [
                105.81347,
                20.919089
              ],
              [
                105.813441,
                20.919081
              ],
              [
                105.813262,
                20.919029
              ],
              [
                105.81304,
                20.918944
              ],
              [
                105.813005,
                20.918932
              ],
              [
                105.812956,
                20.918916
              ],
              [
                105.812887,
                20.918894
              ],
              [
                105.812794,
                20.918871
              ],
              [
                105.812757,
                20.918862
              ],
              [
                105.812735,
                20.91886
              ],
              [
                105.812539,
                20.91884
              ],
              [
                105.812431,
                20.918857
              ],
              [
                105.812412,
                20.918857
              ],
              [
                105.812373,
                20.918749
              ],
              [
                105.812314,
                20.918603
              ],
              [
                105.812242,
                20.918463
              ],
              [
                105.812174,
                20.918345
              ],
              [
                105.812097,
                20.918225
              ],
              [
                105.812008,
                20.918117
              ],
              [
                105.811934,
                20.918035
              ],
              [
                105.811857,
                20.917948
              ],
              [
                105.811754,
                20.917834
              ],
              [
                105.811678,
                20.917747
              ],
              [
                105.811607,
                20.917669
              ],
              [
                105.811525,
                20.917575
              ],
              [
                105.811443,
                20.917488
              ],
              [
                105.811365,
                20.917405
              ],
              [
                105.811275,
                20.917301
              ],
              [
                105.81118,
                20.917195
              ],
              [
                105.811065,
                20.917065
              ],
              [
                105.810959,
                20.916944
              ],
              [
                105.810868,
                20.91684
              ],
              [
                105.810742,
                20.916696
              ],
              [
                105.810614,
                20.916558
              ],
              [
                105.810503,
                20.91643
              ],
              [
                105.81041,
                20.916322
              ],
              [
                105.810314,
                20.916212
              ],
              [
                105.810218,
                20.916101
              ],
              [
                105.810122,
                20.915991
              ],
              [
                105.810049,
                20.915907
              ],
              [
                105.809976,
                20.915823
              ],
              [
                105.80988,
                20.91571
              ],
              [
                105.809766,
                20.915577
              ],
              [
                105.809642,
                20.915433
              ],
              [
                105.809524,
                20.915298
              ],
              [
                105.809426,
                20.915185
              ],
              [
                105.809331,
                20.915075
              ],
              [
                105.809236,
                20.914964
              ],
              [
                105.809157,
                20.914865
              ],
              [
                105.80909,
                20.914789
              ],
              [
                105.809001,
                20.914689
              ],
              [
                105.808911,
                20.914589
              ],
              [
                105.808781,
                20.91444
              ],
              [
                105.808653,
                20.914291
              ],
              [
                105.808587,
                20.914215
              ],
              [
                105.808516,
                20.914135
              ],
              [
                105.808444,
                20.914054
              ],
              [
                105.808358,
                20.913957
              ],
              [
                105.808269,
                20.913852
              ],
              [
                105.808142,
                20.913703
              ],
              [
                105.808008,
                20.913551
              ],
              [
                105.807896,
                20.913417
              ],
              [
                105.807828,
                20.91334
              ],
              [
                105.807732,
                20.913235
              ],
              [
                105.807641,
                20.913136
              ],
              [
                105.80757,
                20.913051
              ],
              [
                105.807475,
                20.912941
              ],
              [
                105.807367,
                20.912811
              ],
              [
                105.807261,
                20.912685
              ],
              [
                105.807163,
                20.912569
              ],
              [
                105.807071,
                20.912463
              ],
              [
                105.806982,
                20.912363
              ],
              [
                105.806915,
                20.912286
              ],
              [
                105.806846,
                20.912206
              ],
              [
                105.806754,
                20.912099
              ],
              [
                105.806663,
                20.911992
              ],
              [
                105.806568,
                20.911878
              ],
              [
                105.806473,
                20.911764
              ],
              [
                105.806373,
                20.911648
              ],
              [
                105.806306,
                20.911557
              ],
              [
                105.80621,
                20.911427
              ],
              [
                105.806117,
                20.911252
              ],
              [
                105.806056,
                20.911108
              ],
              [
                105.806054,
                20.910987
              ],
              [
                105.806084,
                20.910857
              ],
              [
                105.806123,
                20.910666
              ],
              [
                105.806215,
                20.910499
              ],
              [
                105.806275,
                20.91034
              ],
              [
                105.806472,
                20.910047
              ],
              [
                105.806594,
                20.909961
              ],
              [
                105.80666,
                20.909899
              ],
              [
                105.806111,
                20.909726
              ],
              [
                105.806005,
                20.909671
              ],
              [
                105.805908,
                20.90961
              ],
              [
                105.805743,
                20.9095
              ],
              [
                105.805641,
                20.909437
              ],
              [
                105.805537,
                20.909374
              ],
              [
                105.805358,
                20.909293
              ],
              [
                105.805181,
                20.90929
              ],
              [
                105.805017,
                20.909318
              ],
              [
                105.804887,
                20.909374
              ],
              [
                105.804759,
                20.909475
              ],
              [
                105.804645,
                20.909555
              ],
              [
                105.80447,
                20.909661
              ],
              [
                105.80435,
                20.90978
              ],
              [
                105.804237,
                20.909887
              ],
              [
                105.804128,
                20.909992
              ],
              [
                105.804003,
                20.910121
              ],
              [
                105.803861,
                20.910289
              ],
              [
                105.8037,
                20.910486
              ],
              [
                105.803555,
                20.910657
              ],
              [
                105.803437,
                20.910793
              ],
              [
                105.803351,
                20.910899
              ],
              [
                105.803271,
                20.911071
              ],
              [
                105.803201,
                20.911342
              ],
              [
                105.803158,
                20.911507
              ],
              [
                105.803185,
                20.91171
              ],
              [
                105.803244,
                20.911879
              ],
              [
                105.803261,
                20.912159
              ],
              [
                105.803225,
                20.912321
              ],
              [
                105.803185,
                20.91241
              ],
              [
                105.803052,
                20.912522
              ],
              [
                105.802831,
                20.912574
              ],
              [
                105.802354,
                20.912547
              ],
              [
                105.802214,
                20.912534
              ],
              [
                105.80212,
                20.912512
              ],
              [
                105.802034,
                20.912498
              ],
              [
                105.802008,
                20.912494
              ],
              [
                105.801941,
                20.912483
              ],
              [
                105.801871,
                20.912472
              ],
              [
                105.801734,
                20.912487
              ],
              [
                105.801618,
                20.912509
              ],
              [
                105.801471,
                20.912536
              ],
              [
                105.801329,
                20.912543
              ],
              [
                105.801176,
                20.912547
              ],
              [
                105.801032,
                20.912575
              ],
              [
                105.800908,
                20.912587
              ],
              [
                105.800802,
                20.91259
              ],
              [
                105.800663,
                20.912586
              ],
              [
                105.800489,
                20.912589
              ],
              [
                105.800244,
                20.912618
              ],
              [
                105.79996,
                20.912588
              ],
              [
                105.79978,
                20.91257
              ],
              [
                105.799668,
                20.912558
              ],
              [
                105.799548,
                20.912549
              ],
              [
                105.799368,
                20.912568
              ],
              [
                105.79921,
                20.912652
              ],
              [
                105.799055,
                20.912755
              ],
              [
                105.798924,
                20.912795
              ],
              [
                105.798829,
                20.912884
              ],
              [
                105.798661,
                20.912979
              ],
              [
                105.798485,
                20.913061
              ],
              [
                105.798367,
                20.913101
              ],
              [
                105.798167,
                20.913123
              ],
              [
                105.798015,
                20.913126
              ],
              [
                105.79779,
                20.913016
              ],
              [
                105.797719,
                20.912906
              ],
              [
                105.797645,
                20.912745
              ],
              [
                105.797605,
                20.912412
              ],
              [
                105.797579,
                20.912237
              ],
              [
                105.797464,
                20.912112
              ],
              [
                105.797288,
                20.911978
              ],
              [
                105.797171,
                20.911937
              ],
              [
                105.797062,
                20.911922
              ],
              [
                105.796926,
                20.911929
              ],
              [
                105.796816,
                20.91194
              ],
              [
                105.796611,
                20.911941
              ],
              [
                105.79649,
                20.912087
              ],
              [
                105.796406,
                20.912179
              ],
              [
                105.796308,
                20.912234
              ],
              [
                105.796212,
                20.91229
              ],
              [
                105.796022,
                20.912359
              ],
              [
                105.795881,
                20.912409
              ],
              [
                105.795726,
                20.912496
              ],
              [
                105.795616,
                20.912564
              ],
              [
                105.795475,
                20.91268
              ],
              [
                105.795382,
                20.912751
              ],
              [
                105.79523,
                20.912853
              ],
              [
                105.795116,
                20.912972
              ],
              [
                105.79505,
                20.913041
              ],
              [
                105.795015,
                20.913114
              ],
              [
                105.794946,
                20.913245
              ],
              [
                105.794911,
                20.913359
              ],
              [
                105.794883,
                20.913464
              ],
              [
                105.794858,
                20.913578
              ],
              [
                105.794846,
                20.913674
              ],
              [
                105.794844,
                20.913923
              ],
              [
                105.794859,
                20.914091
              ],
              [
                105.79486,
                20.914221
              ],
              [
                105.794854,
                20.914345
              ],
              [
                105.794853,
                20.914451
              ],
              [
                105.794845,
                20.91457
              ],
              [
                105.794811,
                20.914663
              ],
              [
                105.79475,
                20.914784
              ],
              [
                105.794651,
                20.914891
              ],
              [
                105.794529,
                20.914984
              ],
              [
                105.794381,
                20.915065
              ],
              [
                105.794233,
                20.915127
              ],
              [
                105.794132,
                20.91515
              ],
              [
                105.793997,
                20.915179
              ],
              [
                105.793821,
                20.915205
              ],
              [
                105.793655,
                20.915243
              ],
              [
                105.793556,
                20.915271
              ],
              [
                105.793461,
                20.915315
              ],
              [
                105.793336,
                20.915375
              ],
              [
                105.793134,
                20.915425
              ],
              [
                105.792925,
                20.915474
              ],
              [
                105.792781,
                20.915507
              ],
              [
                105.792675,
                20.915516
              ],
              [
                105.792522,
                20.915511
              ],
              [
                105.792294,
                20.915494
              ],
              [
                105.792076,
                20.915407
              ],
              [
                105.791963,
                20.915346
              ],
              [
                105.791853,
                20.915287
              ],
              [
                105.791718,
                20.915222
              ],
              [
                105.791607,
                20.915186
              ],
              [
                105.791478,
                20.91517
              ],
              [
                105.79137,
                20.91518
              ],
              [
                105.791249,
                20.915198
              ],
              [
                105.791101,
                20.915356
              ],
              [
                105.791017,
                20.915445
              ],
              [
                105.79094,
                20.91563
              ],
              [
                105.790893,
                20.915767
              ],
              [
                105.790853,
                20.915901
              ],
              [
                105.790812,
                20.916061
              ],
              [
                105.790767,
                20.916218
              ],
              [
                105.790732,
                20.916364
              ],
              [
                105.790704,
                20.916463
              ],
              [
                105.790636,
                20.916617
              ],
              [
                105.790394,
                20.91709
              ],
              [
                105.790283,
                20.917232
              ],
              [
                105.790162,
                20.917387
              ],
              [
                105.790066,
                20.917513
              ],
              [
                105.790005,
                20.917596
              ],
              [
                105.789935,
                20.917696
              ],
              [
                105.789862,
                20.917775
              ],
              [
                105.789808,
                20.917972
              ],
              [
                105.789754,
                20.918108
              ],
              [
                105.789724,
                20.918201
              ],
              [
                105.789697,
                20.918363
              ],
              [
                105.78967,
                20.918466
              ],
              [
                105.789642,
                20.918582
              ],
              [
                105.789602,
                20.918748
              ],
              [
                105.789546,
                20.918922
              ],
              [
                105.789495,
                20.919086
              ],
              [
                105.789479,
                20.919279
              ],
              [
                105.789473,
                20.919398
              ],
              [
                105.789463,
                20.91978
              ],
              [
                105.789542,
                20.919962
              ],
              [
                105.789672,
                20.920109
              ],
              [
                105.789849,
                20.920189
              ],
              [
                105.790046,
                20.920249
              ],
              [
                105.790199,
                20.920288
              ],
              [
                105.79034,
                20.920326
              ],
              [
                105.790464,
                20.920367
              ],
              [
                105.79056,
                20.920406
              ],
              [
                105.790715,
                20.920484
              ],
              [
                105.790911,
                20.920611
              ],
              [
                105.79103,
                20.920716
              ],
              [
                105.79115,
                20.920807
              ],
              [
                105.79123,
                20.920872
              ],
              [
                105.791363,
                20.920984
              ],
              [
                105.791565,
                20.921231
              ],
              [
                105.791653,
                20.921352
              ],
              [
                105.791716,
                20.921484
              ],
              [
                105.791734,
                20.921613
              ],
              [
                105.791722,
                20.921741
              ],
              [
                105.791705,
                20.921847
              ],
              [
                105.791678,
                20.921951
              ],
              [
                105.791632,
                20.922072
              ],
              [
                105.791572,
                20.9222
              ],
              [
                105.791492,
                20.922333
              ],
              [
                105.791411,
                20.92247
              ],
              [
                105.791363,
                20.922566
              ],
              [
                105.791305,
                20.922697
              ],
              [
                105.791242,
                20.92289
              ],
              [
                105.79117,
                20.923128
              ],
              [
                105.791124,
                20.923296
              ],
              [
                105.791097,
                20.9234
              ],
              [
                105.791064,
                20.923536
              ],
              [
                105.791023,
                20.9237
              ],
              [
                105.790967,
                20.923876
              ],
              [
                105.790888,
                20.924032
              ],
              [
                105.790815,
                20.924232
              ],
              [
                105.790792,
                20.924372
              ],
              [
                105.790781,
                20.924518
              ],
              [
                105.790842,
                20.924693
              ],
              [
                105.790897,
                20.924798
              ],
              [
                105.790974,
                20.924922
              ],
              [
                105.791049,
                20.925041
              ],
              [
                105.791105,
                20.925133
              ],
              [
                105.79117,
                20.925253
              ],
              [
                105.791249,
                20.925425
              ],
              [
                105.791315,
                20.925598
              ],
              [
                105.791346,
                20.925789
              ],
              [
                105.791348,
                20.925954
              ],
              [
                105.79135,
                20.926204
              ],
              [
                105.791379,
                20.926356
              ],
              [
                105.791405,
                20.926485
              ],
              [
                105.791435,
                20.926623
              ],
              [
                105.791498,
                20.926753
              ],
              [
                105.791564,
                20.926893
              ],
              [
                105.791623,
                20.927041
              ],
              [
                105.791701,
                20.927165
              ],
              [
                105.791785,
                20.927256
              ],
              [
                105.791871,
                20.927339
              ],
              [
                105.791981,
                20.927443
              ],
              [
                105.792084,
                20.927562
              ],
              [
                105.792182,
                20.927652
              ],
              [
                105.792356,
                20.927789
              ],
              [
                105.792488,
                20.927888
              ],
              [
                105.792637,
                20.927996
              ],
              [
                105.792757,
                20.928065
              ],
              [
                105.792854,
                20.928115
              ],
              [
                105.792957,
                20.928164
              ],
              [
                105.793095,
                20.928229
              ],
              [
                105.793236,
                20.928288
              ],
              [
                105.793365,
                20.928337
              ],
              [
                105.793477,
                20.928373
              ],
              [
                105.793579,
                20.928387
              ],
              [
                105.793762,
                20.928409
              ],
              [
                105.793991,
                20.928442
              ],
              [
                105.794218,
                20.928509
              ],
              [
                105.794402,
                20.928565
              ],
              [
                105.794619,
                20.928628
              ],
              [
                105.794763,
                20.928693
              ],
              [
                105.7949,
                20.928799
              ],
              [
                105.795029,
                20.928934
              ],
              [
                105.795139,
                20.929153
              ],
              [
                105.795231,
                20.929316
              ],
              [
                105.795418,
                20.929528
              ],
              [
                105.795471,
                20.929624
              ],
              [
                105.795553,
                20.929752
              ],
              [
                105.795662,
                20.929875
              ],
              [
                105.795776,
                20.92999
              ],
              [
                105.795915,
                20.930128
              ],
              [
                105.796041,
                20.930251
              ],
              [
                105.796216,
                20.930404
              ],
              [
                105.796379,
                20.930478
              ],
              [
                105.796588,
                20.930549
              ],
              [
                105.796736,
                20.930598
              ],
              [
                105.796991,
                20.93063
              ],
              [
                105.797147,
                20.930649
              ],
              [
                105.797305,
                20.930675
              ],
              [
                105.797539,
                20.930733
              ],
              [
                105.797711,
                20.930875
              ],
              [
                105.797861,
                20.931047
              ],
              [
                105.797952,
                20.931176
              ],
              [
                105.798005,
                20.931258
              ],
              [
                105.798062,
                20.931356
              ],
              [
                105.798149,
                20.931505
              ],
              [
                105.798217,
                20.931688
              ],
              [
                105.798286,
                20.931889
              ],
              [
                105.798334,
                20.932054
              ],
              [
                105.798368,
                20.932148
              ],
              [
                105.798386,
                20.932252
              ],
              [
                105.798419,
                20.932364
              ],
              [
                105.79845,
                20.932461
              ],
              [
                105.798482,
                20.932568
              ],
              [
                105.798519,
                20.932707
              ],
              [
                105.798582,
                20.93287
              ],
              [
                105.798633,
                20.93299
              ],
              [
                105.79867,
                20.933082
              ],
              [
                105.798707,
                20.933185
              ],
              [
                105.798766,
                20.933302
              ],
              [
                105.798806,
                20.933459
              ],
              [
                105.798839,
                20.933604
              ],
              [
                105.79888,
                20.933739
              ],
              [
                105.79893,
                20.933899
              ],
              [
                105.799018,
                20.934057
              ],
              [
                105.799125,
                20.934217
              ],
              [
                105.799506,
                20.93435
              ],
              [
                105.799623,
                20.93436
              ],
              [
                105.799754,
                20.934359
              ],
              [
                105.799922,
                20.934333
              ],
              [
                105.800099,
                20.934316
              ],
              [
                105.800243,
                20.934312
              ],
              [
                105.800393,
                20.934262
              ],
              [
                105.800523,
                20.934239
              ],
              [
                105.800736,
                20.934233
              ],
              [
                105.800875,
                20.934231
              ],
              [
                105.801009,
                20.934233
              ],
              [
                105.801186,
                20.934231
              ],
              [
                105.801307,
                20.934226
              ],
              [
                105.801446,
                20.934209
              ],
              [
                105.801492,
                20.934201
              ],
              [
                105.801504,
                20.934301
              ],
              [
                105.801532,
                20.935181
              ],
              [
                105.801534,
                20.935237
              ],
              [
                105.801593,
                20.935671
              ],
              [
                105.801363,
                20.935766
              ],
              [
                105.80095,
                20.935897
              ],
              [
                105.800759,
                20.935913
              ],
              [
                105.800708,
                20.935899
              ],
              [
                105.800598,
                20.93587
              ],
              [
                105.800435,
                20.935795
              ],
              [
                105.800185,
                20.935679
              ],
              [
                105.800128,
                20.935679
              ],
              [
                105.800058,
                20.935693
              ],
              [
                105.800072,
                20.935798
              ],
              [
                105.799936,
                20.935807
              ],
              [
                105.799867,
                20.935817
              ],
              [
                105.799853,
                20.935824
              ],
              [
                105.799845,
                20.935838
              ],
              [
                105.799784,
                20.936008
              ],
              [
                105.799688,
                20.935963
              ],
              [
                105.799682,
                20.935961
              ],
              [
                105.799502,
                20.936165
              ],
              [
                105.799379,
                20.936308
              ],
              [
                105.799332,
                20.936312
              ],
              [
                105.799265,
                20.9363
              ],
              [
                105.799209,
                20.93627
              ],
              [
                105.799146,
                20.936227
              ],
              [
                105.798993,
                20.936353
              ],
              [
                105.798874,
                20.936478
              ],
              [
                105.798829,
                20.936535
              ],
              [
                105.798694,
                20.936642
              ],
              [
                105.798545,
                20.936755
              ],
              [
                105.798431,
                20.936852
              ],
              [
                105.798387,
                20.936898
              ],
              [
                105.798335,
                20.93697
              ],
              [
                105.7983,
                20.937027
              ],
              [
                105.79829,
                20.937061
              ],
              [
                105.798287,
                20.937087
              ],
              [
                105.798299,
                20.937141
              ],
              [
                105.79833,
                20.937258
              ],
              [
                105.798337,
                20.937334
              ],
              [
                105.798344,
                20.937386
              ],
              [
                105.798353,
                20.937421
              ],
              [
                105.798367,
                20.937447
              ],
              [
                105.7984,
                20.937492
              ],
              [
                105.798477,
                20.937565
              ],
              [
                105.798567,
                20.937637
              ],
              [
                105.798768,
                20.937777
              ],
              [
                105.798943,
                20.937913
              ],
              [
                105.79895,
                20.937923
              ],
              [
                105.798949,
                20.937933
              ],
              [
                105.798885,
                20.938019
              ],
              [
                105.798842,
                20.938084
              ],
              [
                105.798822,
                20.938129
              ],
              [
                105.798817,
                20.938165
              ],
              [
                105.798824,
                20.938184
              ],
              [
                105.798842,
                20.938201
              ],
              [
                105.79891,
                20.938254
              ],
              [
                105.799049,
                20.938332
              ],
              [
                105.799093,
                20.938353
              ],
              [
                105.799101,
                20.93836
              ],
              [
                105.799116,
                20.938373
              ],
              [
                105.799151,
                20.938404
              ],
              [
                105.799213,
                20.93847
              ],
              [
                105.799271,
                20.938541
              ],
              [
                105.799295,
                20.93858
              ],
              [
                105.799313,
                20.938622
              ],
              [
                105.799327,
                20.938662
              ],
              [
                105.799175,
                20.938744
              ],
              [
                105.799084,
                20.938808
              ],
              [
                105.799033,
                20.938842
              ],
              [
                105.798914,
                20.93895
              ],
              [
                105.798861,
                20.938883
              ],
              [
                105.798802,
                20.938811
              ],
              [
                105.798758,
                20.938769
              ],
              [
                105.798711,
                20.938728
              ],
              [
                105.79871,
                20.938727
              ],
              [
                105.798699,
                20.938718
              ],
              [
                105.798688,
                20.938709
              ],
              [
                105.798631,
                20.938665
              ],
              [
                105.798515,
                20.938582
              ],
              [
                105.798455,
                20.938534
              ],
              [
                105.798412,
                20.938501
              ],
              [
                105.798401,
                20.93849
              ],
              [
                105.798372,
                20.938455
              ],
              [
                105.798335,
                20.938412
              ],
              [
                105.798324,
                20.938421
              ],
              [
                105.797915,
                20.938796
              ],
              [
                105.797399,
                20.938951
              ],
              [
                105.797244,
                20.939015
              ],
              [
                105.796909,
                20.939144
              ],
              [
                105.796467,
                20.939329
              ],
              [
                105.796402,
                20.939349
              ],
              [
                105.796384,
                20.93935
              ],
              [
                105.796252,
                20.939326
              ],
              [
                105.796043,
                20.939271
              ],
              [
                105.795472,
                20.939129
              ],
              [
                105.79391,
                20.938696
              ],
              [
                105.793402,
                20.938559
              ],
              [
                105.79307,
                20.938467
              ],
              [
                105.792362,
                20.938421
              ],
              [
                105.790454,
                20.939075
              ],
              [
                105.791769,
                20.942289
              ],
              [
                105.791778,
                20.942289
              ],
              [
                105.791856,
                20.942501
              ],
              [
                105.791868,
                20.942536
              ],
              [
                105.792665,
                20.944643
              ],
              [
                105.792826,
                20.945064
              ],
              [
                105.793117,
                20.945838
              ],
              [
                105.793431,
                20.946695
              ],
              [
                105.793527,
                20.947027
              ],
              [
                105.793605,
                20.947265
              ],
              [
                105.793729,
                20.947592
              ],
              [
                105.793966,
                20.948236
              ],
              [
                105.79411,
                20.948608
              ],
              [
                105.794251,
                20.949023
              ],
              [
                105.79438,
                20.949381
              ],
              [
                105.794549,
                20.949848
              ],
              [
                105.794679,
                20.950217
              ],
              [
                105.794792,
                20.950525
              ],
              [
                105.794771,
                20.950548
              ],
              [
                105.794767,
                20.950566
              ],
              [
                105.794771,
                20.95058
              ],
              [
                105.794786,
                20.950593
              ],
              [
                105.794775,
                20.950609
              ],
              [
                105.794738,
                20.950655
              ],
              [
                105.794734,
                20.950659
              ],
              [
                105.794678,
                20.95072
              ],
              [
                105.794628,
                20.950759
              ],
              [
                105.794586,
                20.950781
              ],
              [
                105.794405,
                20.950849
              ],
              [
                105.794256,
                20.950898
              ],
              [
                105.794247,
                20.950905
              ],
              [
                105.794237,
                20.95097
              ],
              [
                105.794204,
                20.951127
              ],
              [
                105.794169,
                20.951287
              ],
              [
                105.79415,
                20.951353
              ],
              [
                105.794116,
                20.951429
              ],
              [
                105.794211,
                20.951613
              ],
              [
                105.794224,
                20.951655
              ],
              [
                105.794161,
                20.951764
              ],
              [
                105.794088,
                20.951891
              ],
              [
                105.794035,
                20.951913
              ],
              [
                105.794122,
                20.952282
              ],
              [
                105.794215,
                20.952608
              ],
              [
                105.794367,
                20.953098
              ],
              [
                105.794411,
                20.953293
              ],
              [
                105.794548,
                20.953758
              ],
              [
                105.794559,
                20.953796
              ],
              [
                105.7946,
                20.953935
              ],
              [
                105.794658,
                20.954178
              ],
              [
                105.794706,
                20.954382
              ],
              [
                105.794783,
                20.954715
              ],
              [
                105.794826,
                20.954707
              ],
              [
                105.794891,
                20.954788
              ],
              [
                105.795064,
                20.954986
              ],
              [
                105.795196,
                20.954872
              ],
              [
                105.795323,
                20.954951
              ],
              [
                105.795475,
                20.954795
              ],
              [
                105.795766,
                20.954942
              ],
              [
                105.795624,
                20.955093
              ],
              [
                105.796004,
                20.95529
              ],
              [
                105.796161,
                20.955188
              ],
              [
                105.796595,
                20.955437
              ],
              [
                105.796777,
                20.955478
              ],
              [
                105.79679,
                20.955491
              ],
              [
                105.796814,
                20.955513
              ],
              [
                105.796827,
                20.955526
              ],
              [
                105.79684,
                20.955539
              ],
              [
                105.796859,
                20.955558
              ],
              [
                105.796864,
                20.955562
              ],
              [
                105.796877,
                20.955575
              ],
              [
                105.797062,
                20.955613
              ],
              [
                105.797393,
                20.95568
              ],
              [
                105.797412,
                20.955684
              ],
              [
                105.79744,
                20.955691
              ],
              [
                105.797468,
                20.955698
              ],
              [
                105.797487,
                20.955702
              ],
              [
                105.79748,
                20.955725
              ],
              [
                105.797497,
                20.95573
              ],
              [
                105.797487,
                20.956159
              ],
              [
                105.797488,
                20.956207
              ],
              [
                105.797476,
                20.956278
              ],
              [
                105.797472,
                20.956283
              ],
              [
                105.797437,
                20.956525
              ],
              [
                105.797472,
                20.956529
              ],
              [
                105.797465,
                20.956582
              ],
              [
                105.797465,
                20.956682
              ],
              [
                105.797468,
                20.95689
              ],
              [
                105.797469,
                20.957098
              ],
              [
                105.797484,
                20.957097
              ],
              [
                105.797628,
                20.95709
              ],
              [
                105.797708,
                20.957074
              ],
              [
                105.797763,
                20.957072
              ],
              [
                105.797764,
                20.957077
              ],
              [
                105.79777,
                20.957082
              ],
              [
                105.797783,
                20.957085
              ],
              [
                105.797793,
                20.957088
              ],
              [
                105.797902,
                20.957163
              ],
              [
                105.797915,
                20.957172
              ],
              [
                105.797917,
                20.957173
              ],
              [
                105.797933,
                20.957178
              ],
              [
                105.797969,
                20.957374
              ],
              [
                105.798133,
                20.957574
              ],
              [
                105.798162,
                20.95761
              ],
              [
                105.79818,
                20.957589
              ],
              [
                105.798333,
                20.957462
              ],
              [
                105.798552,
                20.957399
              ],
              [
                105.798726,
                20.95741
              ],
              [
                105.798924,
                20.957418
              ],
              [
                105.799124,
                20.957526
              ],
              [
                105.799305,
                20.957666
              ],
              [
                105.79946,
                20.957789
              ],
              [
                105.799541,
                20.957849
              ],
              [
                105.799682,
                20.957988
              ],
              [
                105.79991,
                20.958164
              ],
              [
                105.80002,
                20.958199
              ],
              [
                105.800145,
                20.958232
              ],
              [
                105.800313,
                20.958266
              ],
              [
                105.800524,
                20.958277
              ],
              [
                105.800735,
                20.958238
              ],
              [
                105.800894,
                20.958191
              ],
              [
                105.801091,
                20.958098
              ],
              [
                105.801255,
                20.957984
              ],
              [
                105.801345,
                20.957895
              ],
              [
                105.801393,
                20.957795
              ],
              [
                105.801446,
                20.957721
              ],
              [
                105.801511,
                20.957622
              ],
              [
                105.801626,
                20.95747
              ],
              [
                105.80175,
                20.957339
              ],
              [
                105.801886,
                20.9572
              ],
              [
                105.801909,
                20.957177
              ],
              [
                105.802265,
                20.957727
              ],
              [
                105.802384,
                20.957894
              ],
              [
                105.802391,
                20.957904
              ],
              [
                105.802399,
                20.957915
              ],
              [
                105.802564,
                20.958146
              ],
              [
                105.802603,
                20.958195
              ],
              [
                105.802641,
                20.958219
              ],
              [
                105.80268,
                20.958239
              ],
              [
                105.802715,
                20.95827
              ],
              [
                105.802792,
                20.958369
              ],
              [
                105.802715,
                20.958421
              ],
              [
                105.802685,
                20.95844
              ],
              [
                105.802701,
                20.958464
              ],
              [
                105.802947,
                20.958832
              ],
              [
                105.802975,
                20.95885
              ],
              [
                105.803004,
                20.95885
              ],
              [
                105.803076,
                20.958805
              ],
              [
                105.803114,
                20.95879
              ],
              [
                105.803152,
                20.958803
              ],
              [
                105.803351,
                20.959121
              ],
              [
                105.803361,
                20.959136
              ],
              [
                105.80351,
                20.959357
              ],
              [
                105.803545,
                20.95941
              ],
              [
                105.803592,
                20.959386
              ],
              [
                105.803614,
                20.959374
              ],
              [
                105.803965,
                20.959191
              ],
              [
                105.803999,
                20.959173
              ],
              [
                105.804043,
                20.95915
              ],
              [
                105.804098,
                20.959121
              ],
              [
                105.804262,
                20.959036
              ],
              [
                105.804262,
                20.959036
              ],
              [
                105.804267,
                20.959033
              ],
              [
                105.804323,
                20.959004
              ],
              [
                105.804379,
                20.958974
              ],
              [
                105.804424,
                20.95895
              ],
              [
                105.804448,
                20.958938
              ],
              [
                105.80458,
                20.958868
              ],
              [
                105.804641,
                20.958835
              ],
              [
                105.804694,
                20.958807
              ],
              [
                105.804694,
                20.958807
              ]
            ]
          ]
        ]
      },
      "properties": {
        "code": "00664",
        "name": "Đại Thanh",
        "nameEn": "Dai Thanh",
        "fullName": "Xã Đại Thanh",
        "fullNameEn": "Dai Thanh Commune",
        "codeName": "dai_thanh",
        "postalCode": "12523",
        "postalCodePrefix": "",
        "gisServerId": "diaphanhanhchinhcapxa_2025.3175",
        "areaKm2": 18.92
      }
    }
  ]
}