{
  "type": "FeatureCollection",
  "bbox": [
    105.711774,
    21.168111,
    105.790896,
    21.229123
  ],
  "features": [
    {
      "type": "Feature",
      "id": "08974",
      "bbox": [
        105.711774,
        21.168111,
        105.790896,
        21.229123
      ],
      "geometry": {
        "type": "MultiPolygon",
        "coordinates": [
          [
            [
              [
                105.754868,
                21.221743
              ],
              [
                105.754909,
                21.221738
              ],
              [
                105.754939,
                21.221739
              ],
              [
                105.754973,
                21.221741
              ],
              [
                105.755002,
                21.221741
              ],
              [
                105.755036,
                21.221744
              ],
              [
                105.755073,
                21.221749
              ],
              [
                105.75512,
                21.221754
              ],
              [
                105.755159,
                21.22176
              ],
              [
                105.755193,
                21.221765
              ],
              [
                105.75523,
                21.221771
              ],
              [
                105.755263,
                21.221775
              ],
              [
                105.755302,
                21.221782
              ],
              [
                105.755335,
                21.221787
              ],
              [
                105.755368,
                21.221792
              ],
              [
                105.755396,
                21.221796
              ],
              [
                105.755423,
                21.221801
              ],
              [
                105.755459,
                21.221813
              ],
              [
                105.755497,
                21.22182
              ],
              [
                105.755531,
                21.221831
              ],
              [
                105.755567,
                21.221842
              ],
              [
                105.755601,
                21.221853
              ],
              [
                105.755637,
                21.221865
              ],
              [
                105.75567,
                21.221876
              ],
              [
                105.75571,
                21.221889
              ],
              [
                105.755756,
                21.221906
              ],
              [
                105.755802,
                21.221921
              ],
              [
                105.755839,
                21.221934
              ],
              [
                105.755872,
                21.221946
              ],
              [
                105.755904,
                21.221964
              ],
              [
                105.755941,
                21.221983
              ],
              [
                105.755976,
                21.222003
              ],
              [
                105.756006,
                21.222017
              ],
              [
                105.756043,
                21.222047
              ],
              [
                105.756073,
                21.222072
              ],
              [
                105.756099,
                21.222093
              ],
              [
                105.756129,
                21.222118
              ],
              [
                105.756165,
                21.222147
              ],
              [
                105.756189,
                21.222173
              ],
              [
                105.756212,
                21.222198
              ],
              [
                105.756234,
                21.222221
              ],
              [
                105.75626,
                21.22225
              ],
              [
                105.756292,
                21.222284
              ],
              [
                105.756316,
                21.222309
              ],
              [
                105.756339,
                21.222334
              ],
              [
                105.75636,
                21.222361
              ],
              [
                105.756383,
                21.222388
              ],
              [
                105.756404,
                21.222415
              ],
              [
                105.756425,
                21.22244
              ],
              [
                105.75645,
                21.222471
              ],
              [
                105.756479,
                21.222507
              ],
              [
                105.756502,
                21.222534
              ],
              [
                105.756525,
                21.222558
              ],
              [
                105.75655,
                21.222584
              ],
              [
                105.756578,
                21.222606
              ],
              [
                105.756601,
                21.222626
              ],
              [
                105.756635,
                21.222655
              ],
              [
                105.756665,
                21.222679
              ],
              [
                105.756688,
                21.222699
              ],
              [
                105.756716,
                21.222722
              ],
              [
                105.75675,
                21.222737
              ],
              [
                105.756777,
                21.22276
              ],
              [
                105.756811,
                21.222775
              ],
              [
                105.756835,
                21.222793
              ],
              [
                105.756859,
                21.222812
              ],
              [
                105.756893,
                21.222827
              ],
              [
                105.75692,
                21.222844
              ],
              [
                105.756954,
                21.222855
              ],
              [
                105.75698,
                21.222872
              ],
              [
                105.757006,
                21.222883
              ],
              [
                105.757035,
                21.222895
              ],
              [
                105.757058,
                21.222909
              ],
              [
                105.757093,
                21.22292
              ],
              [
                105.757134,
                21.222938
              ],
              [
                105.757184,
                21.222955
              ],
              [
                105.757203,
                21.222961
              ],
              [
                105.757232,
                21.222971
              ],
              [
                105.757254,
                21.222978
              ],
              [
                105.757279,
                21.222985
              ],
              [
                105.757304,
                21.222993
              ],
              [
                105.757411,
                21.223027
              ],
              [
                105.757513,
                21.22304
              ],
              [
                105.757549,
                21.223042
              ],
              [
                105.757587,
                21.223049
              ],
              [
                105.757623,
                21.223052
              ],
              [
                105.757652,
                21.223056
              ],
              [
                105.757705,
                21.223055
              ],
              [
                105.757756,
                21.223052
              ],
              [
                105.757779,
                21.223052
              ],
              [
                105.757802,
                21.223051
              ],
              [
                105.757853,
                21.223048
              ],
              [
                105.75791,
                21.223043
              ],
              [
                105.757932,
                21.223036
              ],
              [
                105.757969,
                21.223024
              ],
              [
                105.758013,
                21.223001
              ],
              [
                105.758039,
                21.222989
              ],
              [
                105.758062,
                21.222975
              ],
              [
                105.758095,
                21.222957
              ],
              [
                105.75812,
                21.222941
              ],
              [
                105.758153,
                21.222923
              ],
              [
                105.758178,
                21.222907
              ],
              [
                105.758221,
                21.22288
              ],
              [
                105.758243,
                21.222857
              ],
              [
                105.758264,
                21.222829
              ],
              [
                105.75827,
                21.222816
              ],
              [
                105.758286,
                21.222776
              ],
              [
                105.758296,
                21.222759
              ],
              [
                105.758307,
                21.222732
              ],
              [
                105.758318,
                21.222703
              ],
              [
                105.758334,
                21.22268
              ],
              [
                105.758356,
                21.222644
              ],
              [
                105.75839,
                21.222615
              ],
              [
                105.758402,
                21.222578
              ],
              [
                105.758418,
                21.222546
              ],
              [
                105.758434,
                21.222502
              ],
              [
                105.758449,
                21.222466
              ],
              [
                105.758462,
                21.222437
              ],
              [
                105.758475,
                21.222408
              ],
              [
                105.758486,
                21.222386
              ],
              [
                105.758502,
                21.222351
              ],
              [
                105.75852,
                21.222315
              ],
              [
                105.758538,
                21.222273
              ],
              [
                105.758554,
                21.222243
              ],
              [
                105.758554,
                21.222241
              ],
              [
                105.758565,
                21.222208
              ],
              [
                105.758574,
                21.222179
              ],
              [
                105.758583,
                21.222156
              ],
              [
                105.758593,
                21.222119
              ],
              [
                105.758606,
                21.222084
              ],
              [
                105.758621,
                21.22205
              ],
              [
                105.758637,
                21.222018
              ],
              [
                105.758651,
                21.221985
              ],
              [
                105.758667,
                21.221954
              ],
              [
                105.758681,
                21.221921
              ],
              [
                105.758697,
                21.221889
              ],
              [
                105.758711,
                21.221856
              ],
              [
                105.758727,
                21.221824
              ],
              [
                105.758739,
                21.221793
              ],
              [
                105.758754,
                21.221761
              ],
              [
                105.758766,
                21.22173
              ],
              [
                105.75878,
                21.221697
              ],
              [
                105.758793,
                21.221666
              ],
              [
                105.758807,
                21.221635
              ],
              [
                105.758816,
                21.221613
              ],
              [
                105.758826,
                21.221589
              ],
              [
                105.75884,
                21.221558
              ],
              [
                105.758853,
                21.221527
              ],
              [
                105.758867,
                21.221496
              ],
              [
                105.75888,
                21.221465
              ],
              [
                105.758893,
                21.221434
              ],
              [
                105.758907,
                21.221403
              ],
              [
                105.75892,
                21.221372
              ],
              [
                105.758934,
                21.221338
              ],
              [
                105.758953,
                21.221295
              ],
              [
                105.758966,
                21.221264
              ],
              [
                105.75898,
                21.221233
              ],
              [
                105.758995,
                21.221204
              ],
              [
                105.759023,
                21.221146
              ],
              [
                105.759031,
                21.221088
              ],
              [
                105.759034,
                21.221049
              ],
              [
                105.759041,
                21.221017
              ],
              [
                105.759043,
                21.220978
              ],
              [
                105.759047,
                21.220945
              ],
              [
                105.759048,
                21.22091
              ],
              [
                105.759048,
                21.220909
              ],
              [
                105.759051,
                21.220865
              ],
              [
                105.759054,
                21.220826
              ],
              [
                105.759056,
                21.220794
              ],
              [
                105.759058,
                21.220755
              ],
              [
                105.759061,
                21.220721
              ],
              [
                105.759064,
                21.220685
              ],
              [
                105.759067,
                21.220646
              ],
              [
                105.75907,
                21.220619
              ],
              [
                105.759073,
                21.220597
              ],
              [
                105.759075,
                21.220562
              ],
              [
                105.75908,
                21.220527
              ],
              [
                105.759084,
                21.22048
              ],
              [
                105.759088,
                21.220443
              ],
              [
                105.759091,
                21.220408
              ],
              [
                105.759094,
                21.220373
              ],
              [
                105.759095,
                21.22034
              ],
              [
                105.759096,
                21.220315
              ],
              [
                105.759097,
                21.220291
              ],
              [
                105.7591,
                21.220256
              ],
              [
                105.759101,
                21.220223
              ],
              [
                105.759103,
                21.220188
              ],
              [
                105.759104,
                21.220154
              ],
              [
                105.759106,
                21.220128
              ],
              [
                105.759107,
                21.220104
              ],
              [
                105.759105,
                21.220078
              ],
              [
                105.759106,
                21.220044
              ],
              [
                105.759101,
                21.220009
              ],
              [
                105.759102,
                21.219985
              ],
              [
                105.759099,
                21.219955
              ],
              [
                105.7591,
                21.219902
              ],
              [
                105.759106,
                21.219847
              ],
              [
                105.759112,
                21.2198
              ],
              [
                105.759126,
                21.219771
              ],
              [
                105.759138,
                21.219739
              ],
              [
                105.759143,
                21.219701
              ],
              [
                105.759146,
                21.219667
              ],
              [
                105.759146,
                21.219625
              ],
              [
                105.759145,
                21.219586
              ],
              [
                105.75915,
                21.219544
              ],
              [
                105.759155,
                21.219516
              ],
              [
                105.759161,
                21.21948
              ],
              [
                105.759167,
                21.219444
              ],
              [
                105.759163,
                21.219419
              ],
              [
                105.759165,
                21.219385
              ],
              [
                105.759154,
                21.219349
              ],
              [
                105.759157,
                21.219323
              ],
              [
                105.759146,
                21.219287
              ],
              [
                105.759145,
                21.219239
              ],
              [
                105.759141,
                21.219213
              ],
              [
                105.759138,
                21.219185
              ],
              [
                105.759138,
                21.219178
              ],
              [
                105.759138,
                21.219146
              ],
              [
                105.759136,
                21.219112
              ],
              [
                105.759136,
                21.21908
              ],
              [
                105.759134,
                21.219057
              ],
              [
                105.759134,
                21.219031
              ],
              [
                105.759134,
                21.219029
              ],
              [
                105.759133,
                21.218997
              ],
              [
                105.75913,
                21.218963
              ],
              [
                105.759132,
                21.21893
              ],
              [
                105.75913,
                21.218897
              ],
              [
                105.759131,
                21.218864
              ],
              [
                105.759129,
                21.218832
              ],
              [
                105.759131,
                21.218798
              ],
              [
                105.759131,
                21.218767
              ],
              [
                105.759135,
                21.218732
              ],
              [
                105.759136,
                21.218701
              ],
              [
                105.75914,
                21.218667
              ],
              [
                105.75914,
                21.218635
              ],
              [
                105.759144,
                21.218601
              ],
              [
                105.759147,
                21.218562
              ],
              [
                105.759152,
                21.218527
              ],
              [
                105.759155,
                21.218488
              ],
              [
                105.759159,
                21.218454
              ],
              [
                105.75916,
                21.218419
              ],
              [
                105.759165,
                21.218384
              ],
              [
                105.759166,
                21.218349
              ],
              [
                105.75917,
                21.218315
              ],
              [
                105.75917,
                21.218283
              ],
              [
                105.759174,
                21.218248
              ],
              [
                105.759174,
                21.218217
              ],
              [
                105.759176,
                21.218182
              ],
              [
                105.759175,
                21.218146
              ],
              [
                105.759177,
                21.218099
              ],
              [
                105.759177,
                21.218059
              ],
              [
                105.759178,
                21.218026
              ],
              [
                105.75918,
                21.217992
              ],
              [
                105.759179,
                21.217956
              ],
              [
                105.759182,
                21.217922
              ],
              [
                105.759177,
                21.217892
              ],
              [
                105.759175,
                21.217847
              ],
              [
                105.759175,
                21.217807
              ],
              [
                105.759166,
                21.217766
              ],
              [
                105.759162,
                21.217727
              ],
              [
                105.75916,
                21.217696
              ],
              [
                105.759157,
                21.217663
              ],
              [
                105.759151,
                21.217621
              ],
              [
                105.759134,
                21.217587
              ],
              [
                105.759135,
                21.217545
              ],
              [
                105.759137,
                21.217518
              ],
              [
                105.75913,
                21.217492
              ],
              [
                105.75913,
                21.217454
              ],
              [
                105.759132,
                21.217408
              ],
              [
                105.75913,
                21.217377
              ],
              [
                105.759134,
                21.217341
              ],
              [
                105.759138,
                21.217302
              ],
              [
                105.759146,
                21.217268
              ],
              [
                105.759153,
                21.217233
              ],
              [
                105.75916,
                21.2172
              ],
              [
                105.759165,
                21.217175
              ],
              [
                105.759173,
                21.217151
              ],
              [
                105.759182,
                21.217121
              ],
              [
                105.759191,
                21.217091
              ],
              [
                105.759201,
                21.21706
              ],
              [
                105.759211,
                21.217028
              ],
              [
                105.759219,
                21.217008
              ],
              [
                105.759229,
                21.216979
              ],
              [
                105.759241,
                21.216945
              ],
              [
                105.759251,
                21.216916
              ],
              [
                105.759265,
                21.216882
              ],
              [
                105.759277,
                21.216855
              ],
              [
                105.759291,
                21.216822
              ],
              [
                105.759304,
                21.216794
              ],
              [
                105.759318,
                21.216761
              ],
              [
                105.759331,
                21.216733
              ],
              [
                105.759342,
                21.216705
              ],
              [
                105.759354,
                21.216677
              ],
              [
                105.75936,
                21.216654
              ],
              [
                105.759375,
                21.216627
              ],
              [
                105.759392,
                21.216593
              ],
              [
                105.759407,
                21.216566
              ],
              [
                105.759423,
                21.216533
              ],
              [
                105.75944,
                21.216501
              ],
              [
                105.75945,
                21.216477
              ],
              [
                105.759461,
                21.216453
              ],
              [
                105.759478,
                21.216421
              ],
              [
                105.759496,
                21.216385
              ],
              [
                105.759512,
                21.216354
              ],
              [
                105.759529,
                21.216323
              ],
              [
                105.759545,
                21.216298
              ],
              [
                105.759556,
                21.216279
              ],
              [
                105.759573,
                21.216249
              ],
              [
                105.759593,
                21.216217
              ],
              [
                105.75961,
                21.216186
              ],
              [
                105.759631,
                21.21615
              ],
              [
                105.759648,
                21.216119
              ],
              [
                105.759666,
                21.21609
              ],
              [
                105.759683,
                21.216059
              ],
              [
                105.759702,
                21.216025
              ],
              [
                105.759724,
                21.215986
              ],
              [
                105.759749,
                21.215944
              ],
              [
                105.759769,
                21.215914
              ],
              [
                105.759786,
                21.215883
              ],
              [
                105.759794,
                21.21587
              ],
              [
                105.759802,
                21.215856
              ],
              [
                105.759824,
                21.215819
              ],
              [
                105.759838,
                21.215793
              ],
              [
                105.759855,
                21.215764
              ],
              [
                105.759871,
                21.215733
              ],
              [
                105.759884,
                21.215711
              ],
              [
                105.759895,
                21.215691
              ],
              [
                105.759917,
                21.215658
              ],
              [
                105.759934,
                21.215629
              ],
              [
                105.759957,
                21.215599
              ],
              [
                105.759974,
                21.21557
              ],
              [
                105.759996,
                21.21554
              ],
              [
                105.760017,
                21.215502
              ],
              [
                105.760035,
                21.215474
              ],
              [
                105.760057,
                21.215443
              ],
              [
                105.760075,
                21.215414
              ],
              [
                105.760097,
                21.215384
              ],
              [
                105.760115,
                21.215355
              ],
              [
                105.760137,
                21.215325
              ],
              [
                105.760157,
                21.215294
              ],
              [
                105.760177,
                21.215265
              ],
              [
                105.760197,
                21.215234
              ],
              [
                105.760217,
                21.215206
              ],
              [
                105.760231,
                21.215185
              ],
              [
                105.760248,
                21.21516
              ],
              [
                105.760267,
                21.215132
              ],
              [
                105.760288,
                21.215101
              ],
              [
                105.760307,
                21.215073
              ],
              [
                105.760327,
                21.215044
              ],
              [
                105.76035,
                21.215012
              ],
              [
                105.760365,
                21.214989
              ],
              [
                105.760388,
                21.214957
              ],
              [
                105.760403,
                21.214934
              ],
              [
                105.760423,
                21.21491
              ],
              [
                105.760443,
                21.214886
              ],
              [
                105.760457,
                21.214869
              ],
              [
                105.760478,
                21.214844
              ],
              [
                105.760502,
                21.214816
              ],
              [
                105.760523,
                21.214791
              ],
              [
                105.760547,
                21.214764
              ],
              [
                105.760579,
                21.214726
              ],
              [
                105.760606,
                21.214695
              ],
              [
                105.760628,
                21.21467
              ],
              [
                105.760651,
                21.214642
              ],
              [
                105.760675,
                21.214615
              ],
              [
                105.760698,
                21.214588
              ],
              [
                105.760723,
                21.214564
              ],
              [
                105.760746,
                21.214539
              ],
              [
                105.760773,
                21.214513
              ],
              [
                105.760809,
                21.214481
              ],
              [
                105.76084,
                21.214451
              ],
              [
                105.760857,
                21.214435
              ],
              [
                105.760873,
                21.214414
              ],
              [
                105.760908,
                21.214378
              ],
              [
                105.760932,
                21.214356
              ],
              [
                105.760957,
                21.214334
              ],
              [
                105.760984,
                21.214306
              ],
              [
                105.761009,
                21.214284
              ],
              [
                105.761034,
                21.214258
              ],
              [
                105.761059,
                21.214236
              ],
              [
                105.761084,
                21.21421
              ],
              [
                105.761108,
                21.21419
              ],
              [
                105.761133,
                21.214164
              ],
              [
                105.761157,
                21.214144
              ],
              [
                105.761182,
                21.214118
              ],
              [
                105.761206,
                21.214098
              ],
              [
                105.761231,
                21.214072
              ],
              [
                105.761257,
                21.214051
              ],
              [
                105.761282,
                21.214029
              ],
              [
                105.761311,
                21.214003
              ],
              [
                105.761336,
                21.21398
              ],
              [
                105.761357,
                21.213962
              ],
              [
                105.761376,
                21.213943
              ],
              [
                105.761402,
                21.21392
              ],
              [
                105.761421,
                21.213903
              ],
              [
                105.761439,
                21.213885
              ],
              [
                105.761465,
                21.213862
              ],
              [
                105.761494,
                21.213839
              ],
              [
                105.761518,
                21.213817
              ],
              [
                105.761547,
                21.213794
              ],
              [
                105.761571,
                21.213771
              ],
              [
                105.761608,
                21.213744
              ],
              [
                105.761636,
                21.213716
              ],
              [
                105.761665,
                21.213695
              ],
              [
                105.761684,
                21.213679
              ],
              [
                105.761705,
                21.213662
              ],
              [
                105.761737,
                21.213645
              ],
              [
                105.761776,
                21.213619
              ],
              [
                105.761819,
                21.213586
              ],
              [
                105.761848,
                21.213569
              ],
              [
                105.761885,
                21.213549
              ],
              [
                105.76191,
                21.213529
              ],
              [
                105.76194,
                21.213511
              ],
              [
                105.761964,
                21.213495
              ],
              [
                105.761993,
                21.213477
              ],
              [
                105.762018,
                21.213461
              ],
              [
                105.762047,
                21.213443
              ],
              [
                105.762083,
                21.213423
              ],
              [
                105.762125,
                21.213403
              ],
              [
                105.76215,
                21.213389
              ],
              [
                105.762171,
                21.213379
              ],
              [
                105.762199,
                21.213368
              ],
              [
                105.762234,
                21.213352
              ],
              [
                105.762263,
                21.213341
              ],
              [
                105.762297,
                21.213328
              ],
              [
                105.762349,
                21.213311
              ],
              [
                105.76239,
                21.213297
              ],
              [
                105.762423,
                21.213286
              ],
              [
                105.76246,
                21.213276
              ],
              [
                105.762495,
                21.213263
              ],
              [
                105.762531,
                21.213252
              ],
              [
                105.762568,
                21.213242
              ],
              [
                105.762604,
                21.213232
              ],
              [
                105.76264,
                21.213222
              ],
              [
                105.762673,
                21.213214
              ],
              [
                105.76271,
                21.213204
              ],
              [
                105.762743,
                21.213196
              ],
              [
                105.762779,
                21.213187
              ],
              [
                105.762812,
                21.213179
              ],
              [
                105.762849,
                21.213169
              ],
              [
                105.762882,
                21.213162
              ],
              [
                105.762914,
                21.213155
              ],
              [
                105.762941,
                21.213149
              ],
              [
                105.762979,
                21.213138
              ],
              [
                105.763028,
                21.213124
              ],
              [
                105.763058,
                21.213114
              ],
              [
                105.763089,
                21.213106
              ],
              [
                105.763125,
                21.213101
              ],
              [
                105.763156,
                21.213093
              ],
              [
                105.763192,
                21.213088
              ],
              [
                105.763226,
                21.213081
              ],
              [
                105.763261,
                21.213076
              ],
              [
                105.763303,
                21.213075
              ],
              [
                105.763337,
                21.213075
              ],
              [
                105.763365,
                21.213071
              ],
              [
                105.763394,
                21.213075
              ],
              [
                105.763429,
                21.213075
              ],
              [
                105.763468,
                21.213088
              ],
              [
                105.763503,
                21.213087
              ],
              [
                105.763536,
                21.213089
              ],
              [
                105.763571,
                21.213088
              ],
              [
                105.7636,
                21.213087
              ],
              [
                105.763638,
                21.213087
              ],
              [
                105.763668,
                21.213087
              ],
              [
                105.763707,
                21.213087
              ],
              [
                105.763763,
                21.213087
              ],
              [
                105.763823,
                21.213086
              ],
              [
                105.763882,
                21.213076
              ],
              [
                105.763921,
                21.213064
              ],
              [
                105.76396,
                21.213055
              ],
              [
                105.763997,
                21.213056
              ],
              [
                105.764047,
                21.213053
              ],
              [
                105.764098,
                21.21305
              ],
              [
                105.76413,
                21.21305
              ],
              [
                105.764168,
                21.213048
              ],
              [
                105.764201,
                21.213047
              ],
              [
                105.764247,
                21.213046
              ],
              [
                105.764288,
                21.213044
              ],
              [
                105.764323,
                21.213044
              ],
              [
                105.764361,
                21.213042
              ],
              [
                105.764397,
                21.213042
              ],
              [
                105.764447,
                21.213043
              ],
              [
                105.764501,
                21.213041
              ],
              [
                105.764541,
                21.213042
              ],
              [
                105.764574,
                21.213044
              ],
              [
                105.764601,
                21.213051
              ],
              [
                105.764645,
                21.213056
              ],
              [
                105.764872,
                21.213088
              ],
              [
                105.76492,
                21.213096
              ],
              [
                105.764964,
                21.213109
              ],
              [
                105.764992,
                21.213115
              ],
              [
                105.765024,
                21.213125
              ],
              [
                105.765053,
                21.213132
              ],
              [
                105.765084,
                21.213142
              ],
              [
                105.765119,
                21.21315
              ],
              [
                105.76514,
                21.213155
              ],
              [
                105.765167,
                21.213162
              ],
              [
                105.765212,
                21.213173
              ],
              [
                105.765252,
                21.213184
              ],
              [
                105.765284,
                21.213193
              ],
              [
                105.765317,
                21.213199
              ],
              [
                105.765351,
                21.21321
              ],
              [
                105.765384,
                21.213217
              ],
              [
                105.76542,
                21.213228
              ],
              [
                105.765465,
                21.213238
              ],
              [
                105.765499,
                21.213249
              ],
              [
                105.765532,
                21.213255
              ],
              [
                105.765566,
                21.213266
              ],
              [
                105.765599,
                21.213273
              ],
              [
                105.765631,
                21.21328
              ],
              [
                105.765668,
                21.213288
              ],
              [
                105.765702,
                21.213297
              ],
              [
                105.765741,
                21.213307
              ],
              [
                105.765745,
                21.213308
              ],
              [
                105.765796,
                21.213321
              ],
              [
                105.765832,
                21.21333
              ],
              [
                105.765867,
                21.21334
              ],
              [
                105.765919,
                21.213356
              ],
              [
                105.765958,
                21.213365
              ],
              [
                105.765989,
                21.213373
              ],
              [
                105.766021,
                21.21338
              ],
              [
                105.766057,
                21.213389
              ],
              [
                105.766091,
                21.213399
              ],
              [
                105.766127,
                21.213411
              ],
              [
                105.766161,
                21.21342
              ],
              [
                105.766197,
                21.213433
              ],
              [
                105.766227,
                21.213443
              ],
              [
                105.766263,
                21.213456
              ],
              [
                105.766297,
                21.213467
              ],
              [
                105.766336,
                21.213488
              ],
              [
                105.766382,
                21.213514
              ],
              [
                105.766422,
                21.213531
              ],
              [
                105.76646,
                21.213542
              ],
              [
                105.766495,
                21.213553
              ],
              [
                105.766528,
                21.213561
              ],
              [
                105.766562,
                21.213573
              ],
              [
                105.766596,
                21.21358
              ],
              [
                105.766627,
                21.213591
              ],
              [
                105.766662,
                21.213603
              ],
              [
                105.766693,
                21.213615
              ],
              [
                105.766727,
                21.213629
              ],
              [
                105.766765,
                21.213639
              ],
              [
                105.7668,
                21.213653
              ],
              [
                105.766838,
                21.213664
              ],
              [
                105.766883,
                21.213681
              ],
              [
                105.766928,
                21.213698
              ],
              [
                105.767007,
                21.213727
              ],
              [
                105.767049,
                21.213746
              ],
              [
                105.767081,
                21.213759
              ],
              [
                105.76711,
                21.213774
              ],
              [
                105.767143,
                21.213787
              ],
              [
                105.767172,
                21.213801
              ],
              [
                105.767207,
                21.213816
              ],
              [
                105.767263,
                21.213837
              ],
              [
                105.767297,
                21.213851
              ],
              [
                105.76733,
                21.21386
              ],
              [
                105.767363,
                21.213874
              ],
              [
                105.767395,
                21.213881
              ],
              [
                105.767428,
                21.213895
              ],
              [
                105.76747,
                21.213906
              ],
              [
                105.767514,
                21.213922
              ],
              [
                105.767579,
                21.213948
              ],
              [
                105.767624,
                21.213966
              ],
              [
                105.767648,
                21.213975
              ],
              [
                105.767677,
                21.213986
              ],
              [
                105.76771,
                21.213998
              ],
              [
                105.767746,
                21.214012
              ],
              [
                105.767779,
                21.214024
              ],
              [
                105.767817,
                21.214043
              ],
              [
                105.767914,
                21.214073
              ],
              [
                105.767958,
                21.214084
              ],
              [
                105.767987,
                21.214092
              ],
              [
                105.768014,
                21.214102
              ],
              [
                105.768041,
                21.214113
              ],
              [
                105.768063,
                21.214124
              ],
              [
                105.768095,
                21.214133
              ],
              [
                105.76813,
                21.214144
              ],
              [
                105.768179,
                21.214157
              ],
              [
                105.768218,
                21.214169
              ],
              [
                105.768248,
                21.214177
              ],
              [
                105.768284,
                21.214185
              ],
              [
                105.768321,
                21.214193
              ],
              [
                105.768357,
                21.214201
              ],
              [
                105.768394,
                21.214209
              ],
              [
                105.768432,
                21.214214
              ],
              [
                105.76847,
                21.214222
              ],
              [
                105.768508,
                21.214227
              ],
              [
                105.768549,
                21.214237
              ],
              [
                105.768589,
                21.214248
              ],
              [
                105.768629,
                21.214249
              ],
              [
                105.768667,
                21.214247
              ],
              [
                105.768696,
                21.214246
              ],
              [
                105.768729,
                21.214239
              ],
              [
                105.768786,
                21.214228
              ],
              [
                105.768817,
                21.214215
              ],
              [
                105.768855,
                21.214204
              ],
              [
                105.768884,
                21.214186
              ],
              [
                105.768911,
                21.214174
              ],
              [
                105.768951,
                21.214155
              ],
              [
                105.768977,
                21.214142
              ],
              [
                105.76901,
                21.214124
              ],
              [
                105.769043,
                21.214102
              ],
              [
                105.769087,
                21.214076
              ],
              [
                105.769118,
                21.21406
              ],
              [
                105.769147,
                21.214037
              ],
              [
                105.769178,
                21.214013
              ],
              [
                105.769196,
                21.213999
              ],
              [
                105.769223,
                21.213978
              ],
              [
                105.76925,
                21.213957
              ],
              [
                105.769274,
                21.213937
              ],
              [
                105.769295,
                21.213913
              ],
              [
                105.769318,
                21.213893
              ],
              [
                105.769339,
                21.213869
              ],
              [
                105.769363,
                21.213848
              ],
              [
                105.769383,
                21.213825
              ],
              [
                105.769408,
                21.21381
              ],
              [
                105.76943,
                21.213783
              ],
              [
                105.769452,
                21.213759
              ],
              [
                105.769472,
                21.213728
              ],
              [
                105.769492,
                21.213698
              ],
              [
                105.769517,
                21.21365
              ],
              [
                105.769542,
                21.213612
              ],
              [
                105.769567,
                21.213574
              ],
              [
                105.769587,
                21.213535
              ],
              [
                105.769607,
                21.213507
              ],
              [
                105.769627,
                21.213473
              ],
              [
                105.769647,
                21.213444
              ],
              [
                105.769667,
                21.21341
              ],
              [
                105.769682,
                21.213384
              ],
              [
                105.769698,
                21.213363
              ],
              [
                105.769714,
                21.213337
              ],
              [
                105.769732,
                21.213307
              ],
              [
                105.76975,
                21.213274
              ],
              [
                105.769763,
                21.213242
              ],
              [
                105.769775,
                21.213212
              ],
              [
                105.76979,
                21.213182
              ],
              [
                105.769799,
                21.21316
              ],
              [
                105.769808,
                21.213134
              ],
              [
                105.769822,
                21.213092
              ],
              [
                105.769838,
                21.213046
              ],
              [
                105.769851,
                21.213011
              ],
              [
                105.769865,
                21.212972
              ],
              [
                105.769873,
                21.212942
              ],
              [
                105.769894,
                21.212878
              ],
              [
                105.769898,
                21.212853
              ],
              [
                105.769905,
                21.212819
              ],
              [
                105.769913,
                21.212773
              ],
              [
                105.76992,
                21.212734
              ],
              [
                105.769925,
                21.212702
              ],
              [
                105.76993,
                21.212668
              ],
              [
                105.769937,
                21.212634
              ],
              [
                105.769939,
                21.212607
              ],
              [
                105.769944,
                21.212559
              ],
              [
                105.769949,
                21.212511
              ],
              [
                105.769954,
                21.21248
              ],
              [
                105.76996,
                21.212449
              ],
              [
                105.769962,
                21.212412
              ],
              [
                105.769966,
                21.212384
              ],
              [
                105.769967,
                21.212361
              ],
              [
                105.76997,
                21.212326
              ],
              [
                105.769968,
                21.212285
              ],
              [
                105.76997,
                21.212244
              ],
              [
                105.769973,
                21.212212
              ],
              [
                105.769975,
                21.212172
              ],
              [
                105.769977,
                21.212141
              ],
              [
                105.76998,
                21.212104
              ],
              [
                105.769982,
                21.212072
              ],
              [
                105.76998,
                21.212044
              ],
              [
                105.769982,
                21.212015
              ],
              [
                105.76998,
                21.211987
              ],
              [
                105.769982,
                21.211957
              ],
              [
                105.769978,
                21.211915
              ],
              [
                105.769969,
                21.211882
              ],
              [
                105.769965,
                21.211846
              ],
              [
                105.769956,
                21.211813
              ],
              [
                105.769951,
                21.211776
              ],
              [
                105.769933,
                21.211747
              ],
              [
                105.769922,
                21.211715
              ],
              [
                105.769911,
                21.211682
              ],
              [
                105.769893,
                21.211649
              ],
              [
                105.769873,
                21.211631
              ],
              [
                105.769849,
                21.211617
              ],
              [
                105.76983,
                21.211603
              ],
              [
                105.769664,
                21.211482
              ],
              [
                105.769663,
                21.211351
              ],
              [
                105.769662,
                21.211324
              ],
              [
                105.76966,
                21.211278
              ],
              [
                105.769661,
                21.211215
              ],
              [
                105.769658,
                21.211173
              ],
              [
                105.769659,
                21.211133
              ],
              [
                105.769667,
                21.211101
              ],
              [
                105.769669,
                21.211074
              ],
              [
                105.769671,
                21.211049
              ],
              [
                105.76968,
                21.210995
              ],
              [
                105.769681,
                21.210963
              ],
              [
                105.769681,
                21.210937
              ],
              [
                105.769682,
                21.210902
              ],
              [
                105.769683,
                21.210859
              ],
              [
                105.769683,
                21.210829
              ],
              [
                105.769681,
                21.210793
              ],
              [
                105.769676,
                21.21076
              ],
              [
                105.769673,
                21.210724
              ],
              [
                105.769671,
                21.210703
              ],
              [
                105.769667,
                21.210676
              ],
              [
                105.769664,
                21.210641
              ],
              [
                105.769662,
                21.210612
              ],
              [
                105.769659,
                21.210574
              ],
              [
                105.76965,
                21.210531
              ],
              [
                105.769647,
                21.210486
              ],
              [
                105.769647,
                21.210441
              ],
              [
                105.769642,
                21.210414
              ],
              [
                105.769643,
                21.210382
              ],
              [
                105.769643,
                21.210356
              ],
              [
                105.769648,
                21.210311
              ],
              [
                105.769653,
                21.210272
              ],
              [
                105.769648,
                21.210237
              ],
              [
                105.769645,
                21.210204
              ],
              [
                105.769641,
                21.210164
              ],
              [
                105.769638,
                21.210116
              ],
              [
                105.769644,
                21.210041
              ],
              [
                105.769646,
                21.209987
              ],
              [
                105.769645,
                21.209984
              ],
              [
                105.769643,
                21.209952
              ],
              [
                105.769642,
                21.209917
              ],
              [
                105.769643,
                21.209882
              ],
              [
                105.769642,
                21.209834
              ],
              [
                105.769641,
                21.209794
              ],
              [
                105.769641,
                21.209761
              ],
              [
                105.769644,
                21.209725
              ],
              [
                105.769645,
                21.209689
              ],
              [
                105.769647,
                21.209661
              ],
              [
                105.769649,
                21.209637
              ],
              [
                105.769651,
                21.209614
              ],
              [
                105.769652,
                21.209589
              ],
              [
                105.769654,
                21.209566
              ],
              [
                105.769656,
                21.209538
              ],
              [
                105.769658,
                21.209507
              ],
              [
                105.769662,
                21.209471
              ],
              [
                105.769666,
                21.209438
              ],
              [
                105.769671,
                21.209405
              ],
              [
                105.769676,
                21.209372
              ],
              [
                105.769681,
                21.209339
              ],
              [
                105.769686,
                21.209306
              ],
              [
                105.769691,
                21.209273
              ],
              [
                105.769694,
                21.20924
              ],
              [
                105.769697,
                21.209216
              ],
              [
                105.7697,
                21.209189
              ],
              [
                105.769703,
                21.209157
              ],
              [
                105.769709,
                21.209123
              ],
              [
                105.769718,
                21.209079
              ],
              [
                105.769725,
                21.209045
              ],
              [
                105.769732,
                21.209011
              ],
              [
                105.769739,
                21.208976
              ],
              [
                105.769745,
                21.208942
              ],
              [
                105.769752,
                21.208906
              ],
              [
                105.769759,
                21.208871
              ],
              [
                105.769766,
                21.208835
              ],
              [
                105.769773,
                21.2088
              ],
              [
                105.769778,
                21.208774
              ],
              [
                105.769784,
                21.208748
              ],
              [
                105.769792,
                21.208713
              ],
              [
                105.769799,
                21.208677
              ],
              [
                105.769808,
                21.208642
              ],
              [
                105.769814,
                21.208607
              ],
              [
                105.769823,
                21.208572
              ],
              [
                105.76983,
                21.208537
              ],
              [
                105.769838,
                21.208502
              ],
              [
                105.769847,
                21.208468
              ],
              [
                105.769857,
                21.208432
              ],
              [
                105.769866,
                21.208398
              ],
              [
                105.769876,
                21.208363
              ],
              [
                105.769882,
                21.208339
              ],
              [
                105.76989,
                21.20831
              ],
              [
                105.769899,
                21.208277
              ],
              [
                105.769908,
                21.208243
              ],
              [
                105.769917,
                21.208209
              ],
              [
                105.769926,
                21.208175
              ],
              [
                105.769932,
                21.208149
              ],
              [
                105.769939,
                21.208125
              ],
              [
                105.769947,
                21.208091
              ],
              [
                105.769956,
                21.208057
              ],
              [
                105.769964,
                21.208023
              ],
              [
                105.769973,
                21.207989
              ],
              [
                105.769981,
                21.207955
              ],
              [
                105.76999,
                21.207921
              ],
              [
                105.769996,
                21.207896
              ],
              [
                105.770002,
                21.207871
              ],
              [
                105.770013,
                21.207837
              ],
              [
                105.77002,
                21.207803
              ],
              [
                105.770032,
                21.207768
              ],
              [
                105.77004,
                21.207735
              ],
              [
                105.770051,
                21.2077
              ],
              [
                105.770059,
                21.207667
              ],
              [
                105.77007,
                21.207632
              ],
              [
                105.770078,
                21.207599
              ],
              [
                105.770086,
                21.207574
              ],
              [
                105.770094,
                21.207548
              ],
              [
                105.770103,
                21.207516
              ],
              [
                105.770112,
                21.207484
              ],
              [
                105.770124,
                21.20745
              ],
              [
                105.770132,
                21.207418
              ],
              [
                105.770136,
                21.207408
              ],
              [
                105.770144,
                21.207384
              ],
              [
                105.770157,
                21.207349
              ],
              [
                105.770169,
                21.207315
              ],
              [
                105.770182,
                21.20728
              ],
              [
                105.770194,
                21.207247
              ],
              [
                105.770208,
                21.207213
              ],
              [
                105.77022,
                21.20718
              ],
              [
                105.77023,
                21.207156
              ],
              [
                105.77024,
                21.207128
              ],
              [
                105.770252,
                21.207096
              ],
              [
                105.770266,
                21.207061
              ],
              [
                105.770278,
                21.207028
              ],
              [
                105.770292,
                21.206995
              ],
              [
                105.770306,
                21.206961
              ],
              [
                105.770321,
                21.20693
              ],
              [
                105.770335,
                21.206898
              ],
              [
                105.770347,
                21.206874
              ],
              [
                105.770357,
                21.206851
              ],
              [
                105.770372,
                21.206819
              ],
              [
                105.770387,
                21.206787
              ],
              [
                105.770402,
                21.206755
              ],
              [
                105.770416,
                21.206723
              ],
              [
                105.770431,
                21.206691
              ],
              [
                105.770434,
                21.206686
              ],
              [
                105.770446,
                21.20666
              ],
              [
                105.770461,
                21.206626
              ],
              [
                105.770475,
                21.206597
              ],
              [
                105.770489,
                21.206568
              ],
              [
                105.770503,
                21.20654
              ],
              [
                105.770521,
                21.206502
              ],
              [
                105.770537,
                21.206472
              ],
              [
                105.770554,
                21.206439
              ],
              [
                105.77057,
                21.206409
              ],
              [
                105.770588,
                21.206377
              ],
              [
                105.7706,
                21.206354
              ],
              [
                105.770611,
                21.206333
              ],
              [
                105.770629,
                21.206301
              ],
              [
                105.770641,
                21.206269
              ],
              [
                105.770659,
                21.206238
              ],
              [
                105.770672,
                21.206206
              ],
              [
                105.77069,
                21.206175
              ],
              [
                105.770702,
                21.206143
              ],
              [
                105.77072,
                21.20611
              ],
              [
                105.770746,
                21.206058
              ],
              [
                105.770766,
                21.206024
              ],
              [
                105.770784,
                21.205995
              ],
              [
                105.770803,
                21.205964
              ],
              [
                105.770821,
                21.205933
              ],
              [
                105.770839,
                21.205901
              ],
              [
                105.770861,
                21.205871
              ],
              [
                105.770879,
                21.205839
              ],
              [
                105.770901,
                21.20581
              ],
              [
                105.770919,
                21.205778
              ],
              [
                105.770942,
                21.205749
              ],
              [
                105.770962,
                21.205721
              ],
              [
                105.770979,
                21.205699
              ],
              [
                105.770994,
                21.205677
              ],
              [
                105.771009,
                21.205657
              ],
              [
                105.771025,
                21.205636
              ],
              [
                105.77104,
                21.205616
              ],
              [
                105.771057,
                21.205593
              ],
              [
                105.771077,
                21.205565
              ],
              [
                105.771099,
                21.205536
              ],
              [
                105.771119,
                21.205508
              ],
              [
                105.771143,
                21.205481
              ],
              [
                105.771167,
                21.205453
              ],
              [
                105.771192,
                21.205425
              ],
              [
                105.771216,
                21.205398
              ],
              [
                105.771241,
                21.205371
              ],
              [
                105.771266,
                21.205343
              ],
              [
                105.771298,
                21.205308
              ],
              [
                105.771322,
                21.205283
              ],
              [
                105.771347,
                21.205256
              ],
              [
                105.77137,
                21.205231
              ],
              [
                105.771403,
                21.205195
              ],
              [
                105.77143,
                21.205166
              ],
              [
                105.771452,
                21.205138
              ],
              [
                105.771478,
                21.205112
              ],
              [
                105.771501,
                21.205082
              ],
              [
                105.771534,
                21.205046
              ],
              [
                105.771561,
                21.205021
              ],
              [
                105.771587,
                21.204997
              ],
              [
                105.771613,
                21.204971
              ],
              [
                105.771639,
                21.204947
              ],
              [
                105.771666,
                21.204925
              ],
              [
                105.771692,
                21.204901
              ],
              [
                105.77172,
                21.204879
              ],
              [
                105.771746,
                21.204855
              ],
              [
                105.771773,
                21.204833
              ],
              [
                105.771795,
                21.204816
              ],
              [
                105.771816,
                21.2048
              ],
              [
                105.771843,
                21.204778
              ],
              [
                105.771872,
                21.204755
              ],
              [
                105.7719,
                21.204734
              ],
              [
                105.771929,
                21.204711
              ],
              [
                105.771957,
                21.204689
              ],
              [
                105.771979,
                21.204672
              ],
              [
                105.771999,
                21.204657
              ],
              [
                105.772027,
                21.204634
              ],
              [
                105.772055,
                21.204612
              ],
              [
                105.772085,
                21.20459
              ],
              [
                105.772114,
                21.204568
              ],
              [
                105.772143,
                21.204546
              ],
              [
                105.772172,
                21.204524
              ],
              [
                105.772204,
                21.204501
              ],
              [
                105.772246,
                21.204475
              ],
              [
                105.772275,
                21.204456
              ],
              [
                105.77231,
                21.204434
              ],
              [
                105.772348,
                21.204411
              ],
              [
                105.772387,
                21.20439
              ],
              [
                105.77241,
                21.204375
              ],
              [
                105.772428,
                21.204363
              ],
              [
                105.772458,
                21.204343
              ],
              [
                105.772488,
                21.204324
              ],
              [
                105.772511,
                21.204306
              ],
              [
                105.77254,
                21.204281
              ],
              [
                105.772589,
                21.204239
              ],
              [
                105.772622,
                21.204213
              ],
              [
                105.772642,
                21.204195
              ],
              [
                105.772665,
                21.204179
              ],
              [
                105.772697,
                21.204155
              ],
              [
                105.772729,
                21.204137
              ],
              [
                105.772751,
                21.204128
              ],
              [
                105.772778,
                21.204111
              ],
              [
                105.772832,
                21.204084
              ],
              [
                105.772863,
                21.204054
              ],
              [
                105.772893,
                21.204027
              ],
              [
                105.772984,
                21.203944
              ],
              [
                105.773042,
                21.203923
              ],
              [
                105.773073,
                21.203903
              ],
              [
                105.773109,
                21.203889
              ],
              [
                105.773149,
                21.203867
              ],
              [
                105.773189,
                21.203844
              ],
              [
                105.773227,
                21.203816
              ],
              [
                105.773266,
                21.203788
              ],
              [
                105.773296,
                21.20377
              ],
              [
                105.773316,
                21.203733
              ],
              [
                105.773345,
                21.203713
              ],
              [
                105.773418,
                21.203658
              ],
              [
                105.773458,
                21.203632
              ],
              [
                105.773489,
                21.203612
              ],
              [
                105.773527,
                21.203585
              ],
              [
                105.773555,
                21.203566
              ],
              [
                105.773587,
                21.203538
              ],
              [
                105.773618,
                21.203516
              ],
              [
                105.773784,
                21.203408
              ],
              [
                105.773889,
                21.203358
              ],
              [
                105.773915,
                21.203345
              ],
              [
                105.773954,
                21.203328
              ],
              [
                105.773996,
                21.203303
              ],
              [
                105.774033,
                21.203289
              ],
              [
                105.774063,
                21.203271
              ],
              [
                105.774151,
                21.203246
              ],
              [
                105.774184,
                21.203228
              ],
              [
                105.774214,
                21.203226
              ],
              [
                105.774247,
                21.203208
              ],
              [
                105.774293,
                21.203185
              ],
              [
                105.774335,
                21.203159
              ],
              [
                105.774362,
                21.203141
              ],
              [
                105.774393,
                21.20312
              ],
              [
                105.77442,
                21.203102
              ],
              [
                105.774449,
                21.203082
              ],
              [
                105.774475,
                21.203066
              ],
              [
                105.774503,
                21.203046
              ],
              [
                105.77453,
                21.20303
              ],
              [
                105.774558,
                21.20301
              ],
              [
                105.774584,
                21.202994
              ],
              [
                105.774616,
                21.202978
              ],
              [
                105.774645,
                21.202959
              ],
              [
                105.774677,
                21.202943
              ],
              [
                105.774706,
                21.202923
              ],
              [
                105.774734,
                21.202904
              ],
              [
                105.774765,
                21.202879
              ],
              [
                105.774783,
                21.202866
              ],
              [
                105.774806,
                21.20285
              ],
              [
                105.774837,
                21.202824
              ],
              [
                105.774861,
                21.202807
              ],
              [
                105.774896,
                21.202748
              ],
              [
                105.774928,
                21.202719
              ],
              [
                105.774952,
                21.202696
              ],
              [
                105.774983,
                21.202668
              ],
              [
                105.775005,
                21.202649
              ],
              [
                105.775025,
                21.202631
              ],
              [
                105.77505,
                21.202609
              ],
              [
                105.775079,
                21.202583
              ],
              [
                105.775106,
                21.20256
              ],
              [
                105.775134,
                21.202535
              ],
              [
                105.775161,
                21.202512
              ],
              [
                105.775189,
                21.202487
              ],
              [
                105.775217,
                21.202466
              ],
              [
                105.775245,
                21.202442
              ],
              [
                105.775274,
                21.202421
              ],
              [
                105.775301,
                21.202398
              ],
              [
                105.77533,
                21.202377
              ],
              [
                105.775358,
                21.202354
              ],
              [
                105.775385,
                21.202333
              ],
              [
                105.775405,
                21.202317
              ],
              [
                105.775428,
                21.202299
              ],
              [
                105.775455,
                21.202278
              ],
              [
                105.775485,
                21.202255
              ],
              [
                105.775514,
                21.202235
              ],
              [
                105.775544,
                21.202212
              ],
              [
                105.775572,
                21.202191
              ],
              [
                105.775602,
                21.202168
              ],
              [
                105.775635,
                21.202138
              ],
              [
                105.775672,
                21.202106
              ],
              [
                105.775699,
                21.202085
              ],
              [
                105.775724,
                21.202063
              ],
              [
                105.775752,
                21.202047
              ],
              [
                105.775778,
                21.202027
              ],
              [
                105.7758,
                21.202007
              ],
              [
                105.775832,
                21.201976
              ],
              [
                105.77586,
                21.201944
              ],
              [
                105.775884,
                21.201883
              ],
              [
                105.775911,
                21.201855
              ],
              [
                105.775933,
                21.201834
              ],
              [
                105.775956,
                21.201813
              ],
              [
                105.775982,
                21.201785
              ],
              [
                105.776012,
                21.201761
              ],
              [
                105.776029,
                21.201743
              ],
              [
                105.776048,
                21.201726
              ],
              [
                105.776075,
                21.2017
              ],
              [
                105.776101,
                21.201676
              ],
              [
                105.776122,
                21.201656
              ],
              [
                105.77614,
                21.201641
              ],
              [
                105.776165,
                21.201615
              ],
              [
                105.776186,
                21.201597
              ],
              [
                105.776209,
                21.201571
              ],
              [
                105.776231,
                21.201553
              ],
              [
                105.77625,
                21.20153
              ],
              [
                105.776268,
                21.201507
              ],
              [
                105.776285,
                21.201483
              ],
              [
                105.776306,
                21.201465
              ],
              [
                105.776336,
                21.201438
              ],
              [
                105.776375,
                21.201408
              ],
              [
                105.776413,
                21.201378
              ],
              [
                105.776435,
                21.201361
              ],
              [
                105.776464,
                21.201334
              ],
              [
                105.77649,
                21.201307
              ],
              [
                105.776509,
                21.201284
              ],
              [
                105.776535,
                21.201259
              ],
              [
                105.776555,
                21.201241
              ],
              [
                105.776574,
                21.201225
              ],
              [
                105.776594,
                21.201204
              ],
              [
                105.776614,
                21.201188
              ],
              [
                105.776711,
                21.201095
              ],
              [
                105.77676,
                21.201049
              ],
              [
                105.776781,
                21.201028
              ],
              [
                105.776801,
                21.201005
              ],
              [
                105.776819,
                21.200981
              ],
              [
                105.776847,
                21.200958
              ],
              [
                105.776871,
                21.200935
              ],
              [
                105.776888,
                21.200919
              ],
              [
                105.776905,
                21.200901
              ],
              [
                105.776934,
                21.200877
              ],
              [
                105.776957,
                21.200853
              ],
              [
                105.776988,
                21.200829
              ],
              [
                105.777011,
                21.200805
              ],
              [
                105.777041,
                21.200782
              ],
              [
                105.777061,
                21.20076
              ],
              [
                105.777092,
                21.200736
              ],
              [
                105.777112,
                21.200715
              ],
              [
                105.777138,
                21.200693
              ],
              [
                105.777163,
                21.200662
              ],
              [
                105.777189,
                21.20064
              ],
              [
                105.777213,
                21.200609
              ],
              [
                105.77725,
                21.200579
              ],
              [
                105.777271,
                21.200558
              ],
              [
                105.777308,
                21.200528
              ],
              [
                105.777338,
                21.200505
              ],
              [
                105.777361,
                21.200491
              ],
              [
                105.777391,
                21.200483
              ],
              [
                105.777415,
                21.200457
              ],
              [
                105.777444,
                21.20044
              ],
              [
                105.777467,
                21.200432
              ],
              [
                105.777487,
                21.200422
              ],
              [
                105.77752,
                21.200396
              ],
              [
                105.777547,
                21.200379
              ],
              [
                105.777574,
                21.200357
              ],
              [
                105.777605,
                21.200336
              ],
              [
                105.77763,
                21.200322
              ],
              [
                105.77766,
                21.200302
              ],
              [
                105.777687,
                21.200288
              ],
              [
                105.77773,
                21.200265
              ],
              [
                105.777766,
                21.200247
              ],
              [
                105.777799,
                21.200231
              ],
              [
                105.777832,
                21.200215
              ],
              [
                105.777865,
                21.200199
              ],
              [
                105.777888,
                21.200187
              ],
              [
                105.777915,
                21.200173
              ],
              [
                105.777946,
                21.200157
              ],
              [
                105.77798,
                21.200139
              ],
              [
                105.778011,
                21.200122
              ],
              [
                105.778041,
                21.200106
              ],
              [
                105.778073,
                21.200089
              ],
              [
                105.778103,
                21.200072
              ],
              [
                105.778134,
                21.200055
              ],
              [
                105.778164,
                21.200038
              ],
              [
                105.778196,
                21.200021
              ],
              [
                105.778226,
                21.200004
              ],
              [
                105.778258,
                21.199987
              ],
              [
                105.77829,
                21.199973
              ],
              [
                105.778325,
                21.199958
              ],
              [
                105.778357,
                21.199944
              ],
              [
                105.778391,
                21.199929
              ],
              [
                105.778414,
                21.199919
              ],
              [
                105.778442,
                21.199907
              ],
              [
                105.778473,
                21.199893
              ],
              [
                105.778509,
                21.199878
              ],
              [
                105.77854,
                21.199864
              ],
              [
                105.778575,
                21.199851
              ],
              [
                105.778608,
                21.199838
              ],
              [
                105.778643,
                21.199825
              ],
              [
                105.778676,
                21.199812
              ],
              [
                105.77871,
                21.199799
              ],
              [
                105.778743,
                21.199786
              ],
              [
                105.778778,
                21.199773
              ],
              [
                105.778811,
                21.19976
              ],
              [
                105.778844,
                21.199747
              ],
              [
                105.778879,
                21.199734
              ],
              [
                105.778912,
                21.199721
              ],
              [
                105.77895,
                21.199707
              ],
              [
                105.778986,
                21.199695
              ],
              [
                105.779012,
                21.199686
              ],
              [
                105.779039,
                21.199676
              ],
              [
                105.779075,
                21.199663
              ],
              [
                105.779112,
                21.19965
              ],
              [
                105.779148,
                21.199638
              ],
              [
                105.779185,
                21.199625
              ],
              [
                105.77921,
                21.199616
              ],
              [
                105.779237,
                21.199607
              ],
              [
                105.779272,
                21.199598
              ],
              [
                105.779308,
                21.199586
              ],
              [
                105.779343,
                21.199577
              ],
              [
                105.779379,
                21.199565
              ],
              [
                105.779414,
                21.199556
              ],
              [
                105.77945,
                21.199544
              ],
              [
                105.779485,
                21.199535
              ],
              [
                105.779513,
                21.199525
              ],
              [
                105.779537,
                21.199519
              ],
              [
                105.779573,
                21.19951
              ],
              [
                105.779609,
                21.1995
              ],
              [
                105.779645,
                21.199491
              ],
              [
                105.779672,
                21.199484
              ],
              [
                105.779696,
                21.199476
              ],
              [
                105.779735,
                21.199468
              ],
              [
                105.779774,
                21.199474
              ],
              [
                105.779811,
                21.199479
              ],
              [
                105.779836,
                21.199491
              ],
              [
                105.779872,
                21.199484
              ],
              [
                105.779921,
                21.19948
              ],
              [
                105.779973,
                21.199476
              ],
              [
                105.780018,
                21.199461
              ],
              [
                105.780044,
                21.199452
              ],
              [
                105.780078,
                21.199463
              ],
              [
                105.780116,
                21.199459
              ],
              [
                105.780152,
                21.199455
              ],
              [
                105.780166,
                21.199455
              ],
              [
                105.780188,
                21.199455
              ],
              [
                105.78022,
                21.199451
              ],
              [
                105.780224,
                21.199451
              ],
              [
                105.780253,
                21.199451
              ],
              [
                105.780277,
                21.19945
              ],
              [
                105.780278,
                21.19945
              ],
              [
                105.780312,
                21.199447
              ],
              [
                105.780336,
                21.199446
              ],
              [
                105.78035,
                21.199446
              ],
              [
                105.780391,
                21.199437
              ],
              [
                105.780396,
                21.199436
              ],
              [
                105.780429,
                21.199408
              ],
              [
                105.780466,
                21.199408
              ],
              [
                105.780489,
                21.199395
              ],
              [
                105.780514,
                21.199388
              ],
              [
                105.780553,
                21.199379
              ],
              [
                105.780592,
                21.199371
              ],
              [
                105.780626,
                21.199355
              ],
              [
                105.780681,
                21.199345
              ],
              [
                105.780719,
                21.199335
              ],
              [
                105.780772,
                21.199332
              ],
              [
                105.780808,
                21.199338
              ],
              [
                105.78085,
                21.199333
              ],
              [
                105.780884,
                21.199336
              ],
              [
                105.780925,
                21.199333
              ],
              [
                105.780967,
                21.199329
              ],
              [
                105.781,
                21.199331
              ],
              [
                105.781031,
                21.199328
              ],
              [
                105.781064,
                21.19933
              ],
              [
                105.7811,
                21.199324
              ],
              [
                105.781133,
                21.199323
              ],
              [
                105.781171,
                21.19932
              ],
              [
                105.781221,
                21.199314
              ],
              [
                105.781257,
                21.199309
              ],
              [
                105.781293,
                21.199303
              ],
              [
                105.781331,
                21.199297
              ],
              [
                105.781368,
                21.19929
              ],
              [
                105.781406,
                21.199284
              ],
              [
                105.781442,
                21.199278
              ],
              [
                105.78148,
                21.199271
              ],
              [
                105.781511,
                21.199263
              ],
              [
                105.781543,
                21.199255
              ],
              [
                105.781584,
                21.199244
              ],
              [
                105.781621,
                21.199238
              ],
              [
                105.781659,
                21.19923
              ],
              [
                105.781694,
                21.199225
              ],
              [
                105.781732,
                21.199216
              ],
              [
                105.781766,
                21.199212
              ],
              [
                105.781804,
                21.199203
              ],
              [
                105.781836,
                21.199198
              ],
              [
                105.781872,
                21.19919
              ],
              [
                105.781904,
                21.199185
              ],
              [
                105.78194,
                21.199178
              ],
              [
                105.781971,
                21.199172
              ],
              [
                105.781997,
                21.199167
              ],
              [
                105.782025,
                21.19916
              ],
              [
                105.782059,
                21.199153
              ],
              [
                105.782094,
                21.199144
              ],
              [
                105.782143,
                21.199132
              ],
              [
                105.782204,
                21.199116
              ],
              [
                105.782252,
                21.199104
              ],
              [
                105.782287,
                21.199095
              ],
              [
                105.782317,
                21.199074
              ],
              [
                105.78234,
                21.199063
              ],
              [
                105.78237,
                21.199054
              ],
              [
                105.782407,
                21.199044
              ],
              [
                105.782439,
                21.199035
              ],
              [
                105.782475,
                21.199025
              ],
              [
                105.782511,
                21.199018
              ],
              [
                105.78254,
                21.19901
              ],
              [
                105.782576,
                21.199
              ],
              [
                105.782611,
                21.198997
              ],
              [
                105.782643,
                21.198989
              ],
              [
                105.782677,
                21.198979
              ],
              [
                105.782713,
                21.198972
              ],
              [
                105.782741,
                21.198965
              ],
              [
                105.78277,
                21.198954
              ],
              [
                105.782811,
                21.198949
              ],
              [
                105.782848,
                21.19894
              ],
              [
                105.782889,
                21.198935
              ],
              [
                105.782926,
                21.198925
              ],
              [
                105.78296,
                21.198917
              ],
              [
                105.782997,
                21.198908
              ],
              [
                105.78303,
                21.198899
              ],
              [
                105.783068,
                21.19889
              ],
              [
                105.783101,
                21.198882
              ],
              [
                105.783133,
                21.198874
              ],
              [
                105.783167,
                21.198866
              ],
              [
                105.783199,
                21.198858
              ],
              [
                105.783236,
                21.198848
              ],
              [
                105.783268,
                21.19884
              ],
              [
                105.783304,
                21.19883
              ],
              [
                105.783336,
                21.198822
              ],
              [
                105.78337,
                21.198813
              ],
              [
                105.783403,
                21.198805
              ],
              [
                105.783449,
                21.198793
              ],
              [
                105.783488,
                21.198783
              ],
              [
                105.78352,
                21.198776
              ],
              [
                105.783557,
                21.198766
              ],
              [
                105.783581,
                21.198761
              ],
              [
                105.783605,
                21.198754
              ],
              [
                105.78364,
                21.198746
              ],
              [
                105.783674,
                21.198737
              ],
              [
                105.783709,
                21.198729
              ],
              [
                105.783743,
                21.198721
              ],
              [
                105.783778,
                21.198712
              ],
              [
                105.783814,
                21.198703
              ],
              [
                105.783861,
                21.198691
              ],
              [
                105.783896,
                21.198683
              ],
              [
                105.783932,
                21.198672
              ],
              [
                105.78397,
                21.198661
              ],
              [
                105.784019,
                21.198648
              ],
              [
                105.784055,
                21.198636
              ],
              [
                105.784081,
                21.198629
              ],
              [
                105.784107,
                21.198621
              ],
              [
                105.784143,
                21.19861
              ],
              [
                105.784178,
                21.1986
              ],
              [
                105.784206,
                21.198592
              ],
              [
                105.784229,
                21.198584
              ],
              [
                105.784265,
                21.198574
              ],
              [
                105.784301,
                21.198563
              ],
              [
                105.784337,
                21.198553
              ],
              [
                105.784366,
                21.198552
              ],
              [
                105.784405,
                21.198543
              ],
              [
                105.784447,
                21.198536
              ],
              [
                105.784485,
                21.198528
              ],
              [
                105.784522,
                21.198519
              ],
              [
                105.78456,
                21.198511
              ],
              [
                105.784596,
                21.198501
              ],
              [
                105.784635,
                21.198501
              ],
              [
                105.784667,
                21.198492
              ],
              [
                105.784698,
                21.198493
              ],
              [
                105.784731,
                21.198484
              ],
              [
                105.784763,
                21.198476
              ],
              [
                105.784797,
                21.198464
              ],
              [
                105.784835,
                21.198448
              ],
              [
                105.784869,
                21.198436
              ],
              [
                105.784907,
                21.19842
              ],
              [
                105.784933,
                21.198411
              ],
              [
                105.784958,
                21.198403
              ],
              [
                105.784988,
                21.198394
              ],
              [
                105.785024,
                21.198383
              ],
              [
                105.785056,
                21.198374
              ],
              [
                105.785088,
                21.198365
              ],
              [
                105.785123,
                21.198353
              ],
              [
                105.785156,
                21.19834
              ],
              [
                105.78519,
                21.198328
              ],
              [
                105.785216,
                21.198318
              ],
              [
                105.785238,
                21.198309
              ],
              [
                105.785265,
                21.198299
              ],
              [
                105.785298,
                21.198286
              ],
              [
                105.785327,
                21.198274
              ],
              [
                105.78536,
                21.19826
              ],
              [
                105.785393,
                21.198247
              ],
              [
                105.785426,
                21.198233
              ],
              [
                105.785457,
                21.19822
              ],
              [
                105.785489,
                21.198208
              ],
              [
                105.785521,
                21.198193
              ],
              [
                105.785552,
                21.198181
              ],
              [
                105.785586,
                21.198167
              ],
              [
                105.785617,
                21.198156
              ],
              [
                105.785655,
                21.198142
              ],
              [
                105.785699,
                21.198127
              ],
              [
                105.785733,
                21.198113
              ],
              [
                105.785765,
                21.198103
              ],
              [
                105.785795,
                21.198086
              ],
              [
                105.785828,
                21.198072
              ],
              [
                105.785858,
                21.198056
              ],
              [
                105.78589,
                21.198041
              ],
              [
                105.785921,
                21.198026
              ],
              [
                105.785953,
                21.19801
              ],
              [
                105.785984,
                21.197995
              ],
              [
                105.786008,
                21.197983
              ],
              [
                105.786031,
                21.197973
              ],
              [
                105.786067,
                21.197953
              ],
              [
                105.7861,
                21.197938
              ],
              [
                105.786134,
                21.197925
              ],
              [
                105.786166,
                21.197913
              ],
              [
                105.786199,
                21.197901
              ],
              [
                105.786227,
                21.197887
              ],
              [
                105.786253,
                21.197871
              ],
              [
                105.786276,
                21.197853
              ],
              [
                105.786308,
                21.197838
              ],
              [
                105.786333,
                21.197819
              ],
              [
                105.786363,
                21.197807
              ],
              [
                105.786388,
                21.197787
              ],
              [
                105.786417,
                21.197775
              ],
              [
                105.786451,
                21.197757
              ],
              [
                105.786488,
                21.197739
              ],
              [
                105.786522,
                21.197721
              ],
              [
                105.786558,
                21.197703
              ],
              [
                105.786597,
                21.197686
              ],
              [
                105.786654,
                21.197664
              ],
              [
                105.78669,
                21.197645
              ],
              [
                105.786717,
                21.197632
              ],
              [
                105.786748,
                21.197619
              ],
              [
                105.786789,
                21.197603
              ],
              [
                105.786833,
                21.197581
              ],
              [
                105.786865,
                21.197562
              ],
              [
                105.786895,
                21.197544
              ],
              [
                105.786918,
                21.197529
              ],
              [
                105.786939,
                21.197515
              ],
              [
                105.78697,
                21.197496
              ],
              [
                105.787,
                21.197477
              ],
              [
                105.787031,
                21.197457
              ],
              [
                105.787061,
                21.197438
              ],
              [
                105.787092,
                21.197418
              ],
              [
                105.787112,
                21.197405
              ],
              [
                105.787136,
                21.19739
              ],
              [
                105.787171,
                21.197374
              ],
              [
                105.787202,
                21.197354
              ],
              [
                105.787237,
                21.197339
              ],
              [
                105.787268,
                21.197319
              ],
              [
                105.787303,
                21.197288
              ],
              [
                105.787333,
                21.197266
              ],
              [
                105.787359,
                21.197243
              ],
              [
                105.787388,
                21.197223
              ],
              [
                105.787424,
                21.197192
              ],
              [
                105.787456,
                21.19717
              ],
              [
                105.78747,
                21.19716
              ],
              [
                105.787482,
                21.197152
              ],
              [
                105.787511,
                21.197131
              ],
              [
                105.787538,
                21.197112
              ],
              [
                105.787567,
                21.197092
              ],
              [
                105.787594,
                21.197073
              ],
              [
                105.787617,
                21.197052
              ],
              [
                105.787639,
                21.197034
              ],
              [
                105.787661,
                21.197012
              ],
              [
                105.787691,
                21.196988
              ],
              [
                105.787713,
                21.196967
              ],
              [
                105.787742,
                21.196943
              ],
              [
                105.787772,
                21.196925
              ],
              [
                105.787801,
                21.196901
              ],
              [
                105.78783,
                21.196882
              ],
              [
                105.787859,
                21.196859
              ],
              [
                105.787885,
                21.196837
              ],
              [
                105.78791,
                21.196812
              ],
              [
                105.787943,
                21.196785
              ],
              [
                105.787964,
                21.196763
              ],
              [
                105.787989,
                21.196739
              ],
              [
                105.788011,
                21.196717
              ],
              [
                105.788036,
                21.196692
              ],
              [
                105.788058,
                21.19667
              ],
              [
                105.788083,
                21.196645
              ],
              [
                105.788105,
                21.196618
              ],
              [
                105.78813,
                21.196593
              ],
              [
                105.788153,
                21.196566
              ],
              [
                105.788178,
                21.196541
              ],
              [
                105.788205,
                21.196509
              ],
              [
                105.788232,
                21.196477
              ],
              [
                105.78825,
                21.196455
              ],
              [
                105.788267,
                21.196435
              ],
              [
                105.78829,
                21.196407
              ],
              [
                105.788314,
                21.196379
              ],
              [
                105.788336,
                21.196351
              ],
              [
                105.78836,
                21.196322
              ],
              [
                105.788383,
                21.196295
              ],
              [
                105.788407,
                21.196266
              ],
              [
                105.788424,
                21.196245
              ],
              [
                105.78844,
                21.196225
              ],
              [
                105.788464,
                21.196196
              ],
              [
                105.788486,
                21.196169
              ],
              [
                105.788507,
                21.19614
              ],
              [
                105.788529,
                21.196113
              ],
              [
                105.788549,
                21.196084
              ],
              [
                105.788571,
                21.196057
              ],
              [
                105.788592,
                21.196029
              ],
              [
                105.788612,
                21.196
              ],
              [
                105.788632,
                21.195971
              ],
              [
                105.788652,
                21.195942
              ],
              [
                105.788672,
                21.195913
              ],
              [
                105.788692,
                21.195884
              ],
              [
                105.788712,
                21.195855
              ],
              [
                105.788732,
                21.195826
              ],
              [
                105.788753,
                21.195798
              ],
              [
                105.78877,
                21.195765
              ],
              [
                105.788788,
                21.195736
              ],
              [
                105.788808,
                21.195704
              ],
              [
                105.788821,
                21.19568
              ],
              [
                105.788833,
                21.195656
              ],
              [
                105.78885,
                21.195624
              ],
              [
                105.788868,
                21.195591
              ],
              [
                105.788885,
                21.195559
              ],
              [
                105.788903,
                21.195526
              ],
              [
                105.788915,
                21.195503
              ],
              [
                105.788928,
                21.19548
              ],
              [
                105.788945,
                21.195447
              ],
              [
                105.788957,
                21.195414
              ],
              [
                105.788957,
                21.195413
              ],
              [
                105.788968,
                21.195383
              ],
              [
                105.788974,
                21.19535
              ],
              [
                105.788985,
                21.195317
              ],
              [
                105.788991,
                21.195285
              ],
              [
                105.789003,
                21.195251
              ],
              [
                105.78901,
                21.195226
              ],
              [
                105.789019,
                21.195201
              ],
              [
                105.789031,
                21.195167
              ],
              [
                105.789041,
                21.195132
              ],
              [
                105.789053,
                21.195099
              ],
              [
                105.789062,
                21.195072
              ],
              [
                105.789069,
                21.195049
              ],
              [
                105.78908,
                21.195016
              ],
              [
                105.789091,
                21.194983
              ],
              [
                105.789102,
                21.19495
              ],
              [
                105.789113,
                21.194917
              ],
              [
                105.789128,
                21.194872
              ],
              [
                105.789141,
                21.194834
              ],
              [
                105.789152,
                21.194803
              ],
              [
                105.789163,
                21.19477
              ],
              [
                105.789175,
                21.194738
              ],
              [
                105.789186,
                21.194705
              ],
              [
                105.789194,
                21.19467
              ],
              [
                105.789205,
                21.194636
              ],
              [
                105.789211,
                21.194612
              ],
              [
                105.789219,
                21.194586
              ],
              [
                105.789229,
                21.194552
              ],
              [
                105.789239,
                21.194517
              ],
              [
                105.789248,
                21.194483
              ],
              [
                105.789258,
                21.194449
              ],
              [
                105.789268,
                21.194415
              ],
              [
                105.789276,
                21.194388
              ],
              [
                105.789282,
                21.194364
              ],
              [
                105.789293,
                21.194331
              ],
              [
                105.789301,
                21.194296
              ],
              [
                105.789312,
                21.194262
              ],
              [
                105.789319,
                21.194229
              ],
              [
                105.789331,
                21.194196
              ],
              [
                105.789337,
                21.194163
              ],
              [
                105.789347,
                21.194129
              ],
              [
                105.789354,
                21.194096
              ],
              [
                105.789361,
                21.194072
              ],
              [
                105.789366,
                21.194047
              ],
              [
                105.789374,
                21.194014
              ],
              [
                105.789383,
                21.193981
              ],
              [
                105.789391,
                21.193948
              ],
              [
                105.789399,
                21.193915
              ],
              [
                105.789407,
                21.193882
              ],
              [
                105.789415,
                21.193849
              ],
              [
                105.789423,
                21.193815
              ],
              [
                105.789432,
                21.193782
              ],
              [
                105.789438,
                21.193758
              ],
              [
                105.789443,
                21.193734
              ],
              [
                105.789452,
                21.1937
              ],
              [
                105.789459,
                21.193667
              ],
              [
                105.789467,
                21.19364
              ],
              [
                105.789469,
                21.193634
              ],
              [
                105.789476,
                21.1936
              ],
              [
                105.789486,
                21.193567
              ],
              [
                105.789493,
                21.193534
              ],
              [
                105.789504,
                21.193503
              ],
              [
                105.789512,
                21.193469
              ],
              [
                105.789521,
                21.193438
              ],
              [
                105.789532,
                21.193402
              ],
              [
                105.789543,
                21.193358
              ],
              [
                105.789556,
                21.193321
              ],
              [
                105.789564,
                21.193279
              ],
              [
                105.789571,
                21.193246
              ],
              [
                105.789577,
                21.193213
              ],
              [
                105.789582,
                21.19319
              ],
              [
                105.789587,
                21.193165
              ],
              [
                105.789594,
                21.193132
              ],
              [
                105.789601,
                21.193098
              ],
              [
                105.789607,
                21.193066
              ],
              [
                105.789614,
                21.193032
              ],
              [
                105.789621,
                21.193
              ],
              [
                105.789628,
                21.192963
              ],
              [
                105.789637,
                21.192918
              ],
              [
                105.789646,
                21.192886
              ],
              [
                105.789652,
                21.192853
              ],
              [
                105.78966,
                21.192822
              ],
              [
                105.789666,
                21.192789
              ],
              [
                105.789675,
                21.192757
              ],
              [
                105.789677,
                21.192729
              ],
              [
                105.789686,
                21.192697
              ],
              [
                105.789688,
                21.192669
              ],
              [
                105.789689,
                21.192634
              ],
              [
                105.789692,
                21.192598
              ],
              [
                105.789694,
                21.19256
              ],
              [
                105.789697,
                21.19251
              ],
              [
                105.789698,
                21.192476
              ],
              [
                105.789701,
                21.192439
              ],
              [
                105.789702,
                21.192414
              ],
              [
                105.789703,
                21.192389
              ],
              [
                105.789704,
                21.192357
              ],
              [
                105.789705,
                21.192321
              ],
              [
                105.789707,
                21.192288
              ],
              [
                105.789707,
                21.192253
              ],
              [
                105.789709,
                21.19222
              ],
              [
                105.78971,
                21.192184
              ],
              [
                105.789711,
                21.192151
              ],
              [
                105.789712,
                21.192116
              ],
              [
                105.789713,
                21.192083
              ],
              [
                105.789715,
                21.192047
              ],
              [
                105.789717,
                21.192011
              ],
              [
                105.789718,
                21.191975
              ],
              [
                105.78972,
                21.191939
              ],
              [
                105.789721,
                21.191913
              ],
              [
                105.789723,
                21.191886
              ],
              [
                105.789724,
                21.19185
              ],
              [
                105.789726,
                21.191814
              ],
              [
                105.789728,
                21.191777
              ],
              [
                105.78973,
                21.191741
              ],
              [
                105.789731,
                21.191705
              ],
              [
                105.789733,
                21.191669
              ],
              [
                105.789735,
                21.191633
              ],
              [
                105.789736,
                21.191608
              ],
              [
                105.789737,
                21.19158
              ],
              [
                105.789739,
                21.191544
              ],
              [
                105.789741,
                21.191508
              ],
              [
                105.789743,
                21.191472
              ],
              [
                105.789747,
                21.191438
              ],
              [
                105.789751,
                21.191404
              ],
              [
                105.789755,
                21.191372
              ],
              [
                105.789759,
                21.191337
              ],
              [
                105.789763,
                21.191305
              ],
              [
                105.789767,
                21.191278
              ],
              [
                105.78977,
                21.191254
              ],
              [
                105.789774,
                21.191222
              ],
              [
                105.789778,
                21.191187
              ],
              [
                105.789787,
                21.191152
              ],
              [
                105.789795,
                21.19112
              ],
              [
                105.789804,
                21.191085
              ],
              [
                105.789812,
                21.191052
              ],
              [
                105.789821,
                21.19103
              ],
              [
                105.789831,
                21.191002
              ],
              [
                105.789841,
                21.190974
              ],
              [
                105.789861,
                21.190943
              ],
              [
                105.789873,
                21.19091
              ],
              [
                105.789892,
                21.190879
              ],
              [
                105.789905,
                21.190847
              ],
              [
                105.789919,
                21.190824
              ],
              [
                105.789933,
                21.190801
              ],
              [
                105.789956,
                21.19077
              ],
              [
                105.789976,
                21.190739
              ],
              [
                105.79,
                21.190707
              ],
              [
                105.79002,
                21.190677
              ],
              [
                105.790062,
                21.190658
              ],
              [
                105.790105,
                21.190637
              ],
              [
                105.790141,
                21.190636
              ],
              [
                105.790178,
                21.190633
              ],
              [
                105.79033,
                21.190621
              ],
              [
                105.790355,
                21.190471
              ],
              [
                105.79035,
                21.190457
              ],
              [
                105.790307,
                21.190374
              ],
              [
                105.790115,
                21.189949
              ],
              [
                105.790077,
                21.189866
              ],
              [
                105.789829,
                21.189383
              ],
              [
                105.789519,
                21.188653
              ],
              [
                105.78938,
                21.18837
              ],
              [
                105.789286,
                21.18819
              ],
              [
                105.789416,
                21.188082
              ],
              [
                105.789419,
                21.188029
              ],
              [
                105.789383,
                21.187985
              ],
              [
                105.78937,
                21.18797
              ],
              [
                105.789338,
                21.187931
              ],
              [
                105.789262,
                21.187851
              ],
              [
                105.789217,
                21.187805
              ],
              [
                105.789013,
                21.187587
              ],
              [
                105.788896,
                21.187463
              ],
              [
                105.788864,
                21.187428
              ],
              [
                105.788817,
                21.187376
              ],
              [
                105.788727,
                21.187274
              ],
              [
                105.788643,
                21.187183
              ],
              [
                105.788522,
                21.187051
              ],
              [
                105.788511,
                21.187039
              ],
              [
                105.788369,
                21.186873
              ],
              [
                105.788252,
                21.186738
              ],
              [
                105.788151,
                21.186626
              ],
              [
                105.78815,
                21.186625
              ],
              [
                105.788054,
                21.186522
              ],
              [
                105.788042,
                21.186509
              ],
              [
                105.788032,
                21.186496
              ],
              [
                105.788031,
                21.186495
              ],
              [
                105.788012,
                21.186472
              ],
              [
                105.78793,
                21.186374
              ],
              [
                105.787921,
                21.186363
              ],
              [
                105.787907,
                21.186347
              ],
              [
                105.787935,
                21.186337
              ],
              [
                105.788144,
                21.186224
              ],
              [
                105.788144,
                21.186224
              ],
              [
                105.788149,
                21.186231
              ],
              [
                105.788154,
                21.186242
              ],
              [
                105.788154,
                21.186242
              ],
              [
                105.788164,
                21.186242
              ],
              [
                105.788266,
                21.18619
              ],
              [
                105.788271,
                21.186179
              ],
              [
                105.788139,
                21.185864
              ],
              [
                105.788145,
                21.185843
              ],
              [
                105.78835,
                21.18577
              ],
              [
                105.788389,
                21.185754
              ],
              [
                105.788383,
                21.185741
              ],
              [
                105.78829,
                21.185598
              ],
              [
                105.788162,
                21.185402
              ],
              [
                105.78843,
                21.185151
              ],
              [
                105.788445,
                21.185141
              ],
              [
                105.790411,
                21.184113
              ],
              [
                105.790393,
                21.184046
              ],
              [
                105.790378,
                21.183989
              ],
              [
                105.79027,
                21.183612
              ],
              [
                105.790196,
                21.183369
              ],
              [
                105.790119,
                21.183135
              ],
              [
                105.790158,
                21.183119
              ],
              [
                105.790144,
                21.183076
              ],
              [
                105.790078,
                21.182892
              ],
              [
                105.790052,
                21.182802
              ],
              [
                105.789994,
                21.182624
              ],
              [
                105.789922,
                21.182403
              ],
              [
                105.789898,
                21.182325
              ],
              [
                105.789884,
                21.18232
              ],
              [
                105.789857,
                21.182327
              ],
              [
                105.789857,
                21.182327
              ],
              [
                105.789854,
                21.182325
              ],
              [
                105.78985,
                21.182316
              ],
              [
                105.789754,
                21.182069
              ],
              [
                105.789961,
                21.182015
              ],
              [
                105.789988,
                21.182007
              ],
              [
                105.790027,
                21.181997
              ],
              [
                105.790066,
                21.181987
              ],
              [
                105.790104,
                21.181976
              ],
              [
                105.790143,
                21.181966
              ],
              [
                105.790188,
                21.181954
              ],
              [
                105.790232,
                21.181943
              ],
              [
                105.790276,
                21.181931
              ],
              [
                105.790321,
                21.181919
              ],
              [
                105.790365,
                21.181907
              ],
              [
                105.79041,
                21.181896
              ],
              [
                105.790454,
                21.181884
              ],
              [
                105.790498,
                21.181872
              ],
              [
                105.790543,
                21.18186
              ],
              [
                105.790587,
                21.181848
              ],
              [
                105.790631,
                21.181837
              ],
              [
                105.790676,
                21.181825
              ],
              [
                105.79072,
                21.181813
              ],
              [
                105.790764,
                21.181801
              ],
              [
                105.790816,
                21.181788
              ],
              [
                105.790816,
                21.181788
              ],
              [
                105.790896,
                21.181767
              ],
              [
                105.790882,
                21.181711
              ],
              [
                105.790871,
                21.181667
              ],
              [
                105.79086,
                21.181625
              ],
              [
                105.790848,
                21.181581
              ],
              [
                105.790838,
                21.181539
              ],
              [
                105.790826,
                21.181495
              ],
              [
                105.790815,
                21.181453
              ],
              [
                105.790804,
                21.181409
              ],
              [
                105.790793,
                21.181367
              ],
              [
                105.790782,
                21.181323
              ],
              [
                105.790771,
                21.181281
              ],
              [
                105.79076,
                21.181237
              ],
              [
                105.790749,
                21.181195
              ],
              [
                105.790739,
                21.181156
              ],
              [
                105.790728,
                21.181114
              ],
              [
                105.790718,
                21.181075
              ],
              [
                105.79071,
                21.181043
              ],
              [
                105.790707,
                21.181033
              ],
              [
                105.790697,
                21.180994
              ],
              [
                105.790686,
                21.180952
              ],
              [
                105.790676,
                21.180913
              ],
              [
                105.790668,
                21.18088
              ],
              [
                105.790659,
                21.180847
              ],
              [
                105.790651,
                21.180815
              ],
              [
                105.790651,
                21.180814
              ],
              [
                105.79064,
                21.180772
              ],
              [
                105.790628,
                21.180723
              ],
              [
                105.790628,
                21.180722
              ],
              [
                105.790617,
                21.180681
              ],
              [
                105.790607,
                21.18064
              ],
              [
                105.7906,
                21.180612
              ],
              [
                105.790597,
                21.180599
              ],
              [
                105.790586,
                21.180558
              ],
              [
                105.790576,
                21.180517
              ],
              [
                105.790566,
                21.180476
              ],
              [
                105.790555,
                21.180435
              ],
              [
                105.790545,
                21.180394
              ],
              [
                105.790534,
                21.180352
              ],
              [
                105.790524,
                21.180311
              ],
              [
                105.790514,
                21.18027
              ],
              [
                105.790503,
                21.180229
              ],
              [
                105.790493,
                21.180188
              ],
              [
                105.790483,
                21.180147
              ],
              [
                105.790463,
                21.180071
              ],
              [
                105.790463,
                21.180071
              ],
              [
                105.790463,
                21.180071
              ],
              [
                105.790461,
                21.180071
              ],
              [
                105.790403,
                21.180085
              ],
              [
                105.790359,
                21.180096
              ],
              [
                105.790343,
                21.1801
              ],
              [
                105.790315,
                21.180107
              ],
              [
                105.790271,
                21.180118
              ],
              [
                105.790227,
                21.180128
              ],
              [
                105.790182,
                21.180139
              ],
              [
                105.790138,
                21.18015
              ],
              [
                105.790094,
                21.18016
              ],
              [
                105.79005,
                21.180171
              ],
              [
                105.790006,
                21.180182
              ],
              [
                105.789962,
                21.180193
              ],
              [
                105.789918,
                21.180203
              ],
              [
                105.789874,
                21.180214
              ],
              [
                105.789826,
                21.180226
              ],
              [
                105.789808,
                21.180233
              ],
              [
                105.789788,
                21.180241
              ],
              [
                105.789778,
                21.180244
              ],
              [
                105.789427,
                21.180135
              ],
              [
                105.789259,
                21.180093
              ],
              [
                105.789115,
                21.180058
              ],
              [
                105.789056,
                21.180052
              ],
              [
                105.788954,
                21.18006
              ],
              [
                105.788954,
                21.18006
              ],
              [
                105.788861,
                21.180066
              ],
              [
                105.788769,
                21.180072
              ],
              [
                105.788769,
                21.180072
              ],
              [
                105.788732,
                21.180076
              ],
              [
                105.788682,
                21.180083
              ],
              [
                105.788557,
                21.180102
              ],
              [
                105.788387,
                21.180118
              ],
              [
                105.788371,
                21.180121
              ],
              [
                105.788273,
                21.180138
              ],
              [
                105.788267,
                21.180139
              ],
              [
                105.78813,
                21.180166
              ],
              [
                105.788092,
                21.180175
              ],
              [
                105.78809,
                21.180168
              ],
              [
                105.788074,
                21.180044
              ],
              [
                105.788065,
                21.179972
              ],
              [
                105.788038,
                21.179768
              ],
              [
                105.788038,
                21.179764
              ],
              [
                105.788028,
                21.179681
              ],
              [
                105.787995,
                21.179384
              ],
              [
                105.787976,
                21.179218
              ],
              [
                105.787951,
                21.179029
              ],
              [
                105.787949,
                21.179019
              ],
              [
                105.787944,
                21.178981
              ],
              [
                105.787943,
                21.178971
              ],
              [
                105.787942,
                21.178964
              ],
              [
                105.787939,
                21.178946
              ],
              [
                105.787939,
                21.178946
              ],
              [
                105.787854,
                21.178968
              ],
              [
                105.787821,
                21.178974
              ],
              [
                105.787251,
                21.179089
              ],
              [
                105.786832,
                21.179171
              ],
              [
                105.786782,
                21.17918
              ],
              [
                105.786646,
                21.179207
              ],
              [
                105.786463,
                21.179238
              ],
              [
                105.786449,
                21.179241
              ],
              [
                105.786418,
                21.179247
              ],
              [
                105.786024,
                21.179317
              ],
              [
                105.785729,
                21.179374
              ],
              [
                105.78547,
                21.179427
              ],
              [
                105.785246,
                21.179468
              ],
              [
                105.785222,
                21.179473
              ],
              [
                105.784992,
                21.17952
              ],
              [
                105.784984,
                21.179522
              ],
              [
                105.784975,
                21.179487
              ],
              [
                105.784945,
                21.179367
              ],
              [
                105.784939,
                21.179344
              ],
              [
                105.784932,
                21.179314
              ],
              [
                105.78495,
                21.179285
              ],
              [
                105.784938,
                21.179225
              ],
              [
                105.784854,
                21.178893
              ],
              [
                105.78472,
                21.178358
              ],
              [
                105.784615,
                21.177981
              ],
              [
                105.784415,
                21.178003
              ],
              [
                105.783943,
                21.178052
              ],
              [
                105.783719,
                21.178074
              ],
              [
                105.783719,
                21.178074
              ],
              [
                105.783711,
                21.178044
              ],
              [
                105.783709,
                21.17776
              ],
              [
                105.783694,
                21.177624
              ],
              [
                105.783696,
                21.177588
              ],
              [
                105.783697,
                21.177556
              ],
              [
                105.783701,
                21.177434
              ],
              [
                105.783702,
                21.177415
              ],
              [
                105.783702,
                21.177415
              ],
              [
                105.783387,
                21.177525
              ],
              [
                105.783135,
                21.177612
              ],
              [
                105.783065,
                21.177635
              ],
              [
                105.782746,
                21.17774
              ],
              [
                105.782267,
                21.177905
              ],
              [
                105.781787,
                21.17807
              ],
              [
                105.781351,
                21.17822
              ],
              [
                105.78101,
                21.178334
              ],
              [
                105.780989,
                21.178264
              ],
              [
                105.780984,
                21.178248
              ],
              [
                105.78098,
                21.178234
              ],
              [
                105.780946,
                21.178122
              ],
              [
                105.780946,
                21.178122
              ],
              [
                105.78094,
                21.178099
              ],
              [
                105.780766,
                21.177585
              ],
              [
                105.780718,
                21.177423
              ],
              [
                105.780705,
                21.177321
              ],
              [
                105.780618,
                21.17735
              ],
              [
                105.780373,
                21.177428
              ],
              [
                105.780301,
                21.177451
              ],
              [
                105.780225,
                21.177476
              ],
              [
                105.780224,
                21.177477
              ],
              [
                105.780173,
                21.1775
              ],
              [
                105.78011,
                21.177528
              ],
              [
                105.78005,
                21.177544
              ],
              [
                105.779997,
                21.177558
              ],
              [
                105.779732,
                21.177625
              ],
              [
                105.779731,
                21.177626
              ],
              [
                105.779703,
                21.177636
              ],
              [
                105.779688,
                21.177641
              ],
              [
                105.77966,
                21.177651
              ],
              [
                105.77963,
                21.17766
              ],
              [
                105.7796,
                21.177671
              ],
              [
                105.77957,
                21.17768
              ],
              [
                105.77954,
                21.177692
              ],
              [
                105.779511,
                21.1777
              ],
              [
                105.779481,
                21.177712
              ],
              [
                105.779451,
                21.177721
              ],
              [
                105.779418,
                21.177731
              ],
              [
                105.779388,
                21.17774
              ],
              [
                105.779355,
                21.17775
              ],
              [
                105.779323,
                21.17776
              ],
              [
                105.77929,
                21.17777
              ],
              [
                105.779258,
                21.177781
              ],
              [
                105.779226,
                21.177791
              ],
              [
                105.779194,
                21.177801
              ],
              [
                105.779163,
                21.177812
              ],
              [
                105.779131,
                21.177822
              ],
              [
                105.779099,
                21.177832
              ],
              [
                105.779067,
                21.177842
              ],
              [
                105.779035,
                21.177853
              ],
              [
                105.779003,
                21.177863
              ],
              [
                105.778974,
                21.177872
              ],
              [
                105.778943,
                21.177882
              ],
              [
                105.778914,
                21.177891
              ],
              [
                105.778882,
                21.177901
              ],
              [
                105.778854,
                21.17791
              ],
              [
                105.778822,
                21.177921
              ],
              [
                105.778793,
                21.17793
              ],
              [
                105.778761,
                21.17794
              ],
              [
                105.778729,
                21.17795
              ],
              [
                105.778697,
                21.17796
              ],
              [
                105.778665,
                21.177971
              ],
              [
                105.778633,
                21.177981
              ],
              [
                105.7786,
                21.177991
              ],
              [
                105.778568,
                21.178001
              ],
              [
                105.778536,
                21.178012
              ],
              [
                105.778504,
                21.178022
              ],
              [
                105.77847,
                21.178033
              ],
              [
                105.778438,
                21.178043
              ],
              [
                105.778404,
                21.178053
              ],
              [
                105.778372,
                21.178064
              ],
              [
                105.778338,
                21.178074
              ],
              [
                105.778306,
                21.178085
              ],
              [
                105.778273,
                21.178095
              ],
              [
                105.778241,
                21.178106
              ],
              [
                105.778208,
                21.178116
              ],
              [
                105.778175,
                21.178126
              ],
              [
                105.778142,
                21.178137
              ],
              [
                105.77811,
                21.178147
              ],
              [
                105.778077,
                21.178158
              ],
              [
                105.778045,
                21.178168
              ],
              [
                105.778013,
                21.178179
              ],
              [
                105.777981,
                21.178189
              ],
              [
                105.777948,
                21.178199
              ],
              [
                105.777916,
                21.17821
              ],
              [
                105.777884,
                21.17822
              ],
              [
                105.777852,
                21.17823
              ],
              [
                105.77782,
                21.178241
              ],
              [
                105.777786,
                21.178251
              ],
              [
                105.777751,
                21.178263
              ],
              [
                105.777718,
                21.178273
              ],
              [
                105.777683,
                21.178285
              ],
              [
                105.777649,
                21.178295
              ],
              [
                105.777614,
                21.178306
              ],
              [
                105.777581,
                21.178317
              ],
              [
                105.777546,
                21.178328
              ],
              [
                105.777513,
                21.178339
              ],
              [
                105.777481,
                21.178348
              ],
              [
                105.777448,
                21.178359
              ],
              [
                105.777243,
                21.178415
              ],
              [
                105.777247,
                21.178429
              ],
              [
                105.777249,
                21.178436
              ],
              [
                105.777216,
                21.178446
              ],
              [
                105.777113,
                21.178478
              ],
              [
                105.776857,
                21.178561
              ],
              [
                105.776451,
                21.178693
              ],
              [
                105.775899,
                21.178878
              ],
              [
                105.775786,
                21.178912
              ],
              [
                105.775457,
                21.179012
              ],
              [
                105.77545,
                21.17896
              ],
              [
                105.775447,
                21.178937
              ],
              [
                105.775444,
                21.178914
              ],
              [
                105.775443,
                21.178912
              ],
              [
                105.775441,
                21.178902
              ],
              [
                105.775437,
                21.17889
              ],
              [
                105.775434,
                21.178878
              ],
              [
                105.775431,
                21.178866
              ],
              [
                105.775427,
                21.178853
              ],
              [
                105.775424,
                21.178841
              ],
              [
                105.77542,
                21.178829
              ],
              [
                105.775416,
                21.178817
              ],
              [
                105.775413,
                21.178804
              ],
              [
                105.775409,
                21.178792
              ],
              [
                105.775406,
                21.17878
              ],
              [
                105.775402,
                21.178768
              ],
              [
                105.775398,
                21.178759
              ],
              [
                105.775394,
                21.178747
              ],
              [
                105.775391,
                21.178735
              ],
              [
                105.775387,
                21.178723
              ],
              [
                105.775384,
                21.178711
              ],
              [
                105.77538,
                21.178699
              ],
              [
                105.775377,
                21.178687
              ],
              [
                105.775371,
                21.178668
              ],
              [
                105.775367,
                21.178655
              ],
              [
                105.775364,
                21.178642
              ],
              [
                105.77536,
                21.17863
              ],
              [
                105.775356,
                21.178617
              ],
              [
                105.775352,
                21.178605
              ],
              [
                105.775348,
                21.178592
              ],
              [
                105.775344,
                21.17858
              ],
              [
                105.775341,
                21.178567
              ],
              [
                105.775337,
                21.178555
              ],
              [
                105.775333,
                21.178542
              ],
              [
                105.775329,
                21.178529
              ],
              [
                105.775325,
                21.178517
              ],
              [
                105.775321,
                21.178504
              ],
              [
                105.775317,
                21.178492
              ],
              [
                105.775313,
                21.178479
              ],
              [
                105.77531,
                21.178467
              ],
              [
                105.775306,
                21.178454
              ],
              [
                105.775302,
                21.178442
              ],
              [
                105.775298,
                21.178429
              ],
              [
                105.775294,
                21.178416
              ],
              [
                105.77529,
                21.178404
              ],
              [
                105.775287,
                21.178391
              ],
              [
                105.775283,
                21.178379
              ],
              [
                105.775278,
                21.178367
              ],
              [
                105.775274,
                21.178354
              ],
              [
                105.775269,
                21.178342
              ],
              [
                105.775265,
                21.178329
              ],
              [
                105.775261,
                21.178317
              ],
              [
                105.775257,
                21.178305
              ],
              [
                105.775252,
                21.178292
              ],
              [
                105.775248,
                21.17828
              ],
              [
                105.775243,
                21.178268
              ],
              [
                105.775239,
                21.178255
              ],
              [
                105.775237,
                21.178245
              ],
              [
                105.775237,
                21.178245
              ],
              [
                105.775233,
                21.178239
              ],
              [
                105.775229,
                21.178226
              ],
              [
                105.775229,
                21.178223
              ],
              [
                105.775228,
                21.178223
              ],
              [
                105.775056,
                21.178265
              ],
              [
                105.774825,
                21.178321
              ],
              [
                105.774825,
                21.178321
              ],
              [
                105.774641,
                21.178365
              ],
              [
                105.774471,
                21.178404
              ],
              [
                105.774325,
                21.178443
              ],
              [
                105.774159,
                21.178482
              ],
              [
                105.774073,
                21.178502
              ],
              [
                105.774073,
                21.178503
              ],
              [
                105.774058,
                21.178448
              ],
              [
                105.77401,
                21.178291
              ],
              [
                105.773975,
                21.178162
              ],
              [
                105.773941,
                21.178051
              ],
              [
                105.773912,
                21.177952
              ],
              [
                105.773883,
                21.177867
              ],
              [
                105.773875,
                21.17787
              ],
              [
                105.773495,
                21.177954
              ],
              [
                105.773461,
                21.177961
              ],
              [
                105.772718,
                21.178119
              ],
              [
                105.772691,
                21.178124
              ],
              [
                105.772688,
                21.178125
              ],
              [
                105.772688,
                21.178125
              ],
              [
                105.772688,
                21.178123
              ],
              [
                105.772687,
                21.178114
              ],
              [
                105.772606,
                21.178124
              ],
              [
                105.772478,
                21.178142
              ],
              [
                105.772277,
                21.178177
              ],
              [
                105.772275,
                21.178177
              ],
              [
                105.772273,
                21.178177
              ],
              [
                105.772168,
                21.178194
              ],
              [
                105.772063,
                21.178202
              ],
              [
                105.772063,
                21.178202
              ],
              [
                105.772042,
                21.178204
              ],
              [
                105.771926,
                21.178213
              ],
              [
                105.771926,
                21.178213
              ],
              [
                105.771903,
                21.17822
              ],
              [
                105.771873,
                21.178072
              ],
              [
                105.771872,
                21.178069
              ],
              [
                105.771862,
                21.178024
              ],
              [
                105.771836,
                21.177906
              ],
              [
                105.7718,
                21.177742
              ],
              [
                105.77179,
                21.177715
              ],
              [
                105.771742,
                21.177589
              ],
              [
                105.771726,
                21.177538
              ],
              [
                105.771681,
                21.177388
              ],
              [
                105.771641,
                21.177266
              ],
              [
                105.771571,
                21.177048
              ],
              [
                105.7715,
                21.17685
              ],
              [
                105.771466,
                21.176745
              ],
              [
                105.771461,
                21.176724
              ],
              [
                105.771426,
                21.176602
              ],
              [
                105.77135,
                21.176372
              ],
              [
                105.77126,
                21.1761
              ],
              [
                105.771259,
                21.176098
              ],
              [
                105.771226,
                21.176004
              ],
              [
                105.771177,
                21.17585
              ],
              [
                105.771135,
                21.175714
              ],
              [
                105.771094,
                21.175584
              ],
              [
                105.771069,
                21.175494
              ],
              [
                105.771069,
                21.175494
              ],
              [
                105.771057,
                21.175453
              ],
              [
                105.771047,
                21.175406
              ],
              [
                105.771036,
                21.175327
              ],
              [
                105.771023,
                21.175199
              ],
              [
                105.77101,
                21.175084
              ],
              [
                105.771006,
                21.175042
              ],
              [
                105.770988,
                21.174883
              ],
              [
                105.770971,
                21.174693
              ],
              [
                105.770962,
                21.174577
              ],
              [
                105.770944,
                21.174467
              ],
              [
                105.770935,
                21.174388
              ],
              [
                105.770926,
                21.174316
              ],
              [
                105.770915,
                21.174194
              ],
              [
                105.770907,
                21.174116
              ],
              [
                105.77089,
                21.173957
              ],
              [
                105.770881,
                21.173895
              ],
              [
                105.770874,
                21.173844
              ],
              [
                105.770865,
                21.173762
              ],
              [
                105.77085,
                21.173623
              ],
              [
                105.770832,
                21.173492
              ],
              [
                105.770819,
                21.173371
              ],
              [
                105.770806,
                21.173259
              ],
              [
                105.77079,
                21.173089
              ],
              [
                105.770783,
                21.173005
              ],
              [
                105.770782,
                21.172991
              ],
              [
                105.770779,
                21.172955
              ],
              [
                105.770778,
                21.172891
              ],
              [
                105.770773,
                21.172738
              ],
              [
                105.77077,
                21.172663
              ],
              [
                105.770766,
                21.172571
              ],
              [
                105.770766,
                21.172503
              ],
              [
                105.770771,
                21.172428
              ],
              [
                105.770782,
                21.172308
              ],
              [
                105.770788,
                21.172278
              ],
              [
                105.770793,
                21.172247
              ],
              [
                105.770807,
                21.172161
              ],
              [
                105.770821,
                21.172075
              ],
              [
                105.770835,
                21.171999
              ],
              [
                105.77085,
                21.171936
              ],
              [
                105.770854,
                21.171897
              ],
              [
                105.770855,
                21.17187
              ],
              [
                105.77086,
                21.171847
              ],
              [
                105.77087,
                21.171809
              ],
              [
                105.770895,
                21.171716
              ],
              [
                105.770925,
                21.171631
              ],
              [
                105.77097,
                21.171466
              ],
              [
                105.771002,
                21.171309
              ],
              [
                105.771038,
                21.17115
              ],
              [
                105.771069,
                21.171011
              ],
              [
                105.771105,
                21.170866
              ],
              [
                105.771132,
                21.170707
              ],
              [
                105.771166,
                21.170553
              ],
              [
                105.771209,
                21.170378
              ],
              [
                105.771247,
                21.170188
              ],
              [
                105.771298,
                21.169976
              ],
              [
                105.771324,
                21.16985
              ],
              [
                105.771343,
                21.169746
              ],
              [
                105.771357,
                21.169664
              ],
              [
                105.771358,
                21.169656
              ],
              [
                105.771371,
                21.16958
              ],
              [
                105.771377,
                21.169552
              ],
              [
                105.771384,
                21.169522
              ],
              [
                105.771385,
                21.169516
              ],
              [
                105.771387,
                21.169509
              ],
              [
                105.771397,
                21.169463
              ],
              [
                105.771408,
                21.169412
              ],
              [
                105.771414,
                21.169381
              ],
              [
                105.771422,
                21.169355
              ],
              [
                105.770755,
                21.169337
              ],
              [
                105.770657,
                21.16933
              ],
              [
                105.770545,
                21.169322
              ],
              [
                105.770173,
                21.169305
              ],
              [
                105.76647,
                21.169183
              ],
              [
                105.763002,
                21.169069
              ],
              [
                105.76004,
                21.168972
              ],
              [
                105.754371,
                21.16878
              ],
              [
                105.752483,
                21.168729
              ],
              [
                105.752484,
                21.168728
              ],
              [
                105.752366,
                21.16872
              ],
              [
                105.748818,
                21.168606
              ],
              [
                105.74741,
                21.168555
              ],
              [
                105.745758,
                21.168498
              ],
              [
                105.744245,
                21.168449
              ],
              [
                105.742675,
                21.168389
              ],
              [
                105.741235,
                21.168354
              ],
              [
                105.739851,
                21.16831
              ],
              [
                105.738199,
                21.168251
              ],
              [
                105.735772,
                21.168175
              ],
              [
                105.734814,
                21.168136
              ],
              [
                105.734039,
                21.168111
              ],
              [
                105.733224,
                21.168167
              ],
              [
                105.733056,
                21.168192
              ],
              [
                105.732562,
                21.168289
              ],
              [
                105.732195,
                21.168406
              ],
              [
                105.731816,
                21.168537
              ],
              [
                105.731488,
                21.168696
              ],
              [
                105.731092,
                21.168927
              ],
              [
                105.730594,
                21.169302
              ],
              [
                105.730229,
                21.169633
              ],
              [
                105.728851,
                21.170899
              ],
              [
                105.727393,
                21.172256
              ],
              [
                105.725368,
                21.174122
              ],
              [
                105.725363,
                21.174118
              ],
              [
                105.724925,
                21.174518
              ],
              [
                105.724789,
                21.174638
              ],
              [
                105.724204,
                21.17519
              ],
              [
                105.723168,
                21.176138
              ],
              [
                105.72235,
                21.176892
              ],
              [
                105.722214,
                21.177017
              ],
              [
                105.72102,
                21.178114
              ],
              [
                105.719755,
                21.179274
              ],
              [
                105.718751,
                21.180206
              ],
              [
                105.717766,
                21.181113
              ],
              [
                105.716934,
                21.181876
              ],
              [
                105.71656,
                21.182228
              ],
              [
                105.716515,
                21.182275
              ],
              [
                105.714918,
                21.183747
              ],
              [
                105.714224,
                21.184471
              ],
              [
                105.713595,
                21.185229
              ],
              [
                105.713003,
                21.186069
              ],
              [
                105.711866,
                21.187884
              ],
              [
                105.711774,
                21.188034
              ],
              [
                105.711776,
                21.188034
              ],
              [
                105.715779,
                21.192092
              ],
              [
                105.7204,
                21.196637
              ],
              [
                105.723892,
                21.199856
              ],
              [
                105.726598,
                21.202579
              ],
              [
                105.728978,
                21.205309
              ],
              [
                105.729592,
                21.206066
              ],
              [
                105.730906,
                21.207839
              ],
              [
                105.733164,
                21.210812
              ],
              [
                105.735587,
                21.214206
              ],
              [
                105.738235,
                21.217675
              ],
              [
                105.74111,
                21.221515
              ],
              [
                105.743082,
                21.224203
              ],
              [
                105.744743,
                21.22605
              ],
              [
                105.747323,
                21.229123
              ],
              [
                105.747359,
                21.229107
              ],
              [
                105.747396,
                21.229094
              ],
              [
                105.747432,
                21.229079
              ],
              [
                105.747465,
                21.229066
              ],
              [
                105.747494,
                21.229054
              ],
              [
                105.747518,
                21.229046
              ],
              [
                105.747551,
                21.229032
              ],
              [
                105.747588,
                21.229019
              ],
              [
                105.747621,
                21.229005
              ],
              [
                105.747658,
                21.228992
              ],
              [
                105.747691,
                21.228978
              ],
              [
                105.747725,
                21.228966
              ],
              [
                105.747759,
                21.228952
              ],
              [
                105.747793,
                21.228941
              ],
              [
                105.747826,
                21.228927
              ],
              [
                105.74786,
                21.228915
              ],
              [
                105.747899,
                21.228903
              ],
              [
                105.747923,
                21.228895
              ],
              [
                105.747949,
                21.228886
              ],
              [
                105.747988,
                21.228873
              ],
              [
                105.748022,
                21.228862
              ],
              [
                105.748054,
                21.22885
              ],
              [
                105.748089,
                21.228839
              ],
              [
                105.74812,
                21.228827
              ],
              [
                105.748153,
                21.228815
              ],
              [
                105.748185,
                21.228804
              ],
              [
                105.748218,
                21.228791
              ],
              [
                105.74825,
                21.22878
              ],
              [
                105.748294,
                21.228764
              ],
              [
                105.748331,
                21.228751
              ],
              [
                105.748363,
                21.228739
              ],
              [
                105.748397,
                21.228727
              ],
              [
                105.748429,
                21.228716
              ],
              [
                105.748475,
                21.228699
              ],
              [
                105.748511,
                21.228686
              ],
              [
                105.748544,
                21.228675
              ],
              [
                105.748577,
                21.228662
              ],
              [
                105.748612,
                21.228648
              ],
              [
                105.748645,
                21.228635
              ],
              [
                105.748679,
                21.228622
              ],
              [
                105.748713,
                21.228608
              ],
              [
                105.748738,
                21.228597
              ],
              [
                105.748763,
                21.228587
              ],
              [
                105.748795,
                21.228574
              ],
              [
                105.748831,
                21.228559
              ],
              [
                105.748864,
                21.228545
              ],
              [
                105.748899,
                21.228531
              ],
              [
                105.748932,
                21.228517
              ],
              [
                105.748966,
                21.228504
              ],
              [
                105.748999,
                21.22849
              ],
              [
                105.749033,
                21.228477
              ],
              [
                105.749066,
                21.228463
              ],
              [
                105.749099,
                21.228451
              ],
              [
                105.749138,
                21.228436
              ],
              [
                105.749184,
                21.228419
              ],
              [
                105.749218,
                21.228406
              ],
              [
                105.749252,
                21.228393
              ],
              [
                105.749287,
                21.22838
              ],
              [
                105.74932,
                21.228368
              ],
              [
                105.749352,
                21.228354
              ],
              [
                105.749386,
                21.228341
              ],
              [
                105.749417,
                21.228327
              ],
              [
                105.749451,
                21.228314
              ],
              [
                105.749483,
                21.228301
              ],
              [
                105.749514,
                21.228287
              ],
              [
                105.749549,
                21.228271
              ],
              [
                105.749582,
                21.228255
              ],
              [
                105.749619,
                21.228237
              ],
              [
                105.749665,
                21.228215
              ],
              [
                105.749698,
                21.228199
              ],
              [
                105.749732,
                21.228183
              ],
              [
                105.749766,
                21.228167
              ],
              [
                105.74979,
                21.228155
              ],
              [
                105.749814,
                21.228143
              ],
              [
                105.749849,
                21.228127
              ],
              [
                105.749881,
                21.228111
              ],
              [
                105.749913,
                21.228094
              ],
              [
                105.749949,
                21.228075
              ],
              [
                105.74998,
                21.228058
              ],
              [
                105.750011,
                21.22804
              ],
              [
                105.750043,
                21.228022
              ],
              [
                105.750074,
                21.228004
              ],
              [
                105.750106,
                21.227987
              ],
              [
                105.750137,
                21.227968
              ],
              [
                105.750169,
                21.227951
              ],
              [
                105.7502,
                21.227933
              ],
              [
                105.750231,
                21.227916
              ],
              [
                105.750263,
                21.227898
              ],
              [
                105.750294,
                21.22788
              ],
              [
                105.750316,
                21.227867
              ],
              [
                105.750341,
                21.227852
              ],
              [
                105.75037,
                21.227835
              ],
              [
                105.750402,
                21.227816
              ],
              [
                105.750432,
                21.227797
              ],
              [
                105.750463,
                21.227779
              ],
              [
                105.750493,
                21.22776
              ],
              [
                105.750525,
                21.227742
              ],
              [
                105.750555,
                21.227722
              ],
              [
                105.750586,
                21.227703
              ],
              [
                105.750616,
                21.227683
              ],
              [
                105.750637,
                21.227667
              ],
              [
                105.750658,
                21.227653
              ],
              [
                105.750688,
                21.227631
              ],
              [
                105.750716,
                21.227611
              ],
              [
                105.750746,
                21.22759
              ],
              [
                105.750774,
                21.227569
              ],
              [
                105.750804,
                21.227548
              ],
              [
                105.750825,
                21.227533
              ],
              [
                105.750846,
                21.227518
              ],
              [
                105.750876,
                21.227497
              ],
              [
                105.750904,
                21.227476
              ],
              [
                105.750932,
                21.227456
              ],
              [
                105.750962,
                21.227434
              ],
              [
                105.75099,
                21.227414
              ],
              [
                105.751012,
                21.227398
              ],
              [
                105.751033,
                21.227383
              ],
              [
                105.751061,
                21.227362
              ],
              [
                105.751092,
                21.227342
              ],
              [
                105.75112,
                21.227321
              ],
              [
                105.751146,
                21.227298
              ],
              [
                105.751171,
                21.227273
              ],
              [
                105.751197,
                21.22725
              ],
              [
                105.751222,
                21.227225
              ],
              [
                105.751241,
                21.227208
              ],
              [
                105.75126,
                21.22719
              ],
              [
                105.751285,
                21.227166
              ],
              [
                105.75131,
                21.227142
              ],
              [
                105.751336,
                21.227118
              ],
              [
                105.751361,
                21.227094
              ],
              [
                105.751373,
                21.227084
              ],
              [
                105.751387,
                21.22707
              ],
              [
                105.751412,
                21.227046
              ],
              [
                105.751438,
                21.227022
              ],
              [
                105.751463,
                21.226998
              ],
              [
                105.751489,
                21.226975
              ],
              [
                105.751508,
                21.226956
              ],
              [
                105.751527,
                21.22694
              ],
              [
                105.751552,
                21.226915
              ],
              [
                105.751578,
                21.226892
              ],
              [
                105.751603,
                21.226867
              ],
              [
                105.751628,
                21.226839
              ],
              [
                105.751653,
                21.226814
              ],
              [
                105.751678,
                21.226787
              ],
              [
                105.751703,
                21.226762
              ],
              [
                105.751727,
                21.226734
              ],
              [
                105.75175,
                21.22671
              ],
              [
                105.751775,
                21.226683
              ],
              [
                105.751793,
                21.226663
              ],
              [
                105.751811,
                21.226643
              ],
              [
                105.751836,
                21.226615
              ],
              [
                105.751862,
                21.226587
              ],
              [
                105.751885,
                21.226561
              ],
              [
                105.751888,
                21.226558
              ],
              [
                105.751913,
                21.226531
              ],
              [
                105.751935,
                21.226503
              ],
              [
                105.75196,
                21.226475
              ],
              [
                105.751982,
                21.226447
              ],
              [
                105.752005,
                21.226418
              ],
              [
                105.752027,
                21.22639
              ],
              [
                105.752043,
                21.226369
              ],
              [
                105.752061,
                21.226346
              ],
              [
                105.752082,
                21.22632
              ],
              [
                105.752106,
                21.226289
              ],
              [
                105.752127,
                21.226262
              ],
              [
                105.752143,
                21.226232
              ],
              [
                105.752161,
                21.226202
              ],
              [
                105.752177,
                21.226171
              ],
              [
                105.752194,
                21.226142
              ],
              [
                105.752211,
                21.226111
              ],
              [
                105.752228,
                21.226082
              ],
              [
                105.75224,
                21.22606
              ],
              [
                105.752254,
                21.226036
              ],
              [
                105.75227,
                21.226007
              ],
              [
                105.752286,
                21.225975
              ],
              [
                105.752301,
                21.225943
              ],
              [
                105.752317,
                21.225912
              ],
              [
                105.752338,
                21.225868
              ],
              [
                105.752353,
                21.225834
              ],
              [
                105.752367,
                21.225802
              ],
              [
                105.75238,
                21.22577
              ],
              [
                105.752394,
                21.225739
              ],
              [
                105.752408,
                21.225707
              ],
              [
                105.752422,
                21.225675
              ],
              [
                105.752437,
                21.225641
              ],
              [
                105.752457,
                21.225597
              ],
              [
                105.75247,
                21.225566
              ],
              [
                105.752481,
                21.225531
              ],
              [
                105.752492,
                21.225498
              ],
              [
                105.7525,
                21.225472
              ],
              [
                105.752509,
                21.225448
              ],
              [
                105.75252,
                21.225414
              ],
              [
                105.752531,
                21.225379
              ],
              [
                105.752542,
                21.225345
              ],
              [
                105.752553,
                21.225312
              ],
              [
                105.752562,
                21.225285
              ],
              [
                105.752569,
                21.225262
              ],
              [
                105.752581,
                21.225229
              ],
              [
                105.752592,
                21.225194
              ],
              [
                105.752603,
                21.22516
              ],
              [
                105.752611,
                21.225126
              ],
              [
                105.752622,
                21.225093
              ],
              [
                105.752628,
                21.225066
              ],
              [
                105.752636,
                21.225043
              ],
              [
                105.752646,
                21.225009
              ],
              [
                105.752655,
                21.224975
              ],
              [
                105.752665,
                21.224941
              ],
              [
                105.752674,
                21.224907
              ],
              [
                105.752684,
                21.224873
              ],
              [
                105.752694,
                21.22484
              ],
              [
                105.752701,
                21.224815
              ],
              [
                105.752709,
                21.22479
              ],
              [
                105.752717,
                21.224755
              ],
              [
                105.752722,
                21.224721
              ],
              [
                105.75273,
                21.224686
              ],
              [
                105.752735,
                21.224652
              ],
              [
                105.752743,
                21.224617
              ],
              [
                105.752747,
                21.224591
              ],
              [
                105.752751,
                21.224567
              ],
              [
                105.752757,
                21.224533
              ],
              [
                105.752763,
                21.224498
              ],
              [
                105.752768,
                21.224464
              ],
              [
                105.752774,
                21.22443
              ],
              [
                105.752778,
                21.224403
              ],
              [
                105.752783,
                21.22438
              ],
              [
                105.752788,
                21.224345
              ],
              [
                105.752794,
                21.224311
              ],
              [
                105.752799,
                21.224276
              ],
              [
                105.752806,
                21.224243
              ],
              [
                105.752811,
                21.224208
              ],
              [
                105.752815,
                21.224184
              ],
              [
                105.752819,
                21.224158
              ],
              [
                105.752825,
                21.224124
              ],
              [
                105.752831,
                21.224089
              ],
              [
                105.752837,
                21.224055
              ],
              [
                105.752842,
                21.224021
              ],
              [
                105.752847,
                21.223996
              ],
              [
                105.75285,
                21.223971
              ],
              [
                105.752857,
                21.223937
              ],
              [
                105.752867,
                21.223904
              ],
              [
                105.752874,
                21.22387
              ],
              [
                105.752884,
                21.223838
              ],
              [
                105.752893,
                21.223804
              ],
              [
                105.752904,
                21.223768
              ],
              [
                105.752917,
                21.223722
              ],
              [
                105.752926,
                21.22369
              ],
              [
                105.752935,
                21.223656
              ],
              [
                105.752945,
                21.223624
              ],
              [
                105.752952,
                21.223597
              ],
              [
                105.752958,
                21.223574
              ],
              [
                105.752969,
                21.223542
              ],
              [
                105.752978,
                21.223506
              ],
              [
                105.752988,
                21.223474
              ],
              [
                105.752998,
                21.223438
              ],
              [
                105.753008,
                21.223406
              ],
              [
                105.753016,
                21.223378
              ],
              [
                105.753023,
                21.223355
              ],
              [
                105.753032,
                21.223323
              ],
              [
                105.753043,
                21.223288
              ],
              [
                105.753055,
                21.223254
              ],
              [
                105.753066,
                21.22322
              ],
              [
                105.753081,
                21.223174
              ],
              [
                105.753092,
                21.223132
              ],
              [
                105.753106,
                21.2231
              ],
              [
                105.753119,
                21.223072
              ],
              [
                105.753126,
                21.223054
              ],
              [
                105.753131,
                21.22304
              ],
              [
                105.753147,
                21.223008
              ],
              [
                105.75316,
                21.222976
              ],
              [
                105.753176,
                21.222944
              ],
              [
                105.753192,
                21.222914
              ],
              [
                105.753204,
                21.222885
              ],
              [
                105.753217,
                21.222857
              ],
              [
                105.753232,
                21.222826
              ],
              [
                105.753245,
                21.222798
              ],
              [
                105.753261,
                21.222766
              ],
              [
                105.753277,
                21.222742
              ],
              [
                105.753294,
                21.222717
              ],
              [
                105.75331,
                21.222687
              ],
              [
                105.753325,
                21.222655
              ],
              [
                105.753341,
                21.222624
              ],
              [
                105.753357,
                21.222592
              ],
              [
                105.753372,
                21.222562
              ],
              [
                105.753388,
                21.22253
              ],
              [
                105.753404,
                21.2225
              ],
              [
                105.753419,
                21.222474
              ],
              [
                105.753443,
                21.222449
              ],
              [
                105.753458,
                21.222422
              ],
              [
                105.753477,
                21.222393
              ],
              [
                105.7535,
                21.222368
              ],
              [
                105.753523,
                21.222344
              ],
              [
                105.753546,
                21.222318
              ],
              [
                105.753568,
                21.222294
              ],
              [
                105.753591,
                21.222269
              ],
              [
                105.753616,
                21.222243
              ],
              [
                105.753633,
                21.222223
              ],
              [
                105.753804,
                21.222031
              ],
              [
                105.753834,
                21.222009
              ],
              [
                105.753849,
                21.221998
              ],
              [
                105.753884,
                21.221972
              ],
              [
                105.753925,
                21.221955
              ],
              [
                105.753952,
                21.221933
              ],
              [
                105.753987,
                21.22192
              ],
              [
                105.754033,
                21.2219
              ],
              [
                105.754065,
                21.221888
              ],
              [
                105.754099,
                21.221873
              ],
              [
                105.754134,
                21.221866
              ],
              [
                105.754168,
                21.22185
              ],
              [
                105.754203,
                21.221843
              ],
              [
                105.75424,
                21.221837
              ],
              [
                105.754275,
                21.22183
              ],
              [
                105.754311,
                21.221823
              ],
              [
                105.754348,
                21.221818
              ],
              [
                105.754385,
                21.221811
              ],
              [
                105.754422,
                21.221806
              ],
              [
                105.754457,
                21.2218
              ],
              [
                105.754495,
                21.221794
              ],
              [
                105.754523,
                21.221789
              ],
              [
                105.754551,
                21.221786
              ],
              [
                105.754588,
                21.221779
              ],
              [
                105.754623,
                21.221774
              ],
              [
                105.754651,
                21.221769
              ],
              [
                105.754678,
                21.221766
              ],
              [
                105.754715,
                21.221759
              ],
              [
                105.754752,
                21.221756
              ],
              [
                105.754794,
                21.221751
              ],
              [
                105.754831,
                21.221747
              ],
              [
                105.754868,
                21.221743
              ],
              [
                105.754868,
                21.221743
              ]
            ]
          ]
        ]
      },
      "properties": {
        "code": "08974",
        "name": "Quang Minh",
        "nameEn": "Quang Minh",
        "fullName": "Xã Quang Minh",
        "fullNameEn": "Quang Minh Commune",
        "codeName": "quang_minh",
        "postalCode": "12907",
        "postalCodePrefix": "",
        "gisServerId": "diaphanhanhchinhcapxa_2025.3249",
        "areaKm2": 32.17
      }
    }
  ]
}