{
  "type": "FeatureCollection",
  "bbox": [
    105.500501,
    21.075173,
    105.611561,
    21.139436
  ],
  "features": [
    {
      "type": "Feature",
      "id": "09715",
      "bbox": [
        105.500501,
        21.075173,
        105.611561,
        21.139436
      ],
      "geometry": {
        "type": "MultiPolygon",
        "coordinates": [
          [
            [
              [
                105.611561,
                21.13564
              ],
              [
                105.611104,
                21.135124
              ],
              [
                105.610544,
                21.134434
              ],
              [
                105.61035,
                21.134194
              ],
              [
                105.609893,
                21.133639
              ],
              [
                105.609556,
                21.13323
              ],
              [
                105.609259,
                21.132661
              ],
              [
                105.608951,
                21.132074
              ],
              [
                105.608853,
                21.13186
              ],
              [
                105.60876,
                21.131861
              ],
              [
                105.608741,
                21.131861
              ],
              [
                105.608681,
                21.131861
              ],
              [
                105.608678,
                21.13176
              ],
              [
                105.608671,
                21.131736
              ],
              [
                105.608675,
                21.131691
              ],
              [
                105.608674,
                21.131665
              ],
              [
                105.608674,
                21.131664
              ],
              [
                105.60866,
                21.131396
              ],
              [
                105.608405,
                21.131449
              ],
              [
                105.608292,
                21.13145
              ],
              [
                105.608239,
                21.131424
              ],
              [
                105.608215,
                21.131384
              ],
              [
                105.608218,
                21.131315
              ],
              [
                105.608259,
                21.131268
              ],
              [
                105.608278,
                21.131246
              ],
              [
                105.608275,
                21.131209
              ],
              [
                105.608256,
                21.131188
              ],
              [
                105.608223,
                21.131152
              ],
              [
                105.607972,
                21.131032
              ],
              [
                105.607947,
                21.131021
              ],
              [
                105.607661,
                21.130878
              ],
              [
                105.607702,
                21.130733
              ],
              [
                105.607687,
                21.130566
              ],
              [
                105.607572,
                21.130477
              ],
              [
                105.607401,
                21.130449
              ],
              [
                105.607391,
                21.130447
              ],
              [
                105.607322,
                21.130461
              ],
              [
                105.607221,
                21.13038
              ],
              [
                105.607173,
                21.130342
              ],
              [
                105.607043,
                21.130237
              ],
              [
                105.606846,
                21.130179
              ],
              [
                105.60677,
                21.130156
              ],
              [
                105.606645,
                21.130119
              ],
              [
                105.606497,
                21.130112
              ],
              [
                105.606359,
                21.130106
              ],
              [
                105.606032,
                21.13009
              ],
              [
                105.605988,
                21.130088
              ],
              [
                105.605738,
                21.130055
              ],
              [
                105.605716,
                21.130032
              ],
              [
                105.605412,
                21.130036
              ],
              [
                105.605412,
                21.130011
              ],
              [
                105.60541,
                21.129842
              ],
              [
                105.60544,
                21.129666
              ],
              [
                105.605441,
                21.129655
              ],
              [
                105.605443,
                21.129652
              ],
              [
                105.605475,
                21.129466
              ],
              [
                105.605543,
                21.129337
              ],
              [
                105.605585,
                21.129235
              ],
              [
                105.605603,
                21.129163
              ],
              [
                105.605594,
                21.129069
              ],
              [
                105.60561,
                21.128914
              ],
              [
                105.605605,
                21.128157
              ],
              [
                105.605604,
                21.128143
              ],
              [
                105.605648,
                21.126851
              ],
              [
                105.605845,
                21.125767
              ],
              [
                105.605884,
                21.124368
              ],
              [
                105.605852,
                21.124233
              ],
              [
                105.605836,
                21.124169
              ],
              [
                105.605791,
                21.124023
              ],
              [
                105.60579,
                21.12402
              ],
              [
                105.60579,
                21.124017
              ],
              [
                105.605789,
                21.124017
              ],
              [
                105.605735,
                21.123904
              ],
              [
                105.605677,
                21.123829
              ],
              [
                105.605634,
                21.123788
              ],
              [
                105.605583,
                21.123762
              ],
              [
                105.605434,
                21.123641
              ],
              [
                105.60534,
                21.12358
              ],
              [
                105.605222,
                21.123478
              ],
              [
                105.605185,
                21.123447
              ],
              [
                105.605157,
                21.123406
              ],
              [
                105.60512,
                21.123373
              ],
              [
                105.605079,
                21.123296
              ],
              [
                105.605091,
                21.123243
              ],
              [
                105.605093,
                21.12313
              ],
              [
                105.605098,
                21.122957
              ],
              [
                105.605096,
                21.122861
              ],
              [
                105.605089,
                21.122733
              ],
              [
                105.605076,
                21.122631
              ],
              [
                105.605051,
                21.122502
              ],
              [
                105.605062,
                21.122414
              ],
              [
                105.60505,
                21.122353
              ],
              [
                105.605039,
                21.122196
              ],
              [
                105.605024,
                21.121977
              ],
              [
                105.605016,
                21.121884
              ],
              [
                105.605011,
                21.121718
              ],
              [
                105.605032,
                21.121566
              ],
              [
                105.605029,
                21.12146
              ],
              [
                105.60506,
                21.121251
              ],
              [
                105.605059,
                21.121233
              ],
              [
                105.605065,
                21.121218
              ],
              [
                105.605097,
                21.121048
              ],
              [
                105.605125,
                21.120897
              ],
              [
                105.60512,
                21.120888
              ],
              [
                105.605134,
                21.120762
              ],
              [
                105.605141,
                21.120718
              ],
              [
                105.605157,
                21.120533
              ],
              [
                105.605148,
                21.120343
              ],
              [
                105.605156,
                21.120277
              ],
              [
                105.605153,
                21.120047
              ],
              [
                105.605191,
                21.120018
              ],
              [
                105.605203,
                21.120012
              ],
              [
                105.60528,
                21.119972
              ],
              [
                105.605326,
                21.119948
              ],
              [
                105.605347,
                21.11994
              ],
              [
                105.60563,
                21.119868
              ],
              [
                105.605719,
                21.119856
              ],
              [
                105.605745,
                21.119853
              ],
              [
                105.605978,
                21.119822
              ],
              [
                105.606065,
                21.119817
              ],
              [
                105.606067,
                21.119768
              ],
              [
                105.606067,
                21.119766
              ],
              [
                105.606079,
                21.119357
              ],
              [
                105.606113,
                21.118123
              ],
              [
                105.606132,
                21.117274
              ],
              [
                105.606154,
                21.116219
              ],
              [
                105.606155,
                21.116185
              ],
              [
                105.606151,
                21.116014
              ],
              [
                105.60615,
                21.115966
              ],
              [
                105.606148,
                21.115831
              ],
              [
                105.605708,
                21.115655
              ],
              [
                105.605708,
                21.115655
              ],
              [
                105.60576,
                21.115548
              ],
              [
                105.605771,
                21.115523
              ],
              [
                105.605813,
                21.115438
              ],
              [
                105.605849,
                21.115364
              ],
              [
                105.605883,
                21.115293
              ],
              [
                105.605913,
                21.115229
              ],
              [
                105.605942,
                21.115167
              ],
              [
                105.605971,
                21.115105
              ],
              [
                105.605996,
                21.115051
              ],
              [
                105.60602,
                21.115
              ],
              [
                105.606047,
                21.114945
              ],
              [
                105.60607,
                21.114896
              ],
              [
                105.60609,
                21.114857
              ],
              [
                105.606108,
                21.114822
              ],
              [
                105.606126,
                21.114789
              ],
              [
                105.606142,
                21.114761
              ],
              [
                105.606157,
                21.114739
              ],
              [
                105.606177,
                21.114708
              ],
              [
                105.606212,
                21.114649
              ],
              [
                105.606257,
                21.114568
              ],
              [
                105.606296,
                21.114499
              ],
              [
                105.606328,
                21.114442
              ],
              [
                105.606355,
                21.114391
              ],
              [
                105.606426,
                21.114243
              ],
              [
                105.606449,
                21.11419
              ],
              [
                105.606477,
                21.114122
              ],
              [
                105.606502,
                21.114061
              ],
              [
                105.606527,
                21.114008
              ],
              [
                105.60655,
                21.113962
              ],
              [
                105.606569,
                21.113921
              ],
              [
                105.606588,
                21.113882
              ],
              [
                105.606607,
                21.113846
              ],
              [
                105.606621,
                21.11382
              ],
              [
                105.606634,
                21.1138
              ],
              [
                105.606645,
                21.113781
              ],
              [
                105.606655,
                21.113761
              ],
              [
                105.606664,
                21.113743
              ],
              [
                105.606672,
                21.113728
              ],
              [
                105.606673,
                21.113725
              ],
              [
                105.606678,
                21.113713
              ],
              [
                105.606685,
                21.113699
              ],
              [
                105.606691,
                21.113688
              ],
              [
                105.606692,
                21.113687
              ],
              [
                105.606415,
                21.113605
              ],
              [
                105.606288,
                21.113567
              ],
              [
                105.606251,
                21.113547
              ],
              [
                105.606168,
                21.113503
              ],
              [
                105.606146,
                21.113492
              ],
              [
                105.606119,
                21.113478
              ],
              [
                105.606062,
                21.113442
              ],
              [
                105.605858,
                21.11331
              ],
              [
                105.605734,
                21.113237
              ],
              [
                105.605666,
                21.113192
              ],
              [
                105.605454,
                21.113035
              ],
              [
                105.605262,
                21.112889
              ],
              [
                105.605193,
                21.112835
              ],
              [
                105.605129,
                21.112784
              ],
              [
                105.605039,
                21.112712
              ],
              [
                105.604836,
                21.113539
              ],
              [
                105.604652,
                21.113975
              ],
              [
                105.604336,
                21.114569
              ],
              [
                105.603814,
                21.115391
              ],
              [
                105.603621,
                21.115757
              ],
              [
                105.603397,
                21.116217
              ],
              [
                105.602655,
                21.11759
              ],
              [
                105.60224,
                21.118115
              ],
              [
                105.601994,
                21.118346
              ],
              [
                105.601711,
                21.118595
              ],
              [
                105.601519,
                21.118761
              ],
              [
                105.601177,
                21.119054
              ],
              [
                105.601041,
                21.119171
              ],
              [
                105.601,
                21.119222
              ],
              [
                105.600051,
                21.119845
              ],
              [
                105.598877,
                21.12072
              ],
              [
                105.598729,
                21.120582
              ],
              [
                105.598417,
                21.120346
              ],
              [
                105.598052,
                21.120541
              ],
              [
                105.597587,
                21.120717
              ],
              [
                105.597508,
                21.120725
              ],
              [
                105.597478,
                21.120706
              ],
              [
                105.597424,
                21.120629
              ],
              [
                105.59738,
                21.12051
              ],
              [
                105.597315,
                21.120065
              ],
              [
                105.597134,
                21.119035
              ],
              [
                105.597119,
                21.118914
              ],
              [
                105.597027,
                21.118192
              ],
              [
                105.596925,
                21.117333
              ],
              [
                105.596883,
                21.116947
              ],
              [
                105.596834,
                21.116491
              ],
              [
                105.596836,
                21.116372
              ],
              [
                105.596836,
                21.116332
              ],
              [
                105.596836,
                21.116307
              ],
              [
                105.596828,
                21.116169
              ],
              [
                105.596805,
                21.115963
              ],
              [
                105.596803,
                21.115947
              ],
              [
                105.5968,
                21.115923
              ],
              [
                105.596795,
                21.115889
              ],
              [
                105.596794,
                21.11588
              ],
              [
                105.596789,
                21.11584
              ],
              [
                105.596778,
                21.115753
              ],
              [
                105.596774,
                21.115723
              ],
              [
                105.596758,
                21.115599
              ],
              [
                105.596756,
                21.115584
              ],
              [
                105.59674,
                21.115461
              ],
              [
                105.596737,
                21.115443
              ],
              [
                105.59673,
                21.115387
              ],
              [
                105.596702,
                21.115172
              ],
              [
                105.596696,
                21.11513
              ],
              [
                105.596658,
                21.114861
              ],
              [
                105.59664,
                21.11474
              ],
              [
                105.596579,
                21.114308
              ],
              [
                105.596569,
                21.114243
              ],
              [
                105.596555,
                21.114184
              ],
              [
                105.596529,
                21.114083
              ],
              [
                105.596523,
                21.113913
              ],
              [
                105.596507,
                21.113498
              ],
              [
                105.596478,
                21.113282
              ],
              [
                105.596462,
                21.112889
              ],
              [
                105.596449,
                21.112698
              ],
              [
                105.596425,
                21.112341
              ],
              [
                105.59638,
                21.111723
              ],
              [
                105.596378,
                21.111679
              ],
              [
                105.596374,
                21.111631
              ],
              [
                105.596307,
                21.110843
              ],
              [
                105.596304,
                21.110821
              ],
              [
                105.596298,
                21.110807
              ],
              [
                105.596271,
                21.110794
              ],
              [
                105.596184,
                21.110771
              ],
              [
                105.596164,
                21.110765
              ],
              [
                105.595781,
                21.11066
              ],
              [
                105.595642,
                21.110622
              ],
              [
                105.595547,
                21.110596
              ],
              [
                105.595492,
                21.110582
              ],
              [
                105.595396,
                21.110534
              ],
              [
                105.595216,
                21.110487
              ],
              [
                105.594497,
                21.110293
              ],
              [
                105.594115,
                21.110224
              ],
              [
                105.594069,
                21.110215
              ],
              [
                105.593514,
                21.110113
              ],
              [
                105.593457,
                21.110103
              ],
              [
                105.593013,
                21.110066
              ],
              [
                105.592859,
                21.110046
              ],
              [
                105.592845,
                21.110044
              ],
              [
                105.592845,
                21.110052
              ],
              [
                105.591991,
                21.109977
              ],
              [
                105.591958,
                21.109975
              ],
              [
                105.591851,
                21.109956
              ],
              [
                105.591825,
                21.109954
              ],
              [
                105.591783,
                21.109951
              ],
              [
                105.591603,
                21.109938
              ],
              [
                105.591348,
                21.109921
              ],
              [
                105.591273,
                21.109915
              ],
              [
                105.591212,
                21.109906
              ],
              [
                105.591172,
                21.109904
              ],
              [
                105.591081,
                21.109902
              ],
              [
                105.59093,
                21.109896
              ],
              [
                105.590792,
                21.109897
              ],
              [
                105.590369,
                21.109901
              ],
              [
                105.590369,
                21.109897
              ],
              [
                105.590259,
                21.109902
              ],
              [
                105.590251,
                21.109527
              ],
              [
                105.59027,
                21.109465
              ],
              [
                105.59027,
                21.10936
              ],
              [
                105.590296,
                21.109273
              ],
              [
                105.590353,
                21.10921
              ],
              [
                105.590457,
                21.109093
              ],
              [
                105.59048,
                21.109073
              ],
              [
                105.590524,
                21.109047
              ],
              [
                105.59056,
                21.109018
              ],
              [
                105.590579,
                21.108999
              ],
              [
                105.590589,
                21.108983
              ],
              [
                105.590599,
                21.108964
              ],
              [
                105.590601,
                21.108945
              ],
              [
                105.59062,
                21.108857
              ],
              [
                105.590618,
                21.108853
              ],
              [
                105.590609,
                21.108833
              ],
              [
                105.590568,
                21.108742
              ],
              [
                105.590522,
                21.108699
              ],
              [
                105.590517,
                21.108694
              ],
              [
                105.590497,
                21.108692
              ],
              [
                105.590355,
                21.108676
              ],
              [
                105.59034,
                21.108673
              ],
              [
                105.590182,
                21.108638
              ],
              [
                105.590075,
                21.10858
              ],
              [
                105.590009,
                21.108543
              ],
              [
                105.589785,
                21.108344
              ],
              [
                105.589785,
                21.108344
              ],
              [
                105.589784,
                21.108343
              ],
              [
                105.58959,
                21.108092
              ],
              [
                105.589499,
                21.107924
              ],
              [
                105.589561,
                21.10783
              ],
              [
                105.589584,
                21.107798
              ],
              [
                105.589597,
                21.107774
              ],
              [
                105.589596,
                21.107753
              ],
              [
                105.589585,
                21.107728
              ],
              [
                105.589559,
                21.107702
              ],
              [
                105.589552,
                21.107682
              ],
              [
                105.589551,
                21.107645
              ],
              [
                105.589559,
                21.107565
              ],
              [
                105.589578,
                21.107505
              ],
              [
                105.589597,
                21.107464
              ],
              [
                105.589602,
                21.107438
              ],
              [
                105.589598,
                21.107408
              ],
              [
                105.589579,
                21.107379
              ],
              [
                105.589574,
                21.107355
              ],
              [
                105.589576,
                21.107317
              ],
              [
                105.589575,
                21.107224
              ],
              [
                105.589595,
                21.107064
              ],
              [
                105.589602,
                21.106905
              ],
              [
                105.58961,
                21.106809
              ],
              [
                105.589614,
                21.106793
              ],
              [
                105.589629,
                21.106785
              ],
              [
                105.58968,
                21.106773
              ],
              [
                105.589873,
                21.106773
              ],
              [
                105.590158,
                21.106764
              ],
              [
                105.590347,
                21.106749
              ],
              [
                105.590385,
                21.106744
              ],
              [
                105.590406,
                21.106745
              ],
              [
                105.590714,
                21.106729
              ],
              [
                105.590878,
                21.106717
              ],
              [
                105.591728,
                21.106712
              ],
              [
                105.591881,
                21.106696
              ],
              [
                105.592096,
                21.106688
              ],
              [
                105.592258,
                21.106696
              ],
              [
                105.592878,
                21.10673
              ],
              [
                105.592888,
                21.106728
              ],
              [
                105.592895,
                21.10672
              ],
              [
                105.592928,
                21.106427
              ],
              [
                105.592955,
                21.106229
              ],
              [
                105.592931,
                21.106203
              ],
              [
                105.592922,
                21.106189
              ],
              [
                105.592918,
                21.106158
              ],
              [
                105.592947,
                21.105966
              ],
              [
                105.592988,
                21.105616
              ],
              [
                105.593052,
                21.105047
              ],
              [
                105.593126,
                21.10448
              ],
              [
                105.593179,
                21.104045
              ],
              [
                105.593229,
                21.103519
              ],
              [
                105.593237,
                21.103453
              ],
              [
                105.593265,
                21.103184
              ],
              [
                105.593296,
                21.102781
              ],
              [
                105.593325,
                21.102466
              ],
              [
                105.593335,
                21.102326
              ],
              [
                105.593362,
                21.101969
              ],
              [
                105.593439,
                21.101195
              ],
              [
                105.593466,
                21.100921
              ],
              [
                105.593486,
                21.100769
              ],
              [
                105.59354,
                21.100229
              ],
              [
                105.593561,
                21.100046
              ],
              [
                105.593571,
                21.099946
              ],
              [
                105.593603,
                21.09961
              ],
              [
                105.593611,
                21.099532
              ],
              [
                105.593639,
                21.099237
              ],
              [
                105.593645,
                21.099113
              ],
              [
                105.593674,
                21.099119
              ],
              [
                105.593674,
                21.099112
              ],
              [
                105.593685,
                21.09888
              ],
              [
                105.593755,
                21.098134
              ],
              [
                105.593768,
                21.097898
              ],
              [
                105.593776,
                21.09771
              ],
              [
                105.593767,
                21.097712
              ],
              [
                105.593076,
                21.09783
              ],
              [
                105.59302,
                21.097523
              ],
              [
                105.592943,
                21.096698
              ],
              [
                105.592943,
                21.096566
              ],
              [
                105.593059,
                21.096451
              ],
              [
                105.593122,
                21.096388
              ],
              [
                105.593237,
                21.096262
              ],
              [
                105.593403,
                21.096054
              ],
              [
                105.593533,
                21.095834
              ],
              [
                105.593543,
                21.095813
              ],
              [
                105.593579,
                21.095736
              ],
              [
                105.593596,
                21.095675
              ],
              [
                105.593655,
                21.095412
              ],
              [
                105.593681,
                21.095167
              ],
              [
                105.593722,
                21.094889
              ],
              [
                105.593754,
                21.094587
              ],
              [
                105.593787,
                21.094354
              ],
              [
                105.593823,
                21.094089
              ],
              [
                105.59384,
                21.093967
              ],
              [
                105.593857,
                21.093818
              ],
              [
                105.593863,
                21.093754
              ],
              [
                105.593986,
                21.092855
              ],
              [
                105.593996,
                21.092767
              ],
              [
                105.594017,
                21.092624
              ],
              [
                105.593861,
                21.092623
              ],
              [
                105.593591,
                21.092637
              ],
              [
                105.593348,
                21.092531
              ],
              [
                105.593211,
                21.092461
              ],
              [
                105.592939,
                21.092147
              ],
              [
                105.592976,
                21.091877
              ],
              [
                105.592794,
                21.091213
              ],
              [
                105.592723,
                21.090997
              ],
              [
                105.592665,
                21.09081
              ],
              [
                105.592627,
                21.090694
              ],
              [
                105.592592,
                21.090612
              ],
              [
                105.592604,
                21.090608
              ],
              [
                105.592668,
                21.09058
              ],
              [
                105.592696,
                21.090568
              ],
              [
                105.59296,
                21.090452
              ],
              [
                105.592964,
                21.090435
              ],
              [
                105.592975,
                21.090383
              ],
              [
                105.593059,
                21.089319
              ],
              [
                105.593062,
                21.089286
              ],
              [
                105.593072,
                21.088983
              ],
              [
                105.593094,
                21.088358
              ],
              [
                105.593074,
                21.088142
              ],
              [
                105.593067,
                21.088072
              ],
              [
                105.592987,
                21.087763
              ],
              [
                105.592943,
                21.08763
              ],
              [
                105.592925,
                21.087577
              ],
              [
                105.592924,
                21.087573
              ],
              [
                105.592758,
                21.087212
              ],
              [
                105.592569,
                21.086817
              ],
              [
                105.592527,
                21.08673
              ],
              [
                105.592703,
                21.086798
              ],
              [
                105.592711,
                21.086802
              ],
              [
                105.592986,
                21.086857
              ],
              [
                105.593,
                21.08686
              ],
              [
                105.593786,
                21.087018
              ],
              [
                105.593821,
                21.086879
              ],
              [
                105.593811,
                21.086736
              ],
              [
                105.593775,
                21.086635
              ],
              [
                105.593647,
                21.086502
              ],
              [
                105.593636,
                21.086464
              ],
              [
                105.593631,
                21.086445
              ],
              [
                105.59363,
                21.086443
              ],
              [
                105.593559,
                21.086196
              ],
              [
                105.593535,
                21.086169
              ],
              [
                105.59348,
                21.086106
              ],
              [
                105.593289,
                21.085951
              ],
              [
                105.593155,
                21.085832
              ],
              [
                105.593095,
                21.085751
              ],
              [
                105.593053,
                21.085675
              ],
              [
                105.593028,
                21.08561
              ],
              [
                105.59297,
                21.085468
              ],
              [
                105.592932,
                21.085338
              ],
              [
                105.592887,
                21.085206
              ],
              [
                105.592864,
                21.085134
              ],
              [
                105.592822,
                21.085022
              ],
              [
                105.592788,
                21.084951
              ],
              [
                105.592747,
                21.084892
              ],
              [
                105.592719,
                21.084845
              ],
              [
                105.592709,
                21.084818
              ],
              [
                105.5927,
                21.084719
              ],
              [
                105.59243,
                21.084718
              ],
              [
                105.592009,
                21.084705
              ],
              [
                105.591792,
                21.084704
              ],
              [
                105.591371,
                21.084678
              ],
              [
                105.591311,
                21.084673
              ],
              [
                105.591412,
                21.084102
              ],
              [
                105.591541,
                21.083363
              ],
              [
                105.591716,
                21.082458
              ],
              [
                105.591732,
                21.082351
              ],
              [
                105.591764,
                21.082172
              ],
              [
                105.591792,
                21.082088
              ],
              [
                105.591826,
                21.081781
              ],
              [
                105.59184,
                21.081664
              ],
              [
                105.59189,
                21.081481
              ],
              [
                105.591938,
                21.081223
              ],
              [
                105.59201,
                21.08093
              ],
              [
                105.59206,
                21.080645
              ],
              [
                105.592106,
                21.080364
              ],
              [
                105.592154,
                21.080084
              ],
              [
                105.592174,
                21.079932
              ],
              [
                105.592203,
                21.079887
              ],
              [
                105.592259,
                21.079787
              ],
              [
                105.592441,
                21.07949
              ],
              [
                105.592528,
                21.079347
              ],
              [
                105.592624,
                21.079195
              ],
              [
                105.592644,
                21.079163
              ],
              [
                105.592658,
                21.079135
              ],
              [
                105.592666,
                21.07912
              ],
              [
                105.592681,
                21.079094
              ],
              [
                105.592782,
                21.078922
              ],
              [
                105.592913,
                21.078703
              ],
              [
                105.59296,
                21.078635
              ],
              [
                105.593088,
                21.078447
              ],
              [
                105.593141,
                21.078408
              ],
              [
                105.593182,
                21.078395
              ],
              [
                105.593232,
                21.078388
              ],
              [
                105.593303,
                21.078397
              ],
              [
                105.593315,
                21.078373
              ],
              [
                105.59337,
                21.078254
              ],
              [
                105.593398,
                21.078103
              ],
              [
                105.593444,
                21.078011
              ],
              [
                105.593515,
                21.077855
              ],
              [
                105.593391,
                21.077825
              ],
              [
                105.593367,
                21.077816
              ],
              [
                105.593246,
                21.077801
              ],
              [
                105.593243,
                21.0778
              ],
              [
                105.593033,
                21.077762
              ],
              [
                105.592865,
                21.077724
              ],
              [
                105.592825,
                21.077729
              ],
              [
                105.592595,
                21.077681
              ],
              [
                105.592493,
                21.077666
              ],
              [
                105.592345,
                21.077646
              ],
              [
                105.592287,
                21.077634
              ],
              [
                105.592286,
                21.077633
              ],
              [
                105.592283,
                21.077633
              ],
              [
                105.592116,
                21.077616
              ],
              [
                105.59212,
                21.077474
              ],
              [
                105.592122,
                21.077428
              ],
              [
                105.592144,
                21.077211
              ],
              [
                105.592157,
                21.077118
              ],
              [
                105.592194,
                21.076884
              ],
              [
                105.591657,
                21.076752
              ],
              [
                105.591644,
                21.076748
              ],
              [
                105.591636,
                21.076771
              ],
              [
                105.591607,
                21.076847
              ],
              [
                105.591592,
                21.076925
              ],
              [
                105.591587,
                21.076923
              ],
              [
                105.591385,
                21.076881
              ],
              [
                105.591381,
                21.07688
              ],
              [
                105.590698,
                21.076737
              ],
              [
                105.590679,
                21.076733
              ],
              [
                105.590552,
                21.076706
              ],
              [
                105.590159,
                21.076613
              ],
              [
                105.590012,
                21.076586
              ],
              [
                105.589917,
                21.076575
              ],
              [
                105.589754,
                21.076553
              ],
              [
                105.589729,
                21.076551
              ],
              [
                105.589695,
                21.076549
              ],
              [
                105.589659,
                21.076545
              ],
              [
                105.589543,
                21.076525
              ],
              [
                105.589524,
                21.076522
              ],
              [
                105.589473,
                21.076513
              ],
              [
                105.589049,
                21.07643
              ],
              [
                105.588813,
                21.076372
              ],
              [
                105.588723,
                21.07635
              ],
              [
                105.588705,
                21.076345
              ],
              [
                105.588548,
                21.076307
              ],
              [
                105.588183,
                21.076213
              ],
              [
                105.588082,
                21.076188
              ],
              [
                105.588041,
                21.076178
              ],
              [
                105.588022,
                21.076174
              ],
              [
                105.587548,
                21.076067
              ],
              [
                105.587519,
                21.076061
              ],
              [
                105.58747,
                21.076052
              ],
              [
                105.587206,
                21.076004
              ],
              [
                105.587003,
                21.075961
              ],
              [
                105.586782,
                21.075909
              ],
              [
                105.58648,
                21.075815
              ],
              [
                105.586299,
                21.075768
              ],
              [
                105.585942,
                21.075679
              ],
              [
                105.585549,
                21.075594
              ],
              [
                105.585217,
                21.075524
              ],
              [
                105.584677,
                21.075391
              ],
              [
                105.584213,
                21.075293
              ],
              [
                105.583639,
                21.075214
              ],
              [
                105.583324,
                21.075177
              ],
              [
                105.583282,
                21.075173
              ],
              [
                105.583355,
                21.075472
              ],
              [
                105.583363,
                21.075609
              ],
              [
                105.583347,
                21.075666
              ],
              [
                105.583305,
                21.075717
              ],
              [
                105.583252,
                21.075757
              ],
              [
                105.583124,
                21.075858
              ],
              [
                105.582829,
                21.076123
              ],
              [
                105.582614,
                21.076303
              ],
              [
                105.582474,
                21.076446
              ],
              [
                105.582372,
                21.076584
              ],
              [
                105.582234,
                21.076784
              ],
              [
                105.582039,
                21.077037
              ],
              [
                105.581901,
                21.077242
              ],
              [
                105.581752,
                21.077499
              ],
              [
                105.581607,
                21.077746
              ],
              [
                105.58151,
                21.077917
              ],
              [
                105.581446,
                21.078032
              ],
              [
                105.581208,
                21.077957
              ],
              [
                105.580939,
                21.077883
              ],
              [
                105.580925,
                21.077896
              ],
              [
                105.580901,
                21.077916
              ],
              [
                105.580517,
                21.078133
              ],
              [
                105.579304,
                21.078835
              ],
              [
                105.579249,
                21.078867
              ],
              [
                105.578774,
                21.079142
              ],
              [
                105.578667,
                21.079202
              ],
              [
                105.577691,
                21.079758
              ],
              [
                105.57708,
                21.080106
              ],
              [
                105.577055,
                21.080132
              ],
              [
                105.576806,
                21.08028
              ],
              [
                105.576657,
                21.080417
              ],
              [
                105.576435,
                21.080637
              ],
              [
                105.576333,
                21.080747
              ],
              [
                105.576282,
                21.080805
              ],
              [
                105.576256,
                21.080846
              ],
              [
                105.575836,
                21.081272
              ],
              [
                105.575749,
                21.081358
              ],
              [
                105.575464,
                21.081639
              ],
              [
                105.575248,
                21.081846
              ],
              [
                105.575204,
                21.081892
              ],
              [
                105.575202,
                21.081895
              ],
              [
                105.575081,
                21.082021
              ],
              [
                105.574935,
                21.082178
              ],
              [
                105.574953,
                21.082237
              ],
              [
                105.575051,
                21.082285
              ],
              [
                105.575069,
                21.082303
              ],
              [
                105.575077,
                21.082351
              ],
              [
                105.575089,
                21.082483
              ],
              [
                105.575098,
                21.082585
              ],
              [
                105.575121,
                21.082838
              ],
              [
                105.575128,
                21.082906
              ],
              [
                105.575133,
                21.082945
              ],
              [
                105.575147,
                21.082973
              ],
              [
                105.575163,
                21.082984
              ],
              [
                105.575195,
                21.082987
              ],
              [
                105.575301,
                21.08299
              ],
              [
                105.575316,
                21.082996
              ],
              [
                105.575329,
                21.083007
              ],
              [
                105.575338,
                21.083022
              ],
              [
                105.575356,
                21.083221
              ],
              [
                105.575355,
                21.083259
              ],
              [
                105.575352,
                21.083345
              ],
              [
                105.575354,
                21.083384
              ],
              [
                105.575376,
                21.083417
              ],
              [
                105.575461,
                21.083501
              ],
              [
                105.575525,
                21.08361
              ],
              [
                105.57561,
                21.083811
              ],
              [
                105.575669,
                21.083995
              ],
              [
                105.575706,
                21.084119
              ],
              [
                105.575707,
                21.084139
              ],
              [
                105.575719,
                21.08418
              ],
              [
                105.575938,
                21.08466
              ],
              [
                105.576053,
                21.084896
              ],
              [
                105.576201,
                21.08523
              ],
              [
                105.576245,
                21.085324
              ],
              [
                105.576296,
                21.085422
              ],
              [
                105.576309,
                21.085463
              ],
              [
                105.57632,
                21.0855
              ],
              [
                105.576334,
                21.085536
              ],
              [
                105.576356,
                21.08558
              ],
              [
                105.576585,
                21.085974
              ],
              [
                105.576742,
                21.086242
              ],
              [
                105.576766,
                21.086308
              ],
              [
                105.576765,
                21.08632
              ],
              [
                105.576757,
                21.086333
              ],
              [
                105.576722,
                21.086374
              ],
              [
                105.576687,
                21.08641
              ],
              [
                105.576667,
                21.086427
              ],
              [
                105.576607,
                21.086463
              ],
              [
                105.57645,
                21.086549
              ],
              [
                105.576443,
                21.086558
              ],
              [
                105.576415,
                21.086555
              ],
              [
                105.576184,
                21.0867
              ],
              [
                105.576209,
                21.086749
              ],
              [
                105.576077,
                21.086814
              ],
              [
                105.57612,
                21.08701
              ],
              [
                105.576099,
                21.087044
              ],
              [
                105.57614,
                21.087209
              ],
              [
                105.576203,
                21.087415
              ],
              [
                105.576206,
                21.087422
              ],
              [
                105.576225,
                21.087549
              ],
              [
                105.576254,
                21.087664
              ],
              [
                105.57629,
                21.087805
              ],
              [
                105.576318,
                21.087918
              ],
              [
                105.57634,
                21.087962
              ],
              [
                105.5763,
                21.08801
              ],
              [
                105.576277,
                21.088032
              ],
              [
                105.576049,
                21.088155
              ],
              [
                105.575878,
                21.088231
              ],
              [
                105.575608,
                21.088362
              ],
              [
                105.575455,
                21.088435
              ],
              [
                105.575452,
                21.088447
              ],
              [
                105.575456,
                21.088483
              ],
              [
                105.575462,
                21.088513
              ],
              [
                105.575509,
                21.088671
              ],
              [
                105.575562,
                21.088825
              ],
              [
                105.575584,
                21.088883
              ],
              [
                105.575619,
                21.089043
              ],
              [
                105.57565,
                21.089183
              ],
              [
                105.575662,
                21.089256
              ],
              [
                105.575668,
                21.089285
              ],
              [
                105.575673,
                21.089352
              ],
              [
                105.575669,
                21.089484
              ],
              [
                105.575668,
                21.089528
              ],
              [
                105.575689,
                21.089654
              ],
              [
                105.57572,
                21.089814
              ],
              [
                105.575737,
                21.089902
              ],
              [
                105.575778,
                21.090051
              ],
              [
                105.57581,
                21.09017
              ],
              [
                105.575923,
                21.090497
              ],
              [
                105.576038,
                21.09078
              ],
              [
                105.576133,
                21.091054
              ],
              [
                105.576177,
                21.091137
              ],
              [
                105.576247,
                21.091256
              ],
              [
                105.576352,
                21.091441
              ],
              [
                105.576364,
                21.091456
              ],
              [
                105.57642,
                21.091592
              ],
              [
                105.576403,
                21.091607
              ],
              [
                105.576394,
                21.091626
              ],
              [
                105.576394,
                21.091659
              ],
              [
                105.576426,
                21.091734
              ],
              [
                105.576495,
                21.091869
              ],
              [
                105.576467,
                21.091878
              ],
              [
                105.57644,
                21.091885
              ],
              [
                105.576459,
                21.091952
              ],
              [
                105.576501,
                21.092068
              ],
              [
                105.576569,
                21.092204
              ],
              [
                105.576712,
                21.092603
              ],
              [
                105.576738,
                21.092682
              ],
              [
                105.576748,
                21.092766
              ],
              [
                105.576764,
                21.092888
              ],
              [
                105.57679,
                21.093077
              ],
              [
                105.576789,
                21.093198
              ],
              [
                105.576749,
                21.093406
              ],
              [
                105.576581,
                21.093811
              ],
              [
                105.576564,
                21.093835
              ],
              [
                105.576407,
                21.094058
              ],
              [
                105.576115,
                21.094125
              ],
              [
                105.576236,
                21.0944
              ],
              [
                105.575972,
                21.094495
              ],
              [
                105.575717,
                21.094583
              ],
              [
                105.57555,
                21.094643
              ],
              [
                105.575604,
                21.094759
              ],
              [
                105.575704,
                21.094998
              ],
              [
                105.575789,
                21.095268
              ],
              [
                105.575832,
                21.095463
              ],
              [
                105.575848,
                21.09565
              ],
              [
                105.575835,
                21.095891
              ],
              [
                105.575833,
                21.095911
              ],
              [
                105.575819,
                21.096157
              ],
              [
                105.575828,
                21.096267
              ],
              [
                105.575844,
                21.096337
              ],
              [
                105.57589,
                21.096399
              ],
              [
                105.575896,
                21.096449
              ],
              [
                105.575896,
                21.096503
              ],
              [
                105.575574,
                21.097181
              ],
              [
                105.575572,
                21.097201
              ],
              [
                105.575529,
                21.097398
              ],
              [
                105.575489,
                21.097661
              ],
              [
                105.575477,
                21.098141
              ],
              [
                105.575479,
                21.098163
              ],
              [
                105.575481,
                21.098182
              ],
              [
                105.575508,
                21.098494
              ],
              [
                105.575542,
                21.09858
              ],
              [
                105.57557,
                21.098637
              ],
              [
                105.575578,
                21.098654
              ],
              [
                105.575687,
                21.098801
              ],
              [
                105.575533,
                21.098903
              ],
              [
                105.575448,
                21.098975
              ],
              [
                105.575314,
                21.099034
              ],
              [
                105.575281,
                21.099048
              ],
              [
                105.575363,
                21.099238
              ],
              [
                105.575385,
                21.099294
              ],
              [
                105.5754,
                21.099306
              ],
              [
                105.57541,
                21.099315
              ],
              [
                105.575414,
                21.099324
              ],
              [
                105.57542,
                21.09935
              ],
              [
                105.575424,
                21.099379
              ],
              [
                105.575428,
                21.099398
              ],
              [
                105.575434,
                21.099413
              ],
              [
                105.575538,
                21.099675
              ],
              [
                105.575228,
                21.09981
              ],
              [
                105.575216,
                21.09979
              ],
              [
                105.575099,
                21.099833
              ],
              [
                105.574944,
                21.099883
              ],
              [
                105.574801,
                21.099929
              ],
              [
                105.574645,
                21.099975
              ],
              [
                105.574221,
                21.100089
              ],
              [
                105.573914,
                21.100147
              ],
              [
                105.573893,
                21.100151
              ],
              [
                105.573643,
                21.100208
              ],
              [
                105.573428,
                21.100235
              ],
              [
                105.5732,
                21.100265
              ],
              [
                105.572854,
                21.100314
              ],
              [
                105.572729,
                21.10035
              ],
              [
                105.572578,
                21.100369
              ],
              [
                105.572484,
                21.100395
              ],
              [
                105.572454,
                21.100398
              ],
              [
                105.572333,
                21.100402
              ],
              [
                105.572072,
                21.100421
              ],
              [
                105.571623,
                21.100445
              ],
              [
                105.571182,
                21.100457
              ],
              [
                105.571093,
                21.100456
              ],
              [
                105.570713,
                21.10044
              ],
              [
                105.570116,
                21.100422
              ],
              [
                105.569693,
                21.100422
              ],
              [
                105.569338,
                21.100418
              ],
              [
                105.569108,
                21.100406
              ],
              [
                105.568902,
                21.100393
              ],
              [
                105.568684,
                21.10039
              ],
              [
                105.568356,
                21.100375
              ],
              [
                105.568152,
                21.100362
              ],
              [
                105.567882,
                21.100343
              ],
              [
                105.567775,
                21.100341
              ],
              [
                105.567664,
                21.10033
              ],
              [
                105.567548,
                21.100317
              ],
              [
                105.567516,
                21.10031
              ],
              [
                105.567489,
                21.100306
              ],
              [
                105.567386,
                21.1003
              ],
              [
                105.567172,
                21.100291
              ],
              [
                105.566979,
                21.100275
              ],
              [
                105.566822,
                21.100264
              ],
              [
                105.566468,
                21.100238
              ],
              [
                105.566343,
                21.100235
              ],
              [
                105.566288,
                21.10023
              ],
              [
                105.566214,
                21.100217
              ],
              [
                105.566124,
                21.100206
              ],
              [
                105.566026,
                21.100192
              ],
              [
                105.565886,
                21.100179
              ],
              [
                105.565745,
                21.100172
              ],
              [
                105.565654,
                21.100172
              ],
              [
                105.565564,
                21.100166
              ],
              [
                105.565491,
                21.100165
              ],
              [
                105.565423,
                21.100154
              ],
              [
                105.565379,
                21.100151
              ],
              [
                105.565378,
                21.100151
              ],
              [
                105.564971,
                21.10013
              ],
              [
                105.564877,
                21.100125
              ],
              [
                105.564768,
                21.100122
              ],
              [
                105.564725,
                21.100121
              ],
              [
                105.564667,
                21.10012
              ],
              [
                105.5645,
                21.100115
              ],
              [
                105.564209,
                21.100122
              ],
              [
                105.564127,
                21.100122
              ],
              [
                105.563791,
                21.100087
              ],
              [
                105.563649,
                21.100088
              ],
              [
                105.563493,
                21.100087
              ],
              [
                105.56338,
                21.100084
              ],
              [
                105.563349,
                21.100086
              ],
              [
                105.563274,
                21.100106
              ],
              [
                105.563187,
                21.10013
              ],
              [
                105.563097,
                21.100153
              ],
              [
                105.562956,
                21.100194
              ],
              [
                105.562836,
                21.10023
              ],
              [
                105.562634,
                21.100291
              ],
              [
                105.562387,
                21.100375
              ],
              [
                105.562266,
                21.100415
              ],
              [
                105.562122,
                21.100462
              ],
              [
                105.562092,
                21.100472
              ],
              [
                105.562022,
                21.100494
              ],
              [
                105.561862,
                21.10055
              ],
              [
                105.561735,
                21.100595
              ],
              [
                105.561656,
                21.100623
              ],
              [
                105.561576,
                21.100658
              ],
              [
                105.561521,
                21.100677
              ],
              [
                105.561479,
                21.100688
              ],
              [
                105.561451,
                21.100694
              ],
              [
                105.561364,
                21.10072
              ],
              [
                105.561198,
                21.100773
              ],
              [
                105.561076,
                21.100815
              ],
              [
                105.560991,
                21.100847
              ],
              [
                105.560872,
                21.100889
              ],
              [
                105.560666,
                21.100962
              ],
              [
                105.560438,
                21.101045
              ],
              [
                105.560338,
                21.101082
              ],
              [
                105.560129,
                21.101153
              ],
              [
                105.559959,
                21.101205
              ],
              [
                105.559782,
                21.101257
              ],
              [
                105.559611,
                21.101313
              ],
              [
                105.559454,
                21.10136
              ],
              [
                105.559316,
                21.101408
              ],
              [
                105.559135,
                21.101468
              ],
              [
                105.55893,
                21.101533
              ],
              [
                105.558761,
                21.101589
              ],
              [
                105.558543,
                21.101658
              ],
              [
                105.558364,
                21.101714
              ],
              [
                105.558275,
                21.101744
              ],
              [
                105.558122,
                21.101796
              ],
              [
                105.558051,
                21.101823
              ],
              [
                105.557982,
                21.101845
              ],
              [
                105.557941,
                21.101858
              ],
              [
                105.557899,
                21.101872
              ],
              [
                105.557805,
                21.101914
              ],
              [
                105.557729,
                21.101947
              ],
              [
                105.557697,
                21.101964
              ],
              [
                105.557668,
                21.101977
              ],
              [
                105.557609,
                21.101996
              ],
              [
                105.557504,
                21.102031
              ],
              [
                105.557442,
                21.102056
              ],
              [
                105.557434,
                21.102059
              ],
              [
                105.557354,
                21.101831
              ],
              [
                105.557343,
                21.101803
              ],
              [
                105.557324,
                21.101755
              ],
              [
                105.557282,
                21.101659
              ],
              [
                105.557211,
                21.101492
              ],
              [
                105.557158,
                21.101374
              ],
              [
                105.55704,
                21.101133
              ],
              [
                105.556954,
                21.100956
              ],
              [
                105.556953,
                21.100954
              ],
              [
                105.556884,
                21.100817
              ],
              [
                105.556662,
                21.100326
              ],
              [
                105.556466,
                21.099885
              ],
              [
                105.556192,
                21.099275
              ],
              [
                105.556135,
                21.099143
              ],
              [
                105.556051,
                21.098951
              ],
              [
                105.555971,
                21.098769
              ],
              [
                105.555927,
                21.098667
              ],
              [
                105.555868,
                21.098532
              ],
              [
                105.555817,
                21.098416
              ],
              [
                105.555744,
                21.098248
              ],
              [
                105.555627,
                21.097982
              ],
              [
                105.555541,
                21.097785
              ],
              [
                105.555409,
                21.097482
              ],
              [
                105.555223,
                21.097057
              ],
              [
                105.555121,
                21.096853
              ],
              [
                105.555078,
                21.096798
              ],
              [
                105.555042,
                21.096736
              ],
              [
                105.554938,
                21.096554
              ],
              [
                105.554831,
                21.096392
              ],
              [
                105.554813,
                21.096408
              ],
              [
                105.554391,
                21.096775
              ],
              [
                105.55439,
                21.096776
              ],
              [
                105.554302,
                21.096869
              ],
              [
                105.554302,
                21.096869
              ],
              [
                105.554296,
                21.096874
              ],
              [
                105.55428,
                21.09689
              ],
              [
                105.554279,
                21.096891
              ],
              [
                105.554278,
                21.096892
              ],
              [
                105.554263,
                21.096918
              ],
              [
                105.554217,
                21.096995
              ],
              [
                105.554203,
                21.097017
              ],
              [
                105.5542,
                21.097024
              ],
              [
                105.554182,
                21.097071
              ],
              [
                105.554168,
                21.09711
              ],
              [
                105.55416,
                21.097138
              ],
              [
                105.554145,
                21.097158
              ],
              [
                105.554135,
                21.097179
              ],
              [
                105.55409,
                21.097274
              ],
              [
                105.554078,
                21.097297
              ],
              [
                105.554073,
                21.097302
              ],
              [
                105.554061,
                21.097317
              ],
              [
                105.554029,
                21.097299
              ],
              [
                105.553968,
                21.097267
              ],
              [
                105.553862,
                21.097213
              ],
              [
                105.553857,
                21.097211
              ],
              [
                105.553847,
                21.097211
              ],
              [
                105.553813,
                21.09721
              ],
              [
                105.553786,
                21.097209
              ],
              [
                105.553754,
                21.097208
              ],
              [
                105.553737,
                21.097207
              ],
              [
                105.55371,
                21.097205
              ],
              [
                105.553692,
                21.097198
              ],
              [
                105.553662,
                21.09718
              ],
              [
                105.55363,
                21.097151
              ],
              [
                105.553622,
                21.097145
              ],
              [
                105.553597,
                21.097114
              ],
              [
                105.553586,
                21.0971
              ],
              [
                105.553585,
                21.097098
              ],
              [
                105.553577,
                21.097097
              ],
              [
                105.553559,
                21.097095
              ],
              [
                105.553554,
                21.097095
              ],
              [
                105.553535,
                21.097091
              ],
              [
                105.553492,
                21.097083
              ],
              [
                105.55344,
                21.097069
              ],
              [
                105.553397,
                21.097058
              ],
              [
                105.55339,
                21.097055
              ],
              [
                105.553363,
                21.09705
              ],
              [
                105.553333,
                21.097043
              ],
              [
                105.553323,
                21.09704
              ],
              [
                105.553299,
                21.097039
              ],
              [
                105.553275,
                21.097037
              ],
              [
                105.553265,
                21.097036
              ],
              [
                105.553235,
                21.09704
              ],
              [
                105.553231,
                21.097041
              ],
              [
                105.55323,
                21.097041
              ],
              [
                105.553225,
                21.097014
              ],
              [
                105.553221,
                21.096996
              ],
              [
                105.553218,
                21.096992
              ],
              [
                105.553135,
                21.096985
              ],
              [
                105.553023,
                21.096975
              ],
              [
                105.553021,
                21.096947
              ],
              [
                105.553017,
                21.096943
              ],
              [
                105.553008,
                21.096936
              ],
              [
                105.552889,
                21.096903
              ],
              [
                105.552773,
                21.096871
              ],
              [
                105.552769,
                21.09687
              ],
              [
                105.552765,
                21.096884
              ],
              [
                105.552758,
                21.09691
              ],
              [
                105.55275,
                21.096936
              ],
              [
                105.552745,
                21.096954
              ],
              [
                105.552738,
                21.09697
              ],
              [
                105.552726,
                21.096997
              ],
              [
                105.552722,
                21.097005
              ],
              [
                105.552707,
                21.097011
              ],
              [
                105.552703,
                21.097013
              ],
              [
                105.552686,
                21.096962
              ],
              [
                105.55264,
                21.09682
              ],
              [
                105.552632,
                21.096799
              ],
              [
                105.552624,
                21.096789
              ],
              [
                105.552609,
                21.096766
              ],
              [
                105.55259,
                21.096724
              ],
              [
                105.55258,
                21.096704
              ],
              [
                105.552518,
                21.096574
              ],
              [
                105.552497,
                21.096523
              ],
              [
                105.552453,
                21.096519
              ],
              [
                105.552429,
                21.096523
              ],
              [
                105.552409,
                21.096571
              ],
              [
                105.552378,
                21.096635
              ],
              [
                105.55227,
                21.096757
              ],
              [
                105.552219,
                21.096803
              ],
              [
                105.552137,
                21.096858
              ],
              [
                105.551967,
                21.096924
              ],
              [
                105.551913,
                21.096945
              ],
              [
                105.55182,
                21.096979
              ],
              [
                105.551806,
                21.096976
              ],
              [
                105.551766,
                21.096983
              ],
              [
                105.551737,
                21.096996
              ],
              [
                105.551707,
                21.097021
              ],
              [
                105.55162,
                21.096982
              ],
              [
                105.551535,
                21.096922
              ],
              [
                105.551468,
                21.096877
              ],
              [
                105.551447,
                21.096861
              ],
              [
                105.551441,
                21.096868
              ],
              [
                105.551309,
                21.096758
              ],
              [
                105.551257,
                21.09672
              ],
              [
                105.551218,
                21.096699
              ],
              [
                105.551191,
                21.096753
              ],
              [
                105.551167,
                21.096816
              ],
              [
                105.551148,
                21.096884
              ],
              [
                105.55114,
                21.096925
              ],
              [
                105.55114,
                21.097011
              ],
              [
                105.551164,
                21.097103
              ],
              [
                105.551165,
                21.097126
              ],
              [
                105.551154,
                21.09715
              ],
              [
                105.551154,
                21.097179
              ],
              [
                105.551065,
                21.097216
              ],
              [
                105.551007,
                21.097199
              ],
              [
                105.550965,
                21.097185
              ],
              [
                105.550938,
                21.097172
              ],
              [
                105.550906,
                21.097144
              ],
              [
                105.550882,
                21.09711
              ],
              [
                105.550855,
                21.097087
              ],
              [
                105.550828,
                21.097073
              ],
              [
                105.550782,
                21.097061
              ],
              [
                105.550748,
                21.097054
              ],
              [
                105.55073,
                21.097041
              ],
              [
                105.550678,
                21.096973
              ],
              [
                105.550627,
                21.096923
              ],
              [
                105.550576,
                21.096863
              ],
              [
                105.550541,
                21.096828
              ],
              [
                105.550522,
                21.096811
              ],
              [
                105.550507,
                21.096803
              ],
              [
                105.550494,
                21.096806
              ],
              [
                105.550485,
                21.096821
              ],
              [
                105.550474,
                21.09686
              ],
              [
                105.550463,
                21.096907
              ],
              [
                105.550437,
                21.096949
              ],
              [
                105.550411,
                21.09698
              ],
              [
                105.550371,
                21.097001
              ],
              [
                105.550277,
                21.097031
              ],
              [
                105.550221,
                21.097048
              ],
              [
                105.550177,
                21.097054
              ],
              [
                105.550142,
                21.097048
              ],
              [
                105.550118,
                21.097042
              ],
              [
                105.550086,
                21.097043
              ],
              [
                105.55004,
                21.097049
              ],
              [
                105.549929,
                21.097033
              ],
              [
                105.549932,
                21.096975
              ],
              [
                105.549871,
                21.096708
              ],
              [
                105.549726,
                21.096476
              ],
              [
                105.549621,
                21.096349
              ],
              [
                105.549524,
                21.096169
              ],
              [
                105.549364,
                21.095993
              ],
              [
                105.549345,
                21.095956
              ],
              [
                105.549338,
                21.095916
              ],
              [
                105.549334,
                21.095869
              ],
              [
                105.549332,
                21.095762
              ],
              [
                105.549338,
                21.09552
              ],
              [
                105.549374,
                21.095169
              ],
              [
                105.549405,
                21.094988
              ],
              [
                105.549437,
                21.094834
              ],
              [
                105.549472,
                21.094597
              ],
              [
                105.549474,
                21.094442
              ],
              [
                105.549458,
                21.094298
              ],
              [
                105.549429,
                21.094072
              ],
              [
                105.549418,
                21.094001
              ],
              [
                105.549353,
                21.094009
              ],
              [
                105.549289,
                21.094017
              ],
              [
                105.549256,
                21.09407
              ],
              [
                105.549238,
                21.094135
              ],
              [
                105.549229,
                21.094144
              ],
              [
                105.549207,
                21.094144
              ],
              [
                105.549118,
                21.094144
              ],
              [
                105.54906,
                21.094139
              ],
              [
                105.548952,
                21.094129
              ],
              [
                105.548933,
                21.09414
              ],
              [
                105.548921,
                21.094133
              ],
              [
                105.548892,
                21.094109
              ],
              [
                105.548881,
                21.094083
              ],
              [
                105.548859,
                21.094086
              ],
              [
                105.548813,
                21.094106
              ],
              [
                105.548776,
                21.094126
              ],
              [
                105.548713,
                21.094177
              ],
              [
                105.548768,
                21.094044
              ],
              [
                105.548751,
                21.094034
              ],
              [
                105.548593,
                21.093966
              ],
              [
                105.548555,
                21.093954
              ],
              [
                105.54853,
                21.093982
              ],
              [
                105.548496,
                21.094068
              ],
              [
                105.548478,
                21.094125
              ],
              [
                105.548452,
                21.094181
              ],
              [
                105.548452,
                21.094182
              ],
              [
                105.54819,
                21.094159
              ],
              [
                105.548032,
                21.094143
              ],
              [
                105.547924,
                21.094133
              ],
              [
                105.547937,
                21.093948
              ],
              [
                105.547852,
                21.093937
              ],
              [
                105.547819,
                21.093921
              ],
              [
                105.547801,
                21.093898
              ],
              [
                105.547784,
                21.093858
              ],
              [
                105.54778,
                21.09384
              ],
              [
                105.547773,
                21.093836
              ],
              [
                105.547722,
                21.093931
              ],
              [
                105.547738,
                21.093991
              ],
              [
                105.547635,
                21.094034
              ],
              [
                105.547563,
                21.094069
              ],
              [
                105.547499,
                21.094086
              ],
              [
                105.547486,
                21.094095
              ],
              [
                105.54743,
                21.094068
              ],
              [
                105.547422,
                21.094115
              ],
              [
                105.547411,
                21.094136
              ],
              [
                105.547395,
                21.094161
              ],
              [
                105.54726,
                21.094203
              ],
              [
                105.547237,
                21.094208
              ],
              [
                105.547237,
                21.09426
              ],
              [
                105.547228,
                21.094304
              ],
              [
                105.547196,
                21.09438
              ],
              [
                105.547149,
                21.094462
              ],
              [
                105.547104,
                21.094526
              ],
              [
                105.54709,
                21.094554
              ],
              [
                105.547108,
                21.094587
              ],
              [
                105.547106,
                21.09463
              ],
              [
                105.547092,
                21.094684
              ],
              [
                105.547047,
                21.094764
              ],
              [
                105.547004,
                21.094809
              ],
              [
                105.546981,
                21.094834
              ],
              [
                105.54693,
                21.094876
              ],
              [
                105.546834,
                21.094983
              ],
              [
                105.546798,
                21.095015
              ],
              [
                105.546778,
                21.09503
              ],
              [
                105.546764,
                21.095036
              ],
              [
                105.54672,
                21.095038
              ],
              [
                105.546682,
                21.095014
              ],
              [
                105.546648,
                21.094993
              ],
              [
                105.546593,
                21.094953
              ],
              [
                105.546552,
                21.094913
              ],
              [
                105.546559,
                21.094906
              ],
              [
                105.546518,
                21.094866
              ],
              [
                105.546329,
                21.094736
              ],
              [
                105.546281,
                21.094689
              ],
              [
                105.546211,
                21.094691
              ],
              [
                105.546153,
                21.094683
              ],
              [
                105.5461,
                21.094664
              ],
              [
                105.546055,
                21.094641
              ],
              [
                105.546051,
                21.094647
              ],
              [
                105.545978,
                21.094609
              ],
              [
                105.545908,
                21.094554
              ],
              [
                105.545845,
                21.094519
              ],
              [
                105.54581,
                21.094491
              ],
              [
                105.545729,
                21.094467
              ],
              [
                105.545666,
                21.094466
              ],
              [
                105.545604,
                21.09447
              ],
              [
                105.545559,
                21.094463
              ],
              [
                105.545552,
                21.094465
              ],
              [
                105.54551,
                21.094481
              ],
              [
                105.545506,
                21.094474
              ],
              [
                105.5454,
                21.09453
              ],
              [
                105.545328,
                21.094555
              ],
              [
                105.545116,
                21.094552
              ],
              [
                105.545117,
                21.094555
              ],
              [
                105.545117,
                21.094555
              ],
              [
                105.544604,
                21.094767
              ],
              [
                105.544214,
                21.094925
              ],
              [
                105.544163,
                21.094908
              ],
              [
                105.544089,
                21.094956
              ],
              [
                105.544041,
                21.094964
              ],
              [
                105.544003,
                21.094981
              ],
              [
                105.543946,
                21.094997
              ],
              [
                105.543892,
                21.095003
              ],
              [
                105.543892,
                21.095012
              ],
              [
                105.543844,
                21.095017
              ],
              [
                105.543782,
                21.095015
              ],
              [
                105.54376,
                21.095074
              ],
              [
                105.543728,
                21.095123
              ],
              [
                105.543697,
                21.095154
              ],
              [
                105.543815,
                21.095333
              ],
              [
                105.543842,
                21.095354
              ],
              [
                105.543861,
                21.09535
              ],
              [
                105.544035,
                21.095403
              ],
              [
                105.544024,
                21.095535
              ],
              [
                105.544003,
                21.09561
              ],
              [
                105.543994,
                21.095627
              ],
              [
                105.543944,
                21.095707
              ],
              [
                105.543909,
                21.09574
              ],
              [
                105.543831,
                21.095813
              ],
              [
                105.543809,
                21.095838
              ],
              [
                105.543795,
                21.095871
              ],
              [
                105.543785,
                21.095908
              ],
              [
                105.543756,
                21.096012
              ],
              [
                105.543737,
                21.096053
              ],
              [
                105.5437,
                21.096129
              ],
              [
                105.543633,
                21.096221
              ],
              [
                105.543614,
                21.096243
              ],
              [
                105.543393,
                21.096095
              ],
              [
                105.543241,
                21.096011
              ],
              [
                105.543137,
                21.095935
              ],
              [
                105.543125,
                21.095949
              ],
              [
                105.542981,
                21.095833
              ],
              [
                105.542984,
                21.09583
              ],
              [
                105.543041,
                21.095734
              ],
              [
                105.543035,
                21.095509
              ],
              [
                105.54303,
                21.095491
              ],
              [
                105.54301,
                21.095471
              ],
              [
                105.54297,
                21.095446
              ],
              [
                105.542933,
                21.095427
              ],
              [
                105.542918,
                21.09541
              ],
              [
                105.54288,
                21.095343
              ],
              [
                105.54282,
                21.095312
              ],
              [
                105.542828,
                21.095296
              ],
              [
                105.542626,
                21.095274
              ],
              [
                105.542543,
                21.095257
              ],
              [
                105.542522,
                21.095243
              ],
              [
                105.542527,
                21.095198
              ],
              [
                105.542524,
                21.09514
              ],
              [
                105.542497,
                21.095004
              ],
              [
                105.542492,
                21.09497
              ],
              [
                105.54248,
                21.094905
              ],
              [
                105.54243,
                21.094763
              ],
              [
                105.542415,
                21.094732
              ],
              [
                105.542415,
                21.094704
              ],
              [
                105.542393,
                21.094666
              ],
              [
                105.542341,
                21.094538
              ],
              [
                105.542313,
                21.094421
              ],
              [
                105.542313,
                21.09437
              ],
              [
                105.542293,
                21.094364
              ],
              [
                105.542263,
                21.094347
              ],
              [
                105.542198,
                21.094291
              ],
              [
                105.542166,
                21.094252
              ],
              [
                105.54204,
                21.094124
              ],
              [
                105.542034,
                21.094109
              ],
              [
                105.541994,
                21.094101
              ],
              [
                105.541938,
                21.0941
              ],
              [
                105.541922,
                21.094102
              ],
              [
                105.541908,
                21.094105
              ],
              [
                105.54187,
                21.094104
              ],
              [
                105.541816,
                21.094091
              ],
              [
                105.541768,
                21.09407
              ],
              [
                105.541732,
                21.094054
              ],
              [
                105.541681,
                21.094026
              ],
              [
                105.541623,
                21.093989
              ],
              [
                105.541579,
                21.093966
              ],
              [
                105.541528,
                21.093952
              ],
              [
                105.54146,
                21.093936
              ],
              [
                105.541433,
                21.093928
              ],
              [
                105.541421,
                21.093919
              ],
              [
                105.541378,
                21.093918
              ],
              [
                105.541311,
                21.093931
              ],
              [
                105.541289,
                21.093927
              ],
              [
                105.541215,
                21.09386
              ],
              [
                105.541169,
                21.093823
              ],
              [
                105.541104,
                21.093733
              ],
              [
                105.541048,
                21.093697
              ],
              [
                105.541013,
                21.093655
              ],
              [
                105.540953,
                21.093542
              ],
              [
                105.540929,
                21.093499
              ],
              [
                105.540908,
                21.093488
              ],
              [
                105.540835,
                21.093473
              ],
              [
                105.540701,
                21.093377
              ],
              [
                105.540736,
                21.093251
              ],
              [
                105.540712,
                21.093244
              ],
              [
                105.540673,
                21.093227
              ],
              [
                105.540616,
                21.093217
              ],
              [
                105.54056,
                21.093214
              ],
              [
                105.540522,
                21.093213
              ],
              [
                105.540495,
                21.093201
              ],
              [
                105.540477,
                21.093181
              ],
              [
                105.540458,
                21.093136
              ],
              [
                105.540436,
                21.093071
              ],
              [
                105.540421,
                21.092988
              ],
              [
                105.540406,
                21.092899
              ],
              [
                105.540368,
                21.092801
              ],
              [
                105.540274,
                21.092768
              ],
              [
                105.540139,
                21.092681
              ],
              [
                105.540045,
                21.092649
              ],
              [
                105.539887,
                21.092679
              ],
              [
                105.539791,
                21.092675
              ],
              [
                105.539677,
                21.092595
              ],
              [
                105.539473,
                21.092299
              ],
              [
                105.53949,
                21.092089
              ],
              [
                105.539527,
                21.091901
              ],
              [
                105.539552,
                21.091793
              ],
              [
                105.539581,
                21.091767
              ],
              [
                105.539635,
                21.09176
              ],
              [
                105.53969,
                21.09158
              ],
              [
                105.539757,
                21.091475
              ],
              [
                105.539768,
                21.09144
              ],
              [
                105.53975,
                21.091431
              ],
              [
                105.53973,
                21.091442
              ],
              [
                105.539599,
                21.091395
              ],
              [
                105.539581,
                21.091372
              ],
              [
                105.539552,
                21.091302
              ],
              [
                105.53952,
                21.091261
              ],
              [
                105.539511,
                21.091218
              ],
              [
                105.539352,
                21.091088
              ],
              [
                105.539266,
                21.091043
              ],
              [
                105.539213,
                21.091159
              ],
              [
                105.539178,
                21.091182
              ],
              [
                105.539101,
                21.091245
              ],
              [
                105.539047,
                21.091286
              ],
              [
                105.538944,
                21.091329
              ],
              [
                105.538757,
                21.09132
              ],
              [
                105.53873,
                21.091311
              ],
              [
                105.538648,
                21.09127
              ],
              [
                105.538582,
                21.091251
              ],
              [
                105.538509,
                21.091242
              ],
              [
                105.538437,
                21.091252
              ],
              [
                105.538355,
                21.091246
              ],
              [
                105.538143,
                21.091208
              ],
              [
                105.538032,
                21.091183
              ],
              [
                105.537889,
                21.091167
              ],
              [
                105.537879,
                21.091157
              ],
              [
                105.537869,
                21.091133
              ],
              [
                105.537792,
                21.091106
              ],
              [
                105.537678,
                21.091084
              ],
              [
                105.5376,
                21.091063
              ],
              [
                105.537566,
                21.091062
              ],
              [
                105.537553,
                21.091068
              ],
              [
                105.537538,
                21.091092
              ],
              [
                105.537507,
                21.091142
              ],
              [
                105.537483,
                21.091185
              ],
              [
                105.537353,
                21.091147
              ],
              [
                105.53728,
                21.091128
              ],
              [
                105.537135,
                21.091076
              ],
              [
                105.537098,
                21.091073
              ],
              [
                105.537055,
                21.091082
              ],
              [
                105.53698,
                21.091094
              ],
              [
                105.53682,
                21.091126
              ],
              [
                105.536706,
                21.09115
              ],
              [
                105.536602,
                21.091132
              ],
              [
                105.536455,
                21.091109
              ],
              [
                105.536367,
                21.091099
              ],
              [
                105.536334,
                21.091102
              ],
              [
                105.536319,
                21.091112
              ],
              [
                105.536303,
                21.091127
              ],
              [
                105.53625,
                21.091133
              ],
              [
                105.53618,
                21.091128
              ],
              [
                105.536047,
                21.091107
              ],
              [
                105.535993,
                21.091095
              ],
              [
                105.535853,
                21.091073
              ],
              [
                105.535563,
                21.091066
              ],
              [
                105.535522,
                21.091066
              ],
              [
                105.53547,
                21.091067
              ],
              [
                105.535329,
                21.091062
              ],
              [
                105.535136,
                21.091056
              ],
              [
                105.53507,
                21.091051
              ],
              [
                105.534947,
                21.091045
              ],
              [
                105.534915,
                21.091044
              ],
              [
                105.534805,
                21.091043
              ],
              [
                105.534695,
                21.091043
              ],
              [
                105.534602,
                21.091041
              ],
              [
                105.534567,
                21.091046
              ],
              [
                105.534556,
                21.09105
              ],
              [
                105.534536,
                21.091061
              ],
              [
                105.534512,
                21.091071
              ],
              [
                105.53449,
                21.091075
              ],
              [
                105.534477,
                21.091071
              ],
              [
                105.534419,
                21.091044
              ],
              [
                105.534395,
                21.091031
              ],
              [
                105.534364,
                21.09102
              ],
              [
                105.534329,
                21.091013
              ],
              [
                105.534266,
                21.091005
              ],
              [
                105.534169,
                21.091004
              ],
              [
                105.534153,
                21.090998
              ],
              [
                105.534143,
                21.091032
              ],
              [
                105.534131,
                21.091042
              ],
              [
                105.53396,
                21.091027
              ],
              [
                105.533754,
                21.09102
              ],
              [
                105.533524,
                21.091016
              ],
              [
                105.533134,
                21.091002
              ],
              [
                105.532966,
                21.090995
              ],
              [
                105.532877,
                21.090993
              ],
              [
                105.532819,
                21.090992
              ],
              [
                105.532667,
                21.090994
              ],
              [
                105.532571,
                21.090993
              ],
              [
                105.532399,
                21.090989
              ],
              [
                105.532308,
                21.090988
              ],
              [
                105.532165,
                21.090984
              ],
              [
                105.532089,
                21.09098
              ],
              [
                105.532044,
                21.090976
              ],
              [
                105.532016,
                21.090976
              ],
              [
                105.531998,
                21.090978
              ],
              [
                105.531975,
                21.090943
              ],
              [
                105.531963,
                21.090931
              ],
              [
                105.53195,
                21.090922
              ],
              [
                105.53193,
                21.090915
              ],
              [
                105.531856,
                21.090907
              ],
              [
                105.531761,
                21.090899
              ],
              [
                105.531683,
                21.090899
              ],
              [
                105.53159,
                21.090899
              ],
              [
                105.53149,
                21.090892
              ],
              [
                105.531409,
                21.090892
              ],
              [
                105.531348,
                21.090895
              ],
              [
                105.531243,
                21.090892
              ],
              [
                105.531143,
                21.090885
              ],
              [
                105.531004,
                21.090872
              ],
              [
                105.530854,
                21.090863
              ],
              [
                105.530804,
                21.090862
              ],
              [
                105.530672,
                21.09087
              ],
              [
                105.530575,
                21.090871
              ],
              [
                105.530536,
                21.090871
              ],
              [
                105.530515,
                21.090869
              ],
              [
                105.530483,
                21.090858
              ],
              [
                105.53046,
                21.090851
              ],
              [
                105.530441,
                21.090848
              ],
              [
                105.530421,
                21.090845
              ],
              [
                105.530406,
                21.090846
              ],
              [
                105.530354,
                21.09085
              ],
              [
                105.530269,
                21.090839
              ],
              [
                105.530265,
                21.090723
              ],
              [
                105.530247,
                21.090618
              ],
              [
                105.530202,
                21.09049
              ],
              [
                105.530189,
                21.090495
              ],
              [
                105.52999,
                21.090569
              ],
              [
                105.530032,
                21.090626
              ],
              [
                105.530058,
                21.090668
              ],
              [
                105.530069,
                21.090717
              ],
              [
                105.530059,
                21.090777
              ],
              [
                105.530018,
                21.090877
              ],
              [
                105.529984,
                21.09094
              ],
              [
                105.529924,
                21.091021
              ],
              [
                105.529901,
                21.091048
              ],
              [
                105.529867,
                21.091064
              ],
              [
                105.529819,
                21.091078
              ],
              [
                105.529793,
                21.091102
              ],
              [
                105.529746,
                21.09116
              ],
              [
                105.529689,
                21.091197
              ],
              [
                105.529638,
                21.091215
              ],
              [
                105.52958,
                21.091248
              ],
              [
                105.529529,
                21.091287
              ],
              [
                105.52946,
                21.091325
              ],
              [
                105.529408,
                21.091334
              ],
              [
                105.529365,
                21.091335
              ],
              [
                105.529308,
                21.091327
              ],
              [
                105.52922,
                21.091311
              ],
              [
                105.529138,
                21.091309
              ],
              [
                105.52906,
                21.091308
              ],
              [
                105.529008,
                21.091312
              ],
              [
                105.528972,
                21.091303
              ],
              [
                105.528929,
                21.091276
              ],
              [
                105.528902,
                21.091268
              ],
              [
                105.528861,
                21.091274
              ],
              [
                105.528828,
                21.091296
              ],
              [
                105.528794,
                21.091314
              ],
              [
                105.52875,
                21.091321
              ],
              [
                105.528684,
                21.091326
              ],
              [
                105.528628,
                21.091324
              ],
              [
                105.528585,
                21.09131
              ],
              [
                105.528543,
                21.091284
              ],
              [
                105.528494,
                21.091241
              ],
              [
                105.528472,
                21.091224
              ],
              [
                105.528446,
                21.091157
              ],
              [
                105.528424,
                21.091054
              ],
              [
                105.528372,
                21.090958
              ],
              [
                105.52831,
                21.090885
              ],
              [
                105.528272,
                21.090827
              ],
              [
                105.528222,
                21.090769
              ],
              [
                105.528155,
                21.090716
              ],
              [
                105.528077,
                21.09068
              ],
              [
                105.528015,
                21.090665
              ],
              [
                105.527943,
                21.090663
              ],
              [
                105.527893,
                21.090664
              ],
              [
                105.527862,
                21.09068
              ],
              [
                105.527842,
                21.090687
              ],
              [
                105.527801,
                21.090634
              ],
              [
                105.527774,
                21.090604
              ],
              [
                105.527725,
                21.090561
              ],
              [
                105.5277,
                21.090517
              ],
              [
                105.52769,
                21.090501
              ],
              [
                105.527675,
                21.090479
              ],
              [
                105.527613,
                21.09035
              ],
              [
                105.527652,
                21.090321
              ],
              [
                105.527696,
                21.090282
              ],
              [
                105.527729,
                21.090235
              ],
              [
                105.527762,
                21.090137
              ],
              [
                105.527773,
                21.090074
              ],
              [
                105.527758,
                21.090002
              ],
              [
                105.527721,
                21.089896
              ],
              [
                105.527673,
                21.089799
              ],
              [
                105.527618,
                21.089719
              ],
              [
                105.527558,
                21.089644
              ],
              [
                105.527541,
                21.089614
              ],
              [
                105.527539,
                21.08958
              ],
              [
                105.52755,
                21.089537
              ],
              [
                105.527565,
                21.089495
              ],
              [
                105.527565,
                21.089429
              ],
              [
                105.527562,
                21.089371
              ],
              [
                105.527547,
                21.089309
              ],
              [
                105.527523,
                21.089284
              ],
              [
                105.527501,
                21.089273
              ],
              [
                105.527469,
                21.089274
              ],
              [
                105.527428,
                21.089295
              ],
              [
                105.527289,
                21.089384
              ],
              [
                105.527097,
                21.089531
              ],
              [
                105.527033,
                21.089592
              ],
              [
                105.526921,
                21.089629
              ],
              [
                105.526709,
                21.089673
              ],
              [
                105.526633,
                21.089673
              ],
              [
                105.526521,
                21.089634
              ],
              [
                105.526299,
                21.08949
              ],
              [
                105.52627,
                21.089469
              ],
              [
                105.526148,
                21.089399
              ],
              [
                105.526029,
                21.089372
              ],
              [
                105.526004,
                21.089371
              ],
              [
                105.525895,
                21.089368
              ],
              [
                105.525759,
                21.089365
              ],
              [
                105.525751,
                21.089364
              ],
              [
                105.525625,
                21.089362
              ],
              [
                105.525531,
                21.089373
              ],
              [
                105.525444,
                21.089394
              ],
              [
                105.525392,
                21.089399
              ],
              [
                105.525343,
                21.089392
              ],
              [
                105.525295,
                21.089387
              ],
              [
                105.525254,
                21.089383
              ],
              [
                105.52522,
                21.089393
              ],
              [
                105.525179,
                21.089416
              ],
              [
                105.525065,
                21.089365
              ],
              [
                105.525007,
                21.089328
              ],
              [
                105.52493,
                21.089278
              ],
              [
                105.524834,
                21.08922
              ],
              [
                105.524818,
                21.08921
              ],
              [
                105.524733,
                21.089187
              ],
              [
                105.524553,
                21.089139
              ],
              [
                105.524132,
                21.089025
              ],
              [
                105.52411,
                21.089019
              ],
              [
                105.52409,
                21.089038
              ],
              [
                105.524038,
                21.089088
              ],
              [
                105.523953,
                21.089169
              ],
              [
                105.523784,
                21.089332
              ],
              [
                105.523594,
                21.089425
              ],
              [
                105.523591,
                21.089262
              ],
              [
                105.523442,
                21.089209
              ],
              [
                105.523475,
                21.089047
              ],
              [
                105.523339,
                21.089004
              ],
              [
                105.523303,
                21.089205
              ],
              [
                105.522963,
                21.089044
              ],
              [
                105.522963,
                21.089044
              ],
              [
                105.522844,
                21.089115
              ],
              [
                105.522773,
                21.089146
              ],
              [
                105.522718,
                21.08919
              ],
              [
                105.522602,
                21.089342
              ],
              [
                105.522299,
                21.089321
              ],
              [
                105.52223,
                21.089509
              ],
              [
                105.522168,
                21.089489
              ],
              [
                105.522087,
                21.089658
              ],
              [
                105.522018,
                21.089613
              ],
              [
                105.522004,
                21.089603
              ],
              [
                105.521873,
                21.089828
              ],
              [
                105.521877,
                21.089903
              ],
              [
                105.521902,
                21.090021
              ],
              [
                105.521833,
                21.090102
              ],
              [
                105.52178,
                21.090253
              ],
              [
                105.521735,
                21.090246
              ],
              [
                105.521714,
                21.090243
              ],
              [
                105.521714,
                21.090241
              ],
              [
                105.521698,
                21.090219
              ],
              [
                105.521681,
                21.090207
              ],
              [
                105.52166,
                21.090201
              ],
              [
                105.521633,
                21.0902
              ],
              [
                105.521597,
                21.090203
              ],
              [
                105.521551,
                21.090208
              ],
              [
                105.521412,
                21.090213
              ],
              [
                105.52117,
                21.090142
              ],
              [
                105.520803,
                21.089966
              ],
              [
                105.520768,
                21.089949
              ],
              [
                105.520766,
                21.089954
              ],
              [
                105.520698,
                21.090082
              ],
              [
                105.520678,
                21.09012
              ],
              [
                105.520426,
                21.090165
              ],
              [
                105.520381,
                21.090148
              ],
              [
                105.520204,
                21.090082
              ],
              [
                105.520097,
                21.090135
              ],
              [
                105.519938,
                21.090312
              ],
              [
                105.519766,
                21.090462
              ],
              [
                105.519624,
                21.090536
              ],
              [
                105.519448,
                21.090587
              ],
              [
                105.519259,
                21.090591
              ],
              [
                105.519159,
                21.090571
              ],
              [
                105.518962,
                21.090524
              ],
              [
                105.518738,
                21.090407
              ],
              [
                105.518491,
                21.090242
              ],
              [
                105.518348,
                21.090206
              ],
              [
                105.518219,
                21.090182
              ],
              [
                105.518025,
                21.090237
              ],
              [
                105.517772,
                21.090322
              ],
              [
                105.51755,
                21.090428
              ],
              [
                105.51742,
                21.090507
              ],
              [
                105.517356,
                21.090665
              ],
              [
                105.517296,
                21.090913
              ],
              [
                105.517295,
                21.091095
              ],
              [
                105.517416,
                21.09139
              ],
              [
                105.517407,
                21.091537
              ],
              [
                105.517381,
                21.091692
              ],
              [
                105.517349,
                21.091801
              ],
              [
                105.517238,
                21.091965
              ],
              [
                105.517175,
                21.092034
              ],
              [
                105.51695,
                21.092183
              ],
              [
                105.516934,
                21.092191
              ],
              [
                105.516876,
                21.09222
              ],
              [
                105.516842,
                21.092115
              ],
              [
                105.516861,
                21.092023
              ],
              [
                105.516903,
                21.091914
              ],
              [
                105.516506,
                21.091842
              ],
              [
                105.516354,
                21.091924
              ],
              [
                105.516101,
                21.091989
              ],
              [
                105.51606,
                21.091962
              ],
              [
                105.515802,
                21.091707
              ],
              [
                105.515405,
                21.091439
              ],
              [
                105.51539,
                21.091415
              ],
              [
                105.515444,
                21.091298
              ],
              [
                105.515621,
                21.090951
              ],
              [
                105.515584,
                21.090913
              ],
              [
                105.515575,
                21.090851
              ],
              [
                105.515557,
                21.090806
              ],
              [
                105.515529,
                21.090771
              ],
              [
                105.515485,
                21.090744
              ],
              [
                105.515324,
                21.090696
              ],
              [
                105.515322,
                21.090635
              ],
              [
                105.515321,
                21.09062
              ],
              [
                105.515365,
                21.090532
              ],
              [
                105.515371,
                21.090518
              ],
              [
                105.515384,
                21.090489
              ],
              [
                105.515039,
                21.090257
              ],
              [
                105.514865,
                21.090178
              ],
              [
                105.514624,
                21.090159
              ],
              [
                105.514472,
                21.090174
              ],
              [
                105.514304,
                21.09026
              ],
              [
                105.514011,
                21.090469
              ],
              [
                105.512567,
                21.09139
              ],
              [
                105.51233,
                21.091558
              ],
              [
                105.512147,
                21.091752
              ],
              [
                105.51197,
                21.091996
              ],
              [
                105.511849,
                21.092305
              ],
              [
                105.511773,
                21.092513
              ],
              [
                105.51164,
                21.092957
              ],
              [
                105.511556,
                21.093275
              ],
              [
                105.511491,
                21.093398
              ],
              [
                105.511411,
                21.093492
              ],
              [
                105.51127,
                21.093547
              ],
              [
                105.51113,
                21.093564
              ],
              [
                105.510877,
                21.093548
              ],
              [
                105.510659,
                21.093575
              ],
              [
                105.510422,
                21.093702
              ],
              [
                105.510336,
                21.093786
              ],
              [
                105.510273,
                21.093901
              ],
              [
                105.510262,
                21.093997
              ],
              [
                105.510321,
                21.094279
              ],
              [
                105.510409,
                21.094494
              ],
              [
                105.510501,
                21.094533
              ],
              [
                105.510635,
                21.094483
              ],
              [
                105.510955,
                21.094299
              ],
              [
                105.51105,
                21.094281
              ],
              [
                105.511154,
                21.094309
              ],
              [
                105.511395,
                21.094491
              ],
              [
                105.511533,
                21.094695
              ],
              [
                105.511633,
                21.09487
              ],
              [
                105.511787,
                21.095228
              ],
              [
                105.51178,
                21.09535
              ],
              [
                105.511677,
                21.095419
              ],
              [
                105.511509,
                21.095419
              ],
              [
                105.511387,
                21.095359
              ],
              [
                105.511287,
                21.095298
              ],
              [
                105.511246,
                21.09528
              ],
              [
                105.511241,
                21.095292
              ],
              [
                105.51115,
                21.095295
              ],
              [
                105.511116,
                21.095294
              ],
              [
                105.51103,
                21.095303
              ],
              [
                105.5109,
                21.095322
              ],
              [
                105.510802,
                21.095324
              ],
              [
                105.510651,
                21.095315
              ],
              [
                105.510589,
                21.095321
              ],
              [
                105.510528,
                21.095341
              ],
              [
                105.510515,
                21.095316
              ],
              [
                105.510475,
                21.095334
              ],
              [
                105.510415,
                21.095371
              ],
              [
                105.51035,
                21.095427
              ],
              [
                105.51029,
                21.09548
              ],
              [
                105.510173,
                21.095599
              ],
              [
                105.510107,
                21.095666
              ],
              [
                105.509871,
                21.095941
              ],
              [
                105.509765,
                21.096038
              ],
              [
                105.509689,
                21.096108
              ],
              [
                105.509524,
                21.096336
              ],
              [
                105.509392,
                21.096482
              ],
              [
                105.509242,
                21.096601
              ],
              [
                105.509151,
                21.096697
              ],
              [
                105.508994,
                21.096867
              ],
              [
                105.508856,
                21.096974
              ],
              [
                105.508615,
                21.097185
              ],
              [
                105.508478,
                21.097342
              ],
              [
                105.508296,
                21.097539
              ],
              [
                105.508019,
                21.097732
              ],
              [
                105.507883,
                21.097777
              ],
              [
                105.507747,
                21.097784
              ],
              [
                105.507638,
                21.097776
              ],
              [
                105.507549,
                21.097757
              ],
              [
                105.507459,
                21.097697
              ],
              [
                105.507402,
                21.097657
              ],
              [
                105.507315,
                21.097598
              ],
              [
                105.507306,
                21.097591
              ],
              [
                105.507265,
                21.097494
              ],
              [
                105.507282,
                21.097386
              ],
              [
                105.507324,
                21.097289
              ],
              [
                105.507468,
                21.096999
              ],
              [
                105.507486,
                21.096924
              ],
              [
                105.507496,
                21.096696
              ],
              [
                105.507485,
                21.096599
              ],
              [
                105.507464,
                21.096554
              ],
              [
                105.507427,
                21.096499
              ],
              [
                105.507384,
                21.096459
              ],
              [
                105.507294,
                21.09641
              ],
              [
                105.507162,
                21.096385
              ],
              [
                105.50691,
                21.096329
              ],
              [
                105.506807,
                21.096311
              ],
              [
                105.506651,
                21.096257
              ],
              [
                105.506546,
                21.096239
              ],
              [
                105.506486,
                21.096222
              ],
              [
                105.50643,
                21.096197
              ],
              [
                105.506372,
                21.096162
              ],
              [
                105.506343,
                21.096136
              ],
              [
                105.506311,
                21.096096
              ],
              [
                105.506282,
                21.096047
              ],
              [
                105.50625,
                21.096015
              ],
              [
                105.506094,
                21.095905
              ],
              [
                105.505934,
                21.095786
              ],
              [
                105.505879,
                21.095742
              ],
              [
                105.505696,
                21.09567
              ],
              [
                105.505656,
                21.095649
              ],
              [
                105.505607,
                21.095611
              ],
              [
                105.505605,
                21.095607
              ],
              [
                105.505591,
                21.0956
              ],
              [
                105.505567,
                21.095599
              ],
              [
                105.505551,
                21.09559
              ],
              [
                105.505536,
                21.095588
              ],
              [
                105.50552,
                21.095586
              ],
              [
                105.505471,
                21.095571
              ],
              [
                105.505374,
                21.095555
              ],
              [
                105.505281,
                21.095536
              ],
              [
                105.505115,
                21.095487
              ],
              [
                105.50499,
                21.095438
              ],
              [
                105.504893,
                21.095399
              ],
              [
                105.504795,
                21.095368
              ],
              [
                105.504699,
                21.095352
              ],
              [
                105.504644,
                21.095353
              ],
              [
                105.50456,
                21.09536
              ],
              [
                105.504466,
                21.095373
              ],
              [
                105.504374,
                21.095373
              ],
              [
                105.504263,
                21.095376
              ],
              [
                105.504171,
                21.095382
              ],
              [
                105.504062,
                21.095387
              ],
              [
                105.504014,
                21.095387
              ],
              [
                105.503989,
                21.095383
              ],
              [
                105.503942,
                21.095371
              ],
              [
                105.503881,
                21.09534
              ],
              [
                105.503788,
                21.095287
              ],
              [
                105.50372,
                21.095235
              ],
              [
                105.50369,
                21.095182
              ],
              [
                105.503655,
                21.095136
              ],
              [
                105.50355,
                21.095168
              ],
              [
                105.502934,
                21.095387
              ],
              [
                105.502866,
                21.095383
              ],
              [
                105.502836,
                21.095411
              ],
              [
                105.502849,
                21.095484
              ],
              [
                105.502708,
                21.095501
              ],
              [
                105.502574,
                21.095501
              ],
              [
                105.502362,
                21.095474
              ],
              [
                105.502243,
                21.095413
              ],
              [
                105.502182,
                21.095289
              ],
              [
                105.501965,
                21.095249
              ],
              [
                105.501924,
                21.09535
              ],
              [
                105.501884,
                21.095479
              ],
              [
                105.501861,
                21.095557
              ],
              [
                105.501808,
                21.095709
              ],
              [
                105.50164,
                21.09568
              ],
              [
                105.50163,
                21.095813
              ],
              [
                105.501495,
                21.095795
              ],
              [
                105.501373,
                21.095755
              ],
              [
                105.501356,
                21.095747
              ],
              [
                105.501283,
                21.095794
              ],
              [
                105.501292,
                21.095828
              ],
              [
                105.501268,
                21.095854
              ],
              [
                105.501258,
                21.095887
              ],
              [
                105.501255,
                21.095922
              ],
              [
                105.501284,
                21.095951
              ],
              [
                105.501296,
                21.096217
              ],
              [
                105.50128,
                21.096233
              ],
              [
                105.501295,
                21.096286
              ],
              [
                105.501333,
                21.096294
              ],
              [
                105.501389,
                21.096332
              ],
              [
                105.501411,
                21.096335
              ],
              [
                105.501476,
                21.096359
              ],
              [
                105.50149,
                21.096368
              ],
              [
                105.501493,
                21.09639
              ],
              [
                105.501491,
                21.096412
              ],
              [
                105.501654,
                21.096466
              ],
              [
                105.501666,
                21.096476
              ],
              [
                105.50172,
                21.096502
              ],
              [
                105.50178,
                21.096521
              ],
              [
                105.501884,
                21.09654
              ],
              [
                105.501894,
                21.096542
              ],
              [
                105.501972,
                21.096584
              ],
              [
                105.501969,
                21.096742
              ],
              [
                105.501979,
                21.096788
              ],
              [
                105.501976,
                21.09682
              ],
              [
                105.501983,
                21.096901
              ],
              [
                105.501989,
                21.096971
              ],
              [
                105.501979,
                21.097062
              ],
              [
                105.501978,
                21.097078
              ],
              [
                105.501971,
                21.097159
              ],
              [
                105.501949,
                21.097207
              ],
              [
                105.50193,
                21.097312
              ],
              [
                105.501884,
                21.097474
              ],
              [
                105.501868,
                21.097522
              ],
              [
                105.50184,
                21.097558
              ],
              [
                105.501808,
                21.097584
              ],
              [
                105.501762,
                21.097608
              ],
              [
                105.501719,
                21.097649
              ],
              [
                105.501692,
                21.097677
              ],
              [
                105.50162,
                21.097751
              ],
              [
                105.501556,
                21.097824
              ],
              [
                105.501533,
                21.09783
              ],
              [
                105.501459,
                21.097864
              ],
              [
                105.501396,
                21.097864
              ],
              [
                105.50134,
                21.097922
              ],
              [
                105.501265,
                21.097999
              ],
              [
                105.501217,
                21.098027
              ],
              [
                105.501159,
                21.098046
              ],
              [
                105.501009,
                21.098055
              ],
              [
                105.501034,
                21.098006
              ],
              [
                105.500852,
                21.097933
              ],
              [
                105.500827,
                21.097899
              ],
              [
                105.500799,
                21.097873
              ],
              [
                105.500751,
                21.097884
              ],
              [
                105.500728,
                21.097897
              ],
              [
                105.500714,
                21.097903
              ],
              [
                105.500586,
                21.098003
              ],
              [
                105.50056,
                21.098031
              ],
              [
                105.500543,
                21.098059
              ],
              [
                105.500528,
                21.098093
              ],
              [
                105.500527,
                21.098132
              ],
              [
                105.500536,
                21.098201
              ],
              [
                105.500541,
                21.098226
              ],
              [
                105.500541,
                21.098248
              ],
              [
                105.500501,
                21.098346
              ],
              [
                105.501214,
                21.098758
              ],
              [
                105.501591,
                21.098969
              ],
              [
                105.501833,
                21.099075
              ],
              [
                105.501884,
                21.099088
              ],
              [
                105.502062,
                21.099121
              ],
              [
                105.502172,
                21.099141
              ],
              [
                105.502264,
                21.099127
              ],
              [
                105.502303,
                21.0991
              ],
              [
                105.502352,
                21.099054
              ],
              [
                105.502437,
                21.098984
              ],
              [
                105.502532,
                21.098967
              ],
              [
                105.502635,
                21.09897
              ],
              [
                105.502773,
                21.098993
              ],
              [
                105.502854,
                21.099046
              ],
              [
                105.502936,
                21.099145
              ],
              [
                105.503014,
                21.099241
              ],
              [
                105.503072,
                21.099404
              ],
              [
                105.503147,
                21.09969
              ],
              [
                105.503228,
                21.09989
              ],
              [
                105.5033,
                21.099957
              ],
              [
                105.503417,
                21.100009
              ],
              [
                105.503568,
                21.100009
              ],
              [
                105.503642,
                21.099974
              ],
              [
                105.503706,
                21.100036
              ],
              [
                105.503752,
                21.100082
              ],
              [
                105.504175,
                21.100496
              ],
              [
                105.504254,
                21.100568
              ],
              [
                105.504343,
                21.100656
              ],
              [
                105.504543,
                21.100858
              ],
              [
                105.504645,
                21.100959
              ],
              [
                105.504655,
                21.100969
              ],
              [
                105.504655,
                21.100969
              ],
              [
                105.50473,
                21.10104
              ],
              [
                105.504899,
                21.101188
              ],
              [
                105.505008,
                21.101285
              ],
              [
                105.505121,
                21.101389
              ],
              [
                105.505252,
                21.101498
              ],
              [
                105.505268,
                21.101512
              ],
              [
                105.505341,
                21.101578
              ],
              [
                105.505421,
                21.101648
              ],
              [
                105.505466,
                21.101694
              ],
              [
                105.505483,
                21.101714
              ],
              [
                105.505496,
                21.101732
              ],
              [
                105.505505,
                21.101751
              ],
              [
                105.505536,
                21.101818
              ],
              [
                105.505576,
                21.10191
              ],
              [
                105.505608,
                21.101981
              ],
              [
                105.505611,
                21.101987
              ],
              [
                105.505613,
                21.101994
              ],
              [
                105.505614,
                21.101995
              ],
              [
                105.505614,
                21.101996
              ],
              [
                105.505629,
                21.102037
              ],
              [
                105.505653,
                21.102116
              ],
              [
                105.505661,
                21.10216
              ],
              [
                105.505662,
                21.102204
              ],
              [
                105.505659,
                21.102248
              ],
              [
                105.505657,
                21.102288
              ],
              [
                105.505653,
                21.102329
              ],
              [
                105.505645,
                21.102389
              ],
              [
                105.505636,
                21.102434
              ],
              [
                105.50563,
                21.102476
              ],
              [
                105.50563,
                21.102497
              ],
              [
                105.505633,
                21.102527
              ],
              [
                105.50564,
                21.102549
              ],
              [
                105.50565,
                21.102573
              ],
              [
                105.505694,
                21.102647
              ],
              [
                105.505756,
                21.102753
              ],
              [
                105.505799,
                21.102823
              ],
              [
                105.505821,
                21.102858
              ],
              [
                105.505916,
                21.103008
              ],
              [
                105.505934,
                21.103036
              ],
              [
                105.506035,
                21.103185
              ],
              [
                105.506109,
                21.103292
              ],
              [
                105.506193,
                21.103467
              ],
              [
                105.506234,
                21.10355
              ],
              [
                105.506274,
                21.103651
              ],
              [
                105.506307,
                21.103716
              ],
              [
                105.506316,
                21.103745
              ],
              [
                105.506336,
                21.103803
              ],
              [
                105.506326,
                21.103907
              ],
              [
                105.506313,
                21.103925
              ],
              [
                105.506292,
                21.103941
              ],
              [
                105.506238,
                21.103992
              ],
              [
                105.506202,
                21.104033
              ],
              [
                105.506162,
                21.104072
              ],
              [
                105.506113,
                21.104113
              ],
              [
                105.505789,
                21.104458
              ],
              [
                105.505622,
                21.104608
              ],
              [
                105.505555,
                21.104689
              ],
              [
                105.505544,
                21.10473
              ],
              [
                105.505543,
                21.104784
              ],
              [
                105.505551,
                21.104826
              ],
              [
                105.505568,
                21.104946
              ],
              [
                105.505574,
                21.104993
              ],
              [
                105.505596,
                21.105108
              ],
              [
                105.505627,
                21.10522
              ],
              [
                105.50566,
                21.105344
              ],
              [
                105.505721,
                21.105556
              ],
              [
                105.505744,
                21.105617
              ],
              [
                105.505751,
                21.105634
              ],
              [
                105.505759,
                21.105655
              ],
              [
                105.505773,
                21.105692
              ],
              [
                105.50578,
                21.105719
              ],
              [
                105.505802,
                21.105802
              ],
              [
                105.505817,
                21.10586
              ],
              [
                105.505829,
                21.106008
              ],
              [
                105.505832,
                21.106153
              ],
              [
                105.505836,
                21.106234
              ],
              [
                105.505847,
                21.10632
              ],
              [
                105.505861,
                21.106423
              ],
              [
                105.505874,
                21.106509
              ],
              [
                105.505889,
                21.106622
              ],
              [
                105.505892,
                21.106644
              ],
              [
                105.505897,
                21.106679
              ],
              [
                105.505901,
                21.106703
              ],
              [
                105.505905,
                21.106725
              ],
              [
                105.505912,
                21.106749
              ],
              [
                105.505926,
                21.106779
              ],
              [
                105.505937,
                21.106792
              ],
              [
                105.50595,
                21.106802
              ],
              [
                105.505987,
                21.106822
              ],
              [
                105.506016,
                21.106845
              ],
              [
                105.506085,
                21.106934
              ],
              [
                105.506122,
                21.107018
              ],
              [
                105.505946,
                21.107025
              ],
              [
                105.505511,
                21.10705
              ],
              [
                105.505218,
                21.107055
              ],
              [
                105.504818,
                21.107059
              ],
              [
                105.503986,
                21.107055
              ],
              [
                105.503882,
                21.106984
              ],
              [
                105.503854,
                21.106948
              ],
              [
                105.503685,
                21.10713
              ],
              [
                105.503587,
                21.107053
              ],
              [
                105.503576,
                21.107046
              ],
              [
                105.503463,
                21.10709
              ],
              [
                105.503375,
                21.10711
              ],
              [
                105.503286,
                21.107129
              ],
              [
                105.503279,
                21.107168
              ],
              [
                105.503276,
                21.107295
              ],
              [
                105.503257,
                21.10738
              ],
              [
                105.503237,
                21.10742
              ],
              [
                105.503208,
                21.107458
              ],
              [
                105.503122,
                21.107526
              ],
              [
                105.503074,
                21.10756
              ],
              [
                105.502926,
                21.107692
              ],
              [
                105.502847,
                21.107755
              ],
              [
                105.502827,
                21.107773
              ],
              [
                105.502743,
                21.10785
              ],
              [
                105.502739,
                21.107865
              ],
              [
                105.502689,
                21.10793
              ],
              [
                105.502611,
                21.108018
              ],
              [
                105.50251,
                21.108134
              ],
              [
                105.502462,
                21.108178
              ],
              [
                105.502415,
                21.108227
              ],
              [
                105.502412,
                21.10834
              ],
              [
                105.502388,
                21.108357
              ],
              [
                105.502364,
                21.108389
              ],
              [
                105.502396,
                21.108417
              ],
              [
                105.50246,
                21.108448
              ],
              [
                105.502578,
                21.108478
              ],
              [
                105.502654,
                21.108501
              ],
              [
                105.502704,
                21.108551
              ],
              [
                105.502701,
                21.108615
              ],
              [
                105.502685,
                21.108679
              ],
              [
                105.502619,
                21.108737
              ],
              [
                105.502591,
                21.10878
              ],
              [
                105.502555,
                21.108803
              ],
              [
                105.502532,
                21.108855
              ],
              [
                105.502518,
                21.108936
              ],
              [
                105.502512,
                21.10901
              ],
              [
                105.502688,
                21.109067
              ],
              [
                105.502632,
                21.109145
              ],
              [
                105.502627,
                21.109156
              ],
              [
                105.502614,
                21.109184
              ],
              [
                105.5026,
                21.109233
              ],
              [
                105.502593,
                21.109267
              ],
              [
                105.502576,
                21.109342
              ],
              [
                105.502616,
                21.109352
              ],
              [
                105.502602,
                21.109397
              ],
              [
                105.502511,
                21.10956
              ],
              [
                105.502473,
                21.109618
              ],
              [
                105.502465,
                21.109642
              ],
              [
                105.50244,
                21.109719
              ],
              [
                105.502312,
                21.109876
              ],
              [
                105.502336,
                21.109967
              ],
              [
                105.502282,
                21.109992
              ],
              [
                105.502188,
                21.110035
              ],
              [
                105.502118,
                21.110047
              ],
              [
                105.502034,
                21.110029
              ],
              [
                105.501885,
                21.109975
              ],
              [
                105.501816,
                21.10995
              ],
              [
                105.501693,
                21.110132
              ],
              [
                105.50166,
                21.110168
              ],
              [
                105.501626,
                21.110194
              ],
              [
                105.501581,
                21.110236
              ],
              [
                105.501526,
                21.110266
              ],
              [
                105.501535,
                21.110397
              ],
              [
                105.501549,
                21.11057
              ],
              [
                105.501571,
                21.110606
              ],
              [
                105.501603,
                21.110606
              ],
              [
                105.501612,
                21.110616
              ],
              [
                105.50163,
                21.110666
              ],
              [
                105.501636,
                21.11072
              ],
              [
                105.501642,
                21.110824
              ],
              [
                105.501601,
                21.110937
              ],
              [
                105.501562,
                21.110971
              ],
              [
                105.501496,
                21.110969
              ],
              [
                105.501468,
                21.1111
              ],
              [
                105.501461,
                21.111131
              ],
              [
                105.501459,
                21.111139
              ],
              [
                105.501446,
                21.111247
              ],
              [
                105.501445,
                21.111311
              ],
              [
                105.501601,
                21.111337
              ],
              [
                105.501715,
                21.111373
              ],
              [
                105.501796,
                21.111388
              ],
              [
                105.501759,
                21.111435
              ],
              [
                105.501664,
                21.111579
              ],
              [
                105.501617,
                21.111646
              ],
              [
                105.501579,
                21.111725
              ],
              [
                105.501571,
                21.111762
              ],
              [
                105.501578,
                21.11182
              ],
              [
                105.501581,
                21.111868
              ],
              [
                105.501558,
                21.11201
              ],
              [
                105.501497,
                21.11209
              ],
              [
                105.501433,
                21.112117
              ],
              [
                105.501379,
                21.112126
              ],
              [
                105.501259,
                21.112152
              ],
              [
                105.501174,
                21.112204
              ],
              [
                105.501113,
                21.112285
              ],
              [
                105.501051,
                21.112389
              ],
              [
                105.500971,
                21.112553
              ],
              [
                105.500927,
                21.1126
              ],
              [
                105.500784,
                21.112721
              ],
              [
                105.500746,
                21.112775
              ],
              [
                105.500588,
                21.112965
              ],
              [
                105.500564,
                21.112992
              ],
              [
                105.500606,
                21.113069
              ],
              [
                105.50062,
                21.113094
              ],
              [
                105.500669,
                21.113169
              ],
              [
                105.500719,
                21.113239
              ],
              [
                105.500768,
                21.113309
              ],
              [
                105.500833,
                21.113408
              ],
              [
                105.50096,
                21.113602
              ],
              [
                105.501033,
                21.113705
              ],
              [
                105.501109,
                21.113804
              ],
              [
                105.501129,
                21.113831
              ],
              [
                105.501134,
                21.113837
              ],
              [
                105.501188,
                21.113906
              ],
              [
                105.501189,
                21.113907
              ],
              [
                105.50122,
                21.113888
              ],
              [
                105.501236,
                21.113881
              ],
              [
                105.501472,
                21.113768
              ],
              [
                105.501547,
                21.113755
              ],
              [
                105.501581,
                21.113868
              ],
              [
                105.501848,
                21.113871
              ],
              [
                105.501846,
                21.113846
              ],
              [
                105.502011,
                21.113857
              ],
              [
                105.502011,
                21.113858
              ],
              [
                105.501884,
                21.114145
              ],
              [
                105.501869,
                21.114216
              ],
              [
                105.501841,
                21.114242
              ],
              [
                105.501846,
                21.114356
              ],
              [
                105.501884,
                21.11446
              ],
              [
                105.501893,
                21.114503
              ],
              [
                105.501894,
                21.11451
              ],
              [
                105.501907,
                21.114507
              ],
              [
                105.501945,
                21.1145
              ],
              [
                105.502039,
                21.114482
              ],
              [
                105.50206,
                21.114478
              ],
              [
                105.50215,
                21.114465
              ],
              [
                105.502263,
                21.11445
              ],
              [
                105.502299,
                21.114443
              ],
              [
                105.5023,
                21.114443
              ],
              [
                105.502359,
                21.114433
              ],
              [
                105.502404,
                21.114425
              ],
              [
                105.502438,
                21.114418
              ],
              [
                105.502447,
                21.114416
              ],
              [
                105.502462,
                21.114418
              ],
              [
                105.502471,
                21.114419
              ],
              [
                105.502475,
                21.11442
              ],
              [
                105.502484,
                21.114428
              ],
              [
                105.502492,
                21.114435
              ],
              [
                105.502493,
                21.114435
              ],
              [
                105.502501,
                21.114454
              ],
              [
                105.502511,
                21.11448
              ],
              [
                105.502512,
                21.114482
              ],
              [
                105.502518,
                21.114498
              ],
              [
                105.502541,
                21.114574
              ],
              [
                105.502547,
                21.114596
              ],
              [
                105.50256,
                21.114665
              ],
              [
                105.502563,
                21.114683
              ],
              [
                105.502566,
                21.114697
              ],
              [
                105.502579,
                21.114757
              ],
              [
                105.502579,
                21.114759
              ],
              [
                105.502584,
                21.114774
              ],
              [
                105.502599,
                21.114831
              ],
              [
                105.502608,
                21.114847
              ],
              [
                105.502627,
                21.114885
              ],
              [
                105.502664,
                21.114932
              ],
              [
                105.50274,
                21.115009
              ],
              [
                105.50281,
                21.11507
              ],
              [
                105.502815,
                21.115075
              ],
              [
                105.502831,
                21.115089
              ],
              [
                105.502823,
                21.115098
              ],
              [
                105.502766,
                21.11515
              ],
              [
                105.502709,
                21.115218
              ],
              [
                105.502607,
                21.115337
              ],
              [
                105.502578,
                21.115362
              ],
              [
                105.502461,
                21.115463
              ],
              [
                105.502411,
                21.115507
              ],
              [
                105.502332,
                21.115443
              ],
              [
                105.502293,
                21.115387
              ],
              [
                105.502264,
                21.11538
              ],
              [
                105.502238,
                21.115382
              ],
              [
                105.502174,
                21.115416
              ],
              [
                105.502162,
                21.115426
              ],
              [
                105.50208,
                21.115369
              ],
              [
                105.50186,
                21.11566
              ],
              [
                105.501925,
                21.115722
              ],
              [
                105.501935,
                21.115731
              ],
              [
                105.50204,
                21.115839
              ],
              [
                105.50217,
                21.115991
              ],
              [
                105.502176,
                21.115997
              ],
              [
                105.502236,
                21.116071
              ],
              [
                105.502361,
                21.116201
              ],
              [
                105.502268,
                21.116289
              ],
              [
                105.502186,
                21.116378
              ],
              [
                105.502131,
                21.11644
              ],
              [
                105.50211,
                21.116476
              ],
              [
                105.502099,
                21.116562
              ],
              [
                105.502095,
                21.116593
              ],
              [
                105.501983,
                21.116563
              ],
              [
                105.501964,
                21.116568
              ],
              [
                105.501952,
                21.116582
              ],
              [
                105.501885,
                21.116713
              ],
              [
                105.501791,
                21.116809
              ],
              [
                105.501782,
                21.116819
              ],
              [
                105.501808,
                21.116847
              ],
              [
                105.501885,
                21.116926
              ],
              [
                105.501892,
                21.116933
              ],
              [
                105.501933,
                21.116967
              ],
              [
                105.501938,
                21.116971
              ],
              [
                105.501972,
                21.116995
              ],
              [
                105.501979,
                21.117003
              ],
              [
                105.502009,
                21.117008
              ],
              [
                105.502132,
                21.117037
              ],
              [
                105.502207,
                21.11703
              ],
              [
                105.502318,
                21.116995
              ],
              [
                105.502335,
                21.117031
              ],
              [
                105.502363,
                21.117051
              ],
              [
                105.502381,
                21.117092
              ],
              [
                105.502481,
                21.117212
              ],
              [
                105.502587,
                21.117158
              ],
              [
                105.502607,
                21.11715
              ],
              [
                105.502653,
                21.117208
              ],
              [
                105.502637,
                21.117217
              ],
              [
                105.502682,
                21.117236
              ],
              [
                105.50272,
                21.117237
              ],
              [
                105.502775,
                21.117251
              ],
              [
                105.503075,
                21.117174
              ],
              [
                105.50308,
                21.11721
              ],
              [
                105.50309,
                21.117267
              ],
              [
                105.503103,
                21.11732
              ],
              [
                105.503117,
                21.117371
              ],
              [
                105.503118,
                21.117373
              ],
              [
                105.503131,
                21.117419
              ],
              [
                105.503139,
                21.117445
              ],
              [
                105.503144,
                21.117461
              ],
              [
                105.503154,
                21.117492
              ],
              [
                105.503155,
                21.117495
              ],
              [
                105.503168,
                21.117538
              ],
              [
                105.503171,
                21.117543
              ],
              [
                105.503218,
                21.117636
              ],
              [
                105.503235,
                21.117669
              ],
              [
                105.503386,
                21.117834
              ],
              [
                105.503386,
                21.117835
              ],
              [
                105.503482,
                21.117939
              ],
              [
                105.503532,
                21.117999
              ],
              [
                105.503613,
                21.118103
              ],
              [
                105.503914,
                21.11849
              ],
              [
                105.504178,
                21.118829
              ],
              [
                105.504799,
                21.119437
              ],
              [
                105.504861,
                21.119502
              ],
              [
                105.505127,
                21.119779
              ],
              [
                105.505344,
                21.120165
              ],
              [
                105.505389,
                21.12028
              ],
              [
                105.505396,
                21.120304
              ],
              [
                105.505407,
                21.120358
              ],
              [
                105.505415,
                21.120418
              ],
              [
                105.505421,
                21.120473
              ],
              [
                105.505424,
                21.120504
              ],
              [
                105.505431,
                21.120747
              ],
              [
                105.505431,
                21.120749
              ],
              [
                105.505429,
                21.120816
              ],
              [
                105.505381,
                21.121142
              ],
              [
                105.50529,
                21.121523
              ],
              [
                105.505088,
                21.122354
              ],
              [
                105.505048,
                21.122453
              ],
              [
                105.504997,
                21.122579
              ],
              [
                105.504967,
                21.122649
              ],
              [
                105.504896,
                21.122812
              ],
              [
                105.504881,
                21.122925
              ],
              [
                105.504873,
                21.122993
              ],
              [
                105.504879,
                21.123001
              ],
              [
                105.504881,
                21.123036
              ],
              [
                105.504854,
                21.123105
              ],
              [
                105.504829,
                21.123139
              ],
              [
                105.504779,
                21.123228
              ],
              [
                105.504864,
                21.123273
              ],
              [
                105.504893,
                21.123294
              ],
              [
                105.504936,
                21.123319
              ],
              [
                105.504999,
                21.123353
              ],
              [
                105.505069,
                21.123379
              ],
              [
                105.505128,
                21.123412
              ],
              [
                105.50519,
                21.123444
              ],
              [
                105.505233,
                21.123452
              ],
              [
                105.505261,
                21.123474
              ],
              [
                105.505385,
                21.123537
              ],
              [
                105.505423,
                21.12356
              ],
              [
                105.505489,
                21.123589
              ],
              [
                105.505643,
                21.123671
              ],
              [
                105.505731,
                21.123786
              ],
              [
                105.505803,
                21.12384
              ],
              [
                105.50589,
                21.123905
              ],
              [
                105.505997,
                21.123985
              ],
              [
                105.506029,
                21.124009
              ],
              [
                105.506048,
                21.124013
              ],
              [
                105.506059,
                21.124008
              ],
              [
                105.506072,
                21.124002
              ],
              [
                105.506137,
                21.123949
              ],
              [
                105.506178,
                21.123928
              ],
              [
                105.506224,
                21.123928
              ],
              [
                105.506269,
                21.123907
              ],
              [
                105.506349,
                21.12384
              ],
              [
                105.506388,
                21.123816
              ],
              [
                105.506421,
                21.123805
              ],
              [
                105.506446,
                21.1238
              ],
              [
                105.506531,
                21.123758
              ],
              [
                105.50663,
                21.123714
              ],
              [
                105.506724,
                21.123678
              ],
              [
                105.50678,
                21.123671
              ],
              [
                105.506842,
                21.123685
              ],
              [
                105.506944,
                21.123699
              ],
              [
                105.506989,
                21.123702
              ],
              [
                105.507089,
                21.123677
              ],
              [
                105.507311,
                21.123589
              ],
              [
                105.507352,
                21.123572
              ],
              [
                105.507396,
                21.123553
              ],
              [
                105.507475,
                21.12352
              ],
              [
                105.507523,
                21.123572
              ],
              [
                105.507683,
                21.123881
              ],
              [
                105.507635,
                21.123924
              ],
              [
                105.507623,
                21.123973
              ],
              [
                105.507641,
                21.124018
              ],
              [
                105.507641,
                21.124019
              ],
              [
                105.507646,
                21.124031
              ],
              [
                105.507647,
                21.124034
              ],
              [
                105.507648,
                21.124037
              ],
              [
                105.507658,
                21.124057
              ],
              [
                105.507686,
                21.12411
              ],
              [
                105.507686,
                21.124112
              ],
              [
                105.507751,
                21.124259
              ],
              [
                105.507755,
                21.124259
              ],
              [
                105.507846,
                21.124592
              ],
              [
                105.507863,
                21.124654
              ],
              [
                105.507917,
                21.12474
              ],
              [
                105.507973,
                21.124747
              ],
              [
                105.508035,
                21.124754
              ],
              [
                105.508123,
                21.124761
              ],
              [
                105.508386,
                21.124652
              ],
              [
                105.508582,
                21.124752
              ],
              [
                105.508665,
                21.124487
              ],
              [
                105.508963,
                21.124436
              ],
              [
                105.509111,
                21.124173
              ],
              [
                105.509202,
                21.124094
              ],
              [
                105.509321,
                21.124087
              ],
              [
                105.509381,
                21.124053
              ],
              [
                105.509448,
                21.124019
              ],
              [
                105.509947,
                21.123765
              ],
              [
                105.510229,
                21.123661
              ],
              [
                105.510269,
                21.123724
              ],
              [
                105.510509,
                21.123637
              ],
              [
                105.510591,
                21.123854
              ],
              [
                105.510765,
                21.12402
              ],
              [
                105.510765,
                21.12402
              ],
              [
                105.510836,
                21.124089
              ],
              [
                105.511041,
                21.124327
              ],
              [
                105.511156,
                21.124382
              ],
              [
                105.511154,
                21.124451
              ],
              [
                105.51117,
                21.124504
              ],
              [
                105.51119,
                21.124559
              ],
              [
                105.511231,
                21.124596
              ],
              [
                105.511322,
                21.124648
              ],
              [
                105.511399,
                21.124716
              ],
              [
                105.511463,
                21.124795
              ],
              [
                105.511515,
                21.124834
              ],
              [
                105.511652,
                21.124862
              ],
              [
                105.511746,
                21.124918
              ],
              [
                105.512015,
                21.12508
              ],
              [
                105.512016,
                21.125092
              ],
              [
                105.512025,
                21.125109
              ],
              [
                105.512083,
                21.125169
              ],
              [
                105.51209,
                21.125181
              ],
              [
                105.512102,
                21.125191
              ],
              [
                105.512115,
                21.125236
              ],
              [
                105.512113,
                21.125302
              ],
              [
                105.512119,
                21.125364
              ],
              [
                105.512129,
                21.125385
              ],
              [
                105.512153,
                21.125403
              ],
              [
                105.512209,
                21.125447
              ],
              [
                105.512295,
                21.125514
              ],
              [
                105.512313,
                21.125528
              ],
              [
                105.512337,
                21.125549
              ],
              [
                105.512393,
                21.125599
              ],
              [
                105.512427,
                21.125628
              ],
              [
                105.51251,
                21.125698
              ],
              [
                105.512552,
                21.125732
              ],
              [
                105.512557,
                21.125736
              ],
              [
                105.512598,
                21.125768
              ],
              [
                105.512637,
                21.125812
              ],
              [
                105.512649,
                21.125839
              ],
              [
                105.512664,
                21.125874
              ],
              [
                105.51267,
                21.125921
              ],
              [
                105.512673,
                21.125944
              ],
              [
                105.512674,
                21.125954
              ],
              [
                105.512675,
                21.125967
              ],
              [
                105.512675,
                21.125989
              ],
              [
                105.512674,
                21.126038
              ],
              [
                105.512658,
                21.126085
              ],
              [
                105.51266,
                21.126108
              ],
              [
                105.512667,
                21.126136
              ],
              [
                105.512672,
                21.126152
              ],
              [
                105.512679,
                21.126166
              ],
              [
                105.512706,
                21.126212
              ],
              [
                105.512719,
                21.126231
              ],
              [
                105.512728,
                21.126254
              ],
              [
                105.51273,
                21.126269
              ],
              [
                105.512727,
                21.126309
              ],
              [
                105.512724,
                21.126329
              ],
              [
                105.512724,
                21.12633
              ],
              [
                105.512725,
                21.126344
              ],
              [
                105.512725,
                21.12641
              ],
              [
                105.512725,
                21.126449
              ],
              [
                105.512743,
                21.126608
              ],
              [
                105.512777,
                21.126873
              ],
              [
                105.51282,
                21.127093
              ],
              [
                105.512831,
                21.127178
              ],
              [
                105.512835,
                21.127297
              ],
              [
                105.512849,
                21.12739
              ],
              [
                105.512883,
                21.127519
              ],
              [
                105.512923,
                21.127646
              ],
              [
                105.513107,
                21.127973
              ],
              [
                105.513232,
                21.128213
              ],
              [
                105.513289,
                21.128315
              ],
              [
                105.513307,
                21.128353
              ],
              [
                105.513337,
                21.128381
              ],
              [
                105.51338,
                21.128402
              ],
              [
                105.51343,
                21.128419
              ],
              [
                105.513475,
                21.128439
              ],
              [
                105.51352,
                21.128474
              ],
              [
                105.513536,
                21.128502
              ],
              [
                105.51355,
                21.128568
              ],
              [
                105.51356,
                21.128638
              ],
              [
                105.513569,
                21.128688
              ],
              [
                105.514291,
                21.128574
              ],
              [
                105.514317,
                21.128646
              ],
              [
                105.514308,
                21.128783
              ],
              [
                105.514296,
                21.128841
              ],
              [
                105.514684,
                21.128971
              ],
              [
                105.514745,
                21.12902
              ],
              [
                105.514777,
                21.129046
              ],
              [
                105.515086,
                21.12875
              ],
              [
                105.515774,
                21.128083
              ],
              [
                105.515777,
                21.12808
              ],
              [
                105.515787,
                21.12807
              ],
              [
                105.515843,
                21.128016
              ],
              [
                105.515885,
                21.127975
              ],
              [
                105.515935,
                21.128014
              ],
              [
                105.51613,
                21.128165
              ],
              [
                105.516218,
                21.128233
              ],
              [
                105.516224,
                21.128238
              ],
              [
                105.516189,
                21.128301
              ],
              [
                105.516182,
                21.128313
              ],
              [
                105.516107,
                21.128447
              ],
              [
                105.516304,
                21.128608
              ],
              [
                105.516114,
                21.128856
              ],
              [
                105.516204,
                21.128938
              ],
              [
                105.516234,
                21.12904
              ],
              [
                105.516325,
                21.129159
              ],
              [
                105.516489,
                21.129185
              ],
              [
                105.516551,
                21.129245
              ],
              [
                105.516666,
                21.129372
              ],
              [
                105.516953,
                21.129529
              ],
              [
                105.517112,
                21.129254
              ],
              [
                105.517166,
                21.129234
              ],
              [
                105.517234,
                21.129174
              ],
              [
                105.517244,
                21.129165
              ],
              [
                105.5173,
                21.129115
              ],
              [
                105.517303,
                21.129112
              ],
              [
                105.517883,
                21.129596
              ],
              [
                105.517919,
                21.129626
              ],
              [
                105.517954,
                21.129656
              ],
              [
                105.517967,
                21.129643
              ],
              [
                105.517968,
                21.129641
              ],
              [
                105.517992,
                21.129618
              ],
              [
                105.518074,
                21.129539
              ],
              [
                105.518182,
                21.129426
              ],
              [
                105.518186,
                21.129422
              ],
              [
                105.518234,
                21.129368
              ],
              [
                105.518251,
                21.129347
              ],
              [
                105.518327,
                21.129256
              ],
              [
                105.51836,
                21.129219
              ],
              [
                105.51838,
                21.129197
              ],
              [
                105.518552,
                21.129012
              ],
              [
                105.518622,
                21.128938
              ],
              [
                105.518718,
                21.128837
              ],
              [
                105.518619,
                21.128767
              ],
              [
                105.518476,
                21.128665
              ],
              [
                105.518646,
                21.128493
              ],
              [
                105.51869,
                21.128436
              ],
              [
                105.518784,
                21.128422
              ],
              [
                105.518835,
                21.128452
              ],
              [
                105.518875,
                21.128453
              ],
              [
                105.518901,
                21.128454
              ],
              [
                105.518945,
                21.128433
              ],
              [
                105.518979,
                21.12845
              ],
              [
                105.519024,
                21.12848
              ],
              [
                105.519047,
                21.128495
              ],
              [
                105.519087,
                21.128522
              ],
              [
                105.519243,
                21.128627
              ],
              [
                105.519251,
                21.128632
              ],
              [
                105.519201,
                21.128682
              ],
              [
                105.519182,
                21.1287
              ],
              [
                105.519118,
                21.128753
              ],
              [
                105.519066,
                21.128803
              ],
              [
                105.519017,
                21.128863
              ],
              [
                105.518938,
                21.128916
              ],
              [
                105.518871,
                21.128934
              ],
              [
                105.518799,
                21.128977
              ],
              [
                105.518754,
                21.129009
              ],
              [
                105.518739,
                21.129037
              ],
              [
                105.518719,
                21.129043
              ],
              [
                105.518728,
                21.129061
              ],
              [
                105.51874,
                21.129076
              ],
              [
                105.518744,
                21.12908
              ],
              [
                105.518747,
                21.129107
              ],
              [
                105.518751,
                21.129117
              ],
              [
                105.518763,
                21.129148
              ],
              [
                105.518774,
                21.129174
              ],
              [
                105.51878,
                21.129182
              ],
              [
                105.518782,
                21.129184
              ],
              [
                105.518781,
                21.129191
              ],
              [
                105.518793,
                21.129214
              ],
              [
                105.518835,
                21.12925
              ],
              [
                105.518853,
                21.129261
              ],
              [
                105.51889,
                21.129279
              ],
              [
                105.51892,
                21.129278
              ],
              [
                105.518943,
                21.12927
              ],
              [
                105.518951,
                21.129267
              ],
              [
                105.518954,
                21.129265
              ],
              [
                105.519032,
                21.129235
              ],
              [
                105.5191,
                21.129277
              ],
              [
                105.519123,
                21.129291
              ],
              [
                105.51913,
                21.129296
              ],
              [
                105.519231,
                21.129374
              ],
              [
                105.519237,
                21.129379
              ],
              [
                105.519466,
                21.129537
              ],
              [
                105.519495,
                21.129628
              ],
              [
                105.519497,
                21.129652
              ],
              [
                105.519533,
                21.129648
              ],
              [
                105.519629,
                21.129648
              ],
              [
                105.519715,
                21.129654
              ],
              [
                105.519756,
                21.129655
              ],
              [
                105.519769,
                21.129655
              ],
              [
                105.519847,
                21.129716
              ],
              [
                105.519945,
                21.129791
              ],
              [
                105.519967,
                21.129808
              ],
              [
                105.520015,
                21.129844
              ],
              [
                105.520075,
                21.129889
              ],
              [
                105.519972,
                21.130047
              ],
              [
                105.51992,
                21.130585
              ],
              [
                105.519921,
                21.130697
              ],
              [
                105.519921,
                21.130832
              ],
              [
                105.519935,
                21.130926
              ],
              [
                105.519947,
                21.130956
              ],
              [
                105.519965,
                21.130987
              ],
              [
                105.520021,
                21.131053
              ],
              [
                105.520082,
                21.131145
              ],
              [
                105.520216,
                21.131341
              ],
              [
                105.520257,
                21.131409
              ],
              [
                105.520291,
                21.131498
              ],
              [
                105.520319,
                21.131575
              ],
              [
                105.520346,
                21.131671
              ],
              [
                105.520376,
                21.131759
              ],
              [
                105.520385,
                21.131767
              ],
              [
                105.520395,
                21.131772
              ],
              [
                105.520402,
                21.131772
              ],
              [
                105.520447,
                21.131786
              ],
              [
                105.520452,
                21.131791
              ],
              [
                105.520607,
                21.131941
              ],
              [
                105.520614,
                21.132004
              ],
              [
                105.520618,
                21.132021
              ],
              [
                105.520674,
                21.132094
              ],
              [
                105.520756,
                21.132195
              ],
              [
                105.520985,
                21.132472
              ],
              [
                105.521009,
                21.132498
              ],
              [
                105.521065,
                21.132557
              ],
              [
                105.521215,
                21.132654
              ],
              [
                105.521521,
                21.132879
              ],
              [
                105.521693,
                21.133043
              ],
              [
                105.52178,
                21.133109
              ],
              [
                105.52269,
                21.133505
              ],
              [
                105.523013,
                21.133598
              ],
              [
                105.523365,
                21.133606
              ],
              [
                105.523723,
                21.133672
              ],
              [
                105.523725,
                21.133851
              ],
              [
                105.524631,
                21.133853
              ],
              [
                105.524631,
                21.133862
              ],
              [
                105.524635,
                21.133932
              ],
              [
                105.524645,
                21.133932
              ],
              [
                105.524968,
                21.133938
              ],
              [
                105.525426,
                21.133939
              ],
              [
                105.525571,
                21.13395
              ],
              [
                105.525665,
                21.13397
              ],
              [
                105.525766,
                21.134005
              ],
              [
                105.525826,
                21.134037
              ],
              [
                105.525923,
                21.134106
              ],
              [
                105.526015,
                21.134175
              ],
              [
                105.526073,
                21.134212
              ],
              [
                105.526158,
                21.134238
              ],
              [
                105.52618,
                21.134219
              ],
              [
                105.526194,
                21.134232
              ],
              [
                105.526266,
                21.134294
              ],
              [
                105.526324,
                21.13423
              ],
              [
                105.526373,
                21.134175
              ],
              [
                105.526758,
                21.133745
              ],
              [
                105.526933,
                21.133873
              ],
              [
                105.527173,
                21.133843
              ],
              [
                105.527307,
                21.133843
              ],
              [
                105.527493,
                21.133812
              ],
              [
                105.527696,
                21.133766
              ],
              [
                105.528015,
                21.13369
              ],
              [
                105.528155,
                21.133656
              ],
              [
                105.528221,
                21.133628
              ],
              [
                105.52835,
                21.133572
              ],
              [
                105.528445,
                21.133508
              ],
              [
                105.528467,
                21.133487
              ],
              [
                105.528613,
                21.133381
              ],
              [
                105.528669,
                21.13335
              ],
              [
                105.528964,
                21.133142
              ],
              [
                105.529126,
                21.133032
              ],
              [
                105.529286,
                21.133208
              ],
              [
                105.529323,
                21.133248
              ],
              [
                105.529442,
                21.13348
              ],
              [
                105.529749,
                21.133685
              ],
              [
                105.529907,
                21.133768
              ],
              [
                105.53002,
                21.133828
              ],
              [
                105.530393,
                21.134037
              ],
              [
                105.5305,
                21.134056
              ],
              [
                105.530517,
                21.134034
              ],
              [
                105.530729,
                21.134161
              ],
              [
                105.531015,
                21.134161
              ],
              [
                105.531226,
                21.134157
              ],
              [
                105.531457,
                21.134093
              ],
              [
                105.531674,
                21.133986
              ],
              [
                105.532394,
                21.133923
              ],
              [
                105.532431,
                21.133802
              ],
              [
                105.534015,
                21.133131
              ],
              [
                105.534442,
                21.132693
              ],
              [
                105.534827,
                21.131799
              ],
              [
                105.534966,
                21.131385
              ],
              [
                105.534995,
                21.131034
              ],
              [
                105.535038,
                21.130518
              ],
              [
                105.535053,
                21.130311
              ],
              [
                105.535061,
                21.130211
              ],
              [
                105.53512,
                21.129601
              ],
              [
                105.535159,
                21.129244
              ],
              [
                105.535164,
                21.129199
              ],
              [
                105.535218,
                21.128747
              ],
              [
                105.535272,
                21.128088
              ],
              [
                105.535296,
                21.127798
              ],
              [
                105.535377,
                21.126989
              ],
              [
                105.535421,
                21.126548
              ],
              [
                105.535454,
                21.126116
              ],
              [
                105.535465,
                21.125965
              ],
              [
                105.535471,
                21.125886
              ],
              [
                105.535486,
                21.125683
              ],
              [
                105.535494,
                21.125553
              ],
              [
                105.535496,
                21.125513
              ],
              [
                105.535509,
                21.125487
              ],
              [
                105.535512,
                21.125482
              ],
              [
                105.535561,
                21.12544
              ],
              [
                105.535664,
                21.125363
              ],
              [
                105.535827,
                21.125218
              ],
              [
                105.53599,
                21.125073
              ],
              [
                105.536198,
                21.124895
              ],
              [
                105.536522,
                21.124626
              ],
              [
                105.536742,
                21.124429
              ],
              [
                105.536874,
                21.124326
              ],
              [
                105.53704,
                21.124196
              ],
              [
                105.53708,
                21.124166
              ],
              [
                105.537172,
                21.124093
              ],
              [
                105.537176,
                21.12409
              ],
              [
                105.537177,
                21.124089
              ],
              [
                105.537274,
                21.124021
              ],
              [
                105.537278,
                21.124018
              ],
              [
                105.537374,
                21.123957
              ],
              [
                105.5374,
                21.123937
              ],
              [
                105.537429,
                21.123908
              ],
              [
                105.53744,
                21.123902
              ],
              [
                105.537551,
                21.123809
              ],
              [
                105.537676,
                21.123717
              ],
              [
                105.537837,
                21.123593
              ],
              [
                105.537941,
                21.123513
              ],
              [
                105.538071,
                21.123418
              ],
              [
                105.53821,
                21.123315
              ],
              [
                105.538415,
                21.123181
              ],
              [
                105.5385,
                21.123126
              ],
              [
                105.538714,
                21.123059
              ],
              [
                105.538745,
                21.123051
              ],
              [
                105.538783,
                21.123036
              ],
              [
                105.538795,
                21.123038
              ],
              [
                105.538804,
                21.123044
              ],
              [
                105.538817,
                21.123059
              ],
              [
                105.538826,
                21.123064
              ],
              [
                105.538834,
                21.123067
              ],
              [
                105.538849,
                21.123064
              ],
              [
                105.538936,
                21.122978
              ],
              [
                105.538986,
                21.122938
              ],
              [
                105.539071,
                21.1229
              ],
              [
                105.539183,
                21.122858
              ],
              [
                105.53922,
                21.122843
              ],
              [
                105.539427,
                21.122778
              ],
              [
                105.539457,
                21.122772
              ],
              [
                105.539802,
                21.12268
              ],
              [
                105.53989,
                21.122659
              ],
              [
                105.539947,
                21.122649
              ],
              [
                105.539995,
                21.122646
              ],
              [
                105.540041,
                21.122636
              ],
              [
                105.540141,
                21.122604
              ],
              [
                105.540239,
                21.122561
              ],
              [
                105.540298,
                21.122531
              ],
              [
                105.540333,
                21.122508
              ],
              [
                105.540368,
                21.122455
              ],
              [
                105.540393,
                21.122383
              ],
              [
                105.540408,
                21.122303
              ],
              [
                105.540435,
                21.122244
              ],
              [
                105.540503,
                21.122151
              ],
              [
                105.540511,
                21.122148
              ],
              [
                105.540724,
                21.122126
              ],
              [
                105.541289,
                21.122081
              ],
              [
                105.541376,
                21.122072
              ],
              [
                105.541593,
                21.122063
              ],
              [
                105.54196,
                21.122049
              ],
              [
                105.54214,
                21.122038
              ],
              [
                105.542241,
                21.122035
              ],
              [
                105.542242,
                21.121969
              ],
              [
                105.542347,
                21.121956
              ],
              [
                105.542353,
                21.121891
              ],
              [
                105.542353,
                21.121886
              ],
              [
                105.542352,
                21.121876
              ],
              [
                105.542455,
                21.121856
              ],
              [
                105.542489,
                21.121905
              ],
              [
                105.542493,
                21.121915
              ],
              [
                105.542853,
                21.121831
              ],
              [
                105.542902,
                21.12181
              ],
              [
                105.543001,
                21.121751
              ],
              [
                105.543361,
                21.121474
              ],
              [
                105.543551,
                21.121384
              ],
              [
                105.543613,
                21.121421
              ],
              [
                105.543713,
                21.121469
              ],
              [
                105.543754,
                21.121478
              ],
              [
                105.543798,
                21.121478
              ],
              [
                105.54426,
                21.121396
              ],
              [
                105.54464,
                21.121243
              ],
              [
                105.544838,
                21.121166
              ],
              [
                105.545047,
                21.121083
              ],
              [
                105.545371,
                21.120919
              ],
              [
                105.545477,
                21.12085
              ],
              [
                105.54554,
                21.121013
              ],
              [
                105.545584,
                21.120995
              ],
              [
                105.545788,
                21.12091
              ],
              [
                105.546041,
                21.120803
              ],
              [
                105.546331,
                21.120664
              ],
              [
                105.546592,
                21.120545
              ],
              [
                105.546857,
                21.120396
              ],
              [
                105.547221,
                21.120245
              ],
              [
                105.547527,
                21.12013
              ],
              [
                105.547787,
                21.120035
              ],
              [
                105.547941,
                21.119992
              ],
              [
                105.548106,
                21.11996
              ],
              [
                105.54845,
                21.119905
              ],
              [
                105.548954,
                21.119803
              ],
              [
                105.548956,
                21.119802
              ],
              [
                105.549181,
                21.11976
              ],
              [
                105.549493,
                21.119709
              ],
              [
                105.5498,
                21.119669
              ],
              [
                105.549805,
                21.119667
              ],
              [
                105.549831,
                21.119665
              ],
              [
                105.549836,
                21.119684
              ],
              [
                105.549924,
                21.120021
              ],
              [
                105.54995,
                21.120121
              ],
              [
                105.549976,
                21.120222
              ],
              [
                105.55,
                21.120221
              ],
              [
                105.550114,
                21.120214
              ],
              [
                105.550235,
                21.120191
              ],
              [
                105.550375,
                21.120089
              ],
              [
                105.550546,
                21.120014
              ],
              [
                105.550683,
                21.120052
              ],
              [
                105.550811,
                21.120066
              ],
              [
                105.550996,
                21.120032
              ],
              [
                105.551045,
                21.120035
              ],
              [
                105.551101,
                21.120039
              ],
              [
                105.551154,
                21.120041
              ],
              [
                105.551418,
                21.120078
              ],
              [
                105.551473,
                21.120162
              ],
              [
                105.551555,
                21.120249
              ],
              [
                105.551688,
                21.120288
              ],
              [
                105.551917,
                21.120276
              ],
              [
                105.552014,
                21.120298
              ],
              [
                105.552027,
                21.120271
              ],
              [
                105.552746,
                21.120455
              ],
              [
                105.553434,
                21.120641
              ],
              [
                105.553613,
                21.120682
              ],
              [
                105.55388,
                21.120781
              ],
              [
                105.553882,
                21.120782
              ],
              [
                105.554029,
                21.120815
              ],
              [
                105.55419,
                21.120858
              ],
              [
                105.554395,
                21.120895
              ],
              [
                105.554451,
                21.120888
              ],
              [
                105.554473,
                21.120885
              ],
              [
                105.554479,
                21.120814
              ],
              [
                105.554493,
                21.120663
              ],
              [
                105.554497,
                21.12063
              ],
              [
                105.554522,
                21.120511
              ],
              [
                105.554637,
                21.120493
              ],
              [
                105.554645,
                21.120491
              ],
              [
                105.554761,
                21.120464
              ],
              [
                105.554942,
                21.120411
              ],
              [
                105.555242,
                21.120331
              ],
              [
                105.555508,
                21.120295
              ],
              [
                105.555825,
                21.120251
              ],
              [
                105.555907,
                21.120222
              ],
              [
                105.555981,
                21.120218
              ],
              [
                105.556105,
                21.120252
              ],
              [
                105.556272,
                21.120314
              ],
              [
                105.556421,
                21.120365
              ],
              [
                105.556538,
                21.120379
              ],
              [
                105.556816,
                21.120424
              ],
              [
                105.557214,
                21.120471
              ],
              [
                105.557455,
                21.120505
              ],
              [
                105.557727,
                21.120518
              ],
              [
                105.558133,
                21.120545
              ],
              [
                105.558506,
                21.120591
              ],
              [
                105.558873,
                21.120628
              ],
              [
                105.559112,
                21.120649
              ],
              [
                105.559505,
                21.120703
              ],
              [
                105.559525,
                21.120657
              ],
              [
                105.559693,
                21.120326
              ],
              [
                105.55977,
                21.120215
              ],
              [
                105.559964,
                21.11992
              ],
              [
                105.559988,
                21.119884
              ],
              [
                105.560063,
                21.119767
              ],
              [
                105.560581,
                21.118972
              ],
              [
                105.560658,
                21.118853
              ],
              [
                105.56088,
                21.118497
              ],
              [
                105.561345,
                21.117792
              ],
              [
                105.561358,
                21.117774
              ],
              [
                105.561395,
                21.117714
              ],
              [
                105.561467,
                21.117596
              ],
              [
                105.561615,
                21.117367
              ],
              [
                105.56166,
                21.117298
              ],
              [
                105.561702,
                21.117232
              ],
              [
                105.561855,
                21.117265
              ],
              [
                105.561998,
                21.1173
              ],
              [
                105.56244,
                21.117423
              ],
              [
                105.562799,
                21.117537
              ],
              [
                105.563102,
                21.117619
              ],
              [
                105.562952,
                21.118247
              ],
              [
                105.562861,
                21.118507
              ],
              [
                105.562861,
                21.118507
              ],
              [
                105.562724,
                21.119129
              ],
              [
                105.562522,
                21.119975
              ],
              [
                105.562507,
                21.120008
              ],
              [
                105.562482,
                21.120064
              ],
              [
                105.562449,
                21.120179
              ],
              [
                105.562444,
                21.120195
              ],
              [
                105.562406,
                21.120327
              ],
              [
                105.562391,
                21.120381
              ],
              [
                105.56239,
                21.120401
              ],
              [
                105.562393,
                21.120431
              ],
              [
                105.562409,
                21.120494
              ],
              [
                105.562409,
                21.120495
              ],
              [
                105.562426,
                21.120554
              ],
              [
                105.562476,
                21.120697
              ],
              [
                105.562503,
                21.120778
              ],
              [
                105.56253,
                21.120858
              ],
              [
                105.562542,
                21.120886
              ],
              [
                105.562545,
                21.120893
              ],
              [
                105.562549,
                21.120903
              ],
              [
                105.562576,
                21.120962
              ],
              [
                105.56257,
                21.120963
              ],
              [
                105.562373,
                21.121017
              ],
              [
                105.562058,
                21.120998
              ],
              [
                105.56207,
                21.121062
              ],
              [
                105.562122,
                21.121297
              ],
              [
                105.561997,
                21.121322
              ],
              [
                105.561939,
                21.12133
              ],
              [
                105.561938,
                21.12132
              ],
              [
                105.56187,
                21.121705
              ],
              [
                105.56183,
                21.121933
              ],
              [
                105.561871,
                21.12195
              ],
              [
                105.562117,
                21.122019
              ],
              [
                105.562276,
                21.12209
              ],
              [
                105.562453,
                21.122144
              ],
              [
                105.562675,
                21.122141
              ],
              [
                105.562883,
                21.122133
              ],
              [
                105.562942,
                21.122118
              ],
              [
                105.562932,
                21.12199
              ],
              [
                105.562888,
                21.121931
              ],
              [
                105.562846,
                21.121773
              ],
              [
                105.562849,
                21.121773
              ],
              [
                105.56287,
                21.121743
              ],
              [
                105.562876,
                21.121733
              ],
              [
                105.562894,
                21.121708
              ],
              [
                105.562898,
                21.121679
              ],
              [
                105.562904,
                21.121662
              ],
              [
                105.562925,
                21.121629
              ],
              [
                105.562967,
                21.121522
              ],
              [
                105.562997,
                21.12145
              ],
              [
                105.56315,
                21.121435
              ],
              [
                105.563164,
                21.121434
              ],
              [
                105.563226,
                21.121425
              ],
              [
                105.563276,
                21.121419
              ],
              [
                105.563341,
                21.121416
              ],
              [
                105.563384,
                21.121417
              ],
              [
                105.563403,
                21.121413
              ],
              [
                105.563409,
                21.121407
              ],
              [
                105.563411,
                21.121398
              ],
              [
                105.563416,
                21.121388
              ],
              [
                105.563416,
                21.12138
              ],
              [
                105.563422,
                21.121371
              ],
              [
                105.563449,
                21.121363
              ],
              [
                105.563478,
                21.121363
              ],
              [
                105.563497,
                21.121363
              ],
              [
                105.56351,
                21.121384
              ],
              [
                105.563514,
                21.12139
              ],
              [
                105.563524,
                21.121393
              ],
              [
                105.563572,
                21.121393
              ],
              [
                105.563663,
                21.121387
              ],
              [
                105.563741,
                21.12138
              ],
              [
                105.563795,
                21.121373
              ],
              [
                105.563846,
                21.121368
              ],
              [
                105.563895,
                21.121367
              ],
              [
                105.563931,
                21.121362
              ],
              [
                105.563971,
                21.121367
              ],
              [
                105.564018,
                21.12137
              ],
              [
                105.564083,
                21.12136
              ],
              [
                105.564138,
                21.121352
              ],
              [
                105.5642,
                21.121336
              ],
              [
                105.564219,
                21.121335
              ],
              [
                105.564261,
                21.121325
              ],
              [
                105.564268,
                21.121318
              ],
              [
                105.564298,
                21.121317
              ],
              [
                105.564299,
                21.121329
              ],
              [
                105.564305,
                21.121367
              ],
              [
                105.564308,
                21.121424
              ],
              [
                105.564308,
                21.121429
              ],
              [
                105.564308,
                21.121465
              ],
              [
                105.564291,
                21.121525
              ],
              [
                105.564222,
                21.121706
              ],
              [
                105.564185,
                21.121808
              ],
              [
                105.564164,
                21.121885
              ],
              [
                105.564159,
                21.121903
              ],
              [
                105.56412,
                21.122028
              ],
              [
                105.564114,
                21.122048
              ],
              [
                105.564101,
                21.122087
              ],
              [
                105.564088,
                21.122123
              ],
              [
                105.564079,
                21.122144
              ],
              [
                105.564057,
                21.122204
              ],
              [
                105.564008,
                21.122334
              ],
              [
                105.563972,
                21.12245
              ],
              [
                105.563934,
                21.122572
              ],
              [
                105.564293,
                21.122605
              ],
              [
                105.564375,
                21.122604
              ],
              [
                105.564385,
                21.122605
              ],
              [
                105.564413,
                21.122607
              ],
              [
                105.564425,
                21.122609
              ],
              [
                105.564449,
                21.122612
              ],
              [
                105.564489,
                21.122619
              ],
              [
                105.564529,
                21.122627
              ],
              [
                105.564588,
                21.122635
              ],
              [
                105.564673,
                21.122662
              ],
              [
                105.564741,
                21.122684
              ],
              [
                105.564882,
                21.12273
              ],
              [
                105.564898,
                21.122735
              ],
              [
                105.565166,
                21.122875
              ],
              [
                105.565178,
                21.122881
              ],
              [
                105.565254,
                21.122913
              ],
              [
                105.565318,
                21.122936
              ],
              [
                105.565355,
                21.122949
              ],
              [
                105.565405,
                21.122968
              ],
              [
                105.56544,
                21.122981
              ],
              [
                105.565899,
                21.123174
              ],
              [
                105.566373,
                21.123398
              ],
              [
                105.56655,
                21.123506
              ],
              [
                105.566726,
                21.123637
              ],
              [
                105.566746,
                21.123644
              ],
              [
                105.566758,
                21.123643
              ],
              [
                105.566767,
                21.123636
              ],
              [
                105.566774,
                21.12363
              ],
              [
                105.566791,
                21.123615
              ],
              [
                105.566805,
                21.123516
              ],
              [
                105.56683,
                21.12343
              ],
              [
                105.566833,
                21.123424
              ],
              [
                105.566892,
                21.123445
              ],
              [
                105.566893,
                21.123445
              ],
              [
                105.567009,
                21.123503
              ],
              [
                105.567081,
                21.123559
              ],
              [
                105.567335,
                21.123674
              ],
              [
                105.567556,
                21.123799
              ],
              [
                105.567565,
                21.123805
              ],
              [
                105.567573,
                21.123808
              ],
              [
                105.567901,
                21.123993
              ],
              [
                105.567937,
                21.124017
              ],
              [
                105.567939,
                21.124018
              ],
              [
                105.568069,
                21.124065
              ],
              [
                105.568371,
                21.124217
              ],
              [
                105.56916,
                21.124852
              ],
              [
                105.570435,
                21.125982
              ],
              [
                105.571901,
                21.1272
              ],
              [
                105.573355,
                21.12883
              ],
              [
                105.57364,
                21.129116
              ],
              [
                105.573601,
                21.129145
              ],
              [
                105.573564,
                21.129179
              ],
              [
                105.573192,
                21.129527
              ],
              [
                105.573153,
                21.129543
              ],
              [
                105.573363,
                21.129762
              ],
              [
                105.573869,
                21.130288
              ],
              [
                105.573947,
                21.130369
              ],
              [
                105.574093,
                21.130561
              ],
              [
                105.574238,
                21.130752
              ],
              [
                105.574442,
                21.131062
              ],
              [
                105.574454,
                21.131079
              ],
              [
                105.574473,
                21.131117
              ],
              [
                105.574557,
                21.131253
              ],
              [
                105.57459,
                21.131321
              ],
              [
                105.574722,
                21.131526
              ],
              [
                105.574736,
                21.131564
              ],
              [
                105.574721,
                21.131675
              ],
              [
                105.574633,
                21.13173
              ],
              [
                105.574643,
                21.131765
              ],
              [
                105.574702,
                21.1319
              ],
              [
                105.574734,
                21.131977
              ],
              [
                105.574734,
                21.131997
              ],
              [
                105.574725,
                21.13202
              ],
              [
                105.574707,
                21.132043
              ],
              [
                105.57467,
                21.132072
              ],
              [
                105.574575,
                21.132122
              ],
              [
                105.574136,
                21.132356
              ],
              [
                105.573794,
                21.132496
              ],
              [
                105.573762,
                21.132528
              ],
              [
                105.573762,
                21.132541
              ],
              [
                105.573765,
                21.13257
              ],
              [
                105.573766,
                21.132597
              ],
              [
                105.573759,
                21.132618
              ],
              [
                105.573443,
                21.132781
              ],
              [
                105.5734,
                21.132799
              ],
              [
                105.573232,
                21.132945
              ],
              [
                105.573231,
                21.132948
              ],
              [
                105.573178,
                21.133054
              ],
              [
                105.57321,
                21.133163
              ],
              [
                105.573213,
                21.133171
              ],
              [
                105.57322,
                21.13318
              ],
              [
                105.573288,
                21.133258
              ],
              [
                105.573501,
                21.133505
              ],
              [
                105.573675,
                21.133759
              ],
              [
                105.573973,
                21.133647
              ],
              [
                105.574461,
                21.133505
              ],
              [
                105.574637,
                21.133477
              ],
              [
                105.575018,
                21.134569
              ],
              [
                105.575259,
                21.134705
              ],
              [
                105.575862,
                21.13484
              ],
              [
                105.57603,
                21.134778
              ],
              [
                105.576537,
                21.135712
              ],
              [
                105.57714,
                21.136462
              ],
              [
                105.577143,
                21.136469
              ],
              [
                105.577456,
                21.136887
              ],
              [
                105.577654,
                21.13712
              ],
              [
                105.577817,
                21.137266
              ],
              [
                105.577852,
                21.137297
              ],
              [
                105.578068,
                21.13749
              ],
              [
                105.578435,
                21.137774
              ],
              [
                105.578826,
                21.138027
              ],
              [
                105.579144,
                21.138255
              ],
              [
                105.579271,
                21.138332
              ],
              [
                105.580777,
                21.136724
              ],
              [
                105.580793,
                21.136707
              ],
              [
                105.580808,
                21.136684
              ],
              [
                105.581165,
                21.136127
              ],
              [
                105.581522,
                21.135579
              ],
              [
                105.581739,
                21.135192
              ],
              [
                105.581818,
                21.135084
              ],
              [
                105.581844,
                21.135099
              ],
              [
                105.581997,
                21.135186
              ],
              [
                105.582152,
                21.135228
              ],
              [
                105.582645,
                21.135189
              ],
              [
                105.583536,
                21.135061
              ],
              [
                105.584613,
                21.134927
              ],
              [
                105.584618,
                21.134926
              ],
              [
                105.584737,
                21.13491
              ],
              [
                105.584662,
                21.134826
              ],
              [
                105.584594,
                21.134744
              ],
              [
                105.584478,
                21.133828
              ],
              [
                105.584517,
                21.133353
              ],
              [
                105.584865,
                21.132567
              ],
              [
                105.586248,
                21.131821
              ],
              [
                105.587111,
                21.131213
              ],
              [
                105.586736,
                21.130648
              ],
              [
                105.585762,
                21.128746
              ],
              [
                105.586244,
                21.128533
              ],
              [
                105.586557,
                21.128335
              ],
              [
                105.586265,
                21.127913
              ],
              [
                105.586897,
                21.127513
              ],
              [
                105.587844,
                21.126944
              ],
              [
                105.588409,
                21.126601
              ],
              [
                105.588742,
                21.127318
              ],
              [
                105.589147,
                21.1281
              ],
              [
                105.589441,
                21.128698
              ],
              [
                105.589663,
                21.12918
              ],
              [
                105.589722,
                21.129281
              ],
              [
                105.589844,
                21.129536
              ],
              [
                105.589843,
                21.129567
              ],
              [
                105.589785,
                21.129647
              ],
              [
                105.589717,
                21.129721
              ],
              [
                105.590224,
                21.130864
              ],
              [
                105.590485,
                21.131477
              ],
              [
                105.590639,
                21.131816
              ],
              [
                105.590769,
                21.132082
              ],
              [
                105.591044,
                21.132695
              ],
              [
                105.591313,
                21.133306
              ],
              [
                105.591396,
                21.133462
              ],
              [
                105.591471,
                21.133648
              ],
              [
                105.591516,
                21.133833
              ],
              [
                105.591466,
                21.133888
              ],
              [
                105.591422,
                21.133936
              ],
              [
                105.591333,
                21.134
              ],
              [
                105.591163,
                21.134109
              ],
              [
                105.591013,
                21.134205
              ],
              [
                105.590881,
                21.13431
              ],
              [
                105.591033,
                21.134868
              ],
              [
                105.591102,
                21.134835
              ],
              [
                105.591782,
                21.134637
              ],
              [
                105.591811,
                21.134629
              ],
              [
                105.593236,
                21.134431
              ],
              [
                105.593369,
                21.134394
              ],
              [
                105.594137,
                21.134369
              ],
              [
                105.594592,
                21.134354
              ],
              [
                105.595068,
                21.134434
              ],
              [
                105.595373,
                21.134459
              ],
              [
                105.595664,
                21.134461
              ],
              [
                105.595696,
                21.134458
              ],
              [
                105.595937,
                21.134428
              ],
              [
                105.596503,
                21.134297
              ],
              [
                105.596635,
                21.134249
              ],
              [
                105.596733,
                21.134206
              ],
              [
                105.596839,
                21.134161
              ],
              [
                105.597327,
                21.133799
              ],
              [
                105.597342,
                21.133795
              ],
              [
                105.597371,
                21.133789
              ],
              [
                105.597406,
                21.13379
              ],
              [
                105.597436,
                21.133794
              ],
              [
                105.597461,
                21.133799
              ],
              [
                105.597518,
                21.133802
              ],
              [
                105.597544,
                21.133801
              ],
              [
                105.597604,
                21.133795
              ],
              [
                105.597605,
                21.133795
              ],
              [
                105.597616,
                21.133792
              ],
              [
                105.597625,
                21.133789
              ],
              [
                105.597632,
                21.133786
              ],
              [
                105.59764,
                21.133779
              ],
              [
                105.597705,
                21.133725
              ],
              [
                105.598192,
                21.133349
              ],
              [
                105.59855,
                21.133084
              ],
              [
                105.599091,
                21.132701
              ],
              [
                105.599232,
                21.132584
              ],
              [
                105.599302,
                21.132534
              ],
              [
                105.599498,
                21.132408
              ],
              [
                105.599536,
                21.132386
              ],
              [
                105.599591,
                21.132355
              ],
              [
                105.599697,
                21.132319
              ],
              [
                105.599832,
                21.132285
              ],
              [
                105.59998,
                21.132258
              ],
              [
                105.599994,
                21.132256
              ],
              [
                105.600317,
                21.132198
              ],
              [
                105.600447,
                21.132169
              ],
              [
                105.600529,
                21.132128
              ],
              [
                105.600571,
                21.132099
              ],
              [
                105.600632,
                21.13217
              ],
              [
                105.600819,
                21.13241
              ],
              [
                105.601005,
                21.132689
              ],
              [
                105.601353,
                21.133099
              ],
              [
                105.601543,
                21.133318
              ],
              [
                105.601617,
                21.133426
              ],
              [
                105.602339,
                21.134252
              ],
              [
                105.603319,
                21.135363
              ],
              [
                105.60357,
                21.135642
              ],
              [
                105.604311,
                21.136495
              ],
              [
                105.604333,
                21.136513
              ],
              [
                105.604348,
                21.136538
              ],
              [
                105.604348,
                21.136599
              ],
              [
                105.604412,
                21.136697
              ],
              [
                105.605108,
                21.137477
              ],
              [
                105.605557,
                21.137967
              ],
              [
                105.606148,
                21.138616
              ],
              [
                105.606506,
                21.139
              ],
              [
                105.606639,
                21.139149
              ],
              [
                105.60673,
                21.139267
              ],
              [
                105.606745,
                21.139297
              ],
              [
                105.60688,
                21.139436
              ],
              [
                105.606889,
                21.139421
              ],
              [
                105.606944,
                21.139328
              ],
              [
                105.606984,
                21.13926
              ],
              [
                105.607023,
                21.13921
              ],
              [
                105.6071,
                21.139115
              ],
              [
                105.607353,
                21.138818
              ],
              [
                105.607518,
                21.138627
              ],
              [
                105.607722,
                21.138406
              ],
              [
                105.607825,
                21.138308
              ],
              [
                105.608234,
                21.137971
              ],
              [
                105.608564,
                21.13771
              ],
              [
                105.608602,
                21.137681
              ],
              [
                105.609336,
                21.13712
              ],
              [
                105.609793,
                21.136819
              ],
              [
                105.609856,
                21.136776
              ],
              [
                105.60987,
                21.136766
              ],
              [
                105.609881,
                21.136759
              ],
              [
                105.609886,
                21.136754
              ],
              [
                105.609981,
                21.136671
              ],
              [
                105.610175,
                21.136537
              ],
              [
                105.610387,
                21.136394
              ],
              [
                105.610561,
                21.136245
              ],
              [
                105.610743,
                21.136123
              ],
              [
                105.611104,
                21.135884
              ],
              [
                105.611398,
                21.135717
              ],
              [
                105.611503,
                21.135668
              ],
              [
                105.611522,
                21.135659
              ],
              [
                105.611561,
                21.13564
              ],
              [
                105.611561,
                21.13564
              ]
            ]
          ]
        ]
      },
      "properties": {
        "code": "09715",
        "name": "Phúc Thọ",
        "nameEn": "Phuc Tho",
        "fullName": "Xã Phúc Thọ",
        "fullNameEn": "Phuc Tho Commune",
        "codeName": "phuc_tho",
        "postalCode": "12806",
        "postalCodePrefix": "",
        "gisServerId": "diaphanhanhchinhcapxa_2025.3230",
        "areaKm2": 39.66
      }
    }
  ]
}