{
  "type": "FeatureCollection",
  "bbox": [
    105.644968,
    21.066132,
    105.687576,
    21.12301
  ],
  "features": [
    {
      "type": "Feature",
      "id": "09784",
      "bbox": [
        105.644968,
        21.066132,
        105.687576,
        21.12301
      ],
      "geometry": {
        "type": "MultiPolygon",
        "coordinates": [
          [
            [
              [
                105.686784,
                21.090295
              ],
              [
                105.68672,
                21.090248
              ],
              [
                105.686644,
                21.090194
              ],
              [
                105.686616,
                21.090172
              ],
              [
                105.686596,
                21.090149
              ],
              [
                105.686556,
                21.090102
              ],
              [
                105.686504,
                21.090044
              ],
              [
                105.686404,
                21.089939
              ],
              [
                105.686375,
                21.089921
              ],
              [
                105.686364,
                21.089928
              ],
              [
                105.68632,
                21.08988
              ],
              [
                105.686162,
                21.089814
              ],
              [
                105.686108,
                21.089804
              ],
              [
                105.686089,
                21.089799
              ],
              [
                105.686048,
                21.089778
              ],
              [
                105.686028,
                21.089765
              ],
              [
                105.686004,
                21.089747
              ],
              [
                105.685961,
                21.089685
              ],
              [
                105.685954,
                21.089665
              ],
              [
                105.685938,
                21.089635
              ],
              [
                105.68595,
                21.089629
              ],
              [
                105.685959,
                21.089588
              ],
              [
                105.685962,
                21.089584
              ],
              [
                105.685959,
                21.089535
              ],
              [
                105.685949,
                21.089496
              ],
              [
                105.68593,
                21.089439
              ],
              [
                105.685907,
                21.089402
              ],
              [
                105.685878,
                21.089382
              ],
              [
                105.685738,
                21.089184
              ],
              [
                105.685625,
                21.089018
              ],
              [
                105.685484,
                21.088864
              ],
              [
                105.685421,
                21.088745
              ],
              [
                105.685377,
                21.088641
              ],
              [
                105.685277,
                21.088395
              ],
              [
                105.685218,
                21.088244
              ],
              [
                105.685101,
                21.087938
              ],
              [
                105.685056,
                21.087826
              ],
              [
                105.684944,
                21.087867
              ],
              [
                105.684896,
                21.087753
              ],
              [
                105.684698,
                21.087818
              ],
              [
                105.684509,
                21.087879
              ],
              [
                105.684478,
                21.08787
              ],
              [
                105.684362,
                21.087828
              ],
              [
                105.684274,
                21.087787
              ],
              [
                105.684202,
                21.087745
              ],
              [
                105.684094,
                21.087679
              ],
              [
                105.684058,
                21.08766
              ],
              [
                105.684047,
                21.087652
              ],
              [
                105.683973,
                21.087621
              ],
              [
                105.683895,
                21.087603
              ],
              [
                105.683721,
                21.087557
              ],
              [
                105.683823,
                21.087339
              ],
              [
                105.683441,
                21.087232
              ],
              [
                105.683439,
                21.08723
              ],
              [
                105.683306,
                21.087181
              ],
              [
                105.683218,
                21.087123
              ],
              [
                105.683147,
                21.087057
              ],
              [
                105.68304,
                21.086917
              ],
              [
                105.682973,
                21.08683
              ],
              [
                105.68292,
                21.086796
              ],
              [
                105.682811,
                21.086653
              ],
              [
                105.68274,
                21.086575
              ],
              [
                105.682674,
                21.086528
              ],
              [
                105.682632,
                21.086514
              ],
              [
                105.682553,
                21.086489
              ],
              [
                105.682388,
                21.08641
              ],
              [
                105.682308,
                21.086357
              ],
              [
                105.682234,
                21.0863
              ],
              [
                105.682128,
                21.086197
              ],
              [
                105.682023,
                21.086102
              ],
              [
                105.681992,
                21.086072
              ],
              [
                105.681946,
                21.086026
              ],
              [
                105.681929,
                21.086012
              ],
              [
                105.681853,
                21.085946
              ],
              [
                105.681787,
                21.085887
              ],
              [
                105.681538,
                21.085673
              ],
              [
                105.681515,
                21.085662
              ],
              [
                105.681498,
                21.085657
              ],
              [
                105.681478,
                21.085657
              ],
              [
                105.681458,
                21.085655
              ],
              [
                105.681435,
                21.085647
              ],
              [
                105.681397,
                21.085632
              ],
              [
                105.681366,
                21.085613
              ],
              [
                105.681337,
                21.085589
              ],
              [
                105.681277,
                21.085531
              ],
              [
                105.681227,
                21.085491
              ],
              [
                105.681102,
                21.085379
              ],
              [
                105.68104,
                21.085325
              ],
              [
                105.681016,
                21.085314
              ],
              [
                105.680988,
                21.085312
              ],
              [
                105.680954,
                21.085312
              ],
              [
                105.680855,
                21.085312
              ],
              [
                105.680785,
                21.085313
              ],
              [
                105.680753,
                21.085312
              ],
              [
                105.680737,
                21.085305
              ],
              [
                105.680721,
                21.085297
              ],
              [
                105.680706,
                21.085287
              ],
              [
                105.680689,
                21.085266
              ],
              [
                105.680662,
                21.085226
              ],
              [
                105.680611,
                21.085177
              ],
              [
                105.680572,
                21.085144
              ],
              [
                105.680533,
                21.085115
              ],
              [
                105.680506,
                21.085093
              ],
              [
                105.680488,
                21.085077
              ],
              [
                105.680445,
                21.085024
              ],
              [
                105.680383,
                21.084956
              ],
              [
                105.680315,
                21.084893
              ],
              [
                105.680302,
                21.084884
              ],
              [
                105.680294,
                21.084881
              ],
              [
                105.680234,
                21.084869
              ],
              [
                105.680194,
                21.084861
              ],
              [
                105.680184,
                21.084856
              ],
              [
                105.680134,
                21.084803
              ],
              [
                105.680054,
                21.084718
              ],
              [
                105.680035,
                21.084702
              ],
              [
                105.680027,
                21.084699
              ],
              [
                105.679947,
                21.084698
              ],
              [
                105.679888,
                21.084732
              ],
              [
                105.679651,
                21.084819
              ],
              [
                105.679331,
                21.08489
              ],
              [
                105.679099,
                21.084933
              ],
              [
                105.678847,
                21.084913
              ],
              [
                105.67862,
                21.084861
              ],
              [
                105.678493,
                21.084826
              ],
              [
                105.678408,
                21.084735
              ],
              [
                105.678324,
                21.084702
              ],
              [
                105.678102,
                21.084661
              ],
              [
                105.678058,
                21.084652
              ],
              [
                105.678031,
                21.084648
              ],
              [
                105.677951,
                21.084616
              ],
              [
                105.677741,
                21.084513
              ],
              [
                105.677684,
                21.084478
              ],
              [
                105.677665,
                21.084456
              ],
              [
                105.677639,
                21.084438
              ],
              [
                105.677529,
                21.084413
              ],
              [
                105.67748,
                21.084393
              ],
              [
                105.677312,
                21.08427
              ],
              [
                105.677248,
                21.084214
              ],
              [
                105.677236,
                21.084195
              ],
              [
                105.677232,
                21.084183
              ],
              [
                105.677205,
                21.084174
              ],
              [
                105.677195,
                21.084166
              ],
              [
                105.677174,
                21.084135
              ],
              [
                105.677144,
                21.084053
              ],
              [
                105.67714,
                21.083951
              ],
              [
                105.677144,
                21.083907
              ],
              [
                105.677169,
                21.083889
              ],
              [
                105.677062,
                21.083623
              ],
              [
                105.677055,
                21.083603
              ],
              [
                105.677338,
                21.083459
              ],
              [
                105.677336,
                21.083421
              ],
              [
                105.677351,
                21.08309
              ],
              [
                105.677369,
                21.083015
              ],
              [
                105.677361,
                21.083008
              ],
              [
                105.677229,
                21.082874
              ],
              [
                105.677227,
                21.082831
              ],
              [
                105.677262,
                21.082783
              ],
              [
                105.677416,
                21.082574
              ],
              [
                105.677507,
                21.082438
              ],
              [
                105.677531,
                21.08235
              ],
              [
                105.677536,
                21.082322
              ],
              [
                105.677562,
                21.082241
              ],
              [
                105.677599,
                21.082148
              ],
              [
                105.677633,
                21.082065
              ],
              [
                105.677642,
                21.082018
              ],
              [
                105.677643,
                21.081968
              ],
              [
                105.677626,
                21.081925
              ],
              [
                105.677593,
                21.081817
              ],
              [
                105.677521,
                21.081625
              ],
              [
                105.677485,
                21.081534
              ],
              [
                105.677711,
                21.081469
              ],
              [
                105.677794,
                21.081451
              ],
              [
                105.678301,
                21.081334
              ],
              [
                105.678513,
                21.081285
              ],
              [
                105.679053,
                21.081163
              ],
              [
                105.67921,
                21.081129
              ],
              [
                105.679232,
                21.081124
              ],
              [
                105.679486,
                21.081068
              ],
              [
                105.679429,
                21.080969
              ],
              [
                105.679375,
                21.080876
              ],
              [
                105.679293,
                21.080757
              ],
              [
                105.679226,
                21.080593
              ],
              [
                105.679154,
                21.080528
              ],
              [
                105.679084,
                21.080454
              ],
              [
                105.679031,
                21.080398
              ],
              [
                105.678714,
                21.080046
              ],
              [
                105.678622,
                21.079952
              ],
              [
                105.678444,
                21.079766
              ],
              [
                105.678005,
                21.079313
              ],
              [
                105.677892,
                21.079193
              ],
              [
                105.677465,
                21.078745
              ],
              [
                105.677436,
                21.078713
              ],
              [
                105.677367,
                21.078637
              ],
              [
                105.677134,
                21.07838
              ],
              [
                105.67688,
                21.078128
              ],
              [
                105.676733,
                21.077975
              ],
              [
                105.676482,
                21.077712
              ],
              [
                105.676365,
                21.077589
              ],
              [
                105.676087,
                21.077293
              ],
              [
                105.676071,
                21.077276
              ],
              [
                105.67587,
                21.077062
              ],
              [
                105.675801,
                21.07699
              ],
              [
                105.675648,
                21.076834
              ],
              [
                105.675593,
                21.076777
              ],
              [
                105.675565,
                21.076737
              ],
              [
                105.675552,
                21.076701
              ],
              [
                105.675561,
                21.076656
              ],
              [
                105.675586,
                21.076621
              ],
              [
                105.675635,
                21.076578
              ],
              [
                105.67583,
                21.07637
              ],
              [
                105.67584,
                21.07636
              ],
              [
                105.675929,
                21.076269
              ],
              [
                105.675916,
                21.076259
              ],
              [
                105.675753,
                21.076147
              ],
              [
                105.675535,
                21.076004
              ],
              [
                105.675261,
                21.075814
              ],
              [
                105.674853,
                21.075531
              ],
              [
                105.675345,
                21.074869
              ],
              [
                105.675348,
                21.074865
              ],
              [
                105.675641,
                21.07445
              ],
              [
                105.675983,
                21.073996
              ],
              [
                105.676083,
                21.073848
              ],
              [
                105.675855,
                21.073752
              ],
              [
                105.675492,
                21.073602
              ],
              [
                105.674928,
                21.073368
              ],
              [
                105.673971,
                21.072972
              ],
              [
                105.673291,
                21.072694
              ],
              [
                105.673128,
                21.072623
              ],
              [
                105.673088,
                21.072607
              ],
              [
                105.672999,
                21.072571
              ],
              [
                105.673082,
                21.072401
              ],
              [
                105.673108,
                21.072349
              ],
              [
                105.673022,
                21.072286
              ],
              [
                105.671816,
                21.071557
              ],
              [
                105.67216,
                21.070959
              ],
              [
                105.672529,
                21.07026
              ],
              [
                105.672251,
                21.070182
              ],
              [
                105.672197,
                21.070325
              ],
              [
                105.672185,
                21.070321
              ],
              [
                105.672144,
                21.070303
              ],
              [
                105.671987,
                21.070314
              ],
              [
                105.671893,
                21.070335
              ],
              [
                105.671502,
                21.070412
              ],
              [
                105.671452,
                21.070419
              ],
              [
                105.671444,
                21.070398
              ],
              [
                105.671439,
                21.070397
              ],
              [
                105.671421,
                21.070351
              ],
              [
                105.671396,
                21.070362
              ],
              [
                105.671348,
                21.070326
              ],
              [
                105.671078,
                21.070354
              ],
              [
                105.671078,
                21.070354
              ],
              [
                105.671022,
                21.070348
              ],
              [
                105.670951,
                21.070323
              ],
              [
                105.670843,
                21.07029
              ],
              [
                105.670773,
                21.070288
              ],
              [
                105.670712,
                21.070288
              ],
              [
                105.670658,
                21.070329
              ],
              [
                105.670452,
                21.070221
              ],
              [
                105.669975,
                21.070226
              ],
              [
                105.669962,
                21.070225
              ],
              [
                105.669871,
                21.070292
              ],
              [
                105.669799,
                21.070359
              ],
              [
                105.669736,
                21.070417
              ],
              [
                105.669689,
                21.070467
              ],
              [
                105.669599,
                21.070572
              ],
              [
                105.669469,
                21.070723
              ],
              [
                105.66932,
                21.070946
              ],
              [
                105.669151,
                21.071182
              ],
              [
                105.668994,
                21.071427
              ],
              [
                105.668872,
                21.071574
              ],
              [
                105.668809,
                21.071639
              ],
              [
                105.668737,
                21.0717
              ],
              [
                105.66867,
                21.071735
              ],
              [
                105.66855,
                21.071785
              ],
              [
                105.66821,
                21.071933
              ],
              [
                105.668078,
                21.071965
              ],
              [
                105.667589,
                21.072096
              ],
              [
                105.667179,
                21.0722
              ],
              [
                105.66704,
                21.072271
              ],
              [
                105.666873,
                21.072385
              ],
              [
                105.666562,
                21.07264
              ],
              [
                105.666564,
                21.072609
              ],
              [
                105.666565,
                21.072586
              ],
              [
                105.666563,
                21.072568
              ],
              [
                105.666555,
                21.072552
              ],
              [
                105.666534,
                21.072522
              ],
              [
                105.66651,
                21.072493
              ],
              [
                105.666465,
                21.072459
              ],
              [
                105.666338,
                21.072388
              ],
              [
                105.666296,
                21.072366
              ],
              [
                105.666218,
                21.072325
              ],
              [
                105.665964,
                21.072171
              ],
              [
                105.665609,
                21.071933
              ],
              [
                105.665479,
                21.071852
              ],
              [
                105.665278,
                21.071721
              ],
              [
                105.665141,
                21.071632
              ],
              [
                105.665074,
                21.071587
              ],
              [
                105.664996,
                21.071527
              ],
              [
                105.664963,
                21.071497
              ],
              [
                105.664945,
                21.071473
              ],
              [
                105.664832,
                21.071416
              ],
              [
                105.664764,
                21.071363
              ],
              [
                105.66475,
                21.071353
              ],
              [
                105.664673,
                21.071298
              ],
              [
                105.664617,
                21.07126
              ],
              [
                105.664453,
                21.071145
              ],
              [
                105.664355,
                21.071076
              ],
              [
                105.664284,
                21.071026
              ],
              [
                105.664183,
                21.070942
              ],
              [
                105.664103,
                21.070874
              ],
              [
                105.664036,
                21.070817
              ],
              [
                105.663978,
                21.07075
              ],
              [
                105.663908,
                21.070667
              ],
              [
                105.663858,
                21.070609
              ],
              [
                105.663796,
                21.070536
              ],
              [
                105.663763,
                21.070497
              ],
              [
                105.663756,
                21.070437
              ],
              [
                105.663751,
                21.070395
              ],
              [
                105.663754,
                21.070372
              ],
              [
                105.663769,
                21.07028
              ],
              [
                105.663783,
                21.070193
              ],
              [
                105.663795,
                21.070127
              ],
              [
                105.663821,
                21.070053
              ],
              [
                105.663835,
                21.070013
              ],
              [
                105.663852,
                21.069965
              ],
              [
                105.663862,
                21.069902
              ],
              [
                105.663863,
                21.069868
              ],
              [
                105.663862,
                21.069796
              ],
              [
                105.663862,
                21.069759
              ],
              [
                105.663859,
                21.069684
              ],
              [
                105.663857,
                21.069603
              ],
              [
                105.663855,
                21.069558
              ],
              [
                105.663853,
                21.069498
              ],
              [
                105.663852,
                21.06946
              ],
              [
                105.66385,
                21.069386
              ],
              [
                105.663846,
                21.069267
              ],
              [
                105.663842,
                21.069162
              ],
              [
                105.663834,
                21.068918
              ],
              [
                105.663833,
                21.068881
              ],
              [
                105.663832,
                21.068856
              ],
              [
                105.66384,
                21.068529
              ],
              [
                105.663872,
                21.068347
              ],
              [
                105.663929,
                21.068141
              ],
              [
                105.663993,
                21.06808
              ],
              [
                105.664353,
                21.067982
              ],
              [
                105.664688,
                21.067896
              ],
              [
                105.665104,
                21.06792
              ],
              [
                105.665205,
                21.067934
              ],
              [
                105.665396,
                21.067935
              ],
              [
                105.665492,
                21.067939
              ],
              [
                105.6656,
                21.067984
              ],
              [
                105.665928,
                21.068234
              ],
              [
                105.665982,
                21.068284
              ],
              [
                105.666007,
                21.068302
              ],
              [
                105.666021,
                21.068309
              ],
              [
                105.666043,
                21.068322
              ],
              [
                105.666046,
                21.06832
              ],
              [
                105.666143,
                21.068216
              ],
              [
                105.666373,
                21.067942
              ],
              [
                105.666406,
                21.067905
              ],
              [
                105.666469,
                21.067837
              ],
              [
                105.666612,
                21.06768
              ],
              [
                105.666662,
                21.067623
              ],
              [
                105.666734,
                21.067541
              ],
              [
                105.666714,
                21.067524
              ],
              [
                105.666584,
                21.067399
              ],
              [
                105.666463,
                21.067287
              ],
              [
                105.666442,
                21.067269
              ],
              [
                105.666284,
                21.067149
              ],
              [
                105.666223,
                21.067097
              ],
              [
                105.66578,
                21.066821
              ],
              [
                105.665641,
                21.066696
              ],
              [
                105.665452,
                21.066554
              ],
              [
                105.665328,
                21.066463
              ],
              [
                105.665174,
                21.066401
              ],
              [
                105.665066,
                21.066378
              ],
              [
                105.664922,
                21.066391
              ],
              [
                105.664781,
                21.066429
              ],
              [
                105.6647,
                21.066452
              ],
              [
                105.664592,
                21.066471
              ],
              [
                105.664484,
                21.066445
              ],
              [
                105.664368,
                21.066424
              ],
              [
                105.66411,
                21.066315
              ],
              [
                105.663816,
                21.066177
              ],
              [
                105.66372,
                21.066132
              ],
              [
                105.663705,
                21.066247
              ],
              [
                105.663651,
                21.066425
              ],
              [
                105.66352,
                21.066591
              ],
              [
                105.663344,
                21.066692
              ],
              [
                105.663135,
                21.06681
              ],
              [
                105.663036,
                21.066888
              ],
              [
                105.663016,
                21.066903
              ],
              [
                105.662933,
                21.067056
              ],
              [
                105.662844,
                21.067234
              ],
              [
                105.662743,
                21.067399
              ],
              [
                105.662713,
                21.067448
              ],
              [
                105.662689,
                21.067471
              ],
              [
                105.662611,
                21.067549
              ],
              [
                105.662383,
                21.067747
              ],
              [
                105.662175,
                21.067974
              ],
              [
                105.661976,
                21.068184
              ],
              [
                105.661871,
                21.068313
              ],
              [
                105.661801,
                21.068479
              ],
              [
                105.661782,
                21.068526
              ],
              [
                105.661715,
                21.068697
              ],
              [
                105.661632,
                21.06883
              ],
              [
                105.661533,
                21.069016
              ],
              [
                105.661357,
                21.069352
              ],
              [
                105.661354,
                21.069359
              ],
              [
                105.661351,
                21.069365
              ],
              [
                105.66123,
                21.069605
              ],
              [
                105.661109,
                21.069832
              ],
              [
                105.66108,
                21.069888
              ],
              [
                105.661044,
                21.069938
              ],
              [
                105.660929,
                21.070102
              ],
              [
                105.660795,
                21.070304
              ],
              [
                105.660664,
                21.070534
              ],
              [
                105.660565,
                21.07072
              ],
              [
                105.660497,
                21.070854
              ],
              [
                105.660479,
                21.070889
              ],
              [
                105.660443,
                21.07102
              ],
              [
                105.66041,
                21.071139
              ],
              [
                105.660356,
                21.071381
              ],
              [
                105.660295,
                21.071526
              ],
              [
                105.66019,
                21.071642
              ],
              [
                105.660167,
                21.071668
              ],
              [
                105.660033,
                21.071777
              ],
              [
                105.659824,
                21.071891
              ],
              [
                105.659686,
                21.071948
              ],
              [
                105.659557,
                21.072001
              ],
              [
                105.659474,
                21.072041
              ],
              [
                105.659305,
                21.072134
              ],
              [
                105.659252,
                21.072163
              ],
              [
                105.659193,
                21.072169
              ],
              [
                105.65905,
                21.072184
              ],
              [
                105.65885,
                21.072173
              ],
              [
                105.658631,
                21.072117
              ],
              [
                105.65838,
                21.072033
              ],
              [
                105.658251,
                21.071988
              ],
              [
                105.658199,
                21.07197
              ],
              [
                105.658132,
                21.071925
              ],
              [
                105.658054,
                21.071873
              ],
              [
                105.65787,
                21.071745
              ],
              [
                105.657844,
                21.071726
              ],
              [
                105.65768,
                21.071605
              ],
              [
                105.657508,
                21.071477
              ],
              [
                105.657486,
                21.071461
              ],
              [
                105.657321,
                21.07132
              ],
              [
                105.657155,
                21.071207
              ],
              [
                105.65715,
                21.071204
              ],
              [
                105.657141,
                21.071199
              ],
              [
                105.656925,
                21.071076
              ],
              [
                105.65676,
                21.07096
              ],
              [
                105.656615,
                21.070848
              ],
              [
                105.656589,
                21.070822
              ],
              [
                105.656453,
                21.070687
              ],
              [
                105.656308,
                21.070567
              ],
              [
                105.656114,
                21.070451
              ],
              [
                105.655917,
                21.070331
              ],
              [
                105.655746,
                21.070182
              ],
              [
                105.655543,
                21.070037
              ],
              [
                105.655517,
                21.070018
              ],
              [
                105.655207,
                21.069846
              ],
              [
                105.654883,
                21.069683
              ],
              [
                105.654859,
                21.069671
              ],
              [
                105.654601,
                21.069542
              ],
              [
                105.654284,
                21.069373
              ],
              [
                105.654137,
                21.069294
              ],
              [
                105.654086,
                21.06926
              ],
              [
                105.65373,
                21.069022
              ],
              [
                105.653349,
                21.068797
              ],
              [
                105.653146,
                21.068719
              ],
              [
                105.652872,
                21.068614
              ],
              [
                105.652502,
                21.068511
              ],
              [
                105.652357,
                21.068471
              ],
              [
                105.651603,
                21.068297
              ],
              [
                105.651316,
                21.068255
              ],
              [
                105.651165,
                21.068234
              ],
              [
                105.650754,
                21.06825
              ],
              [
                105.650721,
                21.068252
              ],
              [
                105.650342,
                21.068269
              ],
              [
                105.649904,
                21.068303
              ],
              [
                105.649822,
                21.068316
              ],
              [
                105.649544,
                21.068361
              ],
              [
                105.649399,
                21.068397
              ],
              [
                105.649152,
                21.068459
              ],
              [
                105.648799,
                21.068605
              ],
              [
                105.648484,
                21.068727
              ],
              [
                105.648224,
                21.068886
              ],
              [
                105.64815,
                21.06893
              ],
              [
                105.648062,
                21.069008
              ],
              [
                105.64774,
                21.069294
              ],
              [
                105.647293,
                21.069678
              ],
              [
                105.64724,
                21.069723
              ],
              [
                105.646945,
                21.070023
              ],
              [
                105.646877,
                21.070097
              ],
              [
                105.646828,
                21.070149
              ],
              [
                105.646708,
                21.07028
              ],
              [
                105.646523,
                21.070528
              ],
              [
                105.646462,
                21.07062
              ],
              [
                105.646363,
                21.07077
              ],
              [
                105.646162,
                21.071117
              ],
              [
                105.646082,
                21.071282
              ],
              [
                105.646031,
                21.071388
              ],
              [
                105.645986,
                21.071518
              ],
              [
                105.645981,
                21.071533
              ],
              [
                105.645977,
                21.071544
              ],
              [
                105.645945,
                21.071638
              ],
              [
                105.645918,
                21.071742
              ],
              [
                105.645903,
                21.0718
              ],
              [
                105.645886,
                21.071861
              ],
              [
                105.645835,
                21.072194
              ],
              [
                105.64581,
                21.07242
              ],
              [
                105.645748,
                21.072976
              ],
              [
                105.64572,
                21.073242
              ],
              [
                105.645692,
                21.073507
              ],
              [
                105.64568,
                21.073621
              ],
              [
                105.645632,
                21.07388
              ],
              [
                105.645592,
                21.074097
              ],
              [
                105.645478,
                21.0745
              ],
              [
                105.645287,
                21.074789
              ],
              [
                105.645248,
                21.074848
              ],
              [
                105.645165,
                21.075049
              ],
              [
                105.645159,
                21.075073
              ],
              [
                105.645117,
                21.075233
              ],
              [
                105.645114,
                21.075245
              ],
              [
                105.64511,
                21.075272
              ],
              [
                105.645106,
                21.075299
              ],
              [
                105.645106,
                21.075309
              ],
              [
                105.645105,
                21.075369
              ],
              [
                105.645104,
                21.075471
              ],
              [
                105.645098,
                21.075923
              ],
              [
                105.645138,
                21.076663
              ],
              [
                105.645139,
                21.076679
              ],
              [
                105.645138,
                21.076684
              ],
              [
                105.645169,
                21.07927
              ],
              [
                105.645228,
                21.080095
              ],
              [
                105.645298,
                21.08091
              ],
              [
                105.645441,
                21.082128
              ],
              [
                105.645441,
                21.082139
              ],
              [
                105.645441,
                21.082176
              ],
              [
                105.645418,
                21.082241
              ],
              [
                105.645357,
                21.08235
              ],
              [
                105.645184,
                21.082759
              ],
              [
                105.645135,
                21.083003
              ],
              [
                105.64509,
                21.08341
              ],
              [
                105.64511,
                21.083944
              ],
              [
                105.64506,
                21.084558
              ],
              [
                105.645053,
                21.085055
              ],
              [
                105.645021,
                21.085584
              ],
              [
                105.644968,
                21.086062
              ],
              [
                105.645058,
                21.086483
              ],
              [
                105.645298,
                21.087157
              ],
              [
                105.645329,
                21.087235
              ],
              [
                105.645344,
                21.08727
              ],
              [
                105.645372,
                21.087339
              ],
              [
                105.64538,
                21.087358
              ],
              [
                105.645553,
                21.087798
              ],
              [
                105.645831,
                21.088098
              ],
              [
                105.64607,
                21.088245
              ],
              [
                105.646404,
                21.088403
              ],
              [
                105.64671,
                21.088623
              ],
              [
                105.646847,
                21.088829
              ],
              [
                105.647023,
                21.089071
              ],
              [
                105.647223,
                21.089435
              ],
              [
                105.647372,
                21.089932
              ],
              [
                105.647432,
                21.090406
              ],
              [
                105.647404,
                21.090751
              ],
              [
                105.647324,
                21.091042
              ],
              [
                105.647178,
                21.09131
              ],
              [
                105.64707,
                21.091576
              ],
              [
                105.647388,
                21.091716
              ],
              [
                105.647713,
                21.091859
              ],
              [
                105.648954,
                21.092297
              ],
              [
                105.649298,
                21.092421
              ],
              [
                105.649277,
                21.092476
              ],
              [
                105.649104,
                21.093061
              ],
              [
                105.649039,
                21.093263
              ],
              [
                105.649309,
                21.093392
              ],
              [
                105.649429,
                21.093246
              ],
              [
                105.649427,
                21.093208
              ],
              [
                105.64942,
                21.093188
              ],
              [
                105.64939,
                21.093148
              ],
              [
                105.64939,
                21.093133
              ],
              [
                105.649427,
                21.093082
              ],
              [
                105.649564,
                21.092924
              ],
              [
                105.649686,
                21.09277
              ],
              [
                105.650136,
                21.092895
              ],
              [
                105.650185,
                21.092905
              ],
              [
                105.650561,
                21.093026
              ],
              [
                105.650763,
                21.093132
              ],
              [
                105.650963,
                21.093242
              ],
              [
                105.651077,
                21.093318
              ],
              [
                105.651243,
                21.093452
              ],
              [
                105.65181,
                21.09396
              ],
              [
                105.651888,
                21.093998
              ],
              [
                105.651939,
                21.094077
              ],
              [
                105.651971,
                21.094107
              ],
              [
                105.652042,
                21.094188
              ],
              [
                105.652046,
                21.094193
              ],
              [
                105.652125,
                21.094268
              ],
              [
                105.652164,
                21.094324
              ],
              [
                105.652273,
                21.09451
              ],
              [
                105.652491,
                21.094837
              ],
              [
                105.652525,
                21.094889
              ],
              [
                105.652628,
                21.095041
              ],
              [
                105.652729,
                21.095169
              ],
              [
                105.652729,
                21.095169
              ],
              [
                105.652844,
                21.095383
              ],
              [
                105.652911,
                21.095507
              ],
              [
                105.653173,
                21.096034
              ],
              [
                105.653269,
                21.096248
              ],
              [
                105.653755,
                21.097289
              ],
              [
                105.653965,
                21.097613
              ],
              [
                105.654032,
                21.097714
              ],
              [
                105.653997,
                21.097733
              ],
              [
                105.653997,
                21.097738
              ],
              [
                105.653995,
                21.097749
              ],
              [
                105.653997,
                21.097784
              ],
              [
                105.654065,
                21.097943
              ],
              [
                105.654148,
                21.098131
              ],
              [
                105.654258,
                21.098372
              ],
              [
                105.654342,
                21.098566
              ],
              [
                105.654438,
                21.098792
              ],
              [
                105.65445,
                21.098822
              ],
              [
                105.654492,
                21.098913
              ],
              [
                105.654507,
                21.098962
              ],
              [
                105.654508,
                21.098964
              ],
              [
                105.654587,
                21.099225
              ],
              [
                105.654713,
                21.099571
              ],
              [
                105.654894,
                21.099762
              ],
              [
                105.654937,
                21.099843
              ],
              [
                105.65498,
                21.099966
              ],
              [
                105.655044,
                21.100101
              ],
              [
                105.655054,
                21.100136
              ],
              [
                105.655083,
                21.100177
              ],
              [
                105.655096,
                21.100224
              ],
              [
                105.655099,
                21.100265
              ],
              [
                105.655086,
                21.100273
              ],
              [
                105.655096,
                21.100308
              ],
              [
                105.655119,
                21.100321
              ],
              [
                105.655161,
                21.100323
              ],
              [
                105.655181,
                21.100334
              ],
              [
                105.655184,
                21.100376
              ],
              [
                105.655172,
                21.100402
              ],
              [
                105.655066,
                21.100627
              ],
              [
                105.655018,
                21.10073
              ],
              [
                105.654905,
                21.100849
              ],
              [
                105.654883,
                21.100869
              ],
              [
                105.65475,
                21.100995
              ],
              [
                105.65474,
                21.101004
              ],
              [
                105.654645,
                21.100952
              ],
              [
                105.654631,
                21.100944
              ],
              [
                105.654502,
                21.100872
              ],
              [
                105.653594,
                21.100459
              ],
              [
                105.6532,
                21.100242
              ],
              [
                105.652951,
                21.100117
              ],
              [
                105.652888,
                21.100066
              ],
              [
                105.65226,
                21.100481
              ],
              [
                105.651887,
                21.100732
              ],
              [
                105.650701,
                21.101529
              ],
              [
                105.650687,
                21.101538
              ],
              [
                105.650604,
                21.101593
              ],
              [
                105.650231,
                21.101839
              ],
              [
                105.650162,
                21.101885
              ],
              [
                105.649982,
                21.10203
              ],
              [
                105.649806,
                21.102205
              ],
              [
                105.649735,
                21.102302
              ],
              [
                105.649691,
                21.102403
              ],
              [
                105.649689,
                21.102407
              ],
              [
                105.64968,
                21.102428
              ],
              [
                105.649504,
                21.102862
              ],
              [
                105.649398,
                21.103183
              ],
              [
                105.649241,
                21.103648
              ],
              [
                105.64908,
                21.104073
              ],
              [
                105.648944,
                21.104445
              ],
              [
                105.648883,
                21.104619
              ],
              [
                105.648775,
                21.104883
              ],
              [
                105.648676,
                21.10513
              ],
              [
                105.648534,
                21.105437
              ],
              [
                105.648495,
                21.105515
              ],
              [
                105.648563,
                21.105513
              ],
              [
                105.64862,
                21.105518
              ],
              [
                105.648659,
                21.105522
              ],
              [
                105.64878,
                21.105524
              ],
              [
                105.648886,
                21.105531
              ],
              [
                105.648979,
                21.105544
              ],
              [
                105.649104,
                21.105551
              ],
              [
                105.649176,
                21.105556
              ],
              [
                105.649385,
                21.105576
              ],
              [
                105.64945,
                21.105581
              ],
              [
                105.649465,
                21.105581
              ],
              [
                105.649652,
                21.105614
              ],
              [
                105.649745,
                21.105641
              ],
              [
                105.649754,
                21.105645
              ],
              [
                105.649756,
                21.105651
              ],
              [
                105.64983,
                21.105678
              ],
              [
                105.649902,
                21.105705
              ],
              [
                105.649954,
                21.105729
              ],
              [
                105.650051,
                21.105769
              ],
              [
                105.650096,
                21.105786
              ],
              [
                105.650121,
                21.105795
              ],
              [
                105.650199,
                21.105831
              ],
              [
                105.650217,
                21.105853
              ],
              [
                105.650283,
                21.105881
              ],
              [
                105.650387,
                21.10594
              ],
              [
                105.650435,
                21.105968
              ],
              [
                105.650453,
                21.105975
              ],
              [
                105.650464,
                21.10598
              ],
              [
                105.650511,
                21.106
              ],
              [
                105.650596,
                21.106037
              ],
              [
                105.650701,
                21.106069
              ],
              [
                105.6509,
                21.106122
              ],
              [
                105.651179,
                21.106194
              ],
              [
                105.651326,
                21.106237
              ],
              [
                105.651547,
                21.106292
              ],
              [
                105.651653,
                21.106319
              ],
              [
                105.65191,
                21.106386
              ],
              [
                105.652083,
                21.106432
              ],
              [
                105.652174,
                21.106456
              ],
              [
                105.652461,
                21.106533
              ],
              [
                105.652698,
                21.106597
              ],
              [
                105.652723,
                21.106604
              ],
              [
                105.652596,
                21.106903
              ],
              [
                105.652513,
                21.107099
              ],
              [
                105.652452,
                21.107243
              ],
              [
                105.652294,
                21.107614
              ],
              [
                105.652516,
                21.107715
              ],
              [
                105.653152,
                21.108005
              ],
              [
                105.653166,
                21.108003
              ],
              [
                105.653172,
                21.108002
              ],
              [
                105.653416,
                21.107965
              ],
              [
                105.65362,
                21.107957
              ],
              [
                105.653819,
                21.107984
              ],
              [
                105.654056,
                21.108049
              ],
              [
                105.65407,
                21.108053
              ],
              [
                105.654337,
                21.108129
              ],
              [
                105.654636,
                21.108194
              ],
              [
                105.654779,
                21.108207
              ],
              [
                105.654921,
                21.108221
              ],
              [
                105.655009,
                21.108262
              ],
              [
                105.655016,
                21.108278
              ],
              [
                105.655091,
                21.108312
              ],
              [
                105.655287,
                21.108344
              ],
              [
                105.655498,
                21.108411
              ],
              [
                105.655505,
                21.108413
              ],
              [
                105.65565,
                21.108454
              ],
              [
                105.655727,
                21.108476
              ],
              [
                105.655965,
                21.107994
              ],
              [
                105.656202,
                21.107515
              ],
              [
                105.656178,
                21.107507
              ],
              [
                105.656595,
                21.106907
              ],
              [
                105.656776,
                21.106699
              ],
              [
                105.656821,
                21.106648
              ],
              [
                105.656946,
                21.106331
              ],
              [
                105.656961,
                21.106308
              ],
              [
                105.656988,
                21.106265
              ],
              [
                105.657023,
                21.106205
              ],
              [
                105.657058,
                21.106145
              ],
              [
                105.657108,
                21.106063
              ],
              [
                105.657149,
                21.105993
              ],
              [
                105.657184,
                21.105931
              ],
              [
                105.65722,
                21.105868
              ],
              [
                105.657248,
                21.105823
              ],
              [
                105.657282,
                21.105761
              ],
              [
                105.657321,
                21.105695
              ],
              [
                105.657367,
                21.10562
              ],
              [
                105.657413,
                21.105542
              ],
              [
                105.657465,
                21.105459
              ],
              [
                105.657513,
                21.105379
              ],
              [
                105.657564,
                21.105296
              ],
              [
                105.657607,
                21.105224
              ],
              [
                105.657635,
                21.105177
              ],
              [
                105.657669,
                21.105123
              ],
              [
                105.657701,
                21.105069
              ],
              [
                105.657725,
                21.105034
              ],
              [
                105.657756,
                21.105004
              ],
              [
                105.657789,
                21.104948
              ],
              [
                105.657811,
                21.10491
              ],
              [
                105.65786,
                21.104837
              ],
              [
                105.657908,
                21.104761
              ],
              [
                105.657941,
                21.104711
              ],
              [
                105.657996,
                21.104625
              ],
              [
                105.658045,
                21.104549
              ],
              [
                105.658082,
                21.104492
              ],
              [
                105.658134,
                21.104408
              ],
              [
                105.658198,
                21.104303
              ],
              [
                105.658311,
                21.10412
              ],
              [
                105.658366,
                21.104029
              ],
              [
                105.658383,
                21.104001
              ],
              [
                105.658467,
                21.103864
              ],
              [
                105.658636,
                21.10358
              ],
              [
                105.658723,
                21.103434
              ],
              [
                105.658819,
                21.103272
              ],
              [
                105.658853,
                21.103215
              ],
              [
                105.658883,
                21.103183
              ],
              [
                105.659043,
                21.102905
              ],
              [
                105.659121,
                21.102759
              ],
              [
                105.65917,
                21.102691
              ],
              [
                105.659183,
                21.102668
              ],
              [
                105.659262,
                21.102551
              ],
              [
                105.659352,
                21.102427
              ],
              [
                105.659443,
                21.102322
              ],
              [
                105.659595,
                21.102146
              ],
              [
                105.659688,
                21.102034
              ],
              [
                105.659697,
                21.102025
              ],
              [
                105.65972,
                21.102002
              ],
              [
                105.659751,
                21.101965
              ],
              [
                105.659697,
                21.101916
              ],
              [
                105.659599,
                21.101811
              ],
              [
                105.65955,
                21.101754
              ],
              [
                105.659518,
                21.101712
              ],
              [
                105.659455,
                21.101608
              ],
              [
                105.659438,
                21.101566
              ],
              [
                105.659419,
                21.101478
              ],
              [
                105.659416,
                21.101342
              ],
              [
                105.659431,
                21.101132
              ],
              [
                105.659467,
                21.100929
              ],
              [
                105.659529,
                21.100711
              ],
              [
                105.659617,
                21.100438
              ],
              [
                105.659698,
                21.100203
              ],
              [
                105.659776,
                21.100027
              ],
              [
                105.659892,
                21.099718
              ],
              [
                105.659956,
                21.099535
              ],
              [
                105.660014,
                21.099283
              ],
              [
                105.660145,
                21.098858
              ],
              [
                105.660232,
                21.098552
              ],
              [
                105.660324,
                21.098172
              ],
              [
                105.660346,
                21.098064
              ],
              [
                105.6605,
                21.098119
              ],
              [
                105.660701,
                21.098193
              ],
              [
                105.66076,
                21.098219
              ],
              [
                105.660809,
                21.09824
              ],
              [
                105.660828,
                21.098248
              ],
              [
                105.660837,
                21.098252
              ],
              [
                105.660845,
                21.098257
              ],
              [
                105.660875,
                21.09828
              ],
              [
                105.66094,
                21.09832
              ],
              [
                105.660958,
                21.098332
              ],
              [
                105.660979,
                21.098344
              ],
              [
                105.661031,
                21.098368
              ],
              [
                105.661107,
                21.098407
              ],
              [
                105.661253,
                21.098481
              ],
              [
                105.661295,
                21.098504
              ],
              [
                105.661318,
                21.098514
              ],
              [
                105.661351,
                21.098534
              ],
              [
                105.661454,
                21.098581
              ],
              [
                105.661735,
                21.09872
              ],
              [
                105.661879,
                21.098801
              ],
              [
                105.661941,
                21.098836
              ],
              [
                105.661961,
                21.09885
              ],
              [
                105.662095,
                21.098934
              ],
              [
                105.662583,
                21.099221
              ],
              [
                105.662748,
                21.099323
              ],
              [
                105.662876,
                21.099401
              ],
              [
                105.662926,
                21.099432
              ],
              [
                105.663239,
                21.09962
              ],
              [
                105.663486,
                21.099768
              ],
              [
                105.663729,
                21.099916
              ],
              [
                105.663736,
                21.099918
              ],
              [
                105.663748,
                21.099915
              ],
              [
                105.663883,
                21.099805
              ],
              [
                105.663999,
                21.099703
              ],
              [
                105.664014,
                21.099687
              ],
              [
                105.664169,
                21.099893
              ],
              [
                105.664388,
                21.100209
              ],
              [
                105.664518,
                21.100127
              ],
              [
                105.664525,
                21.100138
              ],
              [
                105.66494,
                21.100548
              ],
              [
                105.665168,
                21.100993
              ],
              [
                105.66601,
                21.101499
              ],
              [
                105.666046,
                21.101558
              ],
              [
                105.666762,
                21.101162
              ],
              [
                105.666488,
                21.100745
              ],
              [
                105.666673,
                21.100633
              ],
              [
                105.667053,
                21.100426
              ],
              [
                105.667116,
                21.100389
              ],
              [
                105.667118,
                21.100387
              ],
              [
                105.667132,
                21.10037
              ],
              [
                105.667141,
                21.100364
              ],
              [
                105.667172,
                21.100345
              ],
              [
                105.667238,
                21.100311
              ],
              [
                105.667287,
                21.100285
              ],
              [
                105.667313,
                21.100273
              ],
              [
                105.667313,
                21.100273
              ],
              [
                105.667352,
                21.100257
              ],
              [
                105.667432,
                21.100229
              ],
              [
                105.667451,
                21.100225
              ],
              [
                105.667464,
                21.100227
              ],
              [
                105.667476,
                21.100231
              ],
              [
                105.667487,
                21.100238
              ],
              [
                105.667499,
                21.100252
              ],
              [
                105.667514,
                21.100263
              ],
              [
                105.667522,
                21.100267
              ],
              [
                105.667527,
                21.100267
              ],
              [
                105.667539,
                21.100263
              ],
              [
                105.667656,
                21.100216
              ],
              [
                105.667775,
                21.10017
              ],
              [
                105.667814,
                21.100155
              ],
              [
                105.667853,
                21.100141
              ],
              [
                105.668263,
                21.100018
              ],
              [
                105.668373,
                21.100313
              ],
              [
                105.668836,
                21.100747
              ],
              [
                105.668847,
                21.100755
              ],
              [
                105.668951,
                21.100702
              ],
              [
                105.669011,
                21.100667
              ],
              [
                105.66908,
                21.10063
              ],
              [
                105.66913,
                21.100594
              ],
              [
                105.669158,
                21.100576
              ],
              [
                105.669194,
                21.100544
              ],
              [
                105.669223,
                21.100516
              ],
              [
                105.669257,
                21.100486
              ],
              [
                105.669288,
                21.100464
              ],
              [
                105.66937,
                21.10042
              ],
              [
                105.669446,
                21.100387
              ],
              [
                105.669495,
                21.100362
              ],
              [
                105.669518,
                21.100356
              ],
              [
                105.669558,
                21.100359
              ],
              [
                105.669631,
                21.100369
              ],
              [
                105.669736,
                21.100383
              ],
              [
                105.669771,
                21.100387
              ],
              [
                105.66979,
                21.100386
              ],
              [
                105.669849,
                21.100368
              ],
              [
                105.669924,
                21.100331
              ],
              [
                105.669989,
                21.100295
              ],
              [
                105.67008,
                21.100235
              ],
              [
                105.67015,
                21.100191
              ],
              [
                105.670244,
                21.100129
              ],
              [
                105.670354,
                21.100069
              ],
              [
                105.670427,
                21.100029
              ],
              [
                105.67044,
                21.100024
              ],
              [
                105.670481,
                21.100015
              ],
              [
                105.670533,
                21.100002
              ],
              [
                105.670604,
                21.099976
              ],
              [
                105.67067,
                21.09995
              ],
              [
                105.670707,
                21.099941
              ],
              [
                105.670732,
                21.09994
              ],
              [
                105.670758,
                21.099941
              ],
              [
                105.670778,
                21.099945
              ],
              [
                105.670806,
                21.099956
              ],
              [
                105.670858,
                21.099986
              ],
              [
                105.670911,
                21.100017
              ],
              [
                105.670977,
                21.100051
              ],
              [
                105.671039,
                21.100084
              ],
              [
                105.671088,
                21.1001
              ],
              [
                105.67111,
                21.100111
              ],
              [
                105.671133,
                21.100127
              ],
              [
                105.671168,
                21.100153
              ],
              [
                105.671264,
                21.100248
              ],
              [
                105.671358,
                21.100343
              ],
              [
                105.671416,
                21.100568
              ],
              [
                105.67143,
                21.100792
              ],
              [
                105.671463,
                21.101157
              ],
              [
                105.671472,
                21.101164
              ],
              [
                105.671508,
                21.101196
              ],
              [
                105.671487,
                21.101227
              ],
              [
                105.671468,
                21.101256
              ],
              [
                105.671462,
                21.101265
              ],
              [
                105.67146,
                21.10129
              ],
              [
                105.671478,
                21.101309
              ],
              [
                105.671416,
                21.101412
              ],
              [
                105.671447,
                21.1015
              ],
              [
                105.671469,
                21.101569
              ],
              [
                105.671491,
                21.101609
              ],
              [
                105.671492,
                21.101629
              ],
              [
                105.671483,
                21.101654
              ],
              [
                105.671467,
                21.101732
              ],
              [
                105.67147,
                21.101785
              ],
              [
                105.67149,
                21.101878
              ],
              [
                105.671527,
                21.102032
              ],
              [
                105.67155,
                21.102073
              ],
              [
                105.671549,
                21.102231
              ],
              [
                105.671575,
                21.102355
              ],
              [
                105.671592,
                21.10245
              ],
              [
                105.671621,
                21.102539
              ],
              [
                105.671938,
                21.103183
              ],
              [
                105.671994,
                21.103319
              ],
              [
                105.672004,
                21.10334
              ],
              [
                105.672241,
                21.103875
              ],
              [
                105.672551,
                21.104507
              ],
              [
                105.672762,
                21.104999
              ],
              [
                105.672791,
                21.105153
              ],
              [
                105.672812,
                21.105309
              ],
              [
                105.672831,
                21.105354
              ],
              [
                105.672896,
                21.105515
              ],
              [
                105.672922,
                21.105795
              ],
              [
                105.67292,
                21.105848
              ],
              [
                105.6729,
                21.105957
              ],
              [
                105.672863,
                21.106149
              ],
              [
                105.672806,
                21.106386
              ],
              [
                105.6728,
                21.106428
              ],
              [
                105.672685,
                21.106422
              ],
              [
                105.672008,
                21.106421
              ],
              [
                105.671636,
                21.106427
              ],
              [
                105.671299,
                21.106428
              ],
              [
                105.670897,
                21.106415
              ],
              [
                105.670675,
                21.106425
              ],
              [
                105.670348,
                21.106448
              ],
              [
                105.670001,
                21.106495
              ],
              [
                105.669614,
                21.106582
              ],
              [
                105.669228,
                21.10667
              ],
              [
                105.668819,
                21.106756
              ],
              [
                105.668571,
                21.106823
              ],
              [
                105.668284,
                21.106926
              ],
              [
                105.667988,
                21.107043
              ],
              [
                105.667653,
                21.107189
              ],
              [
                105.667213,
                21.107358
              ],
              [
                105.667113,
                21.107397
              ],
              [
                105.666965,
                21.107455
              ],
              [
                105.666724,
                21.107536
              ],
              [
                105.666509,
                21.107596
              ],
              [
                105.666337,
                21.10762
              ],
              [
                105.666182,
                21.107626
              ],
              [
                105.665941,
                21.10761
              ],
              [
                105.665722,
                21.107574
              ],
              [
                105.665645,
                21.107552
              ],
              [
                105.665706,
                21.1076
              ],
              [
                105.665824,
                21.107664
              ],
              [
                105.665884,
                21.1077
              ],
              [
                105.665911,
                21.10773
              ],
              [
                105.665952,
                21.107785
              ],
              [
                105.665985,
                21.107862
              ],
              [
                105.665995,
                21.107879
              ],
              [
                105.666039,
                21.107953
              ],
              [
                105.666036,
                21.107955
              ],
              [
                105.666028,
                21.107962
              ],
              [
                105.665651,
                21.108279
              ],
              [
                105.665621,
                21.108304
              ],
              [
                105.665365,
                21.108521
              ],
              [
                105.665346,
                21.108537
              ],
              [
                105.66492,
                21.10889
              ],
              [
                105.664901,
                21.108906
              ],
              [
                105.664602,
                21.109169
              ],
              [
                105.664535,
                21.109223
              ],
              [
                105.664534,
                21.109223
              ],
              [
                105.664518,
                21.109237
              ],
              [
                105.664506,
                21.109245
              ],
              [
                105.664491,
                21.109256
              ],
              [
                105.664499,
                21.109265
              ],
              [
                105.664613,
                21.10941
              ],
              [
                105.664772,
                21.109654
              ],
              [
                105.664771,
                21.109703
              ],
              [
                105.66475,
                21.109727
              ],
              [
                105.664721,
                21.109751
              ],
              [
                105.664469,
                21.109934
              ],
              [
                105.664389,
                21.110006
              ],
              [
                105.66472,
                21.110236
              ],
              [
                105.664793,
                21.110294
              ],
              [
                105.664829,
                21.11032
              ],
              [
                105.664855,
                21.11034
              ],
              [
                105.665077,
                21.110506
              ],
              [
                105.665082,
                21.110539
              ],
              [
                105.665093,
                21.110578
              ],
              [
                105.665103,
                21.110608
              ],
              [
                105.665107,
                21.110621
              ],
              [
                105.665109,
                21.110627
              ],
              [
                105.665117,
                21.110652
              ],
              [
                105.66525,
                21.11087
              ],
              [
                105.665372,
                21.111001
              ],
              [
                105.665399,
                21.111031
              ],
              [
                105.665412,
                21.111044
              ],
              [
                105.665261,
                21.11117
              ],
              [
                105.665609,
                21.111977
              ],
              [
                105.66571,
                21.112277
              ],
              [
                105.665855,
                21.112562
              ],
              [
                105.666065,
                21.11295
              ],
              [
                105.666087,
                21.11299
              ],
              [
                105.666176,
                21.113324
              ],
              [
                105.666278,
                21.1136
              ],
              [
                105.666458,
                21.113837
              ],
              [
                105.666542,
                21.113953
              ],
              [
                105.666676,
                21.114137
              ],
              [
                105.666736,
                21.114207
              ],
              [
                105.666822,
                21.114307
              ],
              [
                105.666871,
                21.114346
              ],
              [
                105.667054,
                21.114502
              ],
              [
                105.666951,
                21.114725
              ],
              [
                105.666812,
                21.115096
              ],
              [
                105.666799,
                21.115173
              ],
              [
                105.666677,
                21.115516
              ],
              [
                105.666581,
                21.115831
              ],
              [
                105.666579,
                21.11584
              ],
              [
                105.66651,
                21.116072
              ],
              [
                105.666508,
                21.116077
              ],
              [
                105.666498,
                21.116099
              ],
              [
                105.66646,
                21.116196
              ],
              [
                105.666417,
                21.116305
              ],
              [
                105.666236,
                21.116818
              ],
              [
                105.666218,
                21.116868
              ],
              [
                105.665943,
                21.117708
              ],
              [
                105.665857,
                21.117968
              ],
              [
                105.665656,
                21.118554
              ],
              [
                105.665499,
                21.119014
              ],
              [
                105.665753,
                21.11911
              ],
              [
                105.665938,
                21.119182
              ],
              [
                105.666097,
                21.119247
              ],
              [
                105.666264,
                21.119306
              ],
              [
                105.666413,
                21.119371
              ],
              [
                105.66652,
                21.119403
              ],
              [
                105.666842,
                21.119532
              ],
              [
                105.667241,
                21.119688
              ],
              [
                105.667539,
                21.119802
              ],
              [
                105.667594,
                21.119833
              ],
              [
                105.667627,
                21.119894
              ],
              [
                105.668118,
                21.119771
              ],
              [
                105.668549,
                21.11967
              ],
              [
                105.668631,
                21.119649
              ],
              [
                105.668714,
                21.119627
              ],
              [
                105.668813,
                21.119602
              ],
              [
                105.668918,
                21.119576
              ],
              [
                105.669035,
                21.119547
              ],
              [
                105.669085,
                21.119535
              ],
              [
                105.669158,
                21.119517
              ],
              [
                105.669259,
                21.119492
              ],
              [
                105.669266,
                21.11949
              ],
              [
                105.669275,
                21.119488
              ],
              [
                105.669278,
                21.119487
              ],
              [
                105.66954,
                21.119418
              ],
              [
                105.669679,
                21.119419
              ],
              [
                105.669662,
                21.119443
              ],
              [
                105.669622,
                21.11948
              ],
              [
                105.669608,
                21.119491
              ],
              [
                105.669583,
                21.119509
              ],
              [
                105.669553,
                21.119543
              ],
              [
                105.669404,
                21.119714
              ],
              [
                105.669351,
                21.119776
              ],
              [
                105.669351,
                21.119776
              ],
              [
                105.669574,
                21.119991
              ],
              [
                105.66997,
                21.120348
              ],
              [
                105.669993,
                21.120371
              ],
              [
                105.670014,
                21.12039
              ],
              [
                105.67007,
                21.120439
              ],
              [
                105.670089,
                21.120456
              ],
              [
                105.670136,
                21.120502
              ],
              [
                105.670144,
                21.120513
              ],
              [
                105.669844,
                21.120886
              ],
              [
                105.669814,
                21.120928
              ],
              [
                105.669787,
                21.120964
              ],
              [
                105.669762,
                21.121
              ],
              [
                105.669755,
                21.121011
              ],
              [
                105.669741,
                21.121033
              ],
              [
                105.669726,
                21.121068
              ],
              [
                105.669706,
                21.121123
              ],
              [
                105.669655,
                21.121251
              ],
              [
                105.669613,
                21.12137
              ],
              [
                105.669598,
                21.121406
              ],
              [
                105.669527,
                21.121587
              ],
              [
                105.669476,
                21.121726
              ],
              [
                105.669442,
                21.121809
              ],
              [
                105.670026,
                21.122023
              ],
              [
                105.67062,
                21.122293
              ],
              [
                105.670838,
                21.122393
              ],
              [
                105.671068,
                21.122499
              ],
              [
                105.67129,
                21.122602
              ],
              [
                105.671726,
                21.122805
              ],
              [
                105.67205,
                21.122932
              ],
              [
                105.672251,
                21.12301
              ],
              [
                105.672285,
                21.122982
              ],
              [
                105.672452,
                21.122843
              ],
              [
                105.672849,
                21.122506
              ],
              [
                105.673237,
                21.122168
              ],
              [
                105.673755,
                21.121725
              ],
              [
                105.673715,
                21.121665
              ],
              [
                105.673365,
                21.121097
              ],
              [
                105.67297,
                21.120375
              ],
              [
                105.672854,
                21.120174
              ],
              [
                105.672771,
                21.120021
              ],
              [
                105.672747,
                21.119995
              ],
              [
                105.672722,
                21.119978
              ],
              [
                105.672698,
                21.119963
              ],
              [
                105.672691,
                21.119959
              ],
              [
                105.672756,
                21.119856
              ],
              [
                105.672698,
                21.119778
              ],
              [
                105.672619,
                21.119668
              ],
              [
                105.672556,
                21.119543
              ],
              [
                105.672552,
                21.119525
              ],
              [
                105.672588,
                21.119437
              ],
              [
                105.6726,
                21.119411
              ],
              [
                105.672616,
                21.119376
              ],
              [
                105.672657,
                21.119286
              ],
              [
                105.672683,
                21.11923
              ],
              [
                105.672713,
                21.119168
              ],
              [
                105.672746,
                21.119097
              ],
              [
                105.672787,
                21.119009
              ],
              [
                105.672814,
                21.118952
              ],
              [
                105.672832,
                21.118913
              ],
              [
                105.672853,
                21.11887
              ],
              [
                105.672883,
                21.118809
              ],
              [
                105.672906,
                21.118755
              ],
              [
                105.672918,
                21.118728
              ],
              [
                105.672932,
                21.118691
              ],
              [
                105.672943,
                21.118652
              ],
              [
                105.672958,
                21.118543
              ],
              [
                105.673856,
                21.117816
              ],
              [
                105.674276,
                21.11747
              ],
              [
                105.674411,
                21.117359
              ],
              [
                105.674579,
                21.11722
              ],
              [
                105.67486,
                21.117008
              ],
              [
                105.674881,
                21.116992
              ],
              [
                105.674872,
                21.116986
              ],
              [
                105.67476,
                21.116899
              ],
              [
                105.67516,
                21.116583
              ],
              [
                105.675541,
                21.116283
              ],
              [
                105.675725,
                21.116151
              ],
              [
                105.675801,
                21.11611
              ],
              [
                105.676083,
                21.115938
              ],
              [
                105.676489,
                21.115701
              ],
              [
                105.67661,
                21.115888
              ],
              [
                105.676711,
                21.116042
              ],
              [
                105.676837,
                21.116098
              ],
              [
                105.676856,
                21.116129
              ],
              [
                105.676884,
                21.116115
              ],
              [
                105.676937,
                21.116086
              ],
              [
                105.677089,
                21.116004
              ],
              [
                105.677243,
                21.115925
              ],
              [
                105.67732,
                21.115888
              ],
              [
                105.677377,
                21.11586
              ],
              [
                105.677429,
                21.115837
              ],
              [
                105.677507,
                21.1158
              ],
              [
                105.677551,
                21.115778
              ],
              [
                105.677667,
                21.115724
              ],
              [
                105.677715,
                21.115701
              ],
              [
                105.677755,
                21.115683
              ],
              [
                105.677806,
                21.115658
              ],
              [
                105.677866,
                21.11563
              ],
              [
                105.677928,
                21.115601
              ],
              [
                105.678016,
                21.115561
              ],
              [
                105.678091,
                21.115526
              ],
              [
                105.678159,
                21.115495
              ],
              [
                105.67823,
                21.115459
              ],
              [
                105.678394,
                21.115371
              ],
              [
                105.678505,
                21.115309
              ],
              [
                105.678523,
                21.115292
              ],
              [
                105.678538,
                21.115276
              ],
              [
                105.678542,
                21.115264
              ],
              [
                105.678537,
                21.11525
              ],
              [
                105.678495,
                21.115173
              ],
              [
                105.678475,
                21.115136
              ],
              [
                105.678487,
                21.115129
              ],
              [
                105.678968,
                21.114894
              ],
              [
                105.67976,
                21.114495
              ],
              [
                105.679758,
                21.114492
              ],
              [
                105.679686,
                21.114371
              ],
              [
                105.679661,
                21.114333
              ],
              [
                105.679655,
                21.114324
              ],
              [
                105.679615,
                21.114257
              ],
              [
                105.679544,
                21.114144
              ],
              [
                105.679761,
                21.114016
              ],
              [
                105.679725,
                21.11395
              ],
              [
                105.67921,
                21.112985
              ],
              [
                105.678761,
                21.112196
              ],
              [
                105.678847,
                21.112101
              ],
              [
                105.678967,
                21.111933
              ],
              [
                105.679272,
                21.111537
              ],
              [
                105.679668,
                21.111016
              ],
              [
                105.679895,
                21.110712
              ],
              [
                105.680001,
                21.110576
              ],
              [
                105.680222,
                21.110274
              ],
              [
                105.680338,
                21.110118
              ],
              [
                105.680405,
                21.110024
              ],
              [
                105.680467,
                21.109942
              ],
              [
                105.680649,
                21.109726
              ],
              [
                105.680831,
                21.109517
              ],
              [
                105.680832,
                21.109516
              ],
              [
                105.68084,
                21.109533
              ],
              [
                105.680859,
                21.109569
              ],
              [
                105.680861,
                21.109574
              ],
              [
                105.680878,
                21.109607
              ],
              [
                105.680907,
                21.109663
              ],
              [
                105.680912,
                21.109674
              ],
              [
                105.680946,
                21.109738
              ],
              [
                105.680983,
                21.109807
              ],
              [
                105.681006,
                21.109852
              ],
              [
                105.681029,
                21.109895
              ],
              [
                105.681044,
                21.109925
              ],
              [
                105.681081,
                21.109998
              ],
              [
                105.681118,
                21.110069
              ],
              [
                105.681137,
                21.110106
              ],
              [
                105.681182,
                21.110195
              ],
              [
                105.681215,
                21.110259
              ],
              [
                105.681231,
                21.110289
              ],
              [
                105.681244,
                21.110315
              ],
              [
                105.681277,
                21.110381
              ],
              [
                105.681286,
                21.110398
              ],
              [
                105.681327,
                21.110476
              ],
              [
                105.681345,
                21.110513
              ],
              [
                105.681385,
                21.110589
              ],
              [
                105.681406,
                21.110631
              ],
              [
                105.68141,
                21.110639
              ],
              [
                105.681424,
                21.110666
              ],
              [
                105.681438,
                21.110693
              ],
              [
                105.681473,
                21.11076
              ],
              [
                105.681507,
                21.110825
              ],
              [
                105.681529,
                21.110869
              ],
              [
                105.681559,
                21.110926
              ],
              [
                105.681599,
                21.111003
              ],
              [
                105.681605,
                21.111014
              ],
              [
                105.68161,
                21.111024
              ],
              [
                105.681637,
                21.111074
              ],
              [
                105.681657,
                21.111112
              ],
              [
                105.681661,
                21.111111
              ],
              [
                105.681686,
                21.111095
              ],
              [
                105.681809,
                21.111018
              ],
              [
                105.681824,
                21.111003
              ],
              [
                105.681827,
                21.110981
              ],
              [
                105.681854,
                21.110951
              ],
              [
                105.6819,
                21.110905
              ],
              [
                105.681969,
                21.110843
              ],
              [
                105.682012,
                21.110805
              ],
              [
                105.6821,
                21.110732
              ],
              [
                105.682196,
                21.110658
              ],
              [
                105.682221,
                21.110638
              ],
              [
                105.682282,
                21.110583
              ],
              [
                105.682323,
                21.110536
              ],
              [
                105.68236,
                21.110472
              ],
              [
                105.682411,
                21.11042
              ],
              [
                105.682434,
                21.110366
              ],
              [
                105.682444,
                21.11032
              ],
              [
                105.682475,
                21.110232
              ],
              [
                105.682507,
                21.110158
              ],
              [
                105.682531,
                21.110116
              ],
              [
                105.682572,
                21.109982
              ],
              [
                105.682609,
                21.109849
              ],
              [
                105.682945,
                21.109901
              ],
              [
                105.683434,
                21.110028
              ],
              [
                105.683481,
                21.110209
              ],
              [
                105.684075,
                21.110368
              ],
              [
                105.684127,
                21.110205
              ],
              [
                105.684184,
                21.110214
              ],
              [
                105.684187,
                21.110195
              ],
              [
                105.684231,
                21.110087
              ],
              [
                105.684359,
                21.110106
              ],
              [
                105.684477,
                21.110121
              ],
              [
                105.6845,
                21.10998
              ],
              [
                105.684559,
                21.109993
              ],
              [
                105.684586,
                21.109996
              ],
              [
                105.684631,
                21.10973
              ],
              [
                105.684932,
                21.109798
              ],
              [
                105.684988,
                21.109631
              ],
              [
                105.685241,
                21.109723
              ],
              [
                105.685311,
                21.109753
              ],
              [
                105.685342,
                21.109696
              ],
              [
                105.685356,
                21.10967
              ],
              [
                105.685571,
                21.109194
              ],
              [
                105.685628,
                21.109069
              ],
              [
                105.685896,
                21.108373
              ],
              [
                105.685909,
                21.10834
              ],
              [
                105.685936,
                21.108191
              ],
              [
                105.685928,
                21.108093
              ],
              [
                105.685913,
                21.10799
              ],
              [
                105.685935,
                21.107904
              ],
              [
                105.685938,
                21.107879
              ],
              [
                105.685979,
                21.107754
              ],
              [
                105.685757,
                21.107684
              ],
              [
                105.686054,
                21.10685
              ],
              [
                105.685986,
                21.106824
              ],
              [
                105.685855,
                21.106777
              ],
              [
                105.68583,
                21.10677
              ],
              [
                105.685747,
                21.106745
              ],
              [
                105.685622,
                21.106695
              ],
              [
                105.68561,
                21.106686
              ],
              [
                105.685558,
                21.106652
              ],
              [
                105.685557,
                21.106654
              ],
              [
                105.685471,
                21.106711
              ],
              [
                105.685295,
                21.106723
              ],
              [
                105.685103,
                21.106721
              ],
              [
                105.685077,
                21.106707
              ],
              [
                105.685051,
                21.10668
              ],
              [
                105.684991,
                21.106637
              ],
              [
                105.684856,
                21.106556
              ],
              [
                105.684819,
                21.106472
              ],
              [
                105.684481,
                21.106619
              ],
              [
                105.684449,
                21.106642
              ],
              [
                105.68443,
                21.106657
              ],
              [
                105.6843,
                21.106749
              ],
              [
                105.6843,
                21.106731
              ],
              [
                105.684321,
                21.106698
              ],
              [
                105.68434,
                21.106648
              ],
              [
                105.684344,
                21.10664
              ],
              [
                105.684361,
                21.106607
              ],
              [
                105.684375,
                21.106578
              ],
              [
                105.684396,
                21.106535
              ],
              [
                105.684457,
                21.106407
              ],
              [
                105.68452,
                21.106283
              ],
              [
                105.684539,
                21.106242
              ],
              [
                105.684576,
                21.106166
              ],
              [
                105.68472,
                21.10589
              ],
              [
                105.684783,
                21.105776
              ],
              [
                105.684794,
                21.105755
              ],
              [
                105.684828,
                21.105694
              ],
              [
                105.685169,
                21.105037
              ],
              [
                105.685171,
                21.105035
              ],
              [
                105.685173,
                21.105029
              ],
              [
                105.685235,
                21.104896
              ],
              [
                105.684483,
                21.104309
              ],
              [
                105.683586,
                21.103615
              ],
              [
                105.68301,
                21.103164
              ],
              [
                105.683255,
                21.102944
              ],
              [
                105.683459,
                21.102779
              ],
              [
                105.683766,
                21.102541
              ],
              [
                105.684109,
                21.10225
              ],
              [
                105.684474,
                21.101962
              ],
              [
                105.684864,
                21.101654
              ],
              [
                105.685265,
                21.101324
              ],
              [
                105.68566,
                21.10101
              ],
              [
                105.685941,
                21.100776
              ],
              [
                105.686153,
                21.100612
              ],
              [
                105.686319,
                21.100476
              ],
              [
                105.686865,
                21.100042
              ],
              [
                105.687312,
                21.099679
              ],
              [
                105.68757,
                21.099486
              ],
              [
                105.687576,
                21.099427
              ],
              [
                105.687533,
                21.099298
              ],
              [
                105.687524,
                21.099262
              ],
              [
                105.687507,
                21.0992
              ],
              [
                105.687475,
                21.099078
              ],
              [
                105.687416,
                21.098853
              ],
              [
                105.687384,
                21.098731
              ],
              [
                105.687266,
                21.09827
              ],
              [
                105.687179,
                21.097903
              ],
              [
                105.687158,
                21.097826
              ],
              [
                105.68713,
                21.097713
              ],
              [
                105.687106,
                21.097611
              ],
              [
                105.687074,
                21.097485
              ],
              [
                105.687051,
                21.097386
              ],
              [
                105.687016,
                21.097248
              ],
              [
                105.687005,
                21.097199
              ],
              [
                105.686985,
                21.097117
              ],
              [
                105.686957,
                21.097
              ],
              [
                105.686938,
                21.09693
              ],
              [
                105.686933,
                21.096919
              ],
              [
                105.686928,
                21.096911
              ],
              [
                105.686919,
                21.096899
              ],
              [
                105.686903,
                21.096847
              ],
              [
                105.686872,
                21.096725
              ],
              [
                105.686869,
                21.096714
              ],
              [
                105.686845,
                21.096623
              ],
              [
                105.686839,
                21.096599
              ],
              [
                105.686836,
                21.096588
              ],
              [
                105.686765,
                21.096629
              ],
              [
                105.686677,
                21.096679
              ],
              [
                105.686664,
                21.096686
              ],
              [
                105.686591,
                21.096727
              ],
              [
                105.686582,
                21.096714
              ],
              [
                105.686202,
                21.096235
              ],
              [
                105.685979,
                21.095955
              ],
              [
                105.685403,
                21.095231
              ],
              [
                105.685229,
                21.095012
              ],
              [
                105.685221,
                21.094999
              ],
              [
                105.68505,
                21.094932
              ],
              [
                105.684486,
                21.094713
              ],
              [
                105.684418,
                21.094687
              ],
              [
                105.684541,
                21.094617
              ],
              [
                105.684581,
                21.094593
              ],
              [
                105.684669,
                21.094542
              ],
              [
                105.684769,
                21.094486
              ],
              [
                105.684776,
                21.094481
              ],
              [
                105.684783,
                21.094478
              ],
              [
                105.684908,
                21.094405
              ],
              [
                105.684945,
                21.094384
              ],
              [
                105.685025,
                21.094336
              ],
              [
                105.68512,
                21.094282
              ],
              [
                105.685128,
                21.094277
              ],
              [
                105.685173,
                21.094246
              ],
              [
                105.685184,
                21.094234
              ],
              [
                105.685196,
                21.09422
              ],
              [
                105.685234,
                21.094168
              ],
              [
                105.685304,
                21.094043
              ],
              [
                105.685378,
                21.093906
              ],
              [
                105.685392,
                21.09388
              ],
              [
                105.685471,
                21.093733
              ],
              [
                105.6855,
                21.093677
              ],
              [
                105.685585,
                21.093515
              ],
              [
                105.685654,
                21.093378
              ],
              [
                105.685741,
                21.093216
              ],
              [
                105.68576,
                21.093184
              ],
              [
                105.685793,
                21.09313
              ],
              [
                105.685857,
                21.093022
              ],
              [
                105.68592,
                21.092912
              ],
              [
                105.685992,
                21.092772
              ],
              [
                105.686165,
                21.092454
              ],
              [
                105.686229,
                21.092331
              ],
              [
                105.686285,
                21.092227
              ],
              [
                105.686429,
                21.091955
              ],
              [
                105.686517,
                21.091789
              ],
              [
                105.686671,
                21.091504
              ],
              [
                105.686677,
                21.091491
              ],
              [
                105.686975,
                21.090936
              ],
              [
                105.686995,
                21.090892
              ],
              [
                105.687036,
                21.090799
              ],
              [
                105.687041,
                21.09067
              ],
              [
                105.686944,
                21.090442
              ],
              [
                105.686923,
                21.090414
              ],
              [
                105.686912,
                21.090405
              ],
              [
                105.68687,
                21.090367
              ],
              [
                105.686784,
                21.090295
              ],
              [
                105.686784,
                21.090295
              ]
            ]
          ]
        ]
      },
      "properties": {
        "code": "09784",
        "name": "Đan Phượng",
        "nameEn": "Dan Phuong",
        "fullName": "Xã Đan Phượng",
        "fullNameEn": "Dan Phuong Commune",
        "codeName": "dan_phuong",
        "postalCode": "13007",
        "postalCodePrefix": "",
        "gisServerId": "diaphanhanhchinhcapxa_2025.3278",
        "areaKm2": 15.3
      }
    }
  ]
}