{
  "type": "FeatureCollection",
  "bbox": [
    105.573681,
    20.935366,
    105.636725,
    21.013438
  ],
  "features": [
    {
      "type": "Feature",
      "id": "09910",
      "bbox": [
        105.573681,
        20.935366,
        105.636725,
        21.013438
      ],
      "geometry": {
        "type": "MultiPolygon",
        "coordinates": [
          [
            [
              [
                105.628092,
                21.002336
              ],
              [
                105.628173,
                21.002247
              ],
              [
                105.628219,
                21.002197
              ],
              [
                105.628265,
                21.002147
              ],
              [
                105.628301,
                21.002108
              ],
              [
                105.628337,
                21.002069
              ],
              [
                105.628371,
                21.002032
              ],
              [
                105.62847,
                21.001924
              ],
              [
                105.628515,
                21.001875
              ],
              [
                105.628561,
                21.001825
              ],
              [
                105.628581,
                21.001803
              ],
              [
                105.628645,
                21.001741
              ],
              [
                105.629121,
                21.00124
              ],
              [
                105.629171,
                21.001188
              ],
              [
                105.629485,
                21.00085
              ],
              [
                105.629745,
                21.000538
              ],
              [
                105.630177,
                20.999947
              ],
              [
                105.630395,
                20.999655
              ],
              [
                105.630949,
                20.998921
              ],
              [
                105.631812,
                20.997757
              ],
              [
                105.632275,
                20.997124
              ],
              [
                105.632439,
                20.996947
              ],
              [
                105.630191,
                20.995378
              ],
              [
                105.631163,
                20.994094
              ],
              [
                105.631427,
                20.993628
              ],
              [
                105.631932,
                20.99317
              ],
              [
                105.632428,
                20.993386
              ],
              [
                105.632669,
                20.993471
              ],
              [
                105.632678,
                20.993475
              ],
              [
                105.633249,
                20.993392
              ],
              [
                105.633358,
                20.993182
              ],
              [
                105.63343,
                20.992986
              ],
              [
                105.633363,
                20.992437
              ],
              [
                105.633314,
                20.992367
              ],
              [
                105.633003,
                20.992241
              ],
              [
                105.633246,
                20.99203
              ],
              [
                105.633406,
                20.992112
              ],
              [
                105.633668,
                20.991793
              ],
              [
                105.633777,
                20.991461
              ],
              [
                105.633655,
                20.991412
              ],
              [
                105.633784,
                20.991111
              ],
              [
                105.634398,
                20.991089
              ],
              [
                105.634402,
                20.990886
              ],
              [
                105.63521,
                20.99011
              ],
              [
                105.635215,
                20.990105
              ],
              [
                105.635171,
                20.990065
              ],
              [
                105.635093,
                20.989974
              ],
              [
                105.634911,
                20.989867
              ],
              [
                105.634898,
                20.989851
              ],
              [
                105.634871,
                20.98982
              ],
              [
                105.634647,
                20.989568
              ],
              [
                105.634553,
                20.989462
              ],
              [
                105.634472,
                20.989371
              ],
              [
                105.634459,
                20.989364
              ],
              [
                105.634501,
                20.989331
              ],
              [
                105.634489,
                20.989298
              ],
              [
                105.63438,
                20.98916
              ],
              [
                105.634162,
                20.989025
              ],
              [
                105.63404,
                20.988984
              ],
              [
                105.633921,
                20.988973
              ],
              [
                105.633759,
                20.988995
              ],
              [
                105.633661,
                20.989051
              ],
              [
                105.633572,
                20.989103
              ],
              [
                105.633484,
                20.989175
              ],
              [
                105.633387,
                20.989242
              ],
              [
                105.633341,
                20.989291
              ],
              [
                105.633312,
                20.989314
              ],
              [
                105.633294,
                20.989341
              ],
              [
                105.633137,
                20.989508
              ],
              [
                105.632993,
                20.989824
              ],
              [
                105.632985,
                20.989903
              ],
              [
                105.632971,
                20.990054
              ],
              [
                105.632972,
                20.990305
              ],
              [
                105.632986,
                20.990754
              ],
              [
                105.632972,
                20.99106
              ],
              [
                105.632875,
                20.991578
              ],
              [
                105.632779,
                20.991802
              ],
              [
                105.63269,
                20.991907
              ],
              [
                105.632494,
                20.992015
              ],
              [
                105.632043,
                20.992116
              ],
              [
                105.631829,
                20.992094
              ],
              [
                105.6317,
                20.992035
              ],
              [
                105.631535,
                20.991894
              ],
              [
                105.631023,
                20.991563
              ],
              [
                105.630637,
                20.991322
              ],
              [
                105.630404,
                20.991192
              ],
              [
                105.630277,
                20.991162
              ],
              [
                105.630103,
                20.991149
              ],
              [
                105.630144,
                20.990937
              ],
              [
                105.630111,
                20.990797
              ],
              [
                105.630129,
                20.990782
              ],
              [
                105.630157,
                20.990726
              ],
              [
                105.630159,
                20.990723
              ],
              [
                105.630164,
                20.990711
              ],
              [
                105.630169,
                20.990701
              ],
              [
                105.630216,
                20.990606
              ],
              [
                105.630249,
                20.990527
              ],
              [
                105.630264,
                20.990436
              ],
              [
                105.630274,
                20.990334
              ],
              [
                105.630281,
                20.990242
              ],
              [
                105.630278,
                20.990161
              ],
              [
                105.630267,
                20.990068
              ],
              [
                105.630266,
                20.990056
              ],
              [
                105.630257,
                20.989999
              ],
              [
                105.630251,
                20.989984
              ],
              [
                105.630273,
                20.989903
              ],
              [
                105.630339,
                20.989835
              ],
              [
                105.630139,
                20.989632
              ],
              [
                105.630074,
                20.989582
              ],
              [
                105.62978,
                20.989623
              ],
              [
                105.62967,
                20.989602
              ],
              [
                105.629649,
                20.989595
              ],
              [
                105.629661,
                20.989582
              ],
              [
                105.629673,
                20.989553
              ],
              [
                105.629672,
                20.989516
              ],
              [
                105.629667,
                20.98946
              ],
              [
                105.629646,
                20.989372
              ],
              [
                105.629633,
                20.989289
              ],
              [
                105.629635,
                20.989227
              ],
              [
                105.629649,
                20.989121
              ],
              [
                105.629657,
                20.989076
              ],
              [
                105.629657,
                20.989054
              ],
              [
                105.629697,
                20.989012
              ],
              [
                105.629797,
                20.988873
              ],
              [
                105.630187,
                20.988707
              ],
              [
                105.630181,
                20.988694
              ],
              [
                105.630011,
                20.9883
              ],
              [
                105.630008,
                20.98825
              ],
              [
                105.630006,
                20.988227
              ],
              [
                105.63,
                20.988214
              ],
              [
                105.630004,
                20.988078
              ],
              [
                105.630009,
                20.988053
              ],
              [
                105.630071,
                20.987686
              ],
              [
                105.630116,
                20.987588
              ],
              [
                105.630395,
                20.987174
              ],
              [
                105.630501,
                20.987009
              ],
              [
                105.630561,
                20.986879
              ],
              [
                105.630564,
                20.986815
              ],
              [
                105.630533,
                20.986719
              ],
              [
                105.630431,
                20.986624
              ],
              [
                105.630463,
                20.985793
              ],
              [
                105.630477,
                20.985704
              ],
              [
                105.630509,
                20.985583
              ],
              [
                105.630533,
                20.985527
              ],
              [
                105.630596,
                20.985468
              ],
              [
                105.630843,
                20.985356
              ],
              [
                105.631057,
                20.985182
              ],
              [
                105.631104,
                20.985143
              ],
              [
                105.631183,
                20.985079
              ],
              [
                105.631242,
                20.984942
              ],
              [
                105.631317,
                20.984973
              ],
              [
                105.631386,
                20.984879
              ],
              [
                105.631431,
                20.984819
              ],
              [
                105.631467,
                20.984774
              ],
              [
                105.631489,
                20.984731
              ],
              [
                105.631509,
                20.984673
              ],
              [
                105.631528,
                20.984628
              ],
              [
                105.631547,
                20.984594
              ],
              [
                105.631562,
                20.984569
              ],
              [
                105.631594,
                20.984531
              ],
              [
                105.631624,
                20.984498
              ],
              [
                105.631654,
                20.984475
              ],
              [
                105.631697,
                20.984445
              ],
              [
                105.631719,
                20.984424
              ],
              [
                105.631748,
                20.984386
              ],
              [
                105.631767,
                20.984337
              ],
              [
                105.631773,
                20.984308
              ],
              [
                105.631773,
                20.984288
              ],
              [
                105.631771,
                20.984274
              ],
              [
                105.63176,
                20.984244
              ],
              [
                105.631738,
                20.984188
              ],
              [
                105.63173,
                20.984152
              ],
              [
                105.631732,
                20.984109
              ],
              [
                105.631738,
                20.984078
              ],
              [
                105.631758,
                20.98402
              ],
              [
                105.631779,
                20.983974
              ],
              [
                105.631806,
                20.983933
              ],
              [
                105.631843,
                20.983883
              ],
              [
                105.631881,
                20.983839
              ],
              [
                105.631931,
                20.983784
              ],
              [
                105.631982,
                20.98374
              ],
              [
                105.632019,
                20.983699
              ],
              [
                105.632041,
                20.983671
              ],
              [
                105.631534,
                20.98309
              ],
              [
                105.632432,
                20.982573
              ],
              [
                105.631892,
                20.981663
              ],
              [
                105.631608,
                20.981385
              ],
              [
                105.631098,
                20.980511
              ],
              [
                105.630829,
                20.980121
              ],
              [
                105.630752,
                20.979997
              ],
              [
                105.630739,
                20.979969
              ],
              [
                105.630711,
                20.979915
              ],
              [
                105.630646,
                20.979791
              ],
              [
                105.630525,
                20.97967
              ],
              [
                105.630526,
                20.97967
              ],
              [
                105.631161,
                20.978996
              ],
              [
                105.631287,
                20.979101
              ],
              [
                105.631969,
                20.978189
              ],
              [
                105.63248,
                20.977541
              ],
              [
                105.631116,
                20.976991
              ],
              [
                105.630256,
                20.976717
              ],
              [
                105.63061,
                20.975826
              ],
              [
                105.63087,
                20.975249
              ],
              [
                105.630506,
                20.97479
              ],
              [
                105.630198,
                20.974295
              ],
              [
                105.629781,
                20.973554
              ],
              [
                105.629772,
                20.973561
              ],
              [
                105.629757,
                20.973558
              ],
              [
                105.629736,
                20.973542
              ],
              [
                105.629699,
                20.973497
              ],
              [
                105.629671,
                20.973441
              ],
              [
                105.629665,
                20.973411
              ],
              [
                105.629673,
                20.973381
              ],
              [
                105.629679,
                20.973373
              ],
              [
                105.629542,
                20.97313
              ],
              [
                105.629486,
                20.973031
              ],
              [
                105.629739,
                20.97248
              ],
              [
                105.630019,
                20.972032
              ],
              [
                105.6303,
                20.971416
              ],
              [
                105.630448,
                20.971153
              ],
              [
                105.630787,
                20.970646
              ],
              [
                105.630975,
                20.970471
              ],
              [
                105.630922,
                20.970132
              ],
              [
                105.630936,
                20.970101
              ],
              [
                105.630982,
                20.969853
              ],
              [
                105.630981,
                20.969803
              ],
              [
                105.630992,
                20.969634
              ],
              [
                105.631033,
                20.969466
              ],
              [
                105.631094,
                20.969315
              ],
              [
                105.631244,
                20.969111
              ],
              [
                105.63111,
                20.968639
              ],
              [
                105.631219,
                20.968612
              ],
              [
                105.631204,
                20.968556
              ],
              [
                105.631077,
                20.96807
              ],
              [
                105.630794,
                20.967679
              ],
              [
                105.630806,
                20.967623
              ],
              [
                105.631556,
                20.966787
              ],
              [
                105.631961,
                20.96719
              ],
              [
                105.632376,
                20.966803
              ],
              [
                105.633098,
                20.965814
              ],
              [
                105.633188,
                20.965797
              ],
              [
                105.633236,
                20.965788
              ],
              [
                105.633202,
                20.96567
              ],
              [
                105.632851,
                20.964445
              ],
              [
                105.63278,
                20.964199
              ],
              [
                105.632575,
                20.963487
              ],
              [
                105.632575,
                20.963487
              ],
              [
                105.632454,
                20.963068
              ],
              [
                105.632295,
                20.962521
              ],
              [
                105.632066,
                20.961732
              ],
              [
                105.632066,
                20.961732
              ],
              [
                105.632043,
                20.961654
              ],
              [
                105.632053,
                20.961652
              ],
              [
                105.633343,
                20.961371
              ],
              [
                105.633625,
                20.961311
              ],
              [
                105.63482,
                20.961056
              ],
              [
                105.635481,
                20.960915
              ],
              [
                105.635907,
                20.960825
              ],
              [
                105.636602,
                20.96067
              ],
              [
                105.636702,
                20.960648
              ],
              [
                105.636725,
                20.960643
              ],
              [
                105.636632,
                20.960557
              ],
              [
                105.63601,
                20.959987
              ],
              [
                105.635654,
                20.959661
              ],
              [
                105.635327,
                20.959362
              ],
              [
                105.635059,
                20.959112
              ],
              [
                105.634962,
                20.959011
              ],
              [
                105.634917,
                20.958964
              ],
              [
                105.634826,
                20.958809
              ],
              [
                105.63478,
                20.958655
              ],
              [
                105.634679,
                20.95831
              ],
              [
                105.634679,
                20.95831
              ],
              [
                105.634652,
                20.95822
              ],
              [
                105.634592,
                20.958014
              ],
              [
                105.634573,
                20.957951
              ],
              [
                105.634418,
                20.957428
              ],
              [
                105.634354,
                20.957212
              ],
              [
                105.634354,
                20.957212
              ],
              [
                105.63408,
                20.956261
              ],
              [
                105.633957,
                20.955822
              ],
              [
                105.633942,
                20.95577
              ],
              [
                105.633935,
                20.955745
              ],
              [
                105.633717,
                20.954967
              ],
              [
                105.633524,
                20.954271
              ],
              [
                105.63336,
                20.953585
              ],
              [
                105.633334,
                20.953331
              ],
              [
                105.633278,
                20.953105
              ],
              [
                105.633189,
                20.952382
              ],
              [
                105.633143,
                20.952008
              ],
              [
                105.633134,
                20.951934
              ],
              [
                105.633011,
                20.950905
              ],
              [
                105.632988,
                20.950715
              ],
              [
                105.632928,
                20.950301
              ],
              [
                105.632915,
                20.950207
              ],
              [
                105.63289,
                20.950032
              ],
              [
                105.632804,
                20.949882
              ],
              [
                105.63276,
                20.949881
              ],
              [
                105.632583,
                20.949877
              ],
              [
                105.632527,
                20.94984
              ],
              [
                105.632488,
                20.949819
              ],
              [
                105.632371,
                20.94977
              ],
              [
                105.632145,
                20.94962
              ],
              [
                105.631986,
                20.949577
              ],
              [
                105.631968,
                20.949554
              ],
              [
                105.631802,
                20.949432
              ],
              [
                105.631159,
                20.949003
              ],
              [
                105.630811,
                20.94875
              ],
              [
                105.630492,
                20.948533
              ],
              [
                105.629914,
                20.948125
              ],
              [
                105.630239,
                20.94774
              ],
              [
                105.630607,
                20.947311
              ],
              [
                105.629203,
                20.946641
              ],
              [
                105.629198,
                20.946631
              ],
              [
                105.62927,
                20.946308
              ],
              [
                105.629283,
                20.94625
              ],
              [
                105.629285,
                20.946243
              ],
              [
                105.629286,
                20.946239
              ],
              [
                105.629289,
                20.946221
              ],
              [
                105.62929,
                20.946221
              ],
              [
                105.629291,
                20.946221
              ],
              [
                105.629292,
                20.946221
              ],
              [
                105.629291,
                20.946211
              ],
              [
                105.629289,
                20.946211
              ],
              [
                105.629288,
                20.946211
              ],
              [
                105.629286,
                20.946212
              ],
              [
                105.629285,
                20.946214
              ],
              [
                105.629268,
                20.946206
              ],
              [
                105.629264,
                20.946205
              ],
              [
                105.628951,
                20.946073
              ],
              [
                105.628755,
                20.945958
              ],
              [
                105.628718,
                20.945936
              ],
              [
                105.628714,
                20.945934
              ],
              [
                105.628698,
                20.945924
              ],
              [
                105.628697,
                20.945926
              ],
              [
                105.628694,
                20.945927
              ],
              [
                105.628694,
                20.945927
              ],
              [
                105.628693,
                20.945927
              ],
              [
                105.628693,
                20.945927
              ],
              [
                105.628692,
                20.945927
              ],
              [
                105.628691,
                20.945927
              ],
              [
                105.628691,
                20.945926
              ],
              [
                105.628691,
                20.945926
              ],
              [
                105.62869,
                20.945926
              ],
              [
                105.62869,
                20.945926
              ],
              [
                105.628689,
                20.945925
              ],
              [
                105.628689,
                20.945925
              ],
              [
                105.628693,
                20.945921
              ],
              [
                105.628304,
                20.946222
              ],
              [
                105.627503,
                20.945401
              ],
              [
                105.627438,
                20.94533
              ],
              [
                105.62742,
                20.945094
              ],
              [
                105.627432,
                20.944935
              ],
              [
                105.6271,
                20.94476
              ],
              [
                105.627061,
                20.944739
              ],
              [
                105.627023,
                20.944693
              ],
              [
                105.627004,
                20.944655
              ],
              [
                105.626992,
                20.944621
              ],
              [
                105.62697,
                20.94454
              ],
              [
                105.626967,
                20.944505
              ],
              [
                105.626961,
                20.944469
              ],
              [
                105.626958,
                20.944446
              ],
              [
                105.626882,
                20.944277
              ],
              [
                105.626827,
                20.944231
              ],
              [
                105.626696,
                20.94409
              ],
              [
                105.626681,
                20.944068
              ],
              [
                105.626644,
                20.944029
              ],
              [
                105.626601,
                20.943959
              ],
              [
                105.626578,
                20.94389
              ],
              [
                105.626588,
                20.94379
              ],
              [
                105.626608,
                20.943735
              ],
              [
                105.626632,
                20.943708
              ],
              [
                105.626721,
                20.943625
              ],
              [
                105.626746,
                20.943579
              ],
              [
                105.62676,
                20.943428
              ],
              [
                105.626755,
                20.943309
              ],
              [
                105.626716,
                20.943282
              ],
              [
                105.626711,
                20.943274
              ],
              [
                105.626662,
                20.943257
              ],
              [
                105.626513,
                20.94324
              ],
              [
                105.6264,
                20.943247
              ],
              [
                105.62635,
                20.943263
              ],
              [
                105.626328,
                20.943274
              ],
              [
                105.626277,
                20.943261
              ],
              [
                105.626246,
                20.943232
              ],
              [
                105.626145,
                20.943071
              ],
              [
                105.626058,
                20.942962
              ],
              [
                105.626019,
                20.942855
              ],
              [
                105.625977,
                20.942674
              ],
              [
                105.625968,
                20.942473
              ],
              [
                105.625934,
                20.942303
              ],
              [
                105.625898,
                20.942192
              ],
              [
                105.625882,
                20.941929
              ],
              [
                105.625932,
                20.941685
              ],
              [
                105.626022,
                20.941159
              ],
              [
                105.626016,
                20.941147
              ],
              [
                105.625119,
                20.940891
              ],
              [
                105.624961,
                20.940854
              ],
              [
                105.624905,
                20.94084
              ],
              [
                105.624851,
                20.940756
              ],
              [
                105.624565,
                20.940887
              ],
              [
                105.624302,
                20.940406
              ],
              [
                105.624135,
                20.940367
              ],
              [
                105.622078,
                20.940066
              ],
              [
                105.622094,
                20.940035
              ],
              [
                105.622202,
                20.939869
              ],
              [
                105.622263,
                20.939775
              ],
              [
                105.622281,
                20.939751
              ],
              [
                105.622316,
                20.939702
              ],
              [
                105.622368,
                20.939642
              ],
              [
                105.622388,
                20.939621
              ],
              [
                105.622475,
                20.939532
              ],
              [
                105.622717,
                20.93932
              ],
              [
                105.622888,
                20.939173
              ],
              [
                105.622911,
                20.939153
              ],
              [
                105.623092,
                20.938998
              ],
              [
                105.623252,
                20.938864
              ],
              [
                105.62336,
                20.938774
              ],
              [
                105.623414,
                20.938728
              ],
              [
                105.623497,
                20.938648
              ],
              [
                105.62352,
                20.938618
              ],
              [
                105.623557,
                20.938571
              ],
              [
                105.623595,
                20.938505
              ],
              [
                105.623605,
                20.938488
              ],
              [
                105.623629,
                20.938356
              ],
              [
                105.62363,
                20.938344
              ],
              [
                105.623633,
                20.938314
              ],
              [
                105.623628,
                20.938205
              ],
              [
                105.623626,
                20.938177
              ],
              [
                105.62361,
                20.938178
              ],
              [
                105.623602,
                20.938177
              ],
              [
                105.623429,
                20.938155
              ],
              [
                105.623418,
                20.938153
              ],
              [
                105.623238,
                20.938131
              ],
              [
                105.623226,
                20.93813
              ],
              [
                105.623141,
                20.93812
              ],
              [
                105.62284,
                20.938008
              ],
              [
                105.62207,
                20.937573
              ],
              [
                105.622016,
                20.937543
              ],
              [
                105.62109,
                20.937051
              ],
              [
                105.620659,
                20.936823
              ],
              [
                105.620266,
                20.936605
              ],
              [
                105.620075,
                20.936524
              ],
              [
                105.620068,
                20.936517
              ],
              [
                105.619956,
                20.936464
              ],
              [
                105.618826,
                20.936411
              ],
              [
                105.618631,
                20.93645
              ],
              [
                105.617924,
                20.936266
              ],
              [
                105.617746,
                20.936299
              ],
              [
                105.617577,
                20.936303
              ],
              [
                105.617415,
                20.936285
              ],
              [
                105.617314,
                20.936269
              ],
              [
                105.617118,
                20.936206
              ],
              [
                105.616606,
                20.935962
              ],
              [
                105.616034,
                20.93558
              ],
              [
                105.615777,
                20.935443
              ],
              [
                105.615552,
                20.935385
              ],
              [
                105.615343,
                20.935366
              ],
              [
                105.615097,
                20.935411
              ],
              [
                105.614919,
                20.9355
              ],
              [
                105.614742,
                20.935639
              ],
              [
                105.614638,
                20.935782
              ],
              [
                105.614571,
                20.936053
              ],
              [
                105.614545,
                20.936516
              ],
              [
                105.614545,
                20.936518
              ],
              [
                105.614546,
                20.936772
              ],
              [
                105.614598,
                20.937091
              ],
              [
                105.614726,
                20.937507
              ],
              [
                105.614932,
                20.937874
              ],
              [
                105.615157,
                20.938201
              ],
              [
                105.615501,
                20.938507
              ],
              [
                105.61572,
                20.938729
              ],
              [
                105.615833,
                20.938891
              ],
              [
                105.615871,
                20.939066
              ],
              [
                105.615871,
                20.93921
              ],
              [
                105.615849,
                20.939416
              ],
              [
                105.615782,
                20.93956
              ],
              [
                105.615463,
                20.940359
              ],
              [
                105.615289,
                20.940632
              ],
              [
                105.614984,
                20.94087
              ],
              [
                105.614497,
                20.941194
              ],
              [
                105.614071,
                20.941425
              ],
              [
                105.61311,
                20.941737
              ],
              [
                105.612157,
                20.94212
              ],
              [
                105.611913,
                20.942243
              ],
              [
                105.611769,
                20.942409
              ],
              [
                105.611543,
                20.943112
              ],
              [
                105.611331,
                20.943522
              ],
              [
                105.611164,
                20.94373
              ],
              [
                105.610996,
                20.943839
              ],
              [
                105.610737,
                20.94389
              ],
              [
                105.610439,
                20.943905
              ],
              [
                105.609935,
                20.943828
              ],
              [
                105.6093,
                20.943587
              ],
              [
                105.609071,
                20.943437
              ],
              [
                105.608871,
                20.943201
              ],
              [
                105.60868,
                20.943065
              ],
              [
                105.608443,
                20.942944
              ],
              [
                105.608084,
                20.942852
              ],
              [
                105.607656,
                20.942818
              ],
              [
                105.607061,
                20.942841
              ],
              [
                105.606611,
                20.942979
              ],
              [
                105.606344,
                20.943131
              ],
              [
                105.606124,
                20.94339
              ],
              [
                105.60601,
                20.943634
              ],
              [
                105.605919,
                20.944098
              ],
              [
                105.605926,
                20.944272
              ],
              [
                105.605939,
                20.944832
              ],
              [
                105.605916,
                20.945011
              ],
              [
                105.605849,
                20.945205
              ],
              [
                105.605727,
                20.945392
              ],
              [
                105.605606,
                20.945565
              ],
              [
                105.605438,
                20.945659
              ],
              [
                105.605179,
                20.945767
              ],
              [
                105.604874,
                20.945818
              ],
              [
                105.604462,
                20.945834
              ],
              [
                105.603606,
                20.94573
              ],
              [
                105.602812,
                20.945646
              ],
              [
                105.601276,
                20.945415
              ],
              [
                105.600634,
                20.945308
              ],
              [
                105.599502,
                20.945223
              ],
              [
                105.59873,
                20.945097
              ],
              [
                105.598372,
                20.945127
              ],
              [
                105.597876,
                20.945207
              ],
              [
                105.597495,
                20.945366
              ],
              [
                105.597221,
                20.945554
              ],
              [
                105.596801,
                20.946061
              ],
              [
                105.596438,
                20.946607
              ],
              [
                105.596207,
                20.947005
              ],
              [
                105.595603,
                20.948054
              ],
              [
                105.595396,
                20.948558
              ],
              [
                105.595323,
                20.949031
              ],
              [
                105.595337,
                20.949592
              ],
              [
                105.59555,
                20.950392
              ],
              [
                105.595784,
                20.951276
              ],
              [
                105.59579,
                20.951674
              ],
              [
                105.595714,
                20.953063
              ],
              [
                105.595669,
                20.953387
              ],
              [
                105.595553,
                20.953589
              ],
              [
                105.595233,
                20.95387
              ],
              [
                105.594656,
                20.954109
              ],
              [
                105.593588,
                20.954353
              ],
              [
                105.593076,
                20.954456
              ],
              [
                105.592503,
                20.954559
              ],
              [
                105.592118,
                20.954744
              ],
              [
                105.591605,
                20.955184
              ],
              [
                105.590971,
                20.955796
              ],
              [
                105.590131,
                20.956537
              ],
              [
                105.589779,
                20.956977
              ],
              [
                105.589576,
                20.957516
              ],
              [
                105.589343,
                20.95838
              ],
              [
                105.589149,
                20.958808
              ],
              [
                105.588883,
                20.959195
              ],
              [
                105.588611,
                20.959499
              ],
              [
                105.588178,
                20.959909
              ],
              [
                105.587585,
                20.960608
              ],
              [
                105.587433,
                20.960995
              ],
              [
                105.587192,
                20.961349
              ],
              [
                105.586958,
                20.961551
              ],
              [
                105.58662,
                20.961728
              ],
              [
                105.586617,
                20.961728
              ],
              [
                105.586163,
                20.961779
              ],
              [
                105.585918,
                20.961708
              ],
              [
                105.585613,
                20.961631
              ],
              [
                105.58533,
                20.961632
              ],
              [
                105.58504,
                20.961733
              ],
              [
                105.584704,
                20.961931
              ],
              [
                105.584536,
                20.962257
              ],
              [
                105.584394,
                20.962503
              ],
              [
                105.584273,
                20.963596
              ],
              [
                105.584149,
                20.964302
              ],
              [
                105.583959,
                20.964541
              ],
              [
                105.583755,
                20.96459
              ],
              [
                105.583526,
                20.964603
              ],
              [
                105.583323,
                20.96452
              ],
              [
                105.58321,
                20.964335
              ],
              [
                105.582995,
                20.963877
              ],
              [
                105.58281,
                20.963548
              ],
              [
                105.582596,
                20.963377
              ],
              [
                105.582458,
                20.963298
              ],
              [
                105.582198,
                20.963213
              ],
              [
                105.581952,
                20.963166
              ],
              [
                105.581918,
                20.963163
              ],
              [
                105.58163,
                20.963131
              ],
              [
                105.581465,
                20.963137
              ],
              [
                105.581261,
                20.963217
              ],
              [
                105.581135,
                20.96328
              ],
              [
                105.581034,
                20.963384
              ],
              [
                105.580821,
                20.963673
              ],
              [
                105.58066,
                20.963916
              ],
              [
                105.580851,
                20.964067
              ],
              [
                105.580993,
                20.96418
              ],
              [
                105.580999,
                20.964185
              ],
              [
                105.580989,
                20.96421
              ],
              [
                105.580967,
                20.964262
              ],
              [
                105.580912,
                20.964401
              ],
              [
                105.580855,
                20.964552
              ],
              [
                105.580836,
                20.964587
              ],
              [
                105.581124,
                20.964736
              ],
              [
                105.581285,
                20.964764
              ],
              [
                105.581361,
                20.964753
              ],
              [
                105.582136,
                20.965111
              ],
              [
                105.582064,
                20.966709
              ],
              [
                105.582058,
                20.967171
              ],
              [
                105.58202,
                20.968193
              ],
              [
                105.582078,
                20.968433
              ],
              [
                105.582233,
                20.968742
              ],
              [
                105.582501,
                20.968969
              ],
              [
                105.582875,
                20.969231
              ],
              [
                105.582757,
                20.969353
              ],
              [
                105.582744,
                20.969437
              ],
              [
                105.58274,
                20.969459
              ],
              [
                105.582735,
                20.969487
              ],
              [
                105.582716,
                20.969571
              ],
              [
                105.582694,
                20.969633
              ],
              [
                105.582647,
                20.969679
              ],
              [
                105.582583,
                20.969767
              ],
              [
                105.58255,
                20.969826
              ],
              [
                105.582537,
                20.969904
              ],
              [
                105.582522,
                20.969973
              ],
              [
                105.582486,
                20.970046
              ],
              [
                105.582435,
                20.970177
              ],
              [
                105.582399,
                20.970162
              ],
              [
                105.582232,
                20.970105
              ],
              [
                105.582103,
                20.970116
              ],
              [
                105.582064,
                20.970063
              ],
              [
                105.582005,
                20.969995
              ],
              [
                105.582004,
                20.969994
              ],
              [
                105.582,
                20.96999
              ],
              [
                105.581976,
                20.969962
              ],
              [
                105.581906,
                20.969881
              ],
              [
                105.581893,
                20.969866
              ],
              [
                105.581891,
                20.969864
              ],
              [
                105.581805,
                20.969761
              ],
              [
                105.581756,
                20.969701
              ],
              [
                105.581736,
                20.96968
              ],
              [
                105.58169,
                20.969633
              ],
              [
                105.581668,
                20.969617
              ],
              [
                105.581635,
                20.969593
              ],
              [
                105.581608,
                20.969572
              ],
              [
                105.58147,
                20.969713
              ],
              [
                105.581409,
                20.969775
              ],
              [
                105.581161,
                20.969956
              ],
              [
                105.581025,
                20.970047
              ],
              [
                105.581007,
                20.97005
              ],
              [
                105.580944,
                20.970061
              ],
              [
                105.580924,
                20.970056
              ],
              [
                105.580908,
                20.970064
              ],
              [
                105.580879,
                20.970076
              ],
              [
                105.580836,
                20.970094
              ],
              [
                105.580769,
                20.970106
              ],
              [
                105.580654,
                20.970104
              ],
              [
                105.580589,
                20.970104
              ],
              [
                105.580532,
                20.970093
              ],
              [
                105.580488,
                20.970073
              ],
              [
                105.580433,
                20.970068
              ],
              [
                105.580368,
                20.970065
              ],
              [
                105.580256,
                20.970066
              ],
              [
                105.580124,
                20.97006
              ],
              [
                105.579998,
                20.97005
              ],
              [
                105.579945,
                20.970049
              ],
              [
                105.579914,
                20.970056
              ],
              [
                105.579729,
                20.970037
              ],
              [
                105.578973,
                20.97031
              ],
              [
                105.578945,
                20.970283
              ],
              [
                105.578951,
                20.970019
              ],
              [
                105.578935,
                20.970024
              ],
              [
                105.578905,
                20.97003
              ],
              [
                105.578869,
                20.970027
              ],
              [
                105.578848,
                20.970023
              ],
              [
                105.57881,
                20.97001
              ],
              [
                105.578765,
                20.97
              ],
              [
                105.578678,
                20.969987
              ],
              [
                105.578633,
                20.96997
              ],
              [
                105.5786,
                20.96995
              ],
              [
                105.578574,
                20.969932
              ],
              [
                105.578532,
                20.969921
              ],
              [
                105.578502,
                20.969919
              ],
              [
                105.578466,
                20.969923
              ],
              [
                105.578416,
                20.969943
              ],
              [
                105.57838,
                20.969962
              ],
              [
                105.578346,
                20.969991
              ],
              [
                105.578312,
                20.970034
              ],
              [
                105.578272,
                20.970089
              ],
              [
                105.57825,
                20.970123
              ],
              [
                105.578228,
                20.970145
              ],
              [
                105.578199,
                20.970181
              ],
              [
                105.57815,
                20.970248
              ],
              [
                105.578093,
                20.970308
              ],
              [
                105.578071,
                20.970341
              ],
              [
                105.577817,
                20.970587
              ],
              [
                105.577623,
                20.970477
              ],
              [
                105.577615,
                20.970491
              ],
              [
                105.577313,
                20.970862
              ],
              [
                105.576791,
                20.971377
              ],
              [
                105.576153,
                20.971983
              ],
              [
                105.575647,
                20.972441
              ],
              [
                105.575298,
                20.972592
              ],
              [
                105.575076,
                20.972718
              ],
              [
                105.574949,
                20.972874
              ],
              [
                105.574785,
                20.97315
              ],
              [
                105.574596,
                20.973676
              ],
              [
                105.574398,
                20.974398
              ],
              [
                105.574389,
                20.974699
              ],
              [
                105.574476,
                20.974981
              ],
              [
                105.574585,
                20.975233
              ],
              [
                105.574727,
                20.97556
              ],
              [
                105.574839,
                20.97578
              ],
              [
                105.574863,
                20.975828
              ],
              [
                105.57489,
                20.975932
              ],
              [
                105.574892,
                20.975941
              ],
              [
                105.574892,
                20.975951
              ],
              [
                105.574886,
                20.976049
              ],
              [
                105.574856,
                20.976142
              ],
              [
                105.574851,
                20.976154
              ],
              [
                105.574829,
                20.976183
              ],
              [
                105.574744,
                20.976292
              ],
              [
                105.574549,
                20.976458
              ],
              [
                105.574399,
                20.976537
              ],
              [
                105.574335,
                20.976571
              ],
              [
                105.574293,
                20.97659
              ],
              [
                105.574065,
                20.976693
              ],
              [
                105.573868,
                20.9768
              ],
              [
                105.573708,
                20.976983
              ],
              [
                105.573681,
                20.977195
              ],
              [
                105.573681,
                20.977201
              ],
              [
                105.573725,
                20.977347
              ],
              [
                105.573728,
                20.977351
              ],
              [
                105.57386,
                20.977517
              ],
              [
                105.573937,
                20.977558
              ],
              [
                105.574082,
                20.977634
              ],
              [
                105.574286,
                20.977686
              ],
              [
                105.574326,
                20.977697
              ],
              [
                105.574613,
                20.977712
              ],
              [
                105.574616,
                20.977712
              ],
              [
                105.57483,
                20.977714
              ],
              [
                105.575105,
                20.977614
              ],
              [
                105.575481,
                20.977455
              ],
              [
                105.57549,
                20.977451
              ],
              [
                105.575504,
                20.977446
              ],
              [
                105.575751,
                20.977348
              ],
              [
                105.575956,
                20.977334
              ],
              [
                105.576145,
                20.977344
              ],
              [
                105.576181,
                20.977369
              ],
              [
                105.576241,
                20.977412
              ],
              [
                105.576296,
                20.977488
              ],
              [
                105.576347,
                20.97756
              ],
              [
                105.576405,
                20.97775
              ],
              [
                105.576408,
                20.977781
              ],
              [
                105.576415,
                20.977841
              ],
              [
                105.57643,
                20.977976
              ],
              [
                105.57643,
                20.977998
              ],
              [
                105.576429,
                20.978067
              ],
              [
                105.576412,
                20.978267
              ],
              [
                105.57638,
                20.978414
              ],
              [
                105.576369,
                20.978462
              ],
              [
                105.576149,
                20.978942
              ],
              [
                105.575917,
                20.979405
              ],
              [
                105.575865,
                20.979585
              ],
              [
                105.575823,
                20.979788
              ],
              [
                105.575827,
                20.979994
              ],
              [
                105.575872,
                20.980426
              ],
              [
                105.575958,
                20.980735
              ],
              [
                105.576005,
                20.980925
              ],
              [
                105.576005,
                20.981104
              ],
              [
                105.575978,
                20.981268
              ],
              [
                105.575826,
                20.981587
              ],
              [
                105.575604,
                20.981854
              ],
              [
                105.575315,
                20.982108
              ],
              [
                105.575163,
                20.982244
              ],
              [
                105.575043,
                20.982352
              ],
              [
                105.575017,
                20.982384
              ],
              [
                105.574923,
                20.982499
              ],
              [
                105.574899,
                20.982628
              ],
              [
                105.574917,
                20.982768
              ],
              [
                105.574979,
                20.982885
              ],
              [
                105.574999,
                20.982924
              ],
              [
                105.575174,
                20.983103
              ],
              [
                105.575664,
                20.98356
              ],
              [
                105.575895,
                20.983832
              ],
              [
                105.575936,
                20.983907
              ],
              [
                105.576031,
                20.984081
              ],
              [
                105.576075,
                20.984273
              ],
              [
                105.576092,
                20.984344
              ],
              [
                105.576095,
                20.984362
              ],
              [
                105.576125,
                20.98456
              ],
              [
                105.576116,
                20.984707
              ],
              [
                105.576115,
                20.984733
              ],
              [
                105.57608,
                20.984891
              ],
              [
                105.576047,
                20.985132
              ],
              [
                105.576083,
                20.985269
              ],
              [
                105.576162,
                20.985368
              ],
              [
                105.576186,
                20.985398
              ],
              [
                105.576342,
                20.985487
              ],
              [
                105.576921,
                20.985715
              ],
              [
                105.577247,
                20.985857
              ],
              [
                105.577435,
                20.985929
              ],
              [
                105.577626,
                20.985945
              ],
              [
                105.577785,
                20.985925
              ],
              [
                105.57792,
                20.985851
              ],
              [
                105.578128,
                20.985691
              ],
              [
                105.578234,
                20.985521
              ],
              [
                105.578284,
                20.985355
              ],
              [
                105.578307,
                20.985278
              ],
              [
                105.578313,
                20.985234
              ],
              [
                105.578341,
                20.985005
              ],
              [
                105.578312,
                20.984792
              ],
              [
                105.578248,
                20.984546
              ],
              [
                105.578209,
                20.98448
              ],
              [
                105.578009,
                20.984141
              ],
              [
                105.57783,
                20.983809
              ],
              [
                105.577705,
                20.983534
              ],
              [
                105.577553,
                20.983296
              ],
              [
                105.577527,
                20.983255
              ],
              [
                105.577502,
                20.983218
              ],
              [
                105.577321,
                20.982946
              ],
              [
                105.57715,
                20.982724
              ],
              [
                105.5771,
                20.982554
              ],
              [
                105.577092,
                20.982381
              ],
              [
                105.577134,
                20.982208
              ],
              [
                105.577236,
                20.982065
              ],
              [
                105.577381,
                20.981938
              ],
              [
                105.577602,
                20.981819
              ],
              [
                105.577937,
                20.981732
              ],
              [
                105.578369,
                20.981698
              ],
              [
                105.579361,
                20.981734
              ],
              [
                105.579464,
                20.981722
              ],
              [
                105.57947,
                20.981765
              ],
              [
                105.579486,
                20.981895
              ],
              [
                105.5795,
                20.982031
              ],
              [
                105.579567,
                20.982219
              ],
              [
                105.579867,
                20.982717
              ],
              [
                105.579938,
                20.982686
              ],
              [
                105.579951,
                20.982689
              ],
              [
                105.579944,
                20.982755
              ],
              [
                105.579939,
                20.982788
              ],
              [
                105.579935,
                20.982837
              ],
              [
                105.579932,
                20.982952
              ],
              [
                105.579941,
                20.982998
              ],
              [
                105.580002,
                20.983028
              ],
              [
                105.580032,
                20.983018
              ],
              [
                105.580122,
                20.983011
              ],
              [
                105.580175,
                20.982993
              ],
              [
                105.58022,
                20.982956
              ],
              [
                105.580244,
                20.982946
              ],
              [
                105.580266,
                20.982956
              ],
              [
                105.580284,
                20.983021
              ],
              [
                105.580308,
                20.983104
              ],
              [
                105.580325,
                20.983111
              ],
              [
                105.580399,
                20.983113
              ],
              [
                105.580411,
                20.983118
              ],
              [
                105.580425,
                20.983183
              ],
              [
                105.580426,
                20.983195
              ],
              [
                105.580416,
                20.983233
              ],
              [
                105.580396,
                20.983267
              ],
              [
                105.580376,
                20.983289
              ],
              [
                105.580371,
                20.9833
              ],
              [
                105.580508,
                20.983293
              ],
              [
                105.580559,
                20.983428
              ],
              [
                105.580563,
                20.983453
              ],
              [
                105.580669,
                20.983436
              ],
              [
                105.580808,
                20.983436
              ],
              [
                105.58094,
                20.98346
              ],
              [
                105.581014,
                20.9835
              ],
              [
                105.581197,
                20.983554
              ],
              [
                105.581219,
                20.983654
              ],
              [
                105.58123,
                20.983722
              ],
              [
                105.581246,
                20.983815
              ],
              [
                105.581265,
                20.98386
              ],
              [
                105.581313,
                20.983932
              ],
              [
                105.581326,
                20.983961
              ],
              [
                105.581392,
                20.984019
              ],
              [
                105.581506,
                20.984076
              ],
              [
                105.581523,
                20.984082
              ],
              [
                105.581518,
                20.984223
              ],
              [
                105.581518,
                20.984266
              ],
              [
                105.581513,
                20.984456
              ],
              [
                105.581517,
                20.984499
              ],
              [
                105.581552,
                20.984588
              ],
              [
                105.581556,
                20.984682
              ],
              [
                105.581556,
                20.984686
              ],
              [
                105.581546,
                20.984886
              ],
              [
                105.581553,
                20.984929
              ],
              [
                105.581244,
                20.985096
              ],
              [
                105.580814,
                20.985261
              ],
              [
                105.580785,
                20.985323
              ],
              [
                105.580785,
                20.985439
              ],
              [
                105.580763,
                20.985514
              ],
              [
                105.580674,
                20.985607
              ],
              [
                105.580347,
                20.985737
              ],
              [
                105.580159,
                20.985777
              ],
              [
                105.580168,
                20.985921
              ],
              [
                105.580189,
                20.986005
              ],
              [
                105.580297,
                20.98607
              ],
              [
                105.580409,
                20.986147
              ],
              [
                105.580501,
                20.986242
              ],
              [
                105.580592,
                20.986414
              ],
              [
                105.580637,
                20.986475
              ],
              [
                105.580703,
                20.986563
              ],
              [
                105.580821,
                20.986638
              ],
              [
                105.581204,
                20.986763
              ],
              [
                105.581222,
                20.986832
              ],
              [
                105.581347,
                20.987047
              ],
              [
                105.581457,
                20.987354
              ],
              [
                105.581431,
                20.987441
              ],
              [
                105.581375,
                20.987543
              ],
              [
                105.581378,
                20.9876
              ],
              [
                105.581469,
                20.987661
              ],
              [
                105.581598,
                20.987748
              ],
              [
                105.581675,
                20.987819
              ],
              [
                105.582198,
                20.988304
              ],
              [
                105.582731,
                20.988832
              ],
              [
                105.582867,
                20.989092
              ],
              [
                105.582848,
                20.989121
              ],
              [
                105.582845,
                20.98919
              ],
              [
                105.582833,
                20.989224
              ],
              [
                105.582299,
                20.989525
              ],
              [
                105.58162,
                20.989974
              ],
              [
                105.581196,
                20.989438
              ],
              [
                105.581058,
                20.989403
              ],
              [
                105.580904,
                20.989385
              ],
              [
                105.580819,
                20.989445
              ],
              [
                105.580689,
                20.989638
              ],
              [
                105.580611,
                20.989782
              ],
              [
                105.580548,
                20.990007
              ],
              [
                105.579614,
                20.990871
              ],
              [
                105.579138,
                20.991444
              ],
              [
                105.579104,
                20.991663
              ],
              [
                105.579107,
                20.991752
              ],
              [
                105.579364,
                20.992531
              ],
              [
                105.579517,
                20.993098
              ],
              [
                105.579568,
                20.993287
              ],
              [
                105.579684,
                20.993705
              ],
              [
                105.579732,
                20.993753
              ],
              [
                105.580034,
                20.994655
              ],
              [
                105.580201,
                20.995085
              ],
              [
                105.580265,
                20.995192
              ],
              [
                105.580355,
                20.995258
              ],
              [
                105.580552,
                20.995323
              ],
              [
                105.580743,
                20.99537
              ],
              [
                105.580781,
                20.995406
              ],
              [
                105.580788,
                20.995466
              ],
              [
                105.580754,
                20.995582
              ],
              [
                105.580833,
                20.995645
              ],
              [
                105.581088,
                20.99574
              ],
              [
                105.581209,
                20.995751
              ],
              [
                105.581324,
                20.995751
              ],
              [
                105.581438,
                20.99575
              ],
              [
                105.58154,
                20.995732
              ],
              [
                105.581636,
                20.995756
              ],
              [
                105.581805,
                20.995878
              ],
              [
                105.581958,
                20.996045
              ],
              [
                105.581974,
                20.996109
              ],
              [
                105.581908,
                20.99627
              ],
              [
                105.581788,
                20.996519
              ],
              [
                105.581683,
                20.996635
              ],
              [
                105.581601,
                20.996678
              ],
              [
                105.581522,
                20.996687
              ],
              [
                105.58147,
                20.996675
              ],
              [
                105.581432,
                20.996648
              ],
              [
                105.581396,
                20.99658
              ],
              [
                105.581298,
                20.996499
              ],
              [
                105.581231,
                20.99647
              ],
              [
                105.58104,
                20.996432
              ],
              [
                105.580881,
                20.996438
              ],
              [
                105.580658,
                20.996487
              ],
              [
                105.580526,
                20.996545
              ],
              [
                105.580515,
                20.996586
              ],
              [
                105.580531,
                20.996624
              ],
              [
                105.580591,
                20.996726
              ],
              [
                105.580395,
                20.996951
              ],
              [
                105.58054,
                20.997064
              ],
              [
                105.580474,
                20.99742
              ],
              [
                105.580818,
                20.997443
              ],
              [
                105.58072,
                20.997829
              ],
              [
                105.580806,
                20.997843
              ],
              [
                105.580849,
                20.997851
              ],
              [
                105.580813,
                20.998027
              ],
              [
                105.580811,
                20.99804
              ],
              [
                105.580797,
                20.998113
              ],
              [
                105.580791,
                20.998162
              ],
              [
                105.580789,
                20.998185
              ],
              [
                105.58039,
                20.998289
              ],
              [
                105.580347,
                20.998302
              ],
              [
                105.580239,
                20.998335
              ],
              [
                105.580204,
                20.998351
              ],
              [
                105.580204,
                20.998352
              ],
              [
                105.580245,
                20.998521
              ],
              [
                105.580475,
                20.998534
              ],
              [
                105.580451,
                20.998732
              ],
              [
                105.580492,
                20.998899
              ],
              [
                105.580545,
                20.999026
              ],
              [
                105.580555,
                20.999026
              ],
              [
                105.580658,
                20.999147
              ],
              [
                105.580774,
                20.999227
              ],
              [
                105.581037,
                20.999306
              ],
              [
                105.581074,
                20.999468
              ],
              [
                105.580992,
                20.999461
              ],
              [
                105.580935,
                20.99947
              ],
              [
                105.580989,
                20.999633
              ],
              [
                105.581048,
                20.999778
              ],
              [
                105.581069,
                20.999907
              ],
              [
                105.58114,
                21.000093
              ],
              [
                105.581274,
                21.000221
              ],
              [
                105.581291,
                21.000386
              ],
              [
                105.58127,
                21.001105
              ],
              [
                105.581269,
                21.001144
              ],
              [
                105.581231,
                21.001153
              ],
              [
                105.581256,
                21.001317
              ],
              [
                105.581318,
                21.001741
              ],
              [
                105.581376,
                21.001967
              ],
              [
                105.581377,
                21.00196
              ],
              [
                105.581381,
                21.00196
              ],
              [
                105.581456,
                21.001946
              ],
              [
                105.581669,
                21.00191
              ],
              [
                105.581677,
                21.001908
              ],
              [
                105.581679,
                21.001908
              ],
              [
                105.581687,
                21.001907
              ],
              [
                105.581811,
                21.002122
              ],
              [
                105.582299,
                21.002969
              ],
              [
                105.582448,
                21.003025
              ],
              [
                105.582453,
                21.003027
              ],
              [
                105.582541,
                21.003103
              ],
              [
                105.582652,
                21.003199
              ],
              [
                105.582729,
                21.003327
              ],
              [
                105.582782,
                21.003394
              ],
              [
                105.582821,
                21.003442
              ],
              [
                105.582897,
                21.003528
              ],
              [
                105.582981,
                21.003506
              ],
              [
                105.583023,
                21.003539
              ],
              [
                105.583089,
                21.00358
              ],
              [
                105.58316,
                21.003676
              ],
              [
                105.583249,
                21.003769
              ],
              [
                105.583341,
                21.003877
              ],
              [
                105.583405,
                21.00399
              ],
              [
                105.583531,
                21.004105
              ],
              [
                105.583737,
                21.004201
              ],
              [
                105.583801,
                21.004206
              ],
              [
                105.583848,
                21.00421
              ],
              [
                105.584,
                21.004225
              ],
              [
                105.584073,
                21.004249
              ],
              [
                105.584132,
                21.004268
              ],
              [
                105.584213,
                21.004296
              ],
              [
                105.584366,
                21.003913
              ],
              [
                105.584476,
                21.003637
              ],
              [
                105.584615,
                21.003404
              ],
              [
                105.584787,
                21.003218
              ],
              [
                105.584894,
                21.003158
              ],
              [
                105.584996,
                21.003116
              ],
              [
                105.585069,
                21.003115
              ],
              [
                105.585174,
                21.003115
              ],
              [
                105.58555,
                21.003192
              ],
              [
                105.585637,
                21.003223
              ],
              [
                105.585843,
                21.003298
              ],
              [
                105.586213,
                21.003392
              ],
              [
                105.586308,
                21.003372
              ],
              [
                105.586552,
                21.003321
              ],
              [
                105.586617,
                21.003307
              ],
              [
                105.586823,
                21.003298
              ],
              [
                105.586852,
                21.003303
              ],
              [
                105.58701,
                21.003329
              ],
              [
                105.587167,
                21.003383
              ],
              [
                105.587241,
                21.003434
              ],
              [
                105.587299,
                21.00352
              ],
              [
                105.587329,
                21.003692
              ],
              [
                105.58733,
                21.003695
              ],
              [
                105.587335,
                21.003733
              ],
              [
                105.587395,
                21.003958
              ],
              [
                105.587485,
                21.004105
              ],
              [
                105.587565,
                21.004204
              ],
              [
                105.587709,
                21.004278
              ],
              [
                105.58787,
                21.004299
              ],
              [
                105.587932,
                21.004307
              ],
              [
                105.588288,
                21.004315
              ],
              [
                105.588464,
                21.004308
              ],
              [
                105.588742,
                21.004297
              ],
              [
                105.589151,
                21.004282
              ],
              [
                105.589933,
                21.004244
              ],
              [
                105.590263,
                21.004198
              ],
              [
                105.590715,
                21.004136
              ],
              [
                105.590761,
                21.004129
              ],
              [
                105.590794,
                21.00412
              ],
              [
                105.591239,
                21.003989
              ],
              [
                105.591516,
                21.003873
              ],
              [
                105.591595,
                21.003834
              ],
              [
                105.59175,
                21.00367
              ],
              [
                105.591994,
                21.003776
              ],
              [
                105.59234,
                21.003925
              ],
              [
                105.592566,
                21.004122
              ],
              [
                105.592567,
                21.004418
              ],
              [
                105.592202,
                21.004963
              ],
              [
                105.591875,
                21.005265
              ],
              [
                105.59164,
                21.005289
              ],
              [
                105.591194,
                21.005019
              ],
              [
                105.590892,
                21.004915
              ],
              [
                105.590657,
                21.004954
              ],
              [
                105.590624,
                21.004961
              ],
              [
                105.591094,
                21.006974
              ],
              [
                105.591166,
                21.007084
              ],
              [
                105.591223,
                21.007106
              ],
              [
                105.59181,
                21.007067
              ],
              [
                105.591834,
                21.007062
              ],
              [
                105.591876,
                21.007001
              ],
              [
                105.592067,
                21.006975
              ],
              [
                105.592204,
                21.006998
              ],
              [
                105.592319,
                21.007018
              ],
              [
                105.59231,
                21.007039
              ],
              [
                105.592287,
                21.00715
              ],
              [
                105.59228,
                21.00726
              ],
              [
                105.592292,
                21.00733
              ],
              [
                105.592328,
                21.0074
              ],
              [
                105.592446,
                21.007525
              ],
              [
                105.592535,
                21.007624
              ],
              [
                105.592569,
                21.007681
              ],
              [
                105.592569,
                21.007744
              ],
              [
                105.592593,
                21.007748
              ],
              [
                105.592673,
                21.007676
              ],
              [
                105.592845,
                21.007535
              ],
              [
                105.593241,
                21.007995
              ],
              [
                105.593357,
                21.008257
              ],
              [
                105.593358,
                21.008296
              ],
              [
                105.593424,
                21.008473
              ],
              [
                105.593485,
                21.008592
              ],
              [
                105.593528,
                21.008682
              ],
              [
                105.593525,
                21.008751
              ],
              [
                105.593502,
                21.008849
              ],
              [
                105.593474,
                21.008898
              ],
              [
                105.593455,
                21.008931
              ],
              [
                105.593447,
                21.008942
              ],
              [
                105.593562,
                21.009075
              ],
              [
                105.593679,
                21.00919
              ],
              [
                105.593738,
                21.009251
              ],
              [
                105.59385,
                21.009394
              ],
              [
                105.593888,
                21.009442
              ],
              [
                105.593895,
                21.009487
              ],
              [
                105.59387,
                21.009573
              ],
              [
                105.593762,
                21.009777
              ],
              [
                105.593544,
                21.010044
              ],
              [
                105.593367,
                21.010326
              ],
              [
                105.593272,
                21.010445
              ],
              [
                105.593243,
                21.010514
              ],
              [
                105.593244,
                21.01058
              ],
              [
                105.593253,
                21.010636
              ],
              [
                105.593308,
                21.010675
              ],
              [
                105.593442,
                21.010713
              ],
              [
                105.593636,
                21.010755
              ],
              [
                105.593679,
                21.010777
              ],
              [
                105.593766,
                21.010897
              ],
              [
                105.593795,
                21.011025
              ],
              [
                105.593852,
                21.01124
              ],
              [
                105.59388,
                21.011372
              ],
              [
                105.593852,
                21.01146
              ],
              [
                105.593782,
                21.011628
              ],
              [
                105.593768,
                21.011788
              ],
              [
                105.593776,
                21.011909
              ],
              [
                105.593783,
                21.01202
              ],
              [
                105.593787,
                21.012166
              ],
              [
                105.59378,
                21.012427
              ],
              [
                105.593756,
                21.01264
              ],
              [
                105.593787,
                21.01273
              ],
              [
                105.593904,
                21.012828
              ],
              [
                105.594075,
                21.012868
              ],
              [
                105.594266,
                21.012901
              ],
              [
                105.594368,
                21.012965
              ],
              [
                105.594506,
                21.013086
              ],
              [
                105.594601,
                21.013246
              ],
              [
                105.594739,
                21.013334
              ],
              [
                105.594841,
                21.013353
              ],
              [
                105.594998,
                21.013329
              ],
              [
                105.595245,
                21.013249
              ],
              [
                105.595456,
                21.01325
              ],
              [
                105.595601,
                21.013274
              ],
              [
                105.595709,
                21.013321
              ],
              [
                105.595857,
                21.013438
              ],
              [
                105.596276,
                21.012652
              ],
              [
                105.596446,
                21.012322
              ],
              [
                105.596928,
                21.011421
              ],
              [
                105.597363,
                21.010617
              ],
              [
                105.597835,
                21.00974
              ],
              [
                105.598311,
                21.008851
              ],
              [
                105.599178,
                21.007287
              ],
              [
                105.599759,
                21.006242
              ],
              [
                105.599931,
                21.006031
              ],
              [
                105.600226,
                21.005775
              ],
              [
                105.600879,
                21.005476
              ],
              [
                105.602058,
                21.005015
              ],
              [
                105.602201,
                21.004988
              ],
              [
                105.602361,
                21.004993
              ],
              [
                105.602934,
                21.005067
              ],
              [
                105.60347,
                21.005192
              ],
              [
                105.604812,
                21.005549
              ],
              [
                105.606054,
                21.005864
              ],
              [
                105.608229,
                21.006448
              ],
              [
                105.610244,
                21.007
              ],
              [
                105.611284,
                21.007272
              ],
              [
                105.613128,
                21.007758
              ],
              [
                105.614288,
                21.00806
              ],
              [
                105.615024,
                21.008254
              ],
              [
                105.615012,
                21.008097
              ],
              [
                105.614456,
                21.001334
              ],
              [
                105.617095,
                21.001439
              ],
              [
                105.621148,
                21.001664
              ],
              [
                105.625223,
                21.002031
              ],
              [
                105.628092,
                21.002336
              ],
              [
                105.628092,
                21.002336
              ]
            ]
          ]
        ]
      },
      "properties": {
        "code": "09910",
        "name": "Kiều Phú",
        "nameEn": "Kieu Phu",
        "fullName": "Xã Kiều Phú",
        "fullNameEn": "Kieu Phu Commune",
        "codeName": "kieu_phu",
        "postalCode": "13327",
        "postalCodePrefix": "",
        "gisServerId": "diaphanhanhchinhcapxa_2025.3222",
        "areaKm2": 34.49
      }
    }
  ]
}