{
  "type": "FeatureCollection",
  "bbox": [
    105.630787,
    20.948901,
    105.725882,
    20.990499
  ],
  "features": [
    {
      "type": "Feature",
      "id": "09931",
      "bbox": [
        105.630787,
        20.948901,
        105.725882,
        20.990499
      ],
      "geometry": {
        "type": "MultiPolygon",
        "coordinates": [
          [
            [
              [
                105.654109,
                20.989839
              ],
              [
                105.655009,
                20.989577
              ],
              [
                105.655203,
                20.989622
              ],
              [
                105.655241,
                20.98962
              ],
              [
                105.655298,
                20.98962
              ],
              [
                105.655416,
                20.989621
              ],
              [
                105.655415,
                20.98941
              ],
              [
                105.655416,
                20.989323
              ],
              [
                105.655422,
                20.989205
              ],
              [
                105.655436,
                20.988921
              ],
              [
                105.655434,
                20.988897
              ],
              [
                105.655406,
                20.988576
              ],
              [
                105.655373,
                20.988296
              ],
              [
                105.655323,
                20.988255
              ],
              [
                105.655314,
                20.988198
              ],
              [
                105.655929,
                20.988194
              ],
              [
                105.656648,
                20.988189
              ],
              [
                105.65667,
                20.988189
              ],
              [
                105.656673,
                20.988189
              ],
              [
                105.656675,
                20.988247
              ],
              [
                105.656658,
                20.988272
              ],
              [
                105.656606,
                20.988365
              ],
              [
                105.656606,
                20.988367
              ],
              [
                105.656601,
                20.988534
              ],
              [
                105.656593,
                20.98883
              ],
              [
                105.656589,
                20.989
              ],
              [
                105.656569,
                20.989743
              ],
              [
                105.656569,
                20.989756
              ],
              [
                105.657605,
                20.989926
              ],
              [
                105.658881,
                20.990151
              ],
              [
                105.659504,
                20.990202
              ],
              [
                105.659529,
                20.990087
              ],
              [
                105.659619,
                20.989788
              ],
              [
                105.659663,
                20.989696
              ],
              [
                105.659801,
                20.989407
              ],
              [
                105.659836,
                20.989334
              ],
              [
                105.659855,
                20.989305
              ],
              [
                105.660183,
                20.988814
              ],
              [
                105.660567,
                20.988473
              ],
              [
                105.660916,
                20.988153
              ],
              [
                105.660545,
                20.987349
              ],
              [
                105.660516,
                20.987286
              ],
              [
                105.660312,
                20.986844
              ],
              [
                105.660225,
                20.986668
              ],
              [
                105.660157,
                20.986521
              ],
              [
                105.659823,
                20.985804
              ],
              [
                105.659202,
                20.984469
              ],
              [
                105.660155,
                20.984366
              ],
              [
                105.660294,
                20.984351
              ],
              [
                105.660596,
                20.98432
              ],
              [
                105.661081,
                20.984269
              ],
              [
                105.66186,
                20.984188
              ],
              [
                105.661877,
                20.984186
              ],
              [
                105.66188,
                20.984167
              ],
              [
                105.661957,
                20.983699
              ],
              [
                105.662024,
                20.983286
              ],
              [
                105.662098,
                20.98284
              ],
              [
                105.662143,
                20.982566
              ],
              [
                105.662192,
                20.982262
              ],
              [
                105.662229,
                20.981994
              ],
              [
                105.662239,
                20.981895
              ],
              [
                105.662244,
                20.981884
              ],
              [
                105.662255,
                20.98188
              ],
              [
                105.662315,
                20.981869
              ],
              [
                105.662329,
                20.981866
              ],
              [
                105.662336,
                20.981865
              ],
              [
                105.662345,
                20.981874
              ],
              [
                105.662373,
                20.981891
              ],
              [
                105.662443,
                20.981915
              ],
              [
                105.662565,
                20.981947
              ],
              [
                105.662706,
                20.981976
              ],
              [
                105.662943,
                20.982028
              ],
              [
                105.663211,
                20.982095
              ],
              [
                105.663309,
                20.982124
              ],
              [
                105.663463,
                20.982165
              ],
              [
                105.663586,
                20.982192
              ],
              [
                105.663737,
                20.982226
              ],
              [
                105.663896,
                20.98226
              ],
              [
                105.664073,
                20.982297
              ],
              [
                105.664213,
                20.982329
              ],
              [
                105.664303,
                20.982351
              ],
              [
                105.66438,
                20.98237
              ],
              [
                105.664397,
                20.982382
              ],
              [
                105.664417,
                20.982397
              ],
              [
                105.664442,
                20.982414
              ],
              [
                105.664477,
                20.982451
              ],
              [
                105.664505,
                20.982486
              ],
              [
                105.664525,
                20.982529
              ],
              [
                105.664528,
                20.982593
              ],
              [
                105.66453,
                20.9827
              ],
              [
                105.66453,
                20.982761
              ],
              [
                105.664533,
                20.982762
              ],
              [
                105.664921,
                20.982849
              ],
              [
                105.665166,
                20.982904
              ],
              [
                105.665242,
                20.982727
              ],
              [
                105.665279,
                20.982677
              ],
              [
                105.665361,
                20.982569
              ],
              [
                105.665518,
                20.982452
              ],
              [
                105.665578,
                20.982423
              ],
              [
                105.665699,
                20.982366
              ],
              [
                105.665827,
                20.982319
              ],
              [
                105.666304,
                20.982146
              ],
              [
                105.666425,
                20.982115
              ],
              [
                105.66654,
                20.982086
              ],
              [
                105.6667,
                20.982064
              ],
              [
                105.667129,
                20.98201
              ],
              [
                105.667208,
                20.982
              ],
              [
                105.66727,
                20.982
              ],
              [
                105.667396,
                20.981999
              ],
              [
                105.667619,
                20.982043
              ],
              [
                105.668166,
                20.982264
              ],
              [
                105.668386,
                20.982359
              ],
              [
                105.668788,
                20.982533
              ],
              [
                105.668836,
                20.982561
              ],
              [
                105.668902,
                20.982598
              ],
              [
                105.669099,
                20.982711
              ],
              [
                105.6691,
                20.982712
              ],
              [
                105.669416,
                20.982912
              ],
              [
                105.669503,
                20.982968
              ],
              [
                105.669902,
                20.983233
              ],
              [
                105.670383,
                20.983508
              ],
              [
                105.670435,
                20.983538
              ],
              [
                105.670709,
                20.983687
              ],
              [
                105.671115,
                20.984008
              ],
              [
                105.671362,
                20.984159
              ],
              [
                105.671561,
                20.984281
              ],
              [
                105.671595,
                20.984296
              ],
              [
                105.671775,
                20.984377
              ],
              [
                105.671864,
                20.984417
              ],
              [
                105.671901,
                20.984429
              ],
              [
                105.672151,
                20.984509
              ],
              [
                105.672332,
                20.98452
              ],
              [
                105.672679,
                20.984524
              ],
              [
                105.672807,
                20.984548
              ],
              [
                105.672995,
                20.984631
              ],
              [
                105.673285,
                20.98483
              ],
              [
                105.673349,
                20.984879
              ],
              [
                105.673586,
                20.985102
              ],
              [
                105.673604,
                20.985117
              ],
              [
                105.674095,
                20.985522
              ],
              [
                105.674184,
                20.985681
              ],
              [
                105.674254,
                20.9858
              ],
              [
                105.674312,
                20.985973
              ],
              [
                105.674339,
                20.986263
              ],
              [
                105.674375,
                20.986388
              ],
              [
                105.674423,
                20.986507
              ],
              [
                105.674503,
                20.986579
              ],
              [
                105.674617,
                20.986614
              ],
              [
                105.674773,
                20.986578
              ],
              [
                105.674951,
                20.986499
              ],
              [
                105.675157,
                20.986397
              ],
              [
                105.675481,
                20.9863
              ],
              [
                105.675821,
                20.986218
              ],
              [
                105.676037,
                20.986086
              ],
              [
                105.676211,
                20.985906
              ],
              [
                105.676296,
                20.985798
              ],
              [
                105.676372,
                20.985602
              ],
              [
                105.676452,
                20.985164
              ],
              [
                105.676538,
                20.985026
              ],
              [
                105.676874,
                20.984592
              ],
              [
                105.676883,
                20.984581
              ],
              [
                105.677004,
                20.98444
              ],
              [
                105.67734,
                20.984064
              ],
              [
                105.67811,
                20.98344
              ],
              [
                105.678594,
                20.982974
              ],
              [
                105.678999,
                20.982523
              ],
              [
                105.679224,
                20.982221
              ],
              [
                105.679514,
                20.981832
              ],
              [
                105.679643,
                20.981648
              ],
              [
                105.68002,
                20.981262
              ],
              [
                105.680059,
                20.981222
              ],
              [
                105.680851,
                20.98052
              ],
              [
                105.681091,
                20.980172
              ],
              [
                105.681141,
                20.979921
              ],
              [
                105.681247,
                20.979646
              ],
              [
                105.681424,
                20.979394
              ],
              [
                105.681734,
                20.979029
              ],
              [
                105.6818,
                20.978822
              ],
              [
                105.681822,
                20.978753
              ],
              [
                105.681837,
                20.97867
              ],
              [
                105.681866,
                20.978508
              ],
              [
                105.681954,
                20.978251
              ],
              [
                105.68215,
                20.978023
              ],
              [
                105.682416,
                20.977873
              ],
              [
                105.682708,
                20.97774
              ],
              [
                105.682994,
                20.977643
              ],
              [
                105.683178,
                20.977575
              ],
              [
                105.683528,
                20.977444
              ],
              [
                105.684074,
                20.977203
              ],
              [
                105.684676,
                20.97689
              ],
              [
                105.685095,
                20.976554
              ],
              [
                105.685272,
                20.976278
              ],
              [
                105.685365,
                20.975919
              ],
              [
                105.685567,
                20.975452
              ],
              [
                105.685579,
                20.975422
              ],
              [
                105.685807,
                20.975189
              ],
              [
                105.686076,
                20.975039
              ],
              [
                105.686244,
                20.974976
              ],
              [
                105.686627,
                20.974923
              ],
              [
                105.686758,
                20.974905
              ],
              [
                105.686926,
                20.974882
              ],
              [
                105.687263,
                20.974836
              ],
              [
                105.687295,
                20.974832
              ],
              [
                105.687243,
                20.974687
              ],
              [
                105.687223,
                20.974632
              ],
              [
                105.687109,
                20.974317
              ],
              [
                105.687055,
                20.974141
              ],
              [
                105.686958,
                20.973825
              ],
              [
                105.686765,
                20.973426
              ],
              [
                105.686755,
                20.973406
              ],
              [
                105.686408,
                20.972859
              ],
              [
                105.686389,
                20.972829
              ],
              [
                105.686339,
                20.972766
              ],
              [
                105.686053,
                20.972407
              ],
              [
                105.685661,
                20.972047
              ],
              [
                105.685658,
                20.972044
              ],
              [
                105.685145,
                20.97154
              ],
              [
                105.685012,
                20.97141
              ],
              [
                105.684895,
                20.971294
              ],
              [
                105.684669,
                20.971068
              ],
              [
                105.684514,
                20.970914
              ],
              [
                105.684253,
                20.970654
              ],
              [
                105.684049,
                20.970433
              ],
              [
                105.683949,
                20.970324
              ],
              [
                105.684295,
                20.97005
              ],
              [
                105.684369,
                20.969989
              ],
              [
                105.684584,
                20.96981
              ],
              [
                105.684769,
                20.969657
              ],
              [
                105.684845,
                20.969581
              ],
              [
                105.684902,
                20.969525
              ],
              [
                105.684942,
                20.969559
              ],
              [
                105.685013,
                20.969599
              ],
              [
                105.685041,
                20.969605
              ],
              [
                105.685069,
                20.969601
              ],
              [
                105.685092,
                20.969581
              ],
              [
                105.685118,
                20.969554
              ],
              [
                105.685169,
                20.9695
              ],
              [
                105.685211,
                20.969455
              ],
              [
                105.685254,
                20.969417
              ],
              [
                105.685295,
                20.969384
              ],
              [
                105.685327,
                20.969376
              ],
              [
                105.685367,
                20.969378
              ],
              [
                105.68544,
                20.969418
              ],
              [
                105.685531,
                20.969502
              ],
              [
                105.685799,
                20.969784
              ],
              [
                105.686107,
                20.970127
              ],
              [
                105.68613,
                20.970153
              ],
              [
                105.686211,
                20.970128
              ],
              [
                105.686602,
                20.970068
              ],
              [
                105.686909,
                20.969961
              ],
              [
                105.686935,
                20.969946
              ],
              [
                105.686973,
                20.969942
              ],
              [
                105.687033,
                20.969917
              ],
              [
                105.68702,
                20.969975
              ],
              [
                105.687118,
                20.970171
              ],
              [
                105.687234,
                20.970308
              ],
              [
                105.68754,
                20.970579
              ],
              [
                105.687747,
                20.971045
              ],
              [
                105.688352,
                20.971844
              ],
              [
                105.688613,
                20.972084
              ],
              [
                105.688628,
                20.972099
              ],
              [
                105.688914,
                20.972389
              ],
              [
                105.689174,
                20.972653
              ],
              [
                105.689145,
                20.972665
              ],
              [
                105.689079,
                20.972692
              ],
              [
                105.688919,
                20.972758
              ],
              [
                105.688906,
                20.972763
              ],
              [
                105.688871,
                20.972782
              ],
              [
                105.68886,
                20.972788
              ],
              [
                105.68876,
                20.972842
              ],
              [
                105.688719,
                20.972864
              ],
              [
                105.688708,
                20.97287
              ],
              [
                105.688671,
                20.97289
              ],
              [
                105.688663,
                20.972896
              ],
              [
                105.688923,
                20.973444
              ],
              [
                105.689019,
                20.973978
              ],
              [
                105.689018,
                20.974429
              ],
              [
                105.689241,
                20.974439
              ],
              [
                105.689382,
                20.97446
              ],
              [
                105.689414,
                20.974464
              ],
              [
                105.6896,
                20.974524
              ],
              [
                105.689614,
                20.974528
              ],
              [
                105.689679,
                20.974549
              ],
              [
                105.689945,
                20.97468
              ],
              [
                105.690093,
                20.97476
              ],
              [
                105.690177,
                20.974805
              ],
              [
                105.690366,
                20.974922
              ],
              [
                105.690611,
                20.975114
              ],
              [
                105.690629,
                20.975131
              ],
              [
                105.690713,
                20.975423
              ],
              [
                105.690855,
                20.975593
              ],
              [
                105.690909,
                20.975719
              ],
              [
                105.69108,
                20.975875
              ],
              [
                105.691225,
                20.975938
              ],
              [
                105.691572,
                20.976174
              ],
              [
                105.692015,
                20.976303
              ],
              [
                105.692021,
                20.976304
              ],
              [
                105.692244,
                20.976418
              ],
              [
                105.692532,
                20.976665
              ],
              [
                105.692536,
                20.976676
              ],
              [
                105.692608,
                20.976864
              ],
              [
                105.692763,
                20.976996
              ],
              [
                105.692945,
                20.977025
              ],
              [
                105.693168,
                20.977107
              ],
              [
                105.693604,
                20.9774
              ],
              [
                105.693985,
                20.977591
              ],
              [
                105.694524,
                20.977862
              ],
              [
                105.69459,
                20.977887
              ],
              [
                105.69469,
                20.977885
              ],
              [
                105.694782,
                20.97793
              ],
              [
                105.695192,
                20.978319
              ],
              [
                105.695294,
                20.978416
              ],
              [
                105.69541,
                20.978453
              ],
              [
                105.695664,
                20.978512
              ],
              [
                105.695861,
                20.978517
              ],
              [
                105.696312,
                20.978396
              ],
              [
                105.696706,
                20.978275
              ],
              [
                105.697291,
                20.978177
              ],
              [
                105.69797,
                20.978122
              ],
              [
                105.698049,
                20.978126
              ],
              [
                105.698417,
                20.978149
              ],
              [
                105.69886,
                20.978129
              ],
              [
                105.699136,
                20.978071
              ],
              [
                105.699242,
                20.978048
              ],
              [
                105.699652,
                20.97789
              ],
              [
                105.699806,
                20.977831
              ],
              [
                105.699987,
                20.977753
              ],
              [
                105.700179,
                20.977672
              ],
              [
                105.700183,
                20.97767
              ],
              [
                105.700537,
                20.977487
              ],
              [
                105.701296,
                20.977082
              ],
              [
                105.701363,
                20.977046
              ],
              [
                105.701988,
                20.976667
              ],
              [
                105.702837,
                20.976013
              ],
              [
                105.70315,
                20.975772
              ],
              [
                105.703153,
                20.97577
              ],
              [
                105.703242,
                20.975681
              ],
              [
                105.703452,
                20.975471
              ],
              [
                105.703779,
                20.975218
              ],
              [
                105.703996,
                20.97505
              ],
              [
                105.704099,
                20.974969
              ],
              [
                105.704122,
                20.974952
              ],
              [
                105.704311,
                20.974863
              ],
              [
                105.704414,
                20.974815
              ],
              [
                105.704806,
                20.974631
              ],
              [
                105.704971,
                20.974554
              ],
              [
                105.705126,
                20.974486
              ],
              [
                105.70578,
                20.974201
              ],
              [
                105.706225,
                20.974007
              ],
              [
                105.706237,
                20.974002
              ],
              [
                105.707842,
                20.973344
              ],
              [
                105.708569,
                20.973046
              ],
              [
                105.708695,
                20.972994
              ],
              [
                105.708734,
                20.972977
              ],
              [
                105.709251,
                20.972913
              ],
              [
                105.709586,
                20.972706
              ],
              [
                105.709763,
                20.972504
              ],
              [
                105.709808,
                20.972337
              ],
              [
                105.709849,
                20.972218
              ],
              [
                105.709878,
                20.972131
              ],
              [
                105.710055,
                20.971872
              ],
              [
                105.710257,
                20.971655
              ],
              [
                105.710732,
                20.971335
              ],
              [
                105.710785,
                20.971289
              ],
              [
                105.710846,
                20.971237
              ],
              [
                105.711208,
                20.970924
              ],
              [
                105.711587,
                20.97046
              ],
              [
                105.711706,
                20.970314
              ],
              [
                105.711748,
                20.970263
              ],
              [
                105.712062,
                20.970004
              ],
              [
                105.712114,
                20.969965
              ],
              [
                105.712589,
                20.96961
              ],
              [
                105.712658,
                20.969545
              ],
              [
                105.712812,
                20.969399
              ],
              [
                105.712908,
                20.969265
              ],
              [
                105.712931,
                20.969196
              ],
              [
                105.712933,
                20.969194
              ],
              [
                105.713141,
                20.968905
              ],
              [
                105.713285,
                20.968621
              ],
              [
                105.713389,
                20.968374
              ],
              [
                105.713401,
                20.968101
              ],
              [
                105.713476,
                20.967848
              ],
              [
                105.713681,
                20.967077
              ],
              [
                105.713856,
                20.966412
              ],
              [
                105.713964,
                20.965661
              ],
              [
                105.714034,
                20.965288
              ],
              [
                105.714106,
                20.965064
              ],
              [
                105.714123,
                20.965009
              ],
              [
                105.714324,
                20.964682
              ],
              [
                105.714513,
                20.96439
              ],
              [
                105.7149,
                20.963906
              ],
              [
                105.715254,
                20.963596
              ],
              [
                105.715475,
                20.963398
              ],
              [
                105.715608,
                20.963215
              ],
              [
                105.715611,
                20.963211
              ],
              [
                105.715804,
                20.962833
              ],
              [
                105.716006,
                20.962465
              ],
              [
                105.716274,
                20.962135
              ],
              [
                105.716297,
                20.962115
              ],
              [
                105.716425,
                20.961947
              ],
              [
                105.716612,
                20.96174
              ],
              [
                105.716815,
                20.961529
              ],
              [
                105.717012,
                20.961356
              ],
              [
                105.71718,
                20.961241
              ],
              [
                105.717434,
                20.961125
              ],
              [
                105.717698,
                20.960995
              ],
              [
                105.718134,
                20.960721
              ],
              [
                105.719163,
                20.959894
              ],
              [
                105.719412,
                20.959769
              ],
              [
                105.719711,
                20.959586
              ],
              [
                105.72001,
                20.959351
              ],
              [
                105.720325,
                20.959153
              ],
              [
                105.720522,
                20.95899
              ],
              [
                105.720619,
                20.958899
              ],
              [
                105.720832,
                20.958812
              ],
              [
                105.721075,
                20.958634
              ],
              [
                105.721537,
                20.958326
              ],
              [
                105.722161,
                20.957865
              ],
              [
                105.722338,
                20.957687
              ],
              [
                105.72251,
                20.957452
              ],
              [
                105.7226,
                20.957275
              ],
              [
                105.722722,
                20.957179
              ],
              [
                105.72295,
                20.957044
              ],
              [
                105.723453,
                20.956769
              ],
              [
                105.723747,
                20.956586
              ],
              [
                105.723869,
                20.956505
              ],
              [
                105.723985,
                20.956432
              ],
              [
                105.724173,
                20.956355
              ],
              [
                105.724438,
                20.956135
              ],
              [
                105.724474,
                20.956089
              ],
              [
                105.724741,
                20.955747
              ],
              [
                105.725,
                20.955415
              ],
              [
                105.725033,
                20.955372
              ],
              [
                105.72517,
                20.955203
              ],
              [
                105.725309,
                20.954949
              ],
              [
                105.725454,
                20.9546
              ],
              [
                105.725517,
                20.954449
              ],
              [
                105.725686,
                20.954176
              ],
              [
                105.725757,
                20.953972
              ],
              [
                105.725799,
                20.95375
              ],
              [
                105.725822,
                20.953236
              ],
              [
                105.725848,
                20.952911
              ],
              [
                105.725882,
                20.952504
              ],
              [
                105.72584,
                20.952235
              ],
              [
                105.725649,
                20.951712
              ],
              [
                105.72549,
                20.951376
              ],
              [
                105.725322,
                20.951153
              ],
              [
                105.725119,
                20.950961
              ],
              [
                105.725025,
                20.951029
              ],
              [
                105.724916,
                20.951132
              ],
              [
                105.724916,
                20.951133
              ],
              [
                105.724818,
                20.951225
              ],
              [
                105.724023,
                20.951778
              ],
              [
                105.723171,
                20.952326
              ],
              [
                105.722672,
                20.952632
              ],
              [
                105.722569,
                20.952695
              ],
              [
                105.7223,
                20.952827
              ],
              [
                105.721745,
                20.9531
              ],
              [
                105.720615,
                20.953632
              ],
              [
                105.72023,
                20.953808
              ],
              [
                105.719887,
                20.953901
              ],
              [
                105.71959,
                20.953929
              ],
              [
                105.719107,
                20.953902
              ],
              [
                105.718582,
                20.953878
              ],
              [
                105.71829,
                20.953825
              ],
              [
                105.718118,
                20.953835
              ],
              [
                105.718039,
                20.953861
              ],
              [
                105.717854,
                20.954015
              ],
              [
                105.717324,
                20.954706
              ],
              [
                105.717084,
                20.954982
              ],
              [
                105.716445,
                20.955407
              ],
              [
                105.715829,
                20.955781
              ],
              [
                105.715549,
                20.955911
              ],
              [
                105.715269,
                20.95604
              ],
              [
                105.715155,
                20.956076
              ],
              [
                105.714916,
                20.956151
              ],
              [
                105.71466,
                20.956198
              ],
              [
                105.714624,
                20.956205
              ],
              [
                105.714434,
                20.95624
              ],
              [
                105.714249,
                20.956216
              ],
              [
                105.714039,
                20.956189
              ],
              [
                105.713844,
                20.956107
              ],
              [
                105.713484,
                20.95589
              ],
              [
                105.71308,
                20.955729
              ],
              [
                105.713016,
                20.955704
              ],
              [
                105.712973,
                20.955688
              ],
              [
                105.712906,
                20.955664
              ],
              [
                105.712781,
                20.955621
              ],
              [
                105.712657,
                20.955578
              ],
              [
                105.712611,
                20.955563
              ],
              [
                105.712589,
                20.955556
              ],
              [
                105.712566,
                20.95555
              ],
              [
                105.712544,
                20.955545
              ],
              [
                105.712523,
                20.955542
              ],
              [
                105.712502,
                20.955541
              ],
              [
                105.712483,
                20.955543
              ],
              [
                105.712238,
                20.955507
              ],
              [
                105.712266,
                20.955883
              ],
              [
                105.711643,
                20.955721
              ],
              [
                105.711484,
                20.956164
              ],
              [
                105.711444,
                20.956184
              ],
              [
                105.711183,
                20.956123
              ],
              [
                105.710942,
                20.956274
              ],
              [
                105.710886,
                20.956311
              ],
              [
                105.710392,
                20.956702
              ],
              [
                105.709714,
                20.957288
              ],
              [
                105.7091,
                20.957762
              ],
              [
                105.708032,
                20.956958
              ],
              [
                105.707574,
                20.956576
              ],
              [
                105.707274,
                20.956312
              ],
              [
                105.707239,
                20.956287
              ],
              [
                105.706231,
                20.957171
              ],
              [
                105.706109,
                20.957278
              ],
              [
                105.705638,
                20.957517
              ],
              [
                105.705184,
                20.957688
              ],
              [
                105.704641,
                20.957862
              ],
              [
                105.704563,
                20.957186
              ],
              [
                105.704477,
                20.956815
              ],
              [
                105.703729,
                20.956919
              ],
              [
                105.700894,
                20.957333
              ],
              [
                105.700796,
                20.957124
              ],
              [
                105.700435,
                20.95674
              ],
              [
                105.700136,
                20.956452
              ],
              [
                105.699928,
                20.956292
              ],
              [
                105.699821,
                20.95621
              ],
              [
                105.699493,
                20.955993
              ],
              [
                105.699266,
                20.955906
              ],
              [
                105.699195,
                20.955885
              ],
              [
                105.699124,
                20.955897
              ],
              [
                105.699027,
                20.955931
              ],
              [
                105.698885,
                20.956001
              ],
              [
                105.698454,
                20.956255
              ],
              [
                105.698339,
                20.956323
              ],
              [
                105.697847,
                20.956609
              ],
              [
                105.69772,
                20.956705
              ],
              [
                105.697482,
                20.956877
              ],
              [
                105.697339,
                20.956643
              ],
              [
                105.697126,
                20.95624
              ],
              [
                105.696837,
                20.95574
              ],
              [
                105.696373,
                20.954897
              ],
              [
                105.696327,
                20.954902
              ],
              [
                105.696304,
                20.954905
              ],
              [
                105.696257,
                20.954913
              ],
              [
                105.696231,
                20.954918
              ],
              [
                105.696165,
                20.95493
              ],
              [
                105.696118,
                20.954938
              ],
              [
                105.696095,
                20.954942
              ],
              [
                105.696072,
                20.954945
              ],
              [
                105.696026,
                20.954948
              ],
              [
                105.696003,
                20.954948
              ],
              [
                105.695981,
                20.954946
              ],
              [
                105.695958,
                20.954942
              ],
              [
                105.695936,
                20.954938
              ],
              [
                105.695869,
                20.954922
              ],
              [
                105.695847,
                20.954917
              ],
              [
                105.695825,
                20.954914
              ],
              [
                105.695802,
                20.954911
              ],
              [
                105.695779,
                20.95491
              ],
              [
                105.695756,
                20.954911
              ],
              [
                105.695733,
                20.954912
              ],
              [
                105.69571,
                20.954914
              ],
              [
                105.695687,
                20.954917
              ],
              [
                105.69564,
                20.954924
              ],
              [
                105.69562,
                20.954927
              ],
              [
                105.695571,
                20.954935
              ],
              [
                105.695478,
                20.95495
              ],
              [
                105.695361,
                20.954969
              ],
              [
                105.695315,
                20.954978
              ],
              [
                105.695292,
                20.954983
              ],
              [
                105.695246,
                20.954994
              ],
              [
                105.6952,
                20.955006
              ],
              [
                105.695131,
                20.955025
              ],
              [
                105.694923,
                20.955083
              ],
              [
                105.694855,
                20.955102
              ],
              [
                105.694719,
                20.95514
              ],
              [
                105.694605,
                20.955172
              ],
              [
                105.694537,
                20.955193
              ],
              [
                105.694514,
                20.955201
              ],
              [
                105.694501,
                20.955205
              ],
              [
                105.694145,
                20.95545
              ],
              [
                105.693797,
                20.955606
              ],
              [
                105.693682,
                20.9557
              ],
              [
                105.693589,
                20.955796
              ],
              [
                105.693492,
                20.955981
              ],
              [
                105.69341,
                20.956298
              ],
              [
                105.693389,
                20.956416
              ],
              [
                105.693367,
                20.956535
              ],
              [
                105.693374,
                20.956729
              ],
              [
                105.693405,
                20.95693
              ],
              [
                105.693418,
                20.956945
              ],
              [
                105.693429,
                20.956961
              ],
              [
                105.693439,
                20.956979
              ],
              [
                105.693448,
                20.956999
              ],
              [
                105.693455,
                20.957019
              ],
              [
                105.693463,
                20.95704
              ],
              [
                105.693476,
                20.957082
              ],
              [
                105.693508,
                20.95719
              ],
              [
                105.693522,
                20.957233
              ],
              [
                105.693529,
                20.957254
              ],
              [
                105.693537,
                20.957275
              ],
              [
                105.693545,
                20.957296
              ],
              [
                105.693554,
                20.957316
              ],
              [
                105.69364,
                20.957472
              ],
              [
                105.693658,
                20.957505
              ],
              [
                105.693703,
                20.957579
              ],
              [
                105.693763,
                20.957677
              ],
              [
                105.693796,
                20.957724
              ],
              [
                105.69394,
                20.957925
              ],
              [
                105.693939,
                20.957931
              ],
              [
                105.693938,
                20.957945
              ],
              [
                105.69394,
                20.95796
              ],
              [
                105.693943,
                20.957974
              ],
              [
                105.693943,
                20.957975
              ],
              [
                105.693947,
                20.957992
              ],
              [
                105.693953,
                20.958009
              ],
              [
                105.69396,
                20.958027
              ],
              [
                105.693976,
                20.958062
              ],
              [
                105.693986,
                20.958081
              ],
              [
                105.694006,
                20.95812
              ],
              [
                105.694011,
                20.958129
              ],
              [
                105.694011,
                20.95813
              ],
              [
                105.694078,
                20.958257
              ],
              [
                105.694128,
                20.958354
              ],
              [
                105.694128,
                20.958354
              ],
              [
                105.694128,
                20.958354
              ],
              [
                105.694159,
                20.958412
              ],
              [
                105.694179,
                20.95845
              ],
              [
                105.694201,
                20.958489
              ],
              [
                105.694245,
                20.958568
              ],
              [
                105.69427,
                20.958612
              ],
              [
                105.694335,
                20.958724
              ],
              [
                105.694369,
                20.958782
              ],
              [
                105.694392,
                20.958821
              ],
              [
                105.694404,
                20.95884
              ],
              [
                105.694416,
                20.958859
              ],
              [
                105.694429,
                20.958877
              ],
              [
                105.694441,
                20.958894
              ],
              [
                105.694467,
                20.958928
              ],
              [
                105.694489,
                20.958956
              ],
              [
                105.694506,
                20.958978
              ],
              [
                105.694532,
                20.959012
              ],
              [
                105.694544,
                20.959029
              ],
              [
                105.694556,
                20.959046
              ],
              [
                105.694567,
                20.959064
              ],
              [
                105.694577,
                20.959082
              ],
              [
                105.694586,
                20.959101
              ],
              [
                105.694595,
                20.95912
              ],
              [
                105.694603,
                20.95914
              ],
              [
                105.694614,
                20.959171
              ],
              [
                105.69462,
                20.959186
              ],
              [
                105.694629,
                20.959205
              ],
              [
                105.694638,
                20.959223
              ],
              [
                105.694649,
                20.959241
              ],
              [
                105.69466,
                20.959259
              ],
              [
                105.694673,
                20.959278
              ],
              [
                105.694686,
                20.959296
              ],
              [
                105.694713,
                20.959332
              ],
              [
                105.694755,
                20.959385
              ],
              [
                105.69481,
                20.959454
              ],
              [
                105.694897,
                20.959563
              ],
              [
                105.694942,
                20.959621
              ],
              [
                105.694943,
                20.959621
              ],
              [
                105.694996,
                20.959689
              ],
              [
                105.695039,
                20.959743
              ],
              [
                105.695087,
                20.959799
              ],
              [
                105.69514,
                20.959858
              ],
              [
                105.695168,
                20.959891
              ],
              [
                105.695181,
                20.959907
              ],
              [
                105.695193,
                20.959923
              ],
              [
                105.695196,
                20.959926
              ],
              [
                105.695118,
                20.959996
              ],
              [
                105.695079,
                20.960141
              ],
              [
                105.695012,
                20.960227
              ],
              [
                105.694979,
                20.96028
              ],
              [
                105.695002,
                20.960433
              ],
              [
                105.695023,
                20.96057
              ],
              [
                105.695104,
                20.960927
              ],
              [
                105.695232,
                20.961119
              ],
              [
                105.69524,
                20.961139
              ],
              [
                105.695248,
                20.96116
              ],
              [
                105.695267,
                20.961202
              ],
              [
                105.695352,
                20.961387
              ],
              [
                105.69545,
                20.961595
              ],
              [
                105.695676,
                20.962074
              ],
              [
                105.695811,
                20.962354
              ],
              [
                105.695946,
                20.962633
              ],
              [
                105.695962,
                20.962713
              ],
              [
                105.695979,
                20.962798
              ],
              [
                105.695987,
                20.962848
              ],
              [
                105.696006,
                20.962973
              ],
              [
                105.696016,
                20.963036
              ],
              [
                105.696028,
                20.963102
              ],
              [
                105.696045,
                20.96319
              ],
              [
                105.696059,
                20.963255
              ],
              [
                105.69607,
                20.963298
              ],
              [
                105.696075,
                20.96332
              ],
              [
                105.696082,
                20.963342
              ],
              [
                105.696089,
                20.963363
              ],
              [
                105.696104,
                20.963406
              ],
              [
                105.696121,
                20.963448
              ],
              [
                105.69613,
                20.963469
              ],
              [
                105.69614,
                20.963489
              ],
              [
                105.696151,
                20.963509
              ],
              [
                105.696162,
                20.963528
              ],
              [
                105.696175,
                20.963546
              ],
              [
                105.696188,
                20.963564
              ],
              [
                105.696201,
                20.963582
              ],
              [
                105.696216,
                20.963599
              ],
              [
                105.696231,
                20.963616
              ],
              [
                105.696246,
                20.963632
              ],
              [
                105.696263,
                20.963648
              ],
              [
                105.696279,
                20.963663
              ],
              [
                105.696296,
                20.963678
              ],
              [
                105.696314,
                20.963693
              ],
              [
                105.69634,
                20.963714
              ],
              [
                105.696352,
                20.963726
              ],
              [
                105.696364,
                20.963738
              ],
              [
                105.696374,
                20.96375
              ],
              [
                105.696383,
                20.963763
              ],
              [
                105.696389,
                20.963776
              ],
              [
                105.696392,
                20.96379
              ],
              [
                105.696393,
                20.963803
              ],
              [
                105.696392,
                20.963817
              ],
              [
                105.696387,
                20.963831
              ],
              [
                105.69638,
                20.963845
              ],
              [
                105.696369,
                20.963859
              ],
              [
                105.696356,
                20.963874
              ],
              [
                105.696342,
                20.963888
              ],
              [
                105.696312,
                20.963916
              ],
              [
                105.696297,
                20.96393
              ],
              [
                105.696284,
                20.963945
              ],
              [
                105.696272,
                20.963961
              ],
              [
                105.696264,
                20.963974
              ],
              [
                105.696257,
                20.963988
              ],
              [
                105.696252,
                20.964003
              ],
              [
                105.696249,
                20.96402
              ],
              [
                105.696247,
                20.964038
              ],
              [
                105.696246,
                20.964056
              ],
              [
                105.696245,
                20.964079
              ],
              [
                105.696245,
                20.964115
              ],
              [
                105.696244,
                20.964135
              ],
              [
                105.696243,
                20.964155
              ],
              [
                105.69624,
                20.964175
              ],
              [
                105.696236,
                20.964193
              ],
              [
                105.69623,
                20.964209
              ],
              [
                105.696223,
                20.964224
              ],
              [
                105.696215,
                20.964238
              ],
              [
                105.696197,
                20.964267
              ],
              [
                105.696189,
                20.964282
              ],
              [
                105.696183,
                20.964295
              ],
              [
                105.696179,
                20.964309
              ],
              [
                105.696176,
                20.964323
              ],
              [
                105.696176,
                20.964328
              ],
              [
                105.696176,
                20.964336
              ],
              [
                105.696177,
                20.964349
              ],
              [
                105.696181,
                20.964361
              ],
              [
                105.696186,
                20.964372
              ],
              [
                105.696194,
                20.964381
              ],
              [
                105.695876,
                20.964519
              ],
              [
                105.695704,
                20.964587
              ],
              [
                105.695686,
                20.964594
              ],
              [
                105.695646,
                20.964611
              ],
              [
                105.695633,
                20.964617
              ],
              [
                105.695621,
                20.964623
              ],
              [
                105.69561,
                20.964632
              ],
              [
                105.6956,
                20.964643
              ],
              [
                105.695593,
                20.964656
              ],
              [
                105.69559,
                20.964669
              ],
              [
                105.695589,
                20.964682
              ],
              [
                105.695589,
                20.964695
              ],
              [
                105.695591,
                20.964707
              ],
              [
                105.695592,
                20.964716
              ],
              [
                105.695602,
                20.964756
              ],
              [
                105.695587,
                20.964751
              ],
              [
                105.695571,
                20.964748
              ],
              [
                105.695554,
                20.964747
              ],
              [
                105.695536,
                20.964748
              ],
              [
                105.695516,
                20.964751
              ],
              [
                105.695475,
                20.964758
              ],
              [
                105.695454,
                20.96476
              ],
              [
                105.695435,
                20.96476
              ],
              [
                105.695416,
                20.964759
              ],
              [
                105.695398,
                20.964755
              ],
              [
                105.695381,
                20.964749
              ],
              [
                105.695379,
                20.964749
              ],
              [
                105.695195,
                20.96471
              ],
              [
                105.694858,
                20.964283
              ],
              [
                105.694477,
                20.9638
              ],
              [
                105.693966,
                20.963135
              ],
              [
                105.69352,
                20.962575
              ],
              [
                105.693465,
                20.96241
              ],
              [
                105.693394,
                20.962315
              ],
              [
                105.693379,
                20.962295
              ],
              [
                105.693352,
                20.96226
              ],
              [
                105.693324,
                20.962224
              ],
              [
                105.693309,
                20.962206
              ],
              [
                105.693295,
                20.962189
              ],
              [
                105.693267,
                20.962158
              ],
              [
                105.693238,
                20.962128
              ],
              [
                105.693208,
                20.962099
              ],
              [
                105.693177,
                20.962071
              ],
              [
                105.693162,
                20.962057
              ],
              [
                105.693144,
                20.962043
              ],
              [
                105.693109,
                20.962015
              ],
              [
                105.692999,
                20.961934
              ],
              [
                105.692964,
                20.961906
              ],
              [
                105.692946,
                20.961891
              ],
              [
                105.69293,
                20.961877
              ],
              [
                105.692914,
                20.961863
              ],
              [
                105.692883,
                20.961833
              ],
              [
                105.692852,
                20.961803
              ],
              [
                105.692822,
                20.961772
              ],
              [
                105.692792,
                20.96174
              ],
              [
                105.692762,
                20.961706
              ],
              [
                105.692701,
                20.961638
              ],
              [
                105.692619,
                20.961542
              ],
              [
                105.6925,
                20.961588
              ],
              [
                105.692206,
                20.961702
              ],
              [
                105.692042,
                20.961744
              ],
              [
                105.691612,
                20.961886
              ],
              [
                105.69133,
                20.961998
              ],
              [
                105.691028,
                20.962113
              ],
              [
                105.690606,
                20.96233
              ],
              [
                105.690518,
                20.962354
              ],
              [
                105.690383,
                20.962467
              ],
              [
                105.690253,
                20.962214
              ],
              [
                105.690172,
                20.962168
              ],
              [
                105.689987,
                20.962034
              ],
              [
                105.689895,
                20.962003
              ],
              [
                105.689753,
                20.96203
              ],
              [
                105.689503,
                20.962082
              ],
              [
                105.689382,
                20.962095
              ],
              [
                105.689323,
                20.962101
              ],
              [
                105.689206,
                20.962109
              ],
              [
                105.688953,
                20.962172
              ],
              [
                105.688686,
                20.962238
              ],
              [
                105.68849,
                20.962186
              ],
              [
                105.688243,
                20.962119
              ],
              [
                105.687784,
                20.962089
              ],
              [
                105.687616,
                20.962063
              ],
              [
                105.687611,
                20.962062
              ],
              [
                105.687588,
                20.962061
              ],
              [
                105.687572,
                20.962062
              ],
              [
                105.687566,
                20.962062
              ],
              [
                105.687558,
                20.962063
              ],
              [
                105.687559,
                20.962062
              ],
              [
                105.687583,
                20.961987
              ],
              [
                105.68759,
                20.961977
              ],
              [
                105.687593,
                20.961976
              ],
              [
                105.68764,
                20.961915
              ],
              [
                105.687679,
                20.961836
              ],
              [
                105.6878,
                20.961491
              ],
              [
                105.686295,
                20.961075
              ],
              [
                105.685927,
                20.960961
              ],
              [
                105.686048,
                20.960403
              ],
              [
                105.686226,
                20.959528
              ],
              [
                105.68626,
                20.959384
              ],
              [
                105.686283,
                20.959278
              ],
              [
                105.686368,
                20.958864
              ],
              [
                105.686391,
                20.958761
              ],
              [
                105.686453,
                20.958484
              ],
              [
                105.684904,
                20.95823
              ],
              [
                105.684206,
                20.958118
              ],
              [
                105.68336,
                20.957981
              ],
              [
                105.68296,
                20.95793
              ],
              [
                105.68297,
                20.957863
              ],
              [
                105.683095,
                20.957101
              ],
              [
                105.683113,
                20.956988
              ],
              [
                105.683145,
                20.956713
              ],
              [
                105.683237,
                20.955933
              ],
              [
                105.683298,
                20.955546
              ],
              [
                105.68332,
                20.955376
              ],
              [
                105.683251,
                20.955357
              ],
              [
                105.682167,
                20.95506
              ],
              [
                105.682021,
                20.955032
              ],
              [
                105.681442,
                20.954903
              ],
              [
                105.681131,
                20.954833
              ],
              [
                105.680903,
                20.954783
              ],
              [
                105.680701,
                20.954728
              ],
              [
                105.680266,
                20.954609
              ],
              [
                105.679708,
                20.954457
              ],
              [
                105.679821,
                20.954289
              ],
              [
                105.679891,
                20.95417
              ],
              [
                105.679557,
                20.953822
              ],
              [
                105.679676,
                20.953348
              ],
              [
                105.679477,
                20.95324
              ],
              [
                105.679228,
                20.953105
              ],
              [
                105.679058,
                20.952782
              ],
              [
                105.679102,
                20.952177
              ],
              [
                105.679557,
                20.95165
              ],
              [
                105.679284,
                20.951204
              ],
              [
                105.678721,
                20.951024
              ],
              [
                105.678605,
                20.950987
              ],
              [
                105.678411,
                20.950714
              ],
              [
                105.678257,
                20.950732
              ],
              [
                105.67797,
                20.950799
              ],
              [
                105.677667,
                20.950864
              ],
              [
                105.677545,
                20.950908
              ],
              [
                105.677356,
                20.950976
              ],
              [
                105.677248,
                20.951031
              ],
              [
                105.677137,
                20.951087
              ],
              [
                105.676958,
                20.951195
              ],
              [
                105.676834,
                20.95127
              ],
              [
                105.6768,
                20.951284
              ],
              [
                105.676735,
                20.95131
              ],
              [
                105.67667,
                20.951357
              ],
              [
                105.676613,
                20.951441
              ],
              [
                105.676563,
                20.951542
              ],
              [
                105.676005,
                20.951389
              ],
              [
                105.675763,
                20.951365
              ],
              [
                105.675483,
                20.951305
              ],
              [
                105.674631,
                20.951127
              ],
              [
                105.673715,
                20.950946
              ],
              [
                105.673673,
                20.950937
              ],
              [
                105.67361,
                20.950925
              ],
              [
                105.673604,
                20.950924
              ],
              [
                105.673278,
                20.950863
              ],
              [
                105.6731,
                20.950825
              ],
              [
                105.672691,
                20.950737
              ],
              [
                105.67251,
                20.950698
              ],
              [
                105.67112,
                20.950435
              ],
              [
                105.67093,
                20.950397
              ],
              [
                105.67038,
                20.950286
              ],
              [
                105.668788,
                20.949966
              ],
              [
                105.668191,
                20.949846
              ],
              [
                105.667798,
                20.949766
              ],
              [
                105.667255,
                20.949657
              ],
              [
                105.666021,
                20.949418
              ],
              [
                105.665013,
                20.949223
              ],
              [
                105.663344,
                20.948901
              ],
              [
                105.663054,
                20.948916
              ],
              [
                105.662925,
                20.948938
              ],
              [
                105.662797,
                20.94896
              ],
              [
                105.662662,
                20.948999
              ],
              [
                105.662111,
                20.949161
              ],
              [
                105.661921,
                20.949213
              ],
              [
                105.661128,
                20.94942
              ],
              [
                105.661114,
                20.949424
              ],
              [
                105.660993,
                20.949456
              ],
              [
                105.660854,
                20.949494
              ],
              [
                105.660215,
                20.949676
              ],
              [
                105.659843,
                20.949782
              ],
              [
                105.65975,
                20.949808
              ],
              [
                105.659704,
                20.94982
              ],
              [
                105.659658,
                20.949831
              ],
              [
                105.658867,
                20.950024
              ],
              [
                105.658798,
                20.950041
              ],
              [
                105.658728,
                20.950057
              ],
              [
                105.658589,
                20.950087
              ],
              [
                105.657849,
                20.950245
              ],
              [
                105.65778,
                20.95026
              ],
              [
                105.657711,
                20.950275
              ],
              [
                105.657642,
                20.950292
              ],
              [
                105.657573,
                20.950308
              ],
              [
                105.656308,
                20.950618
              ],
              [
                105.656144,
                20.950658
              ],
              [
                105.656127,
                20.950662
              ],
              [
                105.656127,
                20.950663
              ],
              [
                105.654945,
                20.950954
              ],
              [
                105.654368,
                20.9511
              ],
              [
                105.654368,
                20.9511
              ],
              [
                105.654243,
                20.951131
              ],
              [
                105.653789,
                20.951244
              ],
              [
                105.653484,
                20.951319
              ],
              [
                105.653428,
                20.951333
              ],
              [
                105.653428,
                20.951333
              ],
              [
                105.653314,
                20.95136
              ],
              [
                105.652874,
                20.951465
              ],
              [
                105.652511,
                20.951541
              ],
              [
                105.652344,
                20.951572
              ],
              [
                105.652152,
                20.951607
              ],
              [
                105.652072,
                20.951622
              ],
              [
                105.65192,
                20.95164
              ],
              [
                105.651875,
                20.951646
              ],
              [
                105.651772,
                20.951643
              ],
              [
                105.651625,
                20.95164
              ],
              [
                105.651594,
                20.951637
              ],
              [
                105.651237,
                20.951605
              ],
              [
                105.65082,
                20.951567
              ],
              [
                105.650614,
                20.951548
              ],
              [
                105.649895,
                20.951483
              ],
              [
                105.649895,
                20.951483
              ],
              [
                105.649895,
                20.951483
              ],
              [
                105.649743,
                20.951469
              ],
              [
                105.649261,
                20.951423
              ],
              [
                105.649261,
                20.951423
              ],
              [
                105.64926,
                20.951423
              ],
              [
                105.64926,
                20.951423
              ],
              [
                105.64926,
                20.951423
              ],
              [
                105.649259,
                20.951423
              ],
              [
                105.649259,
                20.951423
              ],
              [
                105.649259,
                20.951422
              ],
              [
                105.648881,
                20.951386
              ],
              [
                105.648851,
                20.951383
              ],
              [
                105.648427,
                20.951338
              ],
              [
                105.648391,
                20.951291
              ],
              [
                105.64799,
                20.951258
              ],
              [
                105.647743,
                20.951237
              ],
              [
                105.647442,
                20.951208
              ],
              [
                105.646455,
                20.951113
              ],
              [
                105.646223,
                20.951091
              ],
              [
                105.646223,
                20.951091
              ],
              [
                105.646202,
                20.951132
              ],
              [
                105.646201,
                20.951135
              ],
              [
                105.6462,
                20.951136
              ],
              [
                105.645643,
                20.952223
              ],
              [
                105.645644,
                20.952224
              ],
              [
                105.645637,
                20.952236
              ],
              [
                105.645627,
                20.952259
              ],
              [
                105.645602,
                20.952309
              ],
              [
                105.645511,
                20.952273
              ],
              [
                105.645432,
                20.952241
              ],
              [
                105.645158,
                20.95214
              ],
              [
                105.645134,
                20.952134
              ],
              [
                105.645041,
                20.952123
              ],
              [
                105.644903,
                20.952182
              ],
              [
                105.644893,
                20.952186
              ],
              [
                105.644879,
                20.9522
              ],
              [
                105.642604,
                20.95446
              ],
              [
                105.641798,
                20.955261
              ],
              [
                105.641798,
                20.955261
              ],
              [
                105.641679,
                20.955379
              ],
              [
                105.641626,
                20.955334
              ],
              [
                105.6416,
                20.95531
              ],
              [
                105.641438,
                20.955179
              ],
              [
                105.641308,
                20.955089
              ],
              [
                105.641104,
                20.954989
              ],
              [
                105.640956,
                20.954906
              ],
              [
                105.640627,
                20.954771
              ],
              [
                105.640379,
                20.954661
              ],
              [
                105.640295,
                20.954596
              ],
              [
                105.640139,
                20.954469
              ],
              [
                105.64006,
                20.954397
              ],
              [
                105.640036,
                20.954375
              ],
              [
                105.640024,
                20.954365
              ],
              [
                105.639909,
                20.954273
              ],
              [
                105.639755,
                20.95418
              ],
              [
                105.639725,
                20.954163
              ],
              [
                105.639666,
                20.954144
              ],
              [
                105.639476,
                20.954123
              ],
              [
                105.639452,
                20.954115
              ],
              [
                105.639444,
                20.954113
              ],
              [
                105.639419,
                20.954105
              ],
              [
                105.639395,
                20.954099
              ],
              [
                105.639388,
                20.954097
              ],
              [
                105.639372,
                20.954093
              ],
              [
                105.639373,
                20.954119
              ],
              [
                105.639372,
                20.954124
              ],
              [
                105.639372,
                20.954128
              ],
              [
                105.639372,
                20.954133
              ],
              [
                105.639373,
                20.954138
              ],
              [
                105.639376,
                20.954285
              ],
              [
                105.639378,
                20.954361
              ],
              [
                105.6394,
                20.954722
              ],
              [
                105.639408,
                20.954853
              ],
              [
                105.639408,
                20.95488
              ],
              [
                105.639404,
                20.954921
              ],
              [
                105.639397,
                20.954941
              ],
              [
                105.639396,
                20.954945
              ],
              [
                105.639395,
                20.954949
              ],
              [
                105.639391,
                20.954958
              ],
              [
                105.63939,
                20.954962
              ],
              [
                105.639388,
                20.954965
              ],
              [
                105.639388,
                20.954967
              ],
              [
                105.639382,
                20.954966
              ],
              [
                105.639363,
                20.954966
              ],
              [
                105.639359,
                20.954965
              ],
              [
                105.639317,
                20.954964
              ],
              [
                105.639033,
                20.954916
              ],
              [
                105.638856,
                20.954887
              ],
              [
                105.638656,
                20.954861
              ],
              [
                105.638558,
                20.954848
              ],
              [
                105.637869,
                20.954757
              ],
              [
                105.637589,
                20.954721
              ],
              [
                105.637423,
                20.954699
              ],
              [
                105.637281,
                20.954676
              ],
              [
                105.637169,
                20.954657
              ],
              [
                105.637079,
                20.954642
              ],
              [
                105.636746,
                20.954587
              ],
              [
                105.636571,
                20.954559
              ],
              [
                105.63633,
                20.954534
              ],
              [
                105.636281,
                20.954603
              ],
              [
                105.636275,
                20.95465
              ],
              [
                105.636262,
                20.954757
              ],
              [
                105.636259,
                20.954911
              ],
              [
                105.636275,
                20.955058
              ],
              [
                105.636329,
                20.955194
              ],
              [
                105.636356,
                20.955334
              ],
              [
                105.63633,
                20.955395
              ],
              [
                105.636227,
                20.955435
              ],
              [
                105.636212,
                20.955437
              ],
              [
                105.635865,
                20.955483
              ],
              [
                105.635608,
                20.955489
              ],
              [
                105.635056,
                20.955503
              ],
              [
                105.635033,
                20.955504
              ],
              [
                105.635028,
                20.955506
              ],
              [
                105.634916,
                20.955515
              ],
              [
                105.634806,
                20.955567
              ],
              [
                105.634692,
                20.955651
              ],
              [
                105.634477,
                20.955717
              ],
              [
                105.634279,
                20.955718
              ],
              [
                105.634098,
                20.955711
              ],
              [
                105.633935,
                20.955745
              ],
              [
                105.633942,
                20.95577
              ],
              [
                105.633957,
                20.955822
              ],
              [
                105.63408,
                20.956261
              ],
              [
                105.634354,
                20.957212
              ],
              [
                105.634354,
                20.957212
              ],
              [
                105.634418,
                20.957428
              ],
              [
                105.634573,
                20.957951
              ],
              [
                105.634592,
                20.958014
              ],
              [
                105.634652,
                20.95822
              ],
              [
                105.634679,
                20.95831
              ],
              [
                105.634679,
                20.95831
              ],
              [
                105.63478,
                20.958655
              ],
              [
                105.634826,
                20.958809
              ],
              [
                105.634917,
                20.958964
              ],
              [
                105.634962,
                20.959011
              ],
              [
                105.635059,
                20.959112
              ],
              [
                105.635327,
                20.959362
              ],
              [
                105.635654,
                20.959661
              ],
              [
                105.63601,
                20.959987
              ],
              [
                105.636632,
                20.960557
              ],
              [
                105.636725,
                20.960643
              ],
              [
                105.636702,
                20.960648
              ],
              [
                105.636602,
                20.96067
              ],
              [
                105.635907,
                20.960825
              ],
              [
                105.635481,
                20.960915
              ],
              [
                105.63482,
                20.961056
              ],
              [
                105.633625,
                20.961311
              ],
              [
                105.633343,
                20.961371
              ],
              [
                105.632053,
                20.961652
              ],
              [
                105.632043,
                20.961654
              ],
              [
                105.632066,
                20.961732
              ],
              [
                105.632066,
                20.961732
              ],
              [
                105.632295,
                20.962521
              ],
              [
                105.632454,
                20.963068
              ],
              [
                105.632575,
                20.963487
              ],
              [
                105.632575,
                20.963487
              ],
              [
                105.63278,
                20.964199
              ],
              [
                105.632851,
                20.964445
              ],
              [
                105.633202,
                20.96567
              ],
              [
                105.633236,
                20.965788
              ],
              [
                105.633188,
                20.965797
              ],
              [
                105.633098,
                20.965814
              ],
              [
                105.632376,
                20.966803
              ],
              [
                105.631961,
                20.96719
              ],
              [
                105.631556,
                20.966787
              ],
              [
                105.630806,
                20.967623
              ],
              [
                105.630794,
                20.967679
              ],
              [
                105.631077,
                20.96807
              ],
              [
                105.631204,
                20.968556
              ],
              [
                105.631219,
                20.968612
              ],
              [
                105.63111,
                20.968639
              ],
              [
                105.631244,
                20.969111
              ],
              [
                105.631094,
                20.969315
              ],
              [
                105.631033,
                20.969466
              ],
              [
                105.630992,
                20.969634
              ],
              [
                105.630981,
                20.969803
              ],
              [
                105.630982,
                20.969853
              ],
              [
                105.630936,
                20.970101
              ],
              [
                105.630922,
                20.970132
              ],
              [
                105.630975,
                20.970471
              ],
              [
                105.630787,
                20.970646
              ],
              [
                105.630948,
                20.970728
              ],
              [
                105.63144,
                20.970552
              ],
              [
                105.631494,
                20.971144
              ],
              [
                105.631497,
                20.971258
              ],
              [
                105.63139,
                20.971338
              ],
              [
                105.631525,
                20.971796
              ],
              [
                105.631884,
                20.971618
              ],
              [
                105.632349,
                20.971401
              ],
              [
                105.632565,
                20.971408
              ],
              [
                105.632659,
                20.971434
              ],
              [
                105.634651,
                20.972267
              ],
              [
                105.635239,
                20.97252
              ],
              [
                105.635996,
                20.972838
              ],
              [
                105.637604,
                20.973525
              ],
              [
                105.638189,
                20.973782
              ],
              [
                105.638145,
                20.974054
              ],
              [
                105.63816,
                20.974987
              ],
              [
                105.63833,
                20.974998
              ],
              [
                105.638312,
                20.97589
              ],
              [
                105.638202,
                20.976221
              ],
              [
                105.638187,
                20.976271
              ],
              [
                105.637935,
                20.977104
              ],
              [
                105.63789,
                20.977252
              ],
              [
                105.637753,
                20.977708
              ],
              [
                105.637533,
                20.978442
              ],
              [
                105.637313,
                20.979016
              ],
              [
                105.637207,
                20.979292
              ],
              [
                105.637195,
                20.979325
              ],
              [
                105.638262,
                20.979519
              ],
              [
                105.639133,
                20.979679
              ],
              [
                105.640245,
                20.979862
              ],
              [
                105.640968,
                20.980009
              ],
              [
                105.640967,
                20.980364
              ],
              [
                105.640965,
                20.980455
              ],
              [
                105.640958,
                20.980519
              ],
              [
                105.640948,
                20.980676
              ],
              [
                105.640947,
                20.980891
              ],
              [
                105.640944,
                20.981103
              ],
              [
                105.640946,
                20.981324
              ],
              [
                105.640945,
                20.981369
              ],
              [
                105.640943,
                20.98143
              ],
              [
                105.64094,
                20.98157
              ],
              [
                105.640939,
                20.981597
              ],
              [
                105.640934,
                20.981716
              ],
              [
                105.641021,
                20.981737
              ],
              [
                105.641035,
                20.981732
              ],
              [
                105.641188,
                20.981758
              ],
              [
                105.641586,
                20.981845
              ],
              [
                105.642115,
                20.981957
              ],
              [
                105.642122,
                20.981959
              ],
              [
                105.642126,
                20.981979
              ],
              [
                105.643665,
                20.982327
              ],
              [
                105.643374,
                20.982808
              ],
              [
                105.643023,
                20.983388
              ],
              [
                105.643137,
                20.98353
              ],
              [
                105.643473,
                20.983834
              ],
              [
                105.643623,
                20.984024
              ],
              [
                105.643764,
                20.984167
              ],
              [
                105.64413,
                20.984456
              ],
              [
                105.644417,
                20.98468
              ],
              [
                105.644639,
                20.984923
              ],
              [
                105.644714,
                20.985016
              ],
              [
                105.644805,
                20.985067
              ],
              [
                105.644877,
                20.985092
              ],
              [
                105.644997,
                20.985113
              ],
              [
                105.645572,
                20.985152
              ],
              [
                105.645792,
                20.985192
              ],
              [
                105.645968,
                20.985253
              ],
              [
                105.646167,
                20.985357
              ],
              [
                105.646381,
                20.98568
              ],
              [
                105.646456,
                20.985731
              ],
              [
                105.646517,
                20.985757
              ],
              [
                105.646862,
                20.985946
              ],
              [
                105.646898,
                20.985943
              ],
              [
                105.647027,
                20.985847
              ],
              [
                105.647071,
                20.985814
              ],
              [
                105.647099,
                20.985792
              ],
              [
                105.647063,
                20.985655
              ],
              [
                105.647252,
                20.985605
              ],
              [
                105.647277,
                20.985689
              ],
              [
                105.647288,
                20.98572
              ],
              [
                105.647355,
                20.985897
              ],
              [
                105.647363,
                20.985914
              ],
              [
                105.647459,
                20.986106
              ],
              [
                105.647498,
                20.986184
              ],
              [
                105.647626,
                20.9864
              ],
              [
                105.647631,
                20.986408
              ],
              [
                105.647677,
                20.98648
              ],
              [
                105.647691,
                20.9865
              ],
              [
                105.647742,
                20.986573
              ],
              [
                105.647752,
                20.986587
              ],
              [
                105.647854,
                20.986727
              ],
              [
                105.647977,
                20.986896
              ],
              [
                105.648047,
                20.98699
              ],
              [
                105.648121,
                20.987093
              ],
              [
                105.648169,
                20.987171
              ],
              [
                105.648207,
                20.987256
              ],
              [
                105.648225,
                20.98732
              ],
              [
                105.648229,
                20.987334
              ],
              [
                105.648238,
                20.987385
              ],
              [
                105.648242,
                20.98744
              ],
              [
                105.648242,
                20.987473
              ],
              [
                105.648241,
                20.987538
              ],
              [
                105.648225,
                20.987621
              ],
              [
                105.648205,
                20.987688
              ],
              [
                105.648182,
                20.987748
              ],
              [
                105.648146,
                20.98783
              ],
              [
                105.648086,
                20.987966
              ],
              [
                105.648064,
                20.988015
              ],
              [
                105.64805,
                20.988046
              ],
              [
                105.648027,
                20.988096
              ],
              [
                105.648023,
                20.988106
              ],
              [
                105.648024,
                20.988107
              ],
              [
                105.648485,
                20.988272
              ],
              [
                105.648667,
                20.988338
              ],
              [
                105.648374,
                20.989058
              ],
              [
                105.648395,
                20.989064
              ],
              [
                105.648661,
                20.989146
              ],
              [
                105.648671,
                20.989149
              ],
              [
                105.649089,
                20.989277
              ],
              [
                105.649206,
                20.989314
              ],
              [
                105.649324,
                20.98935
              ],
              [
                105.649483,
                20.989399
              ],
              [
                105.64957,
                20.989424
              ],
              [
                105.64957,
                20.989424
              ],
              [
                105.650064,
                20.989568
              ],
              [
                105.650674,
                20.989756
              ],
              [
                105.651655,
                20.990057
              ],
              [
                105.652022,
                20.99017
              ],
              [
                105.653074,
                20.990494
              ],
              [
                105.65309,
                20.990499
              ],
              [
                105.653118,
                20.990412
              ],
              [
                105.653274,
                20.990312
              ],
              [
                105.653337,
                20.990204
              ],
              [
                105.653411,
                20.990089
              ],
              [
                105.653457,
                20.990043
              ],
              [
                105.653488,
                20.990017
              ],
              [
                105.65353,
                20.990012
              ],
              [
                105.653659,
                20.990009
              ],
              [
                105.653716,
                20.989941
              ],
              [
                105.65389,
                20.9899
              ],
              [
                105.654109,
                20.989839
              ],
              [
                105.654109,
                20.989839
              ]
            ]
          ]
        ]
      },
      "properties": {
        "code": "09931",
        "name": "Hưng Đạo",
        "nameEn": "Hung Dao",
        "fullName": "Xã Hưng Đạo",
        "fullNameEn": "Hung Dao Commune",
        "codeName": "hung_dao",
        "postalCode": "13325",
        "postalCodePrefix": "",
        "gisServerId": "diaphanhanhchinhcapxa_2025.3223",
        "areaKm2": 24.9
      }
    }
  ]
}