{
  "type": "FeatureCollection",
  "bbox": [
    105.523182,
    21.030778,
    105.59458,
    21.102059
  ],
  "features": [
    {
      "type": "Feature",
      "id": "09955",
      "bbox": [
        105.523182,
        21.030778,
        105.59458,
        21.102059
      ],
      "geometry": {
        "type": "MultiPolygon",
        "coordinates": [
          [
            [
              [
                105.563349,
                21.100086
              ],
              [
                105.56338,
                21.100084
              ],
              [
                105.563493,
                21.100087
              ],
              [
                105.563649,
                21.100088
              ],
              [
                105.563791,
                21.100087
              ],
              [
                105.564127,
                21.100122
              ],
              [
                105.564209,
                21.100122
              ],
              [
                105.5645,
                21.100115
              ],
              [
                105.564667,
                21.10012
              ],
              [
                105.564725,
                21.100121
              ],
              [
                105.564768,
                21.100122
              ],
              [
                105.564877,
                21.100125
              ],
              [
                105.564971,
                21.10013
              ],
              [
                105.565378,
                21.100151
              ],
              [
                105.565379,
                21.100151
              ],
              [
                105.565423,
                21.100154
              ],
              [
                105.565491,
                21.100165
              ],
              [
                105.565564,
                21.100166
              ],
              [
                105.565654,
                21.100172
              ],
              [
                105.565745,
                21.100172
              ],
              [
                105.565886,
                21.100179
              ],
              [
                105.566026,
                21.100192
              ],
              [
                105.566124,
                21.100206
              ],
              [
                105.566214,
                21.100217
              ],
              [
                105.566288,
                21.10023
              ],
              [
                105.566343,
                21.100235
              ],
              [
                105.566468,
                21.100238
              ],
              [
                105.566822,
                21.100264
              ],
              [
                105.566979,
                21.100275
              ],
              [
                105.567172,
                21.100291
              ],
              [
                105.567386,
                21.1003
              ],
              [
                105.567489,
                21.100306
              ],
              [
                105.567516,
                21.10031
              ],
              [
                105.567548,
                21.100317
              ],
              [
                105.567664,
                21.10033
              ],
              [
                105.567775,
                21.100341
              ],
              [
                105.567882,
                21.100343
              ],
              [
                105.568152,
                21.100362
              ],
              [
                105.568356,
                21.100375
              ],
              [
                105.568684,
                21.10039
              ],
              [
                105.568902,
                21.100393
              ],
              [
                105.569108,
                21.100406
              ],
              [
                105.569338,
                21.100418
              ],
              [
                105.569693,
                21.100422
              ],
              [
                105.570116,
                21.100422
              ],
              [
                105.570713,
                21.10044
              ],
              [
                105.571093,
                21.100456
              ],
              [
                105.571182,
                21.100457
              ],
              [
                105.571623,
                21.100445
              ],
              [
                105.572072,
                21.100421
              ],
              [
                105.572333,
                21.100402
              ],
              [
                105.572454,
                21.100398
              ],
              [
                105.572484,
                21.100395
              ],
              [
                105.572578,
                21.100369
              ],
              [
                105.572729,
                21.10035
              ],
              [
                105.572854,
                21.100314
              ],
              [
                105.5732,
                21.100265
              ],
              [
                105.573428,
                21.100235
              ],
              [
                105.573643,
                21.100208
              ],
              [
                105.573893,
                21.100151
              ],
              [
                105.573914,
                21.100147
              ],
              [
                105.574221,
                21.100089
              ],
              [
                105.574645,
                21.099975
              ],
              [
                105.574801,
                21.099929
              ],
              [
                105.574944,
                21.099883
              ],
              [
                105.575099,
                21.099833
              ],
              [
                105.575216,
                21.09979
              ],
              [
                105.575228,
                21.09981
              ],
              [
                105.575538,
                21.099675
              ],
              [
                105.575434,
                21.099413
              ],
              [
                105.575428,
                21.099398
              ],
              [
                105.575424,
                21.099379
              ],
              [
                105.57542,
                21.09935
              ],
              [
                105.575414,
                21.099324
              ],
              [
                105.57541,
                21.099315
              ],
              [
                105.5754,
                21.099306
              ],
              [
                105.575385,
                21.099294
              ],
              [
                105.575363,
                21.099238
              ],
              [
                105.575281,
                21.099048
              ],
              [
                105.575314,
                21.099034
              ],
              [
                105.575448,
                21.098975
              ],
              [
                105.575533,
                21.098903
              ],
              [
                105.575687,
                21.098801
              ],
              [
                105.575578,
                21.098654
              ],
              [
                105.57557,
                21.098637
              ],
              [
                105.575542,
                21.09858
              ],
              [
                105.575508,
                21.098494
              ],
              [
                105.575481,
                21.098182
              ],
              [
                105.575479,
                21.098163
              ],
              [
                105.575477,
                21.098141
              ],
              [
                105.575489,
                21.097661
              ],
              [
                105.575529,
                21.097398
              ],
              [
                105.575572,
                21.097201
              ],
              [
                105.575574,
                21.097181
              ],
              [
                105.575896,
                21.096503
              ],
              [
                105.575896,
                21.096449
              ],
              [
                105.57589,
                21.096399
              ],
              [
                105.575844,
                21.096337
              ],
              [
                105.575828,
                21.096267
              ],
              [
                105.575819,
                21.096157
              ],
              [
                105.575833,
                21.095911
              ],
              [
                105.575835,
                21.095891
              ],
              [
                105.575848,
                21.09565
              ],
              [
                105.575832,
                21.095463
              ],
              [
                105.575789,
                21.095268
              ],
              [
                105.575704,
                21.094998
              ],
              [
                105.575604,
                21.094759
              ],
              [
                105.57555,
                21.094643
              ],
              [
                105.575717,
                21.094583
              ],
              [
                105.575972,
                21.094495
              ],
              [
                105.576236,
                21.0944
              ],
              [
                105.576115,
                21.094125
              ],
              [
                105.576407,
                21.094058
              ],
              [
                105.576564,
                21.093835
              ],
              [
                105.576581,
                21.093811
              ],
              [
                105.576749,
                21.093406
              ],
              [
                105.576789,
                21.093198
              ],
              [
                105.57679,
                21.093077
              ],
              [
                105.576764,
                21.092888
              ],
              [
                105.576748,
                21.092766
              ],
              [
                105.576738,
                21.092682
              ],
              [
                105.576712,
                21.092603
              ],
              [
                105.576569,
                21.092204
              ],
              [
                105.576501,
                21.092068
              ],
              [
                105.576459,
                21.091952
              ],
              [
                105.57644,
                21.091885
              ],
              [
                105.576467,
                21.091878
              ],
              [
                105.576495,
                21.091869
              ],
              [
                105.576426,
                21.091734
              ],
              [
                105.576394,
                21.091659
              ],
              [
                105.576394,
                21.091626
              ],
              [
                105.576403,
                21.091607
              ],
              [
                105.57642,
                21.091592
              ],
              [
                105.576364,
                21.091456
              ],
              [
                105.576352,
                21.091441
              ],
              [
                105.576247,
                21.091256
              ],
              [
                105.576177,
                21.091137
              ],
              [
                105.576133,
                21.091054
              ],
              [
                105.576038,
                21.09078
              ],
              [
                105.575923,
                21.090497
              ],
              [
                105.57581,
                21.09017
              ],
              [
                105.575778,
                21.090051
              ],
              [
                105.575737,
                21.089902
              ],
              [
                105.57572,
                21.089814
              ],
              [
                105.575689,
                21.089654
              ],
              [
                105.575668,
                21.089528
              ],
              [
                105.575669,
                21.089484
              ],
              [
                105.575673,
                21.089352
              ],
              [
                105.575668,
                21.089285
              ],
              [
                105.575662,
                21.089256
              ],
              [
                105.57565,
                21.089183
              ],
              [
                105.575619,
                21.089043
              ],
              [
                105.575584,
                21.088883
              ],
              [
                105.575562,
                21.088825
              ],
              [
                105.575509,
                21.088671
              ],
              [
                105.575462,
                21.088513
              ],
              [
                105.575456,
                21.088483
              ],
              [
                105.575452,
                21.088447
              ],
              [
                105.575455,
                21.088435
              ],
              [
                105.575608,
                21.088362
              ],
              [
                105.575878,
                21.088231
              ],
              [
                105.576049,
                21.088155
              ],
              [
                105.576277,
                21.088032
              ],
              [
                105.5763,
                21.08801
              ],
              [
                105.57634,
                21.087962
              ],
              [
                105.576318,
                21.087918
              ],
              [
                105.57629,
                21.087805
              ],
              [
                105.576254,
                21.087664
              ],
              [
                105.576225,
                21.087549
              ],
              [
                105.576206,
                21.087422
              ],
              [
                105.576203,
                21.087415
              ],
              [
                105.57614,
                21.087209
              ],
              [
                105.576099,
                21.087044
              ],
              [
                105.57612,
                21.08701
              ],
              [
                105.576077,
                21.086814
              ],
              [
                105.576209,
                21.086749
              ],
              [
                105.576184,
                21.0867
              ],
              [
                105.576415,
                21.086555
              ],
              [
                105.576443,
                21.086558
              ],
              [
                105.57645,
                21.086549
              ],
              [
                105.576607,
                21.086463
              ],
              [
                105.576667,
                21.086427
              ],
              [
                105.576687,
                21.08641
              ],
              [
                105.576722,
                21.086374
              ],
              [
                105.576757,
                21.086333
              ],
              [
                105.576765,
                21.08632
              ],
              [
                105.576766,
                21.086308
              ],
              [
                105.576742,
                21.086242
              ],
              [
                105.576585,
                21.085974
              ],
              [
                105.576356,
                21.08558
              ],
              [
                105.576334,
                21.085536
              ],
              [
                105.57632,
                21.0855
              ],
              [
                105.576309,
                21.085463
              ],
              [
                105.576296,
                21.085422
              ],
              [
                105.576245,
                21.085324
              ],
              [
                105.576201,
                21.08523
              ],
              [
                105.576053,
                21.084896
              ],
              [
                105.575938,
                21.08466
              ],
              [
                105.575719,
                21.08418
              ],
              [
                105.575707,
                21.084139
              ],
              [
                105.575706,
                21.084119
              ],
              [
                105.575669,
                21.083995
              ],
              [
                105.57561,
                21.083811
              ],
              [
                105.575525,
                21.08361
              ],
              [
                105.575461,
                21.083501
              ],
              [
                105.575376,
                21.083417
              ],
              [
                105.575354,
                21.083384
              ],
              [
                105.575352,
                21.083345
              ],
              [
                105.575355,
                21.083259
              ],
              [
                105.575356,
                21.083221
              ],
              [
                105.575338,
                21.083022
              ],
              [
                105.575329,
                21.083007
              ],
              [
                105.575316,
                21.082996
              ],
              [
                105.575301,
                21.08299
              ],
              [
                105.575195,
                21.082987
              ],
              [
                105.575163,
                21.082984
              ],
              [
                105.575147,
                21.082973
              ],
              [
                105.575133,
                21.082945
              ],
              [
                105.575128,
                21.082906
              ],
              [
                105.575121,
                21.082838
              ],
              [
                105.575098,
                21.082585
              ],
              [
                105.575089,
                21.082483
              ],
              [
                105.575077,
                21.082351
              ],
              [
                105.575069,
                21.082303
              ],
              [
                105.575051,
                21.082285
              ],
              [
                105.574953,
                21.082237
              ],
              [
                105.574935,
                21.082178
              ],
              [
                105.575081,
                21.082021
              ],
              [
                105.575202,
                21.081895
              ],
              [
                105.575204,
                21.081892
              ],
              [
                105.575248,
                21.081846
              ],
              [
                105.575464,
                21.081639
              ],
              [
                105.575749,
                21.081358
              ],
              [
                105.575836,
                21.081272
              ],
              [
                105.576256,
                21.080846
              ],
              [
                105.576282,
                21.080805
              ],
              [
                105.576333,
                21.080747
              ],
              [
                105.576435,
                21.080637
              ],
              [
                105.576657,
                21.080417
              ],
              [
                105.576806,
                21.08028
              ],
              [
                105.577055,
                21.080132
              ],
              [
                105.57708,
                21.080106
              ],
              [
                105.577691,
                21.079758
              ],
              [
                105.578667,
                21.079202
              ],
              [
                105.578774,
                21.079142
              ],
              [
                105.579249,
                21.078867
              ],
              [
                105.579304,
                21.078835
              ],
              [
                105.580517,
                21.078133
              ],
              [
                105.580901,
                21.077916
              ],
              [
                105.580925,
                21.077896
              ],
              [
                105.580939,
                21.077883
              ],
              [
                105.581208,
                21.077957
              ],
              [
                105.581446,
                21.078032
              ],
              [
                105.58151,
                21.077917
              ],
              [
                105.581607,
                21.077746
              ],
              [
                105.581752,
                21.077499
              ],
              [
                105.581901,
                21.077242
              ],
              [
                105.582039,
                21.077037
              ],
              [
                105.582234,
                21.076784
              ],
              [
                105.582372,
                21.076584
              ],
              [
                105.582474,
                21.076446
              ],
              [
                105.582614,
                21.076303
              ],
              [
                105.582829,
                21.076123
              ],
              [
                105.583124,
                21.075858
              ],
              [
                105.583252,
                21.075757
              ],
              [
                105.583305,
                21.075717
              ],
              [
                105.583347,
                21.075666
              ],
              [
                105.583363,
                21.075609
              ],
              [
                105.583355,
                21.075472
              ],
              [
                105.583282,
                21.075173
              ],
              [
                105.583324,
                21.075177
              ],
              [
                105.583639,
                21.075214
              ],
              [
                105.584213,
                21.075293
              ],
              [
                105.584677,
                21.075391
              ],
              [
                105.585217,
                21.075524
              ],
              [
                105.585549,
                21.075594
              ],
              [
                105.585942,
                21.075679
              ],
              [
                105.586299,
                21.075768
              ],
              [
                105.58648,
                21.075815
              ],
              [
                105.586782,
                21.075909
              ],
              [
                105.587003,
                21.075961
              ],
              [
                105.587206,
                21.076004
              ],
              [
                105.58747,
                21.076052
              ],
              [
                105.587539,
                21.075636
              ],
              [
                105.587669,
                21.074844
              ],
              [
                105.587762,
                21.073874
              ],
              [
                105.587911,
                21.073898
              ],
              [
                105.588582,
                21.074017
              ],
              [
                105.589,
                21.074084
              ],
              [
                105.589169,
                21.074099
              ],
              [
                105.58929,
                21.074133
              ],
              [
                105.589379,
                21.074159
              ],
              [
                105.589506,
                21.07417
              ],
              [
                105.589832,
                21.074163
              ],
              [
                105.590315,
                21.074137
              ],
              [
                105.59061,
                21.074126
              ],
              [
                105.590826,
                21.074101
              ],
              [
                105.590995,
                21.074106
              ],
              [
                105.591342,
                21.074141
              ],
              [
                105.59156,
                21.074165
              ],
              [
                105.591696,
                21.074205
              ],
              [
                105.591833,
                21.074235
              ],
              [
                105.592059,
                21.074286
              ],
              [
                105.59214,
                21.074303
              ],
              [
                105.592583,
                21.074398
              ],
              [
                105.592877,
                21.074422
              ],
              [
                105.593036,
                21.074406
              ],
              [
                105.593154,
                21.07437
              ],
              [
                105.593283,
                21.074326
              ],
              [
                105.593309,
                21.074318
              ],
              [
                105.593424,
                21.074264
              ],
              [
                105.593577,
                21.074141
              ],
              [
                105.593645,
                21.074055
              ],
              [
                105.593998,
                21.073611
              ],
              [
                105.594061,
                21.073548
              ],
              [
                105.594124,
                21.073519
              ],
              [
                105.594234,
                21.0735
              ],
              [
                105.594328,
                21.073476
              ],
              [
                105.59443,
                21.073403
              ],
              [
                105.594503,
                21.073298
              ],
              [
                105.594555,
                21.073152
              ],
              [
                105.594577,
                21.073026
              ],
              [
                105.59458,
                21.072883
              ],
              [
                105.594551,
                21.072655
              ],
              [
                105.594526,
                21.072456
              ],
              [
                105.59448,
                21.072263
              ],
              [
                105.594414,
                21.072013
              ],
              [
                105.594243,
                21.071553
              ],
              [
                105.59422,
                21.071516
              ],
              [
                105.594143,
                21.071427
              ],
              [
                105.594018,
                21.07132
              ],
              [
                105.593965,
                21.07125
              ],
              [
                105.593898,
                21.071099
              ],
              [
                105.593898,
                21.070915
              ],
              [
                105.593902,
                21.070514
              ],
              [
                105.593907,
                21.070148
              ],
              [
                105.593934,
                21.069915
              ],
              [
                105.594012,
                21.06964
              ],
              [
                105.594035,
                21.069509
              ],
              [
                105.594044,
                21.069453
              ],
              [
                105.594064,
                21.069336
              ],
              [
                105.594183,
                21.068843
              ],
              [
                105.594381,
                21.067917
              ],
              [
                105.594411,
                21.067662
              ],
              [
                105.594413,
                21.067605
              ],
              [
                105.59442,
                21.067411
              ],
              [
                105.594402,
                21.067143
              ],
              [
                105.594389,
                21.067062
              ],
              [
                105.594353,
                21.066969
              ],
              [
                105.594339,
                21.066907
              ],
              [
                105.594316,
                21.066809
              ],
              [
                105.594252,
                21.066682
              ],
              [
                105.594118,
                21.066348
              ],
              [
                105.593927,
                21.065885
              ],
              [
                105.593841,
                21.065689
              ],
              [
                105.593817,
                21.065634
              ],
              [
                105.593658,
                21.065346
              ],
              [
                105.593632,
                21.065279
              ],
              [
                105.593632,
                21.0652
              ],
              [
                105.593641,
                21.06486
              ],
              [
                105.593657,
                21.064511
              ],
              [
                105.593657,
                21.064509
              ],
              [
                105.593662,
                21.064409
              ],
              [
                105.593639,
                21.064323
              ],
              [
                105.593569,
                21.064179
              ],
              [
                105.593444,
                21.064039
              ],
              [
                105.593337,
                21.063965
              ],
              [
                105.593336,
                21.063965
              ],
              [
                105.593099,
                21.063875
              ],
              [
                105.592939,
                21.063828
              ],
              [
                105.592858,
                21.06383
              ],
              [
                105.592832,
                21.063831
              ],
              [
                105.592389,
                21.063892
              ],
              [
                105.592089,
                21.063953
              ],
              [
                105.591959,
                21.063958
              ],
              [
                105.591877,
                21.063944
              ],
              [
                105.591839,
                21.063937
              ],
              [
                105.591765,
                21.063908
              ],
              [
                105.591728,
                21.063883
              ],
              [
                105.591694,
                21.063858
              ],
              [
                105.59165,
                21.063789
              ],
              [
                105.591648,
                21.063783
              ],
              [
                105.591604,
                21.063658
              ],
              [
                105.591586,
                21.063601
              ],
              [
                105.591525,
                21.063445
              ],
              [
                105.591498,
                21.063321
              ],
              [
                105.59142,
                21.062969
              ],
              [
                105.591369,
                21.062643
              ],
              [
                105.591353,
                21.062566
              ],
              [
                105.591349,
                21.062457
              ],
              [
                105.59137,
                21.062385
              ],
              [
                105.591474,
                21.062133
              ],
              [
                105.591544,
                21.061992
              ],
              [
                105.591675,
                21.061752
              ],
              [
                105.591804,
                21.061534
              ],
              [
                105.592113,
                21.061127
              ],
              [
                105.592331,
                21.060851
              ],
              [
                105.592404,
                21.060755
              ],
              [
                105.59263,
                21.060461
              ],
              [
                105.592673,
                21.060413
              ],
              [
                105.592733,
                21.060346
              ],
              [
                105.592848,
                21.060208
              ],
              [
                105.592877,
                21.060148
              ],
              [
                105.59288,
                21.060088
              ],
              [
                105.592835,
                21.059896
              ],
              [
                105.592769,
                21.059571
              ],
              [
                105.592728,
                21.059504
              ],
              [
                105.592634,
                21.059418
              ],
              [
                105.592516,
                21.059366
              ],
              [
                105.592338,
                21.059331
              ],
              [
                105.592116,
                21.059315
              ],
              [
                105.591854,
                21.059311
              ],
              [
                105.591701,
                21.059319
              ],
              [
                105.591636,
                21.059329
              ],
              [
                105.591405,
                21.059397
              ],
              [
                105.591265,
                21.059477
              ],
              [
                105.591136,
                21.059571
              ],
              [
                105.590974,
                21.059315
              ],
              [
                105.590957,
                21.059292
              ],
              [
                105.590907,
                21.059178
              ],
              [
                105.590866,
                21.059083
              ],
              [
                105.590853,
                21.059064
              ],
              [
                105.590719,
                21.058643
              ],
              [
                105.590709,
                21.058613
              ],
              [
                105.590563,
                21.058679
              ],
              [
                105.590364,
                21.058771
              ],
              [
                105.590151,
                21.058853
              ],
              [
                105.590013,
                21.058903
              ],
              [
                105.589978,
                21.058915
              ],
              [
                105.589934,
                21.058931
              ],
              [
                105.589927,
                21.058934
              ],
              [
                105.589905,
                21.058877
              ],
              [
                105.589778,
                21.058554
              ],
              [
                105.589582,
                21.058055
              ],
              [
                105.589582,
                21.058055
              ],
              [
                105.589522,
                21.057956
              ],
              [
                105.589467,
                21.057865
              ],
              [
                105.589416,
                21.057812
              ],
              [
                105.589244,
                21.057633
              ],
              [
                105.589185,
                21.057569
              ],
              [
                105.589097,
                21.057474
              ],
              [
                105.589045,
                21.057417
              ],
              [
                105.588861,
                21.057219
              ],
              [
                105.58885,
                21.057207
              ],
              [
                105.588609,
                21.056946
              ],
              [
                105.588592,
                21.056928
              ],
              [
                105.588314,
                21.056633
              ],
              [
                105.588189,
                21.0565
              ],
              [
                105.588063,
                21.056414
              ],
              [
                105.587996,
                21.056397
              ],
              [
                105.588008,
                21.05636
              ],
              [
                105.588053,
                21.056304
              ],
              [
                105.588086,
                21.056284
              ],
              [
                105.588144,
                21.056272
              ],
              [
                105.588354,
                21.056205
              ],
              [
                105.588715,
                21.05611
              ],
              [
                105.588681,
                21.055927
              ],
              [
                105.588636,
                21.05585
              ],
              [
                105.588623,
                21.055786
              ],
              [
                105.588605,
                21.055697
              ],
              [
                105.588604,
                21.055425
              ],
              [
                105.588607,
                21.055357
              ],
              [
                105.588727,
                21.055252
              ],
              [
                105.588817,
                21.055154
              ],
              [
                105.588931,
                21.055029
              ],
              [
                105.588986,
                21.054916
              ],
              [
                105.588909,
                21.054782
              ],
              [
                105.5889,
                21.054714
              ],
              [
                105.588883,
                21.054582
              ],
              [
                105.588911,
                21.054477
              ],
              [
                105.58895,
                21.054393
              ],
              [
                105.588995,
                21.054264
              ],
              [
                105.589017,
                21.054183
              ],
              [
                105.589036,
                21.053953
              ],
              [
                105.589233,
                21.053544
              ],
              [
                105.589451,
                21.053203
              ],
              [
                105.589463,
                21.053179
              ],
              [
                105.58951,
                21.053116
              ],
              [
                105.589842,
                21.052794
              ],
              [
                105.590184,
                21.052441
              ],
              [
                105.590249,
                21.05238
              ],
              [
                105.590275,
                21.052376
              ],
              [
                105.590329,
                21.052385
              ],
              [
                105.590718,
                21.052532
              ],
              [
                105.590827,
                21.052586
              ],
              [
                105.590737,
                21.052212
              ],
              [
                105.590672,
                21.051894
              ],
              [
                105.590594,
                21.051684
              ],
              [
                105.590471,
                21.051326
              ],
              [
                105.590455,
                21.051238
              ],
              [
                105.590458,
                21.051169
              ],
              [
                105.590488,
                21.050976
              ],
              [
                105.590539,
                21.050747
              ],
              [
                105.590539,
                21.050624
              ],
              [
                105.590502,
                21.050535
              ],
              [
                105.590425,
                21.050443
              ],
              [
                105.590385,
                21.050363
              ],
              [
                105.5904,
                21.050294
              ],
              [
                105.590464,
                21.050191
              ],
              [
                105.590512,
                21.050067
              ],
              [
                105.590533,
                21.049927
              ],
              [
                105.590554,
                21.049846
              ],
              [
                105.590633,
                21.049734
              ],
              [
                105.590712,
                21.049634
              ],
              [
                105.590736,
                21.049559
              ],
              [
                105.590754,
                21.049368
              ],
              [
                105.590705,
                21.049008
              ],
              [
                105.590691,
                21.048762
              ],
              [
                105.590716,
                21.048659
              ],
              [
                105.59082,
                21.048567
              ],
              [
                105.59099,
                21.048397
              ],
              [
                105.591109,
                21.048277
              ],
              [
                105.59121,
                21.048213
              ],
              [
                105.591154,
                21.048113
              ],
              [
                105.591036,
                21.047914
              ],
              [
                105.590922,
                21.047733
              ],
              [
                105.590924,
                21.047702
              ],
              [
                105.590986,
                21.047672
              ],
              [
                105.590987,
                21.047672
              ],
              [
                105.591058,
                21.047638
              ],
              [
                105.591167,
                21.04759
              ],
              [
                105.591186,
                21.047564
              ],
              [
                105.591204,
                21.047458
              ],
              [
                105.591313,
                21.047339
              ],
              [
                105.59146,
                21.047212
              ],
              [
                105.5916,
                21.047141
              ],
              [
                105.591683,
                21.047104
              ],
              [
                105.591744,
                21.047054
              ],
              [
                105.591751,
                21.0469
              ],
              [
                105.591801,
                21.046669
              ],
              [
                105.591836,
                21.046425
              ],
              [
                105.591871,
                21.046244
              ],
              [
                105.591912,
                21.045952
              ],
              [
                105.591916,
                21.04593
              ],
              [
                105.591887,
                21.045926
              ],
              [
                105.591649,
                21.045906
              ],
              [
                105.591572,
                21.045883
              ],
              [
                105.591508,
                21.045742
              ],
              [
                105.591315,
                21.045367
              ],
              [
                105.591165,
                21.045028
              ],
              [
                105.59095,
                21.044532
              ],
              [
                105.590799,
                21.04418
              ],
              [
                105.590678,
                21.043836
              ],
              [
                105.590565,
                21.043564
              ],
              [
                105.590449,
                21.043419
              ],
              [
                105.59034,
                21.043319
              ],
              [
                105.59033,
                21.04331
              ],
              [
                105.590203,
                21.043207
              ],
              [
                105.590058,
                21.043094
              ],
              [
                105.589906,
                21.042969
              ],
              [
                105.589697,
                21.042817
              ],
              [
                105.589563,
                21.042714
              ],
              [
                105.589413,
                21.042594
              ],
              [
                105.589309,
                21.042528
              ],
              [
                105.589148,
                21.042485
              ],
              [
                105.589035,
                21.042436
              ],
              [
                105.588922,
                21.042415
              ],
              [
                105.588697,
                21.042407
              ],
              [
                105.588498,
                21.042394
              ],
              [
                105.588418,
                21.042395
              ],
              [
                105.588228,
                21.042473
              ],
              [
                105.588124,
                21.042494
              ],
              [
                105.588067,
                21.042486
              ],
              [
                105.588007,
                21.042565
              ],
              [
                105.587925,
                21.042613
              ],
              [
                105.587802,
                21.04252
              ],
              [
                105.587832,
                21.042442
              ],
              [
                105.587852,
                21.042395
              ],
              [
                105.587904,
                21.042277
              ],
              [
                105.587969,
                21.042129
              ],
              [
                105.587647,
                21.041947
              ],
              [
                105.587735,
                21.041796
              ],
              [
                105.588089,
                21.041192
              ],
              [
                105.589056,
                21.039551
              ],
              [
                105.589237,
                21.039229
              ],
              [
                105.588768,
                21.039004
              ],
              [
                105.588473,
                21.038894
              ],
              [
                105.588372,
                21.038857
              ],
              [
                105.587691,
                21.038602
              ],
              [
                105.587724,
                21.038553
              ],
              [
                105.587717,
                21.038538
              ],
              [
                105.58771,
                21.038523
              ],
              [
                105.587699,
                21.03847
              ],
              [
                105.587697,
                21.03843
              ],
              [
                105.587696,
                21.038396
              ],
              [
                105.587701,
                21.038346
              ],
              [
                105.587705,
                21.038308
              ],
              [
                105.587712,
                21.038276
              ],
              [
                105.587716,
                21.038244
              ],
              [
                105.587716,
                21.038195
              ],
              [
                105.587722,
                21.038166
              ],
              [
                105.587722,
                21.038136
              ],
              [
                105.587723,
                21.038131
              ],
              [
                105.587727,
                21.038102
              ],
              [
                105.587722,
                21.038081
              ],
              [
                105.587697,
                21.038056
              ],
              [
                105.58767,
                21.038041
              ],
              [
                105.587643,
                21.038033
              ],
              [
                105.587594,
                21.038014
              ],
              [
                105.587571,
                21.038006
              ],
              [
                105.587547,
                21.037993
              ],
              [
                105.587522,
                21.037968
              ],
              [
                105.587486,
                21.03793
              ],
              [
                105.58747,
                21.037902
              ],
              [
                105.587365,
                21.03787
              ],
              [
                105.587276,
                21.03787
              ],
              [
                105.587231,
                21.037866
              ],
              [
                105.58719,
                21.037862
              ],
              [
                105.587139,
                21.037849
              ],
              [
                105.587111,
                21.037845
              ],
              [
                105.587065,
                21.037842
              ],
              [
                105.586869,
                21.0378
              ],
              [
                105.586831,
                21.037444
              ],
              [
                105.586824,
                21.037444
              ],
              [
                105.586452,
                21.037421
              ],
              [
                105.585676,
                21.037319
              ],
              [
                105.585625,
                21.037305
              ],
              [
                105.585089,
                21.036809
              ],
              [
                105.58498,
                21.036943
              ],
              [
                105.584895,
                21.036859
              ],
              [
                105.584798,
                21.036775
              ],
              [
                105.584737,
                21.036751
              ],
              [
                105.584644,
                21.036735
              ],
              [
                105.5846,
                21.036733
              ],
              [
                105.584535,
                21.036753
              ],
              [
                105.584433,
                21.036855
              ],
              [
                105.584333,
                21.036948
              ],
              [
                105.584267,
                21.036971
              ],
              [
                105.584107,
                21.036987
              ],
              [
                105.583931,
                21.037015
              ],
              [
                105.583907,
                21.037023
              ],
              [
                105.583808,
                21.037071
              ],
              [
                105.583531,
                21.037216
              ],
              [
                105.583503,
                21.037209
              ],
              [
                105.583488,
                21.037186
              ],
              [
                105.583489,
                21.037142
              ],
              [
                105.583502,
                21.037094
              ],
              [
                105.583746,
                21.036748
              ],
              [
                105.583822,
                21.03676
              ],
              [
                105.583948,
                21.036604
              ],
              [
                105.584157,
                21.036147
              ],
              [
                105.584182,
                21.036064
              ],
              [
                105.58444,
                21.035467
              ],
              [
                105.584267,
                21.035388
              ],
              [
                105.584071,
                21.035298
              ],
              [
                105.584016,
                21.03541
              ],
              [
                105.583836,
                21.035582
              ],
              [
                105.583482,
                21.035891
              ],
              [
                105.58341,
                21.035947
              ],
              [
                105.583178,
                21.036086
              ],
              [
                105.582409,
                21.036115
              ],
              [
                105.58208,
                21.036125
              ],
              [
                105.581767,
                21.036088
              ],
              [
                105.581703,
                21.036073
              ],
              [
                105.581379,
                21.035994
              ],
              [
                105.581313,
                21.035978
              ],
              [
                105.581272,
                21.036077
              ],
              [
                105.580613,
                21.036022
              ],
              [
                105.580391,
                21.036259
              ],
              [
                105.580341,
                21.036161
              ],
              [
                105.5803,
                21.036092
              ],
              [
                105.580257,
                21.036062
              ],
              [
                105.580168,
                21.036073
              ],
              [
                105.579962,
                21.036213
              ],
              [
                105.579827,
                21.036239
              ],
              [
                105.579665,
                21.036186
              ],
              [
                105.579423,
                21.036178
              ],
              [
                105.57928,
                21.036141
              ],
              [
                105.579249,
                21.036207
              ],
              [
                105.579188,
                21.036186
              ],
              [
                105.579095,
                21.036151
              ],
              [
                105.578939,
                21.036088
              ],
              [
                105.578957,
                21.036001
              ],
              [
                105.578803,
                21.03589
              ],
              [
                105.578708,
                21.035872
              ],
              [
                105.578638,
                21.035541
              ],
              [
                105.578549,
                21.035538
              ],
              [
                105.578435,
                21.035336
              ],
              [
                105.578403,
                21.035221
              ],
              [
                105.578398,
                21.03514
              ],
              [
                105.578372,
                21.035084
              ],
              [
                105.578323,
                21.035007
              ],
              [
                105.57822,
                21.034919
              ],
              [
                105.578127,
                21.03491
              ],
              [
                105.57804,
                21.034859
              ],
              [
                105.578182,
                21.034598
              ],
              [
                105.5782,
                21.0346
              ],
              [
                105.578243,
                21.034598
              ],
              [
                105.578351,
                21.034594
              ],
              [
                105.578639,
                21.03446
              ],
              [
                105.578719,
                21.034423
              ],
              [
                105.578748,
                21.034375
              ],
              [
                105.57877,
                21.034233
              ],
              [
                105.578771,
                21.034199
              ],
              [
                105.578779,
                21.033978
              ],
              [
                105.578764,
                21.033773
              ],
              [
                105.578756,
                21.033656
              ],
              [
                105.578698,
                21.033537
              ],
              [
                105.578625,
                21.033388
              ],
              [
                105.578609,
                21.033355
              ],
              [
                105.578584,
                21.033269
              ],
              [
                105.578484,
                21.033083
              ],
              [
                105.578344,
                21.032911
              ],
              [
                105.578306,
                21.032852
              ],
              [
                105.578163,
                21.032521
              ],
              [
                105.578071,
                21.032291
              ],
              [
                105.577884,
                21.031878
              ],
              [
                105.577873,
                21.031854
              ],
              [
                105.577446,
                21.030982
              ],
              [
                105.577271,
                21.030783
              ],
              [
                105.577023,
                21.030877
              ],
              [
                105.57696,
                21.030778
              ],
              [
                105.576537,
                21.030967
              ],
              [
                105.57648,
                21.030995
              ],
              [
                105.576277,
                21.031092
              ],
              [
                105.576068,
                21.031258
              ],
              [
                105.576038,
                21.031327
              ],
              [
                105.576035,
                21.031333
              ],
              [
                105.576016,
                21.031377
              ],
              [
                105.575975,
                21.031508
              ],
              [
                105.575976,
                21.031516
              ],
              [
                105.575988,
                21.031668
              ],
              [
                105.576066,
                21.031758
              ],
              [
                105.576214,
                21.032029
              ],
              [
                105.57625,
                21.032094
              ],
              [
                105.576095,
                21.032218
              ],
              [
                105.575827,
                21.031997
              ],
              [
                105.57565,
                21.031923
              ],
              [
                105.575488,
                21.031899
              ],
              [
                105.575238,
                21.031948
              ],
              [
                105.575106,
                21.031942
              ],
              [
                105.575033,
                21.031938
              ],
              [
                105.574912,
                21.031902
              ],
              [
                105.574537,
                21.031868
              ],
              [
                105.574034,
                21.031861
              ],
              [
                105.573866,
                21.031843
              ],
              [
                105.573851,
                21.031898
              ],
              [
                105.573872,
                21.032153
              ],
              [
                105.573873,
                21.032491
              ],
              [
                105.573789,
                21.032821
              ],
              [
                105.573771,
                21.032865
              ],
              [
                105.573712,
                21.033004
              ],
              [
                105.573481,
                21.033591
              ],
              [
                105.573337,
                21.033569
              ],
              [
                105.573105,
                21.033533
              ],
              [
                105.572879,
                21.03368
              ],
              [
                105.572813,
                21.033667
              ],
              [
                105.572495,
                21.033535
              ],
              [
                105.572454,
                21.033525
              ],
              [
                105.572342,
                21.033615
              ],
              [
                105.572402,
                21.03368
              ],
              [
                105.572441,
                21.034053
              ],
              [
                105.572382,
                21.034304
              ],
              [
                105.571979,
                21.034295
              ],
              [
                105.571872,
                21.03407
              ],
              [
                105.571705,
                21.033896
              ],
              [
                105.571582,
                21.03387
              ],
              [
                105.571232,
                21.033889
              ],
              [
                105.571006,
                21.033887
              ],
              [
                105.570934,
                21.033902
              ],
              [
                105.570725,
                21.034001
              ],
              [
                105.570648,
                21.034044
              ],
              [
                105.570612,
                21.033978
              ],
              [
                105.570573,
                21.03385
              ],
              [
                105.570571,
                21.033758
              ],
              [
                105.570578,
                21.033708
              ],
              [
                105.570542,
                21.03366
              ],
              [
                105.570523,
                21.033636
              ],
              [
                105.570193,
                21.033417
              ],
              [
                105.570119,
                21.033378
              ],
              [
                105.569888,
                21.033287
              ],
              [
                105.569786,
                21.0333
              ],
              [
                105.569481,
                21.033456
              ],
              [
                105.569361,
                21.03351
              ],
              [
                105.569163,
                21.033511
              ],
              [
                105.568845,
                21.033454
              ],
              [
                105.568832,
                21.033452
              ],
              [
                105.568731,
                21.033252
              ],
              [
                105.568364,
                21.033328
              ],
              [
                105.568162,
                21.033371
              ],
              [
                105.567831,
                21.033478
              ],
              [
                105.567779,
                21.033465
              ],
              [
                105.567504,
                21.033398
              ],
              [
                105.567454,
                21.033386
              ],
              [
                105.566762,
                21.033165
              ],
              [
                105.566117,
                21.032956
              ],
              [
                105.56599,
                21.032914
              ],
              [
                105.565989,
                21.032914
              ],
              [
                105.565909,
                21.033025
              ],
              [
                105.565603,
                21.033168
              ],
              [
                105.564919,
                21.033448
              ],
              [
                105.564339,
                21.033574
              ],
              [
                105.563652,
                21.033657
              ],
              [
                105.563506,
                21.033738
              ],
              [
                105.563472,
                21.033795
              ],
              [
                105.56347,
                21.033798
              ],
              [
                105.563559,
                21.033942
              ],
              [
                105.563783,
                21.034078
              ],
              [
                105.564211,
                21.034336
              ],
              [
                105.56445,
                21.034402
              ],
              [
                105.564464,
                21.034521
              ],
              [
                105.564236,
                21.034895
              ],
              [
                105.564168,
                21.035096
              ],
              [
                105.564152,
                21.035136
              ],
              [
                105.564085,
                21.035304
              ],
              [
                105.563933,
                21.035591
              ],
              [
                105.563935,
                21.035675
              ],
              [
                105.563938,
                21.035815
              ],
              [
                105.563942,
                21.036022
              ],
              [
                105.563989,
                21.036186
              ],
              [
                105.563806,
                21.036359
              ],
              [
                105.56373,
                21.036496
              ],
              [
                105.563922,
                21.036703
              ],
              [
                105.564113,
                21.036716
              ],
              [
                105.564383,
                21.036665
              ],
              [
                105.564511,
                21.036733
              ],
              [
                105.564514,
                21.036742
              ],
              [
                105.564383,
                21.036909
              ],
              [
                105.564383,
                21.037117
              ],
              [
                105.564383,
                21.037296
              ],
              [
                105.564383,
                21.03733
              ],
              [
                105.564383,
                21.037404
              ],
              [
                105.564574,
                21.037461
              ],
              [
                105.564712,
                21.037467
              ],
              [
                105.564857,
                21.037496
              ],
              [
                105.565003,
                21.03757
              ],
              [
                105.565025,
                21.037581
              ],
              [
                105.565142,
                21.037666
              ],
              [
                105.565163,
                21.037681
              ],
              [
                105.565187,
                21.037682
              ],
              [
                105.565446,
                21.037694
              ],
              [
                105.565677,
                21.0377
              ],
              [
                105.565705,
                21.037701
              ],
              [
                105.565741,
                21.037688
              ],
              [
                105.565813,
                21.037661
              ],
              [
                105.566003,
                21.037592
              ],
              [
                105.566181,
                21.037324
              ],
              [
                105.566185,
                21.037319
              ],
              [
                105.566291,
                21.03719
              ],
              [
                105.566467,
                21.037089
              ],
              [
                105.566703,
                21.037045
              ],
              [
                105.566833,
                21.036973
              ],
              [
                105.566857,
                21.036935
              ],
              [
                105.566887,
                21.036933
              ],
              [
                105.566912,
                21.036931
              ],
              [
                105.567012,
                21.036976
              ],
              [
                105.567534,
                21.037449
              ],
              [
                105.567141,
                21.03779
              ],
              [
                105.567037,
                21.037847
              ],
              [
                105.566943,
                21.037885
              ],
              [
                105.56685,
                21.037894
              ],
              [
                105.566772,
                21.037905
              ],
              [
                105.566772,
                21.037919
              ],
              [
                105.56679,
                21.038011
              ],
              [
                105.566826,
                21.038122
              ],
              [
                105.566864,
                21.038262
              ],
              [
                105.56689,
                21.038353
              ],
              [
                105.566938,
                21.038488
              ],
              [
                105.566953,
                21.038539
              ],
              [
                105.566949,
                21.038574
              ],
              [
                105.566964,
                21.038609
              ],
              [
                105.56689,
                21.038835
              ],
              [
                105.566903,
                21.038876
              ],
              [
                105.566945,
                21.039
              ],
              [
                105.566979,
                21.039063
              ],
              [
                105.566989,
                21.03908
              ],
              [
                105.567047,
                21.039186
              ],
              [
                105.567069,
                21.039213
              ],
              [
                105.567115,
                21.039273
              ],
              [
                105.566568,
                21.039419
              ],
              [
                105.566549,
                21.039393
              ],
              [
                105.566452,
                21.039312
              ],
              [
                105.566447,
                21.039307
              ],
              [
                105.566394,
                21.039265
              ],
              [
                105.566375,
                21.03925
              ],
              [
                105.566127,
                21.039212
              ],
              [
                105.566138,
                21.039174
              ],
              [
                105.5661,
                21.039031
              ],
              [
                105.566126,
                21.038953
              ],
              [
                105.566137,
                21.038917
              ],
              [
                105.566264,
                21.038851
              ],
              [
                105.566363,
                21.038828
              ],
              [
                105.566417,
                21.038815
              ],
              [
                105.566432,
                21.038719
              ],
              [
                105.566436,
                21.038696
              ],
              [
                105.566436,
                21.038695
              ],
              [
                105.566429,
                21.038644
              ],
              [
                105.566417,
                21.038549
              ],
              [
                105.566369,
                21.038511
              ],
              [
                105.566343,
                21.038472
              ],
              [
                105.5663,
                21.038364
              ],
              [
                105.566248,
                21.0383
              ],
              [
                105.566163,
                21.038275
              ],
              [
                105.566148,
                21.038271
              ],
              [
                105.566127,
                21.03825
              ],
              [
                105.566069,
                21.038193
              ],
              [
                105.565704,
                21.038273
              ],
              [
                105.565315,
                21.038264
              ],
              [
                105.564887,
                21.038177
              ],
              [
                105.564783,
                21.038177
              ],
              [
                105.564635,
                21.038207
              ],
              [
                105.564596,
                21.038248
              ],
              [
                105.564564,
                21.038298
              ],
              [
                105.564543,
                21.038438
              ],
              [
                105.564511,
                21.038546
              ],
              [
                105.56451,
                21.038548
              ],
              [
                105.564509,
                21.03855
              ],
              [
                105.564381,
                21.038786
              ],
              [
                105.564369,
                21.03884
              ],
              [
                105.564322,
                21.038949
              ],
              [
                105.564383,
                21.039003
              ],
              [
                105.564406,
                21.039022
              ],
              [
                105.564464,
                21.03907
              ],
              [
                105.564518,
                21.039192
              ],
              [
                105.564513,
                21.039315
              ],
              [
                105.564483,
                21.039422
              ],
              [
                105.564513,
                21.03956
              ],
              [
                105.564515,
                21.03957
              ],
              [
                105.564644,
                21.039849
              ],
              [
                105.564682,
                21.039877
              ],
              [
                105.564673,
                21.039881
              ],
              [
                105.564667,
                21.039883
              ],
              [
                105.56474,
                21.039991
              ],
              [
                105.564741,
                21.040084
              ],
              [
                105.564742,
                21.040253
              ],
              [
                105.56475,
                21.040315
              ],
              [
                105.564768,
                21.040333
              ],
              [
                105.564822,
                21.040395
              ],
              [
                105.564874,
                21.040431
              ],
              [
                105.564922,
                21.040443
              ],
              [
                105.564963,
                21.040452
              ],
              [
                105.56506,
                21.040493
              ],
              [
                105.565239,
                21.040504
              ],
              [
                105.56526,
                21.040505
              ],
              [
                105.565387,
                21.040511
              ],
              [
                105.565521,
                21.040581
              ],
              [
                105.565603,
                21.04064
              ],
              [
                105.56565,
                21.040684
              ],
              [
                105.565687,
                21.040738
              ],
              [
                105.565696,
                21.040819
              ],
              [
                105.565686,
                21.040853
              ],
              [
                105.56568,
                21.040876
              ],
              [
                105.56564,
                21.040924
              ],
              [
                105.565608,
                21.040956
              ],
              [
                105.565581,
                21.041009
              ],
              [
                105.565581,
                21.04101
              ],
              [
                105.565194,
                21.041241
              ],
              [
                105.565164,
                21.041236
              ],
              [
                105.565149,
                21.041248
              ],
              [
                105.565145,
                21.041252
              ],
              [
                105.565126,
                21.041257
              ],
              [
                105.565109,
                21.041254
              ],
              [
                105.565097,
                21.041251
              ],
              [
                105.565088,
                21.041229
              ],
              [
                105.565082,
                21.041215
              ],
              [
                105.56505,
                21.041158
              ],
              [
                105.565036,
                21.041123
              ],
              [
                105.564999,
                21.041084
              ],
              [
                105.564988,
                21.041072
              ],
              [
                105.564982,
                21.041051
              ],
              [
                105.564984,
                21.04103
              ],
              [
                105.565,
                21.041007
              ],
              [
                105.565047,
                21.040959
              ],
              [
                105.565099,
                21.040929
              ],
              [
                105.56512,
                21.04091
              ],
              [
                105.565128,
                21.040864
              ],
              [
                105.565115,
                21.04084
              ],
              [
                105.565072,
                21.040807
              ],
              [
                105.565043,
                21.040797
              ],
              [
                105.56503,
                21.040794
              ],
              [
                105.565009,
                21.040795
              ],
              [
                105.565003,
                21.040809
              ],
              [
                105.564997,
                21.040856
              ],
              [
                105.565001,
                21.040876
              ],
              [
                105.564999,
                21.04091
              ],
              [
                105.564987,
                21.040941
              ],
              [
                105.564977,
                21.040961
              ],
              [
                105.564962,
                21.040981
              ],
              [
                105.564925,
                21.04101
              ],
              [
                105.56489,
                21.041023
              ],
              [
                105.564835,
                21.041021
              ],
              [
                105.564787,
                21.041011
              ],
              [
                105.564783,
                21.04101
              ],
              [
                105.564694,
                21.040985
              ],
              [
                105.564693,
                21.040985
              ],
              [
                105.564614,
                21.040965
              ],
              [
                105.564581,
                21.040958
              ],
              [
                105.564555,
                21.040962
              ],
              [
                105.564521,
                21.040983
              ],
              [
                105.564486,
                21.04102
              ],
              [
                105.564462,
                21.041055
              ],
              [
                105.564447,
                21.041057
              ],
              [
                105.564425,
                21.041055
              ],
              [
                105.564398,
                21.041042
              ],
              [
                105.564384,
                21.041032
              ],
              [
                105.564373,
                21.041026
              ],
              [
                105.564368,
                21.04102
              ],
              [
                105.564367,
                21.041017
              ],
              [
                105.564306,
                21.040976
              ],
              [
                105.564305,
                21.040978
              ],
              [
                105.564233,
                21.041113
              ],
              [
                105.564219,
                21.041278
              ],
              [
                105.564242,
                21.041422
              ],
              [
                105.564189,
                21.041533
              ],
              [
                105.564089,
                21.041596
              ],
              [
                105.564071,
                21.041608
              ],
              [
                105.563893,
                21.041721
              ],
              [
                105.56387,
                21.041736
              ],
              [
                105.563739,
                21.041759
              ],
              [
                105.563359,
                21.041491
              ],
              [
                105.563071,
                21.041269
              ],
              [
                105.563053,
                21.041217
              ],
              [
                105.56305,
                21.041207
              ],
              [
                105.562971,
                21.041038
              ],
              [
                105.562759,
                21.040932
              ],
              [
                105.562394,
                21.040899
              ],
              [
                105.56224,
                21.040903
              ],
              [
                105.562194,
                21.04097
              ],
              [
                105.562077,
                21.041115
              ],
              [
                105.562009,
                21.041198
              ],
              [
                105.561952,
                21.041262
              ],
              [
                105.562026,
                21.041288
              ],
              [
                105.562039,
                21.041293
              ],
              [
                105.562081,
                21.041308
              ],
              [
                105.562157,
                21.041359
              ],
              [
                105.562182,
                21.041377
              ],
              [
                105.562241,
                21.04142
              ],
              [
                105.562257,
                21.041429
              ],
              [
                105.56234,
                21.041473
              ],
              [
                105.56238,
                21.041507
              ],
              [
                105.562321,
                21.041569
              ],
              [
                105.562305,
                21.041619
              ],
              [
                105.56253,
                21.042548
              ],
              [
                105.562605,
                21.04277
              ],
              [
                105.562654,
                21.042853
              ],
              [
                105.562689,
                21.042885
              ],
              [
                105.562746,
                21.042921
              ],
              [
                105.562832,
                21.042917
              ],
              [
                105.562866,
                21.042927
              ],
              [
                105.563029,
                21.043017
              ],
              [
                105.563308,
                21.043249
              ],
              [
                105.563389,
                21.043359
              ],
              [
                105.563446,
                21.043514
              ],
              [
                105.563416,
                21.043626
              ],
              [
                105.563335,
                21.04388
              ],
              [
                105.563354,
                21.044026
              ],
              [
                105.563387,
                21.044149
              ],
              [
                105.563454,
                21.044197
              ],
              [
                105.563568,
                21.044271
              ],
              [
                105.563389,
                21.044535
              ],
              [
                105.563264,
                21.044474
              ],
              [
                105.5632,
                21.044455
              ],
              [
                105.563185,
                21.044573
              ],
              [
                105.563098,
                21.044541
              ],
              [
                105.563139,
                21.044853
              ],
              [
                105.563112,
                21.04495
              ],
              [
                105.562965,
                21.044999
              ],
              [
                105.562861,
                21.045214
              ],
              [
                105.563215,
                21.04533
              ],
              [
                105.563318,
                21.045321
              ],
              [
                105.563751,
                21.045447
              ],
              [
                105.563692,
                21.045594
              ],
              [
                105.563507,
                21.04573
              ],
              [
                105.563574,
                21.045984
              ],
              [
                105.563653,
                21.046122
              ],
              [
                105.563663,
                21.046282
              ],
              [
                105.563447,
                21.046741
              ],
              [
                105.563134,
                21.04731
              ],
              [
                105.563203,
                21.047618
              ],
              [
                105.56329,
                21.047644
              ],
              [
                105.563291,
                21.047727
              ],
              [
                105.563368,
                21.047979
              ],
              [
                105.563427,
                21.048001
              ],
              [
                105.563391,
                21.048201
              ],
              [
                105.563342,
                21.048459
              ],
              [
                105.563257,
                21.04862
              ],
              [
                105.563282,
                21.048887
              ],
              [
                105.563243,
                21.048935
              ],
              [
                105.563124,
                21.048937
              ],
              [
                105.56313,
                21.049075
              ],
              [
                105.56311,
                21.049175
              ],
              [
                105.563054,
                21.049257
              ],
              [
                105.562917,
                21.049313
              ],
              [
                105.562916,
                21.049359
              ],
              [
                105.562911,
                21.049361
              ],
              [
                105.562876,
                21.049381
              ],
              [
                105.562836,
                21.049387
              ],
              [
                105.562802,
                21.049373
              ],
              [
                105.562633,
                21.049322
              ],
              [
                105.562596,
                21.049307
              ],
              [
                105.562549,
                21.04929
              ],
              [
                105.562478,
                21.049227
              ],
              [
                105.562471,
                21.049221
              ],
              [
                105.562437,
                21.049181
              ],
              [
                105.562428,
                21.04915
              ],
              [
                105.56212,
                21.048979
              ],
              [
                105.562005,
                21.049123
              ],
              [
                105.561973,
                21.049216
              ],
              [
                105.561968,
                21.049278
              ],
              [
                105.561991,
                21.049341
              ],
              [
                105.562074,
                21.049425
              ],
              [
                105.562201,
                21.049525
              ],
              [
                105.562254,
                21.049587
              ],
              [
                105.562289,
                21.049717
              ],
              [
                105.562291,
                21.049853
              ],
              [
                105.562098,
                21.049939
              ],
              [
                105.561894,
                21.050042
              ],
              [
                105.561729,
                21.050279
              ],
              [
                105.562025,
                21.050488
              ],
              [
                105.562212,
                21.050652
              ],
              [
                105.562723,
                21.051054
              ],
              [
                105.562901,
                21.051218
              ],
              [
                105.563082,
                21.051378
              ],
              [
                105.563232,
                21.051507
              ],
              [
                105.563279,
                21.051548
              ],
              [
                105.563388,
                21.051647
              ],
              [
                105.563188,
                21.05182
              ],
              [
                105.562971,
                21.051774
              ],
              [
                105.562844,
                21.051775
              ],
              [
                105.562788,
                21.051793
              ],
              [
                105.56277,
                21.051978
              ],
              [
                105.562836,
                21.052037
              ],
              [
                105.562979,
                21.052066
              ],
              [
                105.562953,
                21.052313
              ],
              [
                105.563222,
                21.052336
              ],
              [
                105.563201,
                21.052573
              ],
              [
                105.563218,
                21.052753
              ],
              [
                105.563254,
                21.052809
              ],
              [
                105.563333,
                21.052874
              ],
              [
                105.563426,
                21.052925
              ],
              [
                105.563477,
                21.052976
              ],
              [
                105.563578,
                21.053126
              ],
              [
                105.56375,
                21.053319
              ],
              [
                105.563955,
                21.053487
              ],
              [
                105.564035,
                21.053516
              ],
              [
                105.564142,
                21.053688
              ],
              [
                105.56405,
                21.053711
              ],
              [
                105.563748,
                21.054949
              ],
              [
                105.563841,
                21.055006
              ],
              [
                105.563746,
                21.055551
              ],
              [
                105.563743,
                21.055571
              ],
              [
                105.563397,
                21.055597
              ],
              [
                105.563387,
                21.055982
              ],
              [
                105.563395,
                21.056005
              ],
              [
                105.563437,
                21.05607
              ],
              [
                105.563492,
                21.056148
              ],
              [
                105.563464,
                21.056166
              ],
              [
                105.563355,
                21.056276
              ],
              [
                105.563346,
                21.056311
              ],
              [
                105.563393,
                21.056343
              ],
              [
                105.563825,
                21.056697
              ],
              [
                105.563882,
                21.057038
              ],
              [
                105.563775,
                21.057355
              ],
              [
                105.563686,
                21.057422
              ],
              [
                105.563944,
                21.057752
              ],
              [
                105.563995,
                21.057929
              ],
              [
                105.563934,
                21.057982
              ],
              [
                105.56416,
                21.05823
              ],
              [
                105.564113,
                21.058273
              ],
              [
                105.563905,
                21.058371
              ],
              [
                105.563777,
                21.058429
              ],
              [
                105.563645,
                21.058531
              ],
              [
                105.563453,
                21.058687
              ],
              [
                105.563381,
                21.05875
              ],
              [
                105.563213,
                21.058823
              ],
              [
                105.563029,
                21.058876
              ],
              [
                105.562909,
                21.05889
              ],
              [
                105.562806,
                21.058871
              ],
              [
                105.562647,
                21.058796
              ],
              [
                105.562527,
                21.058728
              ],
              [
                105.562414,
                21.058642
              ],
              [
                105.562314,
                21.058527
              ],
              [
                105.562253,
                21.058444
              ],
              [
                105.561905,
                21.057947
              ],
              [
                105.561879,
                21.057903
              ],
              [
                105.561821,
                21.057831
              ],
              [
                105.561757,
                21.057766
              ],
              [
                105.561717,
                21.05774
              ],
              [
                105.561656,
                21.057711
              ],
              [
                105.561536,
                21.057659
              ],
              [
                105.561455,
                21.057634
              ],
              [
                105.561385,
                21.057602
              ],
              [
                105.561199,
                21.057469
              ],
              [
                105.561005,
                21.05737
              ],
              [
                105.560937,
                21.057351
              ],
              [
                105.560809,
                21.057331
              ],
              [
                105.560688,
                21.057265
              ],
              [
                105.560579,
                21.057201
              ],
              [
                105.560513,
                21.057179
              ],
              [
                105.560424,
                21.05716
              ],
              [
                105.560248,
                21.057113
              ],
              [
                105.560124,
                21.057072
              ],
              [
                105.560035,
                21.057061
              ],
              [
                105.55996,
                21.057066
              ],
              [
                105.559884,
                21.057102
              ],
              [
                105.559806,
                21.056962
              ],
              [
                105.559695,
                21.056771
              ],
              [
                105.559632,
                21.05678
              ],
              [
                105.559605,
                21.056802
              ],
              [
                105.55956,
                21.056855
              ],
              [
                105.559551,
                21.056866
              ],
              [
                105.558436,
                21.056868
              ],
              [
                105.558118,
                21.056877
              ],
              [
                105.557675,
                21.056857
              ],
              [
                105.55724,
                21.05676
              ],
              [
                105.557217,
                21.056762
              ],
              [
                105.557203,
                21.056763
              ],
              [
                105.557017,
                21.056744
              ],
              [
                105.556273,
                21.05665
              ],
              [
                105.555977,
                21.056644
              ],
              [
                105.555632,
                21.056588
              ],
              [
                105.555613,
                21.05659
              ],
              [
                105.555194,
                21.056607
              ],
              [
                105.555015,
                21.056604
              ],
              [
                105.555003,
                21.056604
              ],
              [
                105.554977,
                21.056595
              ],
              [
                105.55486,
                21.056559
              ],
              [
                105.554845,
                21.056547
              ],
              [
                105.554754,
                21.056459
              ],
              [
                105.554741,
                21.056451
              ],
              [
                105.554731,
                21.056449
              ],
              [
                105.554719,
                21.056453
              ],
              [
                105.554647,
                21.056511
              ],
              [
                105.554625,
                21.056518
              ],
              [
                105.554617,
                21.056516
              ],
              [
                105.554608,
                21.056516
              ],
              [
                105.5546,
                21.056504
              ],
              [
                105.554563,
                21.056453
              ],
              [
                105.554546,
                21.056407
              ],
              [
                105.554544,
                21.056345
              ],
              [
                105.554539,
                21.056315
              ],
              [
                105.554522,
                21.056309
              ],
              [
                105.554509,
                21.056311
              ],
              [
                105.554486,
                21.056319
              ],
              [
                105.554424,
                21.056359
              ],
              [
                105.554345,
                21.056416
              ],
              [
                105.554368,
                21.056422
              ],
              [
                105.554389,
                21.056426
              ],
              [
                105.554404,
                21.056434
              ],
              [
                105.55441,
                21.056442
              ],
              [
                105.554406,
                21.056449
              ],
              [
                105.554394,
                21.056459
              ],
              [
                105.554381,
                21.056471
              ],
              [
                105.554381,
                21.056484
              ],
              [
                105.554381,
                21.056493
              ],
              [
                105.554383,
                21.05652
              ],
              [
                105.554429,
                21.056631
              ],
              [
                105.55445,
                21.056682
              ],
              [
                105.554456,
                21.056711
              ],
              [
                105.554455,
                21.056715
              ],
              [
                105.554452,
                21.056721
              ],
              [
                105.554428,
                21.056742
              ],
              [
                105.55436,
                21.056664
              ],
              [
                105.554278,
                21.056573
              ],
              [
                105.554238,
                21.056606
              ],
              [
                105.554149,
                21.056686
              ],
              [
                105.553957,
                21.056925
              ],
              [
                105.553934,
                21.056954
              ],
              [
                105.553928,
                21.056955
              ],
              [
                105.553918,
                21.056958
              ],
              [
                105.553838,
                21.056905
              ],
              [
                105.553767,
                21.056858
              ],
              [
                105.553729,
                21.056835
              ],
              [
                105.553713,
                21.056834
              ],
              [
                105.553708,
                21.056834
              ],
              [
                105.553679,
                21.05687
              ],
              [
                105.553672,
                21.056878
              ],
              [
                105.553542,
                21.057037
              ],
              [
                105.553481,
                21.057103
              ],
              [
                105.553479,
                21.057106
              ],
              [
                105.553452,
                21.057117
              ],
              [
                105.553451,
                21.057117
              ],
              [
                105.553412,
                21.057122
              ],
              [
                105.55337,
                21.057133
              ],
              [
                105.553329,
                21.057147
              ],
              [
                105.553292,
                21.057139
              ],
              [
                105.55328,
                21.057123
              ],
              [
                105.553306,
                21.057042
              ],
              [
                105.553336,
                21.056975
              ],
              [
                105.553099,
                21.056821
              ],
              [
                105.553058,
                21.056784
              ],
              [
                105.552577,
                21.056366
              ],
              [
                105.552508,
                21.056254
              ],
              [
                105.552467,
                21.056213
              ],
              [
                105.552346,
                21.056197
              ],
              [
                105.552146,
                21.056322
              ],
              [
                105.552061,
                21.056342
              ],
              [
                105.551712,
                21.056323
              ],
              [
                105.551489,
                21.056134
              ],
              [
                105.550956,
                21.05608
              ],
              [
                105.550689,
                21.055985
              ],
              [
                105.550604,
                21.05602
              ],
              [
                105.550592,
                21.056001
              ],
              [
                105.550559,
                21.055951
              ],
              [
                105.550538,
                21.055931
              ],
              [
                105.550509,
                21.055909
              ],
              [
                105.550506,
                21.055908
              ],
              [
                105.55044,
                21.055865
              ],
              [
                105.550419,
                21.055852
              ],
              [
                105.550305,
                21.055782
              ],
              [
                105.550238,
                21.055739
              ],
              [
                105.550095,
                21.055644
              ],
              [
                105.549791,
                21.05546
              ],
              [
                105.549698,
                21.055633
              ],
              [
                105.549197,
                21.055431
              ],
              [
                105.549266,
                21.055367
              ],
              [
                105.549094,
                21.055266
              ],
              [
                105.549022,
                21.055339
              ],
              [
                105.548917,
                21.055429
              ],
              [
                105.548674,
                21.055581
              ],
              [
                105.548644,
                21.05562
              ],
              [
                105.548388,
                21.055585
              ],
              [
                105.548388,
                21.055502
              ],
              [
                105.548343,
                21.055407
              ],
              [
                105.548245,
                21.055322
              ],
              [
                105.548245,
                21.055322
              ],
              [
                105.548235,
                21.055323
              ],
              [
                105.548174,
                21.055307
              ],
              [
                105.548146,
                21.055296
              ],
              [
                105.548125,
                21.055282
              ],
              [
                105.5481,
                21.055246
              ],
              [
                105.548091,
                21.055224
              ],
              [
                105.548089,
                21.055213
              ],
              [
                105.548091,
                21.055208
              ],
              [
                105.548056,
                21.055137
              ],
              [
                105.548036,
                21.055003
              ],
              [
                105.547978,
                21.054988
              ],
              [
                105.547851,
                21.054902
              ],
              [
                105.547758,
                21.054888
              ],
              [
                105.54765,
                21.054879
              ],
              [
                105.547555,
                21.054918
              ],
              [
                105.547412,
                21.055101
              ],
              [
                105.547387,
                21.055154
              ],
              [
                105.546976,
                21.054913
              ],
              [
                105.546975,
                21.054913
              ],
              [
                105.546873,
                21.054894
              ],
              [
                105.546829,
                21.05493
              ],
              [
                105.546824,
                21.054934
              ],
              [
                105.54676,
                21.054964
              ],
              [
                105.546718,
                21.054976
              ],
              [
                105.546578,
                21.054974
              ],
              [
                105.546487,
                21.054948
              ],
              [
                105.546433,
                21.05491
              ],
              [
                105.546385,
                21.054866
              ],
              [
                105.546374,
                21.054843
              ],
              [
                105.546262,
                21.054619
              ],
              [
                105.546202,
                21.054505
              ],
              [
                105.546172,
                21.054465
              ],
              [
                105.546167,
                21.054459
              ],
              [
                105.546133,
                21.05442
              ],
              [
                105.546079,
                21.054374
              ],
              [
                105.545896,
                21.054233
              ],
              [
                105.545697,
                21.054092
              ],
              [
                105.545547,
                21.054024
              ],
              [
                105.545399,
                21.053962
              ],
              [
                105.545201,
                21.053842
              ],
              [
                105.545078,
                21.053756
              ],
              [
                105.545053,
                21.053732
              ],
              [
                105.544973,
                21.053682
              ],
              [
                105.544944,
                21.053634
              ],
              [
                105.544584,
                21.053021
              ],
              [
                105.54457,
                21.052971
              ],
              [
                105.544401,
                21.05295
              ],
              [
                105.544171,
                21.052912
              ],
              [
                105.543974,
                21.052874
              ],
              [
                105.543836,
                21.052827
              ],
              [
                105.543797,
                21.052809
              ],
              [
                105.543687,
                21.052757
              ],
              [
                105.543577,
                21.052701
              ],
              [
                105.543586,
                21.05267
              ],
              [
                105.54359,
                21.052656
              ],
              [
                105.543594,
                21.052573
              ],
              [
                105.543594,
                21.052562
              ],
              [
                105.543605,
                21.052524
              ],
              [
                105.543631,
                21.052428
              ],
              [
                105.543658,
                21.052327
              ],
              [
                105.54368,
                21.052267
              ],
              [
                105.543673,
                21.052233
              ],
              [
                105.543621,
                21.052175
              ],
              [
                105.543462,
                21.052053
              ],
              [
                105.543393,
                21.05198
              ],
              [
                105.543301,
                21.051873
              ],
              [
                105.54322,
                21.051783
              ],
              [
                105.543114,
                21.051715
              ],
              [
                105.543057,
                21.051686
              ],
              [
                105.542981,
                21.051674
              ],
              [
                105.542949,
                21.05168
              ],
              [
                105.542806,
                21.051704
              ],
              [
                105.542661,
                21.051733
              ],
              [
                105.542589,
                21.051726
              ],
              [
                105.542616,
                21.051523
              ],
              [
                105.542568,
                21.0515
              ],
              [
                105.542566,
                21.051498
              ],
              [
                105.542548,
                21.051491
              ],
              [
                105.542439,
                21.051449
              ],
              [
                105.542326,
                21.0514
              ],
              [
                105.542291,
                21.051385
              ],
              [
                105.542265,
                21.051373
              ],
              [
                105.542248,
                21.051368
              ],
              [
                105.542232,
                21.051366
              ],
              [
                105.542127,
                21.051353
              ],
              [
                105.542056,
                21.051337
              ],
              [
                105.541961,
                21.051323
              ],
              [
                105.541958,
                21.051323
              ],
              [
                105.541904,
                21.051324
              ],
              [
                105.541846,
                21.051324
              ],
              [
                105.541771,
                21.05132
              ],
              [
                105.541726,
                21.051307
              ],
              [
                105.541676,
                21.051276
              ],
              [
                105.54158,
                21.051195
              ],
              [
                105.541571,
                21.051185
              ],
              [
                105.541537,
                21.051144
              ],
              [
                105.541517,
                21.051107
              ],
              [
                105.541515,
                21.051084
              ],
              [
                105.541514,
                21.051062
              ],
              [
                105.541508,
                21.051047
              ],
              [
                105.541472,
                21.051016
              ],
              [
                105.541435,
                21.050995
              ],
              [
                105.541406,
                21.050985
              ],
              [
                105.541383,
                21.050982
              ],
              [
                105.541372,
                21.050985
              ],
              [
                105.541346,
                21.051003
              ],
              [
                105.540759,
                21.050471
              ],
              [
                105.539752,
                21.051333
              ],
              [
                105.539662,
                21.051411
              ],
              [
                105.539669,
                21.051505
              ],
              [
                105.539659,
                21.051572
              ],
              [
                105.539617,
                21.05164
              ],
              [
                105.539549,
                21.051685
              ],
              [
                105.539467,
                21.051719
              ],
              [
                105.539336,
                21.051733
              ],
              [
                105.539245,
                21.051717
              ],
              [
                105.53918,
                21.051688
              ],
              [
                105.539056,
                21.051667
              ],
              [
                105.538998,
                21.051659
              ],
              [
                105.538891,
                21.051667
              ],
              [
                105.538735,
                21.051694
              ],
              [
                105.538592,
                21.051751
              ],
              [
                105.538542,
                21.051779
              ],
              [
                105.538493,
                21.051903
              ],
              [
                105.538479,
                21.051955
              ],
              [
                105.538472,
                21.052095
              ],
              [
                105.538462,
                21.052179
              ],
              [
                105.538444,
                21.052219
              ],
              [
                105.538229,
                21.052424
              ],
              [
                105.538164,
                21.052483
              ],
              [
                105.538129,
                21.052515
              ],
              [
                105.538062,
                21.052583
              ],
              [
                105.538044,
                21.052606
              ],
              [
                105.537932,
                21.052703
              ],
              [
                105.537867,
                21.052771
              ],
              [
                105.53775,
                21.052877
              ],
              [
                105.537688,
                21.052944
              ],
              [
                105.537638,
                21.052979
              ],
              [
                105.537571,
                21.05302
              ],
              [
                105.537521,
                21.05305
              ],
              [
                105.537458,
                21.053085
              ],
              [
                105.537375,
                21.053211
              ],
              [
                105.537353,
                21.053338
              ],
              [
                105.537267,
                21.053457
              ],
              [
                105.537226,
                21.0535
              ],
              [
                105.537165,
                21.053587
              ],
              [
                105.537125,
                21.053626
              ],
              [
                105.537033,
                21.053714
              ],
              [
                105.536876,
                21.053866
              ],
              [
                105.536771,
                21.053981
              ],
              [
                105.536746,
                21.054082
              ],
              [
                105.536795,
                21.054171
              ],
              [
                105.536889,
                21.054281
              ],
              [
                105.536905,
                21.054347
              ],
              [
                105.536883,
                21.05441
              ],
              [
                105.5368,
                21.054502
              ],
              [
                105.536653,
                21.054594
              ],
              [
                105.53662,
                21.054615
              ],
              [
                105.536566,
                21.054647
              ],
              [
                105.536505,
                21.054729
              ],
              [
                105.536492,
                21.05479
              ],
              [
                105.536477,
                21.054857
              ],
              [
                105.536408,
                21.055166
              ],
              [
                105.536378,
                21.055389
              ],
              [
                105.536304,
                21.055614
              ],
              [
                105.536226,
                21.055712
              ],
              [
                105.536223,
                21.055715
              ],
              [
                105.536222,
                21.055716
              ],
              [
                105.536034,
                21.055855
              ],
              [
                105.535748,
                21.056159
              ],
              [
                105.53569,
                21.056249
              ],
              [
                105.535608,
                21.056375
              ],
              [
                105.535588,
                21.056397
              ],
              [
                105.535527,
                21.056467
              ],
              [
                105.535448,
                21.056615
              ],
              [
                105.535309,
                21.056801
              ],
              [
                105.535087,
                21.056988
              ],
              [
                105.535035,
                21.057042
              ],
              [
                105.535017,
                21.057061
              ],
              [
                105.534963,
                21.057119
              ],
              [
                105.534913,
                21.057203
              ],
              [
                105.534747,
                21.057196
              ],
              [
                105.534543,
                21.057155
              ],
              [
                105.534477,
                21.057152
              ],
              [
                105.534382,
                21.057152
              ],
              [
                105.534426,
                21.057433
              ],
              [
                105.534409,
                21.05763
              ],
              [
                105.534323,
                21.057866
              ],
              [
                105.534278,
                21.058034
              ],
              [
                105.534174,
                21.058192
              ],
              [
                105.534011,
                21.058341
              ],
              [
                105.533811,
                21.058475
              ],
              [
                105.533618,
                21.058648
              ],
              [
                105.533562,
                21.058743
              ],
              [
                105.533583,
                21.058882
              ],
              [
                105.533639,
                21.059013
              ],
              [
                105.533757,
                21.059204
              ],
              [
                105.53386,
                21.059333
              ],
              [
                105.53398,
                21.059603
              ],
              [
                105.534004,
                21.05972
              ],
              [
                105.534009,
                21.059834
              ],
              [
                105.533959,
                21.060014
              ],
              [
                105.533936,
                21.060136
              ],
              [
                105.533947,
                21.060267
              ],
              [
                105.534003,
                21.060391
              ],
              [
                105.534123,
                21.06047
              ],
              [
                105.534246,
                21.060484
              ],
              [
                105.534358,
                21.060473
              ],
              [
                105.534369,
                21.060566
              ],
              [
                105.534412,
                21.060935
              ],
              [
                105.534214,
                21.061026
              ],
              [
                105.534111,
                21.061105
              ],
              [
                105.534023,
                21.061113
              ],
              [
                105.533954,
                21.061074
              ],
              [
                105.5339,
                21.060981
              ],
              [
                105.533869,
                21.060801
              ],
              [
                105.533789,
                21.060716
              ],
              [
                105.533682,
                21.060685
              ],
              [
                105.53358,
                21.060748
              ],
              [
                105.533476,
                21.06083
              ],
              [
                105.533436,
                21.060861
              ],
              [
                105.533391,
                21.060908
              ],
              [
                105.533284,
                21.061019
              ],
              [
                105.533249,
                21.061061
              ],
              [
                105.533206,
                21.061115
              ],
              [
                105.533167,
                21.061182
              ],
              [
                105.532992,
                21.061222
              ],
              [
                105.532775,
                21.061037
              ],
              [
                105.532747,
                21.061038
              ],
              [
                105.532244,
                21.061087
              ],
              [
                105.531786,
                21.06112
              ],
              [
                105.530595,
                21.062151
              ],
              [
                105.530789,
                21.062271
              ],
              [
                105.53046,
                21.062669
              ],
              [
                105.530868,
                21.063022
              ],
              [
                105.530848,
                21.063051
              ],
              [
                105.530707,
                21.063252
              ],
              [
                105.530665,
                21.063311
              ],
              [
                105.530415,
                21.063257
              ],
              [
                105.529828,
                21.063635
              ],
              [
                105.529009,
                21.063826
              ],
              [
                105.529056,
                21.063858
              ],
              [
                105.529182,
                21.063936
              ],
              [
                105.529276,
                21.064018
              ],
              [
                105.529423,
                21.064171
              ],
              [
                105.52962,
                21.064353
              ],
              [
                105.529857,
                21.064559
              ],
              [
                105.529893,
                21.064596
              ],
              [
                105.52995,
                21.064654
              ],
              [
                105.530065,
                21.06476
              ],
              [
                105.530082,
                21.064768
              ],
              [
                105.530106,
                21.064776
              ],
              [
                105.530115,
                21.064776
              ],
              [
                105.530133,
                21.064775
              ],
              [
                105.530163,
                21.064767
              ],
              [
                105.530371,
                21.065048
              ],
              [
                105.530352,
                21.065067
              ],
              [
                105.530022,
                21.065408
              ],
              [
                105.529939,
                21.065642
              ],
              [
                105.529727,
                21.065949
              ],
              [
                105.529768,
                21.066245
              ],
              [
                105.529769,
                21.066246
              ],
              [
                105.529922,
                21.066426
              ],
              [
                105.530187,
                21.066645
              ],
              [
                105.530219,
                21.066855
              ],
              [
                105.530393,
                21.06717
              ],
              [
                105.530578,
                21.067619
              ],
              [
                105.530593,
                21.067703
              ],
              [
                105.530659,
                21.068076
              ],
              [
                105.530724,
                21.068191
              ],
              [
                105.53073,
                21.068202
              ],
              [
                105.531121,
                21.068832
              ],
              [
                105.531235,
                21.069017
              ],
              [
                105.531235,
                21.069038
              ],
              [
                105.531236,
                21.069104
              ],
              [
                105.531237,
                21.069257
              ],
              [
                105.531322,
                21.069371
              ],
              [
                105.531575,
                21.069636
              ],
              [
                105.531889,
                21.069871
              ],
              [
                105.532187,
                21.069949
              ],
              [
                105.532806,
                21.070091
              ],
              [
                105.533028,
                21.070233
              ],
              [
                105.533419,
                21.070505
              ],
              [
                105.53364,
                21.070554
              ],
              [
                105.533992,
                21.07056
              ],
              [
                105.534463,
                21.070586
              ],
              [
                105.534438,
                21.070516
              ],
              [
                105.534735,
                21.070375
              ],
              [
                105.534842,
                21.070268
              ],
              [
                105.535014,
                21.070104
              ],
              [
                105.535141,
                21.070187
              ],
              [
                105.535177,
                21.070244
              ],
              [
                105.535381,
                21.070312
              ],
              [
                105.535511,
                21.070401
              ],
              [
                105.535512,
                21.070402
              ],
              [
                105.53581,
                21.070577
              ],
              [
                105.535948,
                21.070679
              ],
              [
                105.536123,
                21.070806
              ],
              [
                105.536046,
                21.070828
              ],
              [
                105.536015,
                21.070845
              ],
              [
                105.535748,
                21.070993
              ],
              [
                105.535622,
                21.071107
              ],
              [
                105.535475,
                21.071272
              ],
              [
                105.535468,
                21.071281
              ],
              [
                105.535339,
                21.071485
              ],
              [
                105.535309,
                21.071531
              ],
              [
                105.535217,
                21.071752
              ],
              [
                105.53518,
                21.071956
              ],
              [
                105.535175,
                21.072051
              ],
              [
                105.535172,
                21.072097
              ],
              [
                105.535172,
                21.072249
              ],
              [
                105.535183,
                21.072311
              ],
              [
                105.5352,
                21.072367
              ],
              [
                105.535396,
                21.072542
              ],
              [
                105.5358,
                21.072689
              ],
              [
                105.535884,
                21.072696
              ],
              [
                105.536124,
                21.072713
              ],
              [
                105.536412,
                21.07264
              ],
              [
                105.53668,
                21.072526
              ],
              [
                105.536845,
                21.072481
              ],
              [
                105.53711,
                21.072461
              ],
              [
                105.537515,
                21.072539
              ],
              [
                105.53775,
                21.072584
              ],
              [
                105.537999,
                21.072652
              ],
              [
                105.537935,
                21.072797
              ],
              [
                105.537886,
                21.072908
              ],
              [
                105.537907,
                21.072967
              ],
              [
                105.537878,
                21.073067
              ],
              [
                105.537779,
                21.073101
              ],
              [
                105.537703,
                21.073256
              ],
              [
                105.537646,
                21.07331
              ],
              [
                105.537516,
                21.073322
              ],
              [
                105.537411,
                21.073313
              ],
              [
                105.53704,
                21.073266
              ],
              [
                105.536936,
                21.073277
              ],
              [
                105.536862,
                21.073285
              ],
              [
                105.536847,
                21.073292
              ],
              [
                105.53675,
                21.0733
              ],
              [
                105.536716,
                21.073302
              ],
              [
                105.536567,
                21.073352
              ],
              [
                105.536552,
                21.073395
              ],
              [
                105.53655,
                21.073555
              ],
              [
                105.536507,
                21.073694
              ],
              [
                105.536348,
                21.073761
              ],
              [
                105.536119,
                21.073786
              ],
              [
                105.536081,
                21.073832
              ],
              [
                105.535918,
                21.073877
              ],
              [
                105.535793,
                21.073891
              ],
              [
                105.535634,
                21.073899
              ],
              [
                105.535468,
                21.073894
              ],
              [
                105.535417,
                21.073978
              ],
              [
                105.535266,
                21.074012
              ],
              [
                105.535285,
                21.07405
              ],
              [
                105.535262,
                21.074061
              ],
              [
                105.535285,
                21.074107
              ],
              [
                105.535324,
                21.074223
              ],
              [
                105.53534,
                21.074301
              ],
              [
                105.535322,
                21.074383
              ],
              [
                105.535308,
                21.074474
              ],
              [
                105.535147,
                21.074787
              ],
              [
                105.535107,
                21.07482
              ],
              [
                105.535066,
                21.074824
              ],
              [
                105.535051,
                21.074825
              ],
              [
                105.534578,
                21.074683
              ],
              [
                105.534451,
                21.074639
              ],
              [
                105.534355,
                21.074606
              ],
              [
                105.534102,
                21.074542
              ],
              [
                105.53391,
                21.074493
              ],
              [
                105.533451,
                21.074343
              ],
              [
                105.533226,
                21.074256
              ],
              [
                105.533137,
                21.074225
              ],
              [
                105.533109,
                21.074215
              ],
              [
                105.532796,
                21.074117
              ],
              [
                105.532646,
                21.074107
              ],
              [
                105.532442,
                21.074112
              ],
              [
                105.532358,
                21.074292
              ],
              [
                105.531998,
                21.075059
              ],
              [
                105.532525,
                21.075053
              ],
              [
                105.532888,
                21.075049
              ],
              [
                105.532984,
                21.075047
              ],
              [
                105.532998,
                21.07534
              ],
              [
                105.533028,
                21.075636
              ],
              [
                105.533021,
                21.07585
              ],
              [
                105.533015,
                21.076015
              ],
              [
                105.532841,
                21.075988
              ],
              [
                105.532738,
                21.076
              ],
              [
                105.532679,
                21.076014
              ],
              [
                105.532649,
                21.076021
              ],
              [
                105.532603,
                21.076062
              ],
              [
                105.532492,
                21.076186
              ],
              [
                105.532399,
                21.076385
              ],
              [
                105.532279,
                21.076753
              ],
              [
                105.532113,
                21.077412
              ],
              [
                105.531985,
                21.077739
              ],
              [
                105.531871,
                21.078102
              ],
              [
                105.531841,
                21.07831
              ],
              [
                105.531905,
                21.07865
              ],
              [
                105.531982,
                21.079091
              ],
              [
                105.531978,
                21.079227
              ],
              [
                105.531945,
                21.079629
              ],
              [
                105.531963,
                21.079859
              ],
              [
                105.532223,
                21.080273
              ],
              [
                105.532262,
                21.08051
              ],
              [
                105.532221,
                21.080586
              ],
              [
                105.532178,
                21.080641
              ],
              [
                105.532169,
                21.080645
              ],
              [
                105.532102,
                21.080677
              ],
              [
                105.532033,
                21.080692
              ],
              [
                105.531929,
                21.080707
              ],
              [
                105.531418,
                21.080632
              ],
              [
                105.531034,
                21.080538
              ],
              [
                105.530884,
                21.080521
              ],
              [
                105.530759,
                21.080535
              ],
              [
                105.53068,
                21.080613
              ],
              [
                105.530617,
                21.080684
              ],
              [
                105.530375,
                21.081236
              ],
              [
                105.530299,
                21.081401
              ],
              [
                105.530147,
                21.081616
              ],
              [
                105.529919,
                21.08185
              ],
              [
                105.529572,
                21.082131
              ],
              [
                105.529236,
                21.08225
              ],
              [
                105.528485,
                21.08243
              ],
              [
                105.52732,
                21.082838
              ],
              [
                105.527146,
                21.082965
              ],
              [
                105.526961,
                21.083023
              ],
              [
                105.526678,
                21.083024
              ],
              [
                105.526217,
                21.08314
              ],
              [
                105.525922,
                21.083244
              ],
              [
                105.525648,
                21.083323
              ],
              [
                105.525276,
                21.08336
              ],
              [
                105.524637,
                21.08337
              ],
              [
                105.52439,
                21.083387
              ],
              [
                105.524255,
                21.083445
              ],
              [
                105.524075,
                21.083598
              ],
              [
                105.523911,
                21.083759
              ],
              [
                105.523674,
                21.084115
              ],
              [
                105.523591,
                21.084284
              ],
              [
                105.523534,
                21.084558
              ],
              [
                105.523516,
                21.084748
              ],
              [
                105.523519,
                21.084787
              ],
              [
                105.523536,
                21.084988
              ],
              [
                105.523763,
                21.085562
              ],
              [
                105.52392,
                21.085961
              ],
              [
                105.523942,
                21.086121
              ],
              [
                105.523946,
                21.086305
              ],
              [
                105.523915,
                21.086556
              ],
              [
                105.523852,
                21.086762
              ],
              [
                105.523792,
                21.086914
              ],
              [
                105.523681,
                21.087067
              ],
              [
                105.523519,
                21.087241
              ],
              [
                105.523262,
                21.087499
              ],
              [
                105.523196,
                21.087621
              ],
              [
                105.523182,
                21.087736
              ],
              [
                105.523183,
                21.087894
              ],
              [
                105.523229,
                21.088084
              ],
              [
                105.523306,
                21.088202
              ],
              [
                105.523404,
                21.088251
              ],
              [
                105.523524,
                21.088313
              ],
              [
                105.52364,
                21.088342
              ],
              [
                105.523735,
                21.088366
              ],
              [
                105.523949,
                21.088376
              ],
              [
                105.524285,
                21.088343
              ],
              [
                105.524541,
                21.088299
              ],
              [
                105.524739,
                21.088312
              ],
              [
                105.524919,
                21.08838
              ],
              [
                105.525026,
                21.088476
              ],
              [
                105.525115,
                21.08858
              ],
              [
                105.525146,
                21.08867
              ],
              [
                105.52515,
                21.088792
              ],
              [
                105.525117,
                21.088904
              ],
              [
                105.525104,
                21.088948
              ],
              [
                105.52493,
                21.089278
              ],
              [
                105.525007,
                21.089328
              ],
              [
                105.525065,
                21.089365
              ],
              [
                105.525179,
                21.089416
              ],
              [
                105.52522,
                21.089393
              ],
              [
                105.525254,
                21.089383
              ],
              [
                105.525295,
                21.089387
              ],
              [
                105.525343,
                21.089392
              ],
              [
                105.525392,
                21.089399
              ],
              [
                105.525444,
                21.089394
              ],
              [
                105.525531,
                21.089373
              ],
              [
                105.525625,
                21.089362
              ],
              [
                105.525751,
                21.089364
              ],
              [
                105.525759,
                21.089365
              ],
              [
                105.525895,
                21.089368
              ],
              [
                105.526004,
                21.089371
              ],
              [
                105.526029,
                21.089372
              ],
              [
                105.526148,
                21.089399
              ],
              [
                105.52627,
                21.089469
              ],
              [
                105.526299,
                21.08949
              ],
              [
                105.526521,
                21.089634
              ],
              [
                105.526633,
                21.089673
              ],
              [
                105.526709,
                21.089673
              ],
              [
                105.526921,
                21.089629
              ],
              [
                105.527033,
                21.089592
              ],
              [
                105.527097,
                21.089531
              ],
              [
                105.527289,
                21.089384
              ],
              [
                105.527428,
                21.089295
              ],
              [
                105.527469,
                21.089274
              ],
              [
                105.527501,
                21.089273
              ],
              [
                105.527523,
                21.089284
              ],
              [
                105.527547,
                21.089309
              ],
              [
                105.527562,
                21.089371
              ],
              [
                105.527565,
                21.089429
              ],
              [
                105.527565,
                21.089495
              ],
              [
                105.52755,
                21.089537
              ],
              [
                105.527539,
                21.08958
              ],
              [
                105.527541,
                21.089614
              ],
              [
                105.527558,
                21.089644
              ],
              [
                105.527618,
                21.089719
              ],
              [
                105.527673,
                21.089799
              ],
              [
                105.527721,
                21.089896
              ],
              [
                105.527758,
                21.090002
              ],
              [
                105.527773,
                21.090074
              ],
              [
                105.527762,
                21.090137
              ],
              [
                105.527729,
                21.090235
              ],
              [
                105.527696,
                21.090282
              ],
              [
                105.527652,
                21.090321
              ],
              [
                105.527613,
                21.09035
              ],
              [
                105.527675,
                21.090479
              ],
              [
                105.52769,
                21.090501
              ],
              [
                105.5277,
                21.090517
              ],
              [
                105.527725,
                21.090561
              ],
              [
                105.527774,
                21.090604
              ],
              [
                105.527801,
                21.090634
              ],
              [
                105.527842,
                21.090687
              ],
              [
                105.527862,
                21.09068
              ],
              [
                105.527893,
                21.090664
              ],
              [
                105.527943,
                21.090663
              ],
              [
                105.528015,
                21.090665
              ],
              [
                105.528077,
                21.09068
              ],
              [
                105.528155,
                21.090716
              ],
              [
                105.528222,
                21.090769
              ],
              [
                105.528272,
                21.090827
              ],
              [
                105.52831,
                21.090885
              ],
              [
                105.528372,
                21.090958
              ],
              [
                105.528424,
                21.091054
              ],
              [
                105.528446,
                21.091157
              ],
              [
                105.528472,
                21.091224
              ],
              [
                105.528494,
                21.091241
              ],
              [
                105.528543,
                21.091284
              ],
              [
                105.528585,
                21.09131
              ],
              [
                105.528628,
                21.091324
              ],
              [
                105.528684,
                21.091326
              ],
              [
                105.52875,
                21.091321
              ],
              [
                105.528794,
                21.091314
              ],
              [
                105.528828,
                21.091296
              ],
              [
                105.528861,
                21.091274
              ],
              [
                105.528902,
                21.091268
              ],
              [
                105.528929,
                21.091276
              ],
              [
                105.528972,
                21.091303
              ],
              [
                105.529008,
                21.091312
              ],
              [
                105.52906,
                21.091308
              ],
              [
                105.529138,
                21.091309
              ],
              [
                105.52922,
                21.091311
              ],
              [
                105.529308,
                21.091327
              ],
              [
                105.529365,
                21.091335
              ],
              [
                105.529408,
                21.091334
              ],
              [
                105.52946,
                21.091325
              ],
              [
                105.529529,
                21.091287
              ],
              [
                105.52958,
                21.091248
              ],
              [
                105.529638,
                21.091215
              ],
              [
                105.529689,
                21.091197
              ],
              [
                105.529746,
                21.09116
              ],
              [
                105.529793,
                21.091102
              ],
              [
                105.529819,
                21.091078
              ],
              [
                105.529867,
                21.091064
              ],
              [
                105.529901,
                21.091048
              ],
              [
                105.529924,
                21.091021
              ],
              [
                105.529984,
                21.09094
              ],
              [
                105.530018,
                21.090877
              ],
              [
                105.530059,
                21.090777
              ],
              [
                105.530069,
                21.090717
              ],
              [
                105.530058,
                21.090668
              ],
              [
                105.530032,
                21.090626
              ],
              [
                105.52999,
                21.090569
              ],
              [
                105.530189,
                21.090495
              ],
              [
                105.530202,
                21.09049
              ],
              [
                105.530247,
                21.090618
              ],
              [
                105.530265,
                21.090723
              ],
              [
                105.530269,
                21.090839
              ],
              [
                105.530354,
                21.09085
              ],
              [
                105.530406,
                21.090846
              ],
              [
                105.530421,
                21.090845
              ],
              [
                105.530441,
                21.090848
              ],
              [
                105.53046,
                21.090851
              ],
              [
                105.530483,
                21.090858
              ],
              [
                105.530515,
                21.090869
              ],
              [
                105.530536,
                21.090871
              ],
              [
                105.530575,
                21.090871
              ],
              [
                105.530672,
                21.09087
              ],
              [
                105.530804,
                21.090862
              ],
              [
                105.530854,
                21.090863
              ],
              [
                105.531004,
                21.090872
              ],
              [
                105.531143,
                21.090885
              ],
              [
                105.531243,
                21.090892
              ],
              [
                105.531348,
                21.090895
              ],
              [
                105.531409,
                21.090892
              ],
              [
                105.53149,
                21.090892
              ],
              [
                105.53159,
                21.090899
              ],
              [
                105.531683,
                21.090899
              ],
              [
                105.531761,
                21.090899
              ],
              [
                105.531856,
                21.090907
              ],
              [
                105.53193,
                21.090915
              ],
              [
                105.53195,
                21.090922
              ],
              [
                105.531963,
                21.090931
              ],
              [
                105.531975,
                21.090943
              ],
              [
                105.531998,
                21.090978
              ],
              [
                105.532016,
                21.090976
              ],
              [
                105.532044,
                21.090976
              ],
              [
                105.532089,
                21.09098
              ],
              [
                105.532165,
                21.090984
              ],
              [
                105.532308,
                21.090988
              ],
              [
                105.532399,
                21.090989
              ],
              [
                105.532571,
                21.090993
              ],
              [
                105.532667,
                21.090994
              ],
              [
                105.532819,
                21.090992
              ],
              [
                105.532877,
                21.090993
              ],
              [
                105.532966,
                21.090995
              ],
              [
                105.533134,
                21.091002
              ],
              [
                105.533524,
                21.091016
              ],
              [
                105.533754,
                21.09102
              ],
              [
                105.53396,
                21.091027
              ],
              [
                105.534131,
                21.091042
              ],
              [
                105.534143,
                21.091032
              ],
              [
                105.534153,
                21.090998
              ],
              [
                105.534169,
                21.091004
              ],
              [
                105.534266,
                21.091005
              ],
              [
                105.534329,
                21.091013
              ],
              [
                105.534364,
                21.09102
              ],
              [
                105.534395,
                21.091031
              ],
              [
                105.534419,
                21.091044
              ],
              [
                105.534477,
                21.091071
              ],
              [
                105.53449,
                21.091075
              ],
              [
                105.534512,
                21.091071
              ],
              [
                105.534536,
                21.091061
              ],
              [
                105.534556,
                21.09105
              ],
              [
                105.534567,
                21.091046
              ],
              [
                105.534602,
                21.091041
              ],
              [
                105.534695,
                21.091043
              ],
              [
                105.534805,
                21.091043
              ],
              [
                105.534915,
                21.091044
              ],
              [
                105.534947,
                21.091045
              ],
              [
                105.53507,
                21.091051
              ],
              [
                105.535136,
                21.091056
              ],
              [
                105.535329,
                21.091062
              ],
              [
                105.53547,
                21.091067
              ],
              [
                105.535522,
                21.091066
              ],
              [
                105.535563,
                21.091066
              ],
              [
                105.535853,
                21.091073
              ],
              [
                105.535993,
                21.091095
              ],
              [
                105.536047,
                21.091107
              ],
              [
                105.53618,
                21.091128
              ],
              [
                105.53625,
                21.091133
              ],
              [
                105.536303,
                21.091127
              ],
              [
                105.536319,
                21.091112
              ],
              [
                105.536334,
                21.091102
              ],
              [
                105.536367,
                21.091099
              ],
              [
                105.536455,
                21.091109
              ],
              [
                105.536602,
                21.091132
              ],
              [
                105.536706,
                21.09115
              ],
              [
                105.53682,
                21.091126
              ],
              [
                105.53698,
                21.091094
              ],
              [
                105.537055,
                21.091082
              ],
              [
                105.537098,
                21.091073
              ],
              [
                105.537135,
                21.091076
              ],
              [
                105.53728,
                21.091128
              ],
              [
                105.537353,
                21.091147
              ],
              [
                105.537483,
                21.091185
              ],
              [
                105.537507,
                21.091142
              ],
              [
                105.537538,
                21.091092
              ],
              [
                105.537553,
                21.091068
              ],
              [
                105.537566,
                21.091062
              ],
              [
                105.5376,
                21.091063
              ],
              [
                105.537678,
                21.091084
              ],
              [
                105.537792,
                21.091106
              ],
              [
                105.537869,
                21.091133
              ],
              [
                105.537879,
                21.091157
              ],
              [
                105.537889,
                21.091167
              ],
              [
                105.538032,
                21.091183
              ],
              [
                105.538143,
                21.091208
              ],
              [
                105.538355,
                21.091246
              ],
              [
                105.538437,
                21.091252
              ],
              [
                105.538509,
                21.091242
              ],
              [
                105.538582,
                21.091251
              ],
              [
                105.538648,
                21.09127
              ],
              [
                105.53873,
                21.091311
              ],
              [
                105.538757,
                21.09132
              ],
              [
                105.538944,
                21.091329
              ],
              [
                105.539047,
                21.091286
              ],
              [
                105.539101,
                21.091245
              ],
              [
                105.539178,
                21.091182
              ],
              [
                105.539213,
                21.091159
              ],
              [
                105.539266,
                21.091043
              ],
              [
                105.539352,
                21.091088
              ],
              [
                105.539511,
                21.091218
              ],
              [
                105.53952,
                21.091261
              ],
              [
                105.539552,
                21.091302
              ],
              [
                105.539581,
                21.091372
              ],
              [
                105.539599,
                21.091395
              ],
              [
                105.53973,
                21.091442
              ],
              [
                105.53975,
                21.091431
              ],
              [
                105.539768,
                21.09144
              ],
              [
                105.539757,
                21.091475
              ],
              [
                105.53969,
                21.09158
              ],
              [
                105.539635,
                21.09176
              ],
              [
                105.539581,
                21.091767
              ],
              [
                105.539552,
                21.091793
              ],
              [
                105.539527,
                21.091901
              ],
              [
                105.53949,
                21.092089
              ],
              [
                105.539473,
                21.092299
              ],
              [
                105.539677,
                21.092595
              ],
              [
                105.539791,
                21.092675
              ],
              [
                105.539887,
                21.092679
              ],
              [
                105.540045,
                21.092649
              ],
              [
                105.540139,
                21.092681
              ],
              [
                105.540274,
                21.092768
              ],
              [
                105.540368,
                21.092801
              ],
              [
                105.540406,
                21.092899
              ],
              [
                105.540421,
                21.092988
              ],
              [
                105.540436,
                21.093071
              ],
              [
                105.540458,
                21.093136
              ],
              [
                105.540477,
                21.093181
              ],
              [
                105.540495,
                21.093201
              ],
              [
                105.540522,
                21.093213
              ],
              [
                105.54056,
                21.093214
              ],
              [
                105.540616,
                21.093217
              ],
              [
                105.540673,
                21.093227
              ],
              [
                105.540712,
                21.093244
              ],
              [
                105.540736,
                21.093251
              ],
              [
                105.540701,
                21.093377
              ],
              [
                105.540835,
                21.093473
              ],
              [
                105.540908,
                21.093488
              ],
              [
                105.540929,
                21.093499
              ],
              [
                105.540953,
                21.093542
              ],
              [
                105.541013,
                21.093655
              ],
              [
                105.541048,
                21.093697
              ],
              [
                105.541104,
                21.093733
              ],
              [
                105.541169,
                21.093823
              ],
              [
                105.541215,
                21.09386
              ],
              [
                105.541289,
                21.093927
              ],
              [
                105.541311,
                21.093931
              ],
              [
                105.541378,
                21.093918
              ],
              [
                105.541421,
                21.093919
              ],
              [
                105.541433,
                21.093928
              ],
              [
                105.54146,
                21.093936
              ],
              [
                105.541528,
                21.093952
              ],
              [
                105.541579,
                21.093966
              ],
              [
                105.541623,
                21.093989
              ],
              [
                105.541681,
                21.094026
              ],
              [
                105.541732,
                21.094054
              ],
              [
                105.541768,
                21.09407
              ],
              [
                105.541816,
                21.094091
              ],
              [
                105.54187,
                21.094104
              ],
              [
                105.541908,
                21.094105
              ],
              [
                105.541922,
                21.094102
              ],
              [
                105.541938,
                21.0941
              ],
              [
                105.541994,
                21.094101
              ],
              [
                105.542034,
                21.094109
              ],
              [
                105.54204,
                21.094124
              ],
              [
                105.542166,
                21.094252
              ],
              [
                105.542198,
                21.094291
              ],
              [
                105.542263,
                21.094347
              ],
              [
                105.542293,
                21.094364
              ],
              [
                105.542313,
                21.09437
              ],
              [
                105.542313,
                21.094421
              ],
              [
                105.542341,
                21.094538
              ],
              [
                105.542393,
                21.094666
              ],
              [
                105.542415,
                21.094704
              ],
              [
                105.542415,
                21.094732
              ],
              [
                105.54243,
                21.094763
              ],
              [
                105.54248,
                21.094905
              ],
              [
                105.542492,
                21.09497
              ],
              [
                105.542497,
                21.095004
              ],
              [
                105.542524,
                21.09514
              ],
              [
                105.542527,
                21.095198
              ],
              [
                105.542522,
                21.095243
              ],
              [
                105.542543,
                21.095257
              ],
              [
                105.542626,
                21.095274
              ],
              [
                105.542828,
                21.095296
              ],
              [
                105.54282,
                21.095312
              ],
              [
                105.54288,
                21.095343
              ],
              [
                105.542918,
                21.09541
              ],
              [
                105.542933,
                21.095427
              ],
              [
                105.54297,
                21.095446
              ],
              [
                105.54301,
                21.095471
              ],
              [
                105.54303,
                21.095491
              ],
              [
                105.543035,
                21.095509
              ],
              [
                105.543041,
                21.095734
              ],
              [
                105.542984,
                21.09583
              ],
              [
                105.542981,
                21.095833
              ],
              [
                105.543125,
                21.095949
              ],
              [
                105.543137,
                21.095935
              ],
              [
                105.543241,
                21.096011
              ],
              [
                105.543393,
                21.096095
              ],
              [
                105.543614,
                21.096243
              ],
              [
                105.543633,
                21.096221
              ],
              [
                105.5437,
                21.096129
              ],
              [
                105.543737,
                21.096053
              ],
              [
                105.543756,
                21.096012
              ],
              [
                105.543785,
                21.095908
              ],
              [
                105.543795,
                21.095871
              ],
              [
                105.543809,
                21.095838
              ],
              [
                105.543831,
                21.095813
              ],
              [
                105.543909,
                21.09574
              ],
              [
                105.543944,
                21.095707
              ],
              [
                105.543994,
                21.095627
              ],
              [
                105.544003,
                21.09561
              ],
              [
                105.544024,
                21.095535
              ],
              [
                105.544035,
                21.095403
              ],
              [
                105.543861,
                21.09535
              ],
              [
                105.543842,
                21.095354
              ],
              [
                105.543815,
                21.095333
              ],
              [
                105.543697,
                21.095154
              ],
              [
                105.543728,
                21.095123
              ],
              [
                105.54376,
                21.095074
              ],
              [
                105.543782,
                21.095015
              ],
              [
                105.543844,
                21.095017
              ],
              [
                105.543892,
                21.095012
              ],
              [
                105.543892,
                21.095003
              ],
              [
                105.543946,
                21.094997
              ],
              [
                105.544003,
                21.094981
              ],
              [
                105.544041,
                21.094964
              ],
              [
                105.544089,
                21.094956
              ],
              [
                105.544163,
                21.094908
              ],
              [
                105.544214,
                21.094925
              ],
              [
                105.544604,
                21.094767
              ],
              [
                105.545117,
                21.094555
              ],
              [
                105.545117,
                21.094555
              ],
              [
                105.545116,
                21.094552
              ],
              [
                105.545328,
                21.094555
              ],
              [
                105.5454,
                21.09453
              ],
              [
                105.545506,
                21.094474
              ],
              [
                105.54551,
                21.094481
              ],
              [
                105.545552,
                21.094465
              ],
              [
                105.545559,
                21.094463
              ],
              [
                105.545604,
                21.09447
              ],
              [
                105.545666,
                21.094466
              ],
              [
                105.545729,
                21.094467
              ],
              [
                105.54581,
                21.094491
              ],
              [
                105.545845,
                21.094519
              ],
              [
                105.545908,
                21.094554
              ],
              [
                105.545978,
                21.094609
              ],
              [
                105.546051,
                21.094647
              ],
              [
                105.546055,
                21.094641
              ],
              [
                105.5461,
                21.094664
              ],
              [
                105.546153,
                21.094683
              ],
              [
                105.546211,
                21.094691
              ],
              [
                105.546281,
                21.094689
              ],
              [
                105.546329,
                21.094736
              ],
              [
                105.546518,
                21.094866
              ],
              [
                105.546559,
                21.094906
              ],
              [
                105.546552,
                21.094913
              ],
              [
                105.546593,
                21.094953
              ],
              [
                105.546648,
                21.094993
              ],
              [
                105.546682,
                21.095014
              ],
              [
                105.54672,
                21.095038
              ],
              [
                105.546764,
                21.095036
              ],
              [
                105.546778,
                21.09503
              ],
              [
                105.546798,
                21.095015
              ],
              [
                105.546834,
                21.094983
              ],
              [
                105.54693,
                21.094876
              ],
              [
                105.546981,
                21.094834
              ],
              [
                105.547004,
                21.094809
              ],
              [
                105.547047,
                21.094764
              ],
              [
                105.547092,
                21.094684
              ],
              [
                105.547106,
                21.09463
              ],
              [
                105.547108,
                21.094587
              ],
              [
                105.54709,
                21.094554
              ],
              [
                105.547104,
                21.094526
              ],
              [
                105.547149,
                21.094462
              ],
              [
                105.547196,
                21.09438
              ],
              [
                105.547228,
                21.094304
              ],
              [
                105.547237,
                21.09426
              ],
              [
                105.547237,
                21.094208
              ],
              [
                105.54726,
                21.094203
              ],
              [
                105.547395,
                21.094161
              ],
              [
                105.547411,
                21.094136
              ],
              [
                105.547422,
                21.094115
              ],
              [
                105.54743,
                21.094068
              ],
              [
                105.547486,
                21.094095
              ],
              [
                105.547499,
                21.094086
              ],
              [
                105.547563,
                21.094069
              ],
              [
                105.547635,
                21.094034
              ],
              [
                105.547738,
                21.093991
              ],
              [
                105.547722,
                21.093931
              ],
              [
                105.547773,
                21.093836
              ],
              [
                105.54778,
                21.09384
              ],
              [
                105.547784,
                21.093858
              ],
              [
                105.547801,
                21.093898
              ],
              [
                105.547819,
                21.093921
              ],
              [
                105.547852,
                21.093937
              ],
              [
                105.547937,
                21.093948
              ],
              [
                105.547924,
                21.094133
              ],
              [
                105.548032,
                21.094143
              ],
              [
                105.54819,
                21.094159
              ],
              [
                105.548452,
                21.094182
              ],
              [
                105.548452,
                21.094181
              ],
              [
                105.548478,
                21.094125
              ],
              [
                105.548496,
                21.094068
              ],
              [
                105.54853,
                21.093982
              ],
              [
                105.548555,
                21.093954
              ],
              [
                105.548593,
                21.093966
              ],
              [
                105.548751,
                21.094034
              ],
              [
                105.548768,
                21.094044
              ],
              [
                105.548713,
                21.094177
              ],
              [
                105.548776,
                21.094126
              ],
              [
                105.548813,
                21.094106
              ],
              [
                105.548859,
                21.094086
              ],
              [
                105.548881,
                21.094083
              ],
              [
                105.548892,
                21.094109
              ],
              [
                105.548921,
                21.094133
              ],
              [
                105.548933,
                21.09414
              ],
              [
                105.548952,
                21.094129
              ],
              [
                105.54906,
                21.094139
              ],
              [
                105.549118,
                21.094144
              ],
              [
                105.549207,
                21.094144
              ],
              [
                105.549229,
                21.094144
              ],
              [
                105.549238,
                21.094135
              ],
              [
                105.549256,
                21.09407
              ],
              [
                105.549289,
                21.094017
              ],
              [
                105.549353,
                21.094009
              ],
              [
                105.549418,
                21.094001
              ],
              [
                105.549429,
                21.094072
              ],
              [
                105.549458,
                21.094298
              ],
              [
                105.549474,
                21.094442
              ],
              [
                105.549472,
                21.094597
              ],
              [
                105.549437,
                21.094834
              ],
              [
                105.549405,
                21.094988
              ],
              [
                105.549374,
                21.095169
              ],
              [
                105.549338,
                21.09552
              ],
              [
                105.549332,
                21.095762
              ],
              [
                105.549334,
                21.095869
              ],
              [
                105.549338,
                21.095916
              ],
              [
                105.549345,
                21.095956
              ],
              [
                105.549364,
                21.095993
              ],
              [
                105.549524,
                21.096169
              ],
              [
                105.549621,
                21.096349
              ],
              [
                105.549726,
                21.096476
              ],
              [
                105.549871,
                21.096708
              ],
              [
                105.549932,
                21.096975
              ],
              [
                105.549929,
                21.097033
              ],
              [
                105.55004,
                21.097049
              ],
              [
                105.550086,
                21.097043
              ],
              [
                105.550118,
                21.097042
              ],
              [
                105.550142,
                21.097048
              ],
              [
                105.550177,
                21.097054
              ],
              [
                105.550221,
                21.097048
              ],
              [
                105.550277,
                21.097031
              ],
              [
                105.550371,
                21.097001
              ],
              [
                105.550411,
                21.09698
              ],
              [
                105.550437,
                21.096949
              ],
              [
                105.550463,
                21.096907
              ],
              [
                105.550474,
                21.09686
              ],
              [
                105.550485,
                21.096821
              ],
              [
                105.550494,
                21.096806
              ],
              [
                105.550507,
                21.096803
              ],
              [
                105.550522,
                21.096811
              ],
              [
                105.550541,
                21.096828
              ],
              [
                105.550576,
                21.096863
              ],
              [
                105.550627,
                21.096923
              ],
              [
                105.550678,
                21.096973
              ],
              [
                105.55073,
                21.097041
              ],
              [
                105.550748,
                21.097054
              ],
              [
                105.550782,
                21.097061
              ],
              [
                105.550828,
                21.097073
              ],
              [
                105.550855,
                21.097087
              ],
              [
                105.550882,
                21.09711
              ],
              [
                105.550906,
                21.097144
              ],
              [
                105.550938,
                21.097172
              ],
              [
                105.550965,
                21.097185
              ],
              [
                105.551007,
                21.097199
              ],
              [
                105.551065,
                21.097216
              ],
              [
                105.551154,
                21.097179
              ],
              [
                105.551154,
                21.09715
              ],
              [
                105.551165,
                21.097126
              ],
              [
                105.551164,
                21.097103
              ],
              [
                105.55114,
                21.097011
              ],
              [
                105.55114,
                21.096925
              ],
              [
                105.551148,
                21.096884
              ],
              [
                105.551167,
                21.096816
              ],
              [
                105.551191,
                21.096753
              ],
              [
                105.551218,
                21.096699
              ],
              [
                105.551257,
                21.09672
              ],
              [
                105.551309,
                21.096758
              ],
              [
                105.551441,
                21.096868
              ],
              [
                105.551447,
                21.096861
              ],
              [
                105.551468,
                21.096877
              ],
              [
                105.551535,
                21.096922
              ],
              [
                105.55162,
                21.096982
              ],
              [
                105.551707,
                21.097021
              ],
              [
                105.551737,
                21.096996
              ],
              [
                105.551766,
                21.096983
              ],
              [
                105.551806,
                21.096976
              ],
              [
                105.55182,
                21.096979
              ],
              [
                105.551913,
                21.096945
              ],
              [
                105.551967,
                21.096924
              ],
              [
                105.552137,
                21.096858
              ],
              [
                105.552219,
                21.096803
              ],
              [
                105.55227,
                21.096757
              ],
              [
                105.552378,
                21.096635
              ],
              [
                105.552409,
                21.096571
              ],
              [
                105.552429,
                21.096523
              ],
              [
                105.552453,
                21.096519
              ],
              [
                105.552497,
                21.096523
              ],
              [
                105.552518,
                21.096574
              ],
              [
                105.55258,
                21.096704
              ],
              [
                105.55259,
                21.096724
              ],
              [
                105.552609,
                21.096766
              ],
              [
                105.552624,
                21.096789
              ],
              [
                105.552632,
                21.096799
              ],
              [
                105.55264,
                21.09682
              ],
              [
                105.552686,
                21.096962
              ],
              [
                105.552703,
                21.097013
              ],
              [
                105.552707,
                21.097011
              ],
              [
                105.552722,
                21.097005
              ],
              [
                105.552726,
                21.096997
              ],
              [
                105.552738,
                21.09697
              ],
              [
                105.552745,
                21.096954
              ],
              [
                105.55275,
                21.096936
              ],
              [
                105.552758,
                21.09691
              ],
              [
                105.552765,
                21.096884
              ],
              [
                105.552769,
                21.09687
              ],
              [
                105.552773,
                21.096871
              ],
              [
                105.552889,
                21.096903
              ],
              [
                105.553008,
                21.096936
              ],
              [
                105.553017,
                21.096943
              ],
              [
                105.553021,
                21.096947
              ],
              [
                105.553023,
                21.096975
              ],
              [
                105.553135,
                21.096985
              ],
              [
                105.553218,
                21.096992
              ],
              [
                105.553221,
                21.096996
              ],
              [
                105.553225,
                21.097014
              ],
              [
                105.55323,
                21.097041
              ],
              [
                105.553231,
                21.097041
              ],
              [
                105.553235,
                21.09704
              ],
              [
                105.553265,
                21.097036
              ],
              [
                105.553275,
                21.097037
              ],
              [
                105.553299,
                21.097039
              ],
              [
                105.553323,
                21.09704
              ],
              [
                105.553333,
                21.097043
              ],
              [
                105.553363,
                21.09705
              ],
              [
                105.55339,
                21.097055
              ],
              [
                105.553397,
                21.097058
              ],
              [
                105.55344,
                21.097069
              ],
              [
                105.553492,
                21.097083
              ],
              [
                105.553535,
                21.097091
              ],
              [
                105.553554,
                21.097095
              ],
              [
                105.553559,
                21.097095
              ],
              [
                105.553577,
                21.097097
              ],
              [
                105.553585,
                21.097098
              ],
              [
                105.553586,
                21.0971
              ],
              [
                105.553597,
                21.097114
              ],
              [
                105.553622,
                21.097145
              ],
              [
                105.55363,
                21.097151
              ],
              [
                105.553662,
                21.09718
              ],
              [
                105.553692,
                21.097198
              ],
              [
                105.55371,
                21.097205
              ],
              [
                105.553737,
                21.097207
              ],
              [
                105.553754,
                21.097208
              ],
              [
                105.553786,
                21.097209
              ],
              [
                105.553813,
                21.09721
              ],
              [
                105.553847,
                21.097211
              ],
              [
                105.553857,
                21.097211
              ],
              [
                105.553862,
                21.097213
              ],
              [
                105.553968,
                21.097267
              ],
              [
                105.554029,
                21.097299
              ],
              [
                105.554061,
                21.097317
              ],
              [
                105.554073,
                21.097302
              ],
              [
                105.554078,
                21.097297
              ],
              [
                105.55409,
                21.097274
              ],
              [
                105.554135,
                21.097179
              ],
              [
                105.554145,
                21.097158
              ],
              [
                105.55416,
                21.097138
              ],
              [
                105.554168,
                21.09711
              ],
              [
                105.554182,
                21.097071
              ],
              [
                105.5542,
                21.097024
              ],
              [
                105.554203,
                21.097017
              ],
              [
                105.554217,
                21.096995
              ],
              [
                105.554263,
                21.096918
              ],
              [
                105.554278,
                21.096892
              ],
              [
                105.554279,
                21.096891
              ],
              [
                105.55428,
                21.09689
              ],
              [
                105.554296,
                21.096874
              ],
              [
                105.554302,
                21.096869
              ],
              [
                105.554302,
                21.096869
              ],
              [
                105.55439,
                21.096776
              ],
              [
                105.554391,
                21.096775
              ],
              [
                105.554813,
                21.096408
              ],
              [
                105.554831,
                21.096392
              ],
              [
                105.554938,
                21.096554
              ],
              [
                105.555042,
                21.096736
              ],
              [
                105.555078,
                21.096798
              ],
              [
                105.555121,
                21.096853
              ],
              [
                105.555223,
                21.097057
              ],
              [
                105.555409,
                21.097482
              ],
              [
                105.555541,
                21.097785
              ],
              [
                105.555627,
                21.097982
              ],
              [
                105.555744,
                21.098248
              ],
              [
                105.555817,
                21.098416
              ],
              [
                105.555868,
                21.098532
              ],
              [
                105.555927,
                21.098667
              ],
              [
                105.555971,
                21.098769
              ],
              [
                105.556051,
                21.098951
              ],
              [
                105.556135,
                21.099143
              ],
              [
                105.556192,
                21.099275
              ],
              [
                105.556466,
                21.099885
              ],
              [
                105.556662,
                21.100326
              ],
              [
                105.556884,
                21.100817
              ],
              [
                105.556953,
                21.100954
              ],
              [
                105.556954,
                21.100956
              ],
              [
                105.55704,
                21.101133
              ],
              [
                105.557158,
                21.101374
              ],
              [
                105.557211,
                21.101492
              ],
              [
                105.557282,
                21.101659
              ],
              [
                105.557324,
                21.101755
              ],
              [
                105.557343,
                21.101803
              ],
              [
                105.557354,
                21.101831
              ],
              [
                105.557434,
                21.102059
              ],
              [
                105.557442,
                21.102056
              ],
              [
                105.557504,
                21.102031
              ],
              [
                105.557609,
                21.101996
              ],
              [
                105.557668,
                21.101977
              ],
              [
                105.557697,
                21.101964
              ],
              [
                105.557729,
                21.101947
              ],
              [
                105.557805,
                21.101914
              ],
              [
                105.557899,
                21.101872
              ],
              [
                105.557941,
                21.101858
              ],
              [
                105.557982,
                21.101845
              ],
              [
                105.558051,
                21.101823
              ],
              [
                105.558122,
                21.101796
              ],
              [
                105.558275,
                21.101744
              ],
              [
                105.558364,
                21.101714
              ],
              [
                105.558543,
                21.101658
              ],
              [
                105.558761,
                21.101589
              ],
              [
                105.55893,
                21.101533
              ],
              [
                105.559135,
                21.101468
              ],
              [
                105.559316,
                21.101408
              ],
              [
                105.559454,
                21.10136
              ],
              [
                105.559611,
                21.101313
              ],
              [
                105.559782,
                21.101257
              ],
              [
                105.559959,
                21.101205
              ],
              [
                105.560129,
                21.101153
              ],
              [
                105.560338,
                21.101082
              ],
              [
                105.560438,
                21.101045
              ],
              [
                105.560666,
                21.100962
              ],
              [
                105.560872,
                21.100889
              ],
              [
                105.560991,
                21.100847
              ],
              [
                105.561076,
                21.100815
              ],
              [
                105.561198,
                21.100773
              ],
              [
                105.561364,
                21.10072
              ],
              [
                105.561451,
                21.100694
              ],
              [
                105.561479,
                21.100688
              ],
              [
                105.561521,
                21.100677
              ],
              [
                105.561576,
                21.100658
              ],
              [
                105.561656,
                21.100623
              ],
              [
                105.561735,
                21.100595
              ],
              [
                105.561862,
                21.10055
              ],
              [
                105.562022,
                21.100494
              ],
              [
                105.562092,
                21.100472
              ],
              [
                105.562122,
                21.100462
              ],
              [
                105.562266,
                21.100415
              ],
              [
                105.562387,
                21.100375
              ],
              [
                105.562634,
                21.100291
              ],
              [
                105.562836,
                21.10023
              ],
              [
                105.562956,
                21.100194
              ],
              [
                105.563097,
                21.100153
              ],
              [
                105.563187,
                21.10013
              ],
              [
                105.563274,
                21.100106
              ],
              [
                105.563349,
                21.100086
              ],
              [
                105.563349,
                21.100086
              ]
            ]
          ]
        ]
      },
      "properties": {
        "code": "09955",
        "name": "Thạch Thất",
        "nameEn": "Thach That",
        "fullName": "Xã Thạch Thất",
        "fullNameEn": "Thach That Commune",
        "codeName": "thach_that",
        "postalCode": "13129",
        "postalCodePrefix": "",
        "gisServerId": "diaphanhanhchinhcapxa_2025.3228",
        "areaKm2": 31.93
      }
    }
  ]
}