{
  "type": "FeatureCollection",
  "bbox": [
    105.515504,
    20.974264,
    105.596068,
    21.05889
  ],
  "features": [
    {
      "type": "Feature",
      "id": "09982",
      "bbox": [
        105.515504,
        20.974264,
        105.596068,
        21.05889
      ],
      "geometry": {
        "type": "MultiPolygon",
        "coordinates": [
          [
            [
              [
                105.586824,
                21.037444
              ],
              [
                105.586788,
                21.037048
              ],
              [
                105.586738,
                21.036691
              ],
              [
                105.586726,
                21.036518
              ],
              [
                105.586556,
                21.03644
              ],
              [
                105.586524,
                21.036426
              ],
              [
                105.586374,
                21.036359
              ],
              [
                105.586407,
                21.036038
              ],
              [
                105.586408,
                21.035998
              ],
              [
                105.586238,
                21.035962
              ],
              [
                105.586056,
                21.035903
              ],
              [
                105.585825,
                21.035802
              ],
              [
                105.585665,
                21.035699
              ],
              [
                105.585493,
                21.035549
              ],
              [
                105.585251,
                21.035318
              ],
              [
                105.585256,
                21.035316
              ],
              [
                105.585272,
                21.035294
              ],
              [
                105.585314,
                21.035239
              ],
              [
                105.585381,
                21.035157
              ],
              [
                105.585491,
                21.035029
              ],
              [
                105.585569,
                21.034934
              ],
              [
                105.585669,
                21.034804
              ],
              [
                105.585766,
                21.034683
              ],
              [
                105.585862,
                21.034557
              ],
              [
                105.585994,
                21.034399
              ],
              [
                105.586102,
                21.034265
              ],
              [
                105.586243,
                21.034091
              ],
              [
                105.586351,
                21.033951
              ],
              [
                105.586462,
                21.033814
              ],
              [
                105.586563,
                21.033698
              ],
              [
                105.586703,
                21.033525
              ],
              [
                105.586776,
                21.033436
              ],
              [
                105.586834,
                21.033356
              ],
              [
                105.58688,
                21.033307
              ],
              [
                105.586946,
                21.033226
              ],
              [
                105.587019,
                21.033132
              ],
              [
                105.587546,
                21.032468
              ],
              [
                105.587567,
                21.03244
              ],
              [
                105.587579,
                21.032434
              ],
              [
                105.587583,
                21.032432
              ],
              [
                105.5862,
                21.032004
              ],
              [
                105.586237,
                21.031979
              ],
              [
                105.586253,
                21.031964
              ],
              [
                105.586289,
                21.031926
              ],
              [
                105.586332,
                21.031791
              ],
              [
                105.586352,
                21.031724
              ],
              [
                105.58635,
                21.031709
              ],
              [
                105.58635,
                21.031704
              ],
              [
                105.586348,
                21.031689
              ],
              [
                105.58631,
                21.031668
              ],
              [
                105.586211,
                21.031651
              ],
              [
                105.586142,
                21.031648
              ],
              [
                105.586075,
                21.031625
              ],
              [
                105.58605,
                21.031614
              ],
              [
                105.585995,
                21.031613
              ],
              [
                105.58594,
                21.031593
              ],
              [
                105.5859,
                21.031581
              ],
              [
                105.585825,
                21.031562
              ],
              [
                105.585819,
                21.031549
              ],
              [
                105.585802,
                21.031538
              ],
              [
                105.585787,
                21.031529
              ],
              [
                105.585753,
                21.031526
              ],
              [
                105.585634,
                21.031344
              ],
              [
                105.585434,
                21.031002
              ],
              [
                105.585461,
                21.030883
              ],
              [
                105.585641,
                21.030855
              ],
              [
                105.585592,
                21.030591
              ],
              [
                105.585369,
                21.030415
              ],
              [
                105.58535,
                21.030099
              ],
              [
                105.585019,
                21.030128
              ],
              [
                105.585008,
                21.030135
              ],
              [
                105.584999,
                21.030137
              ],
              [
                105.58499,
                21.030131
              ],
              [
                105.584982,
                21.030132
              ],
              [
                105.584976,
                21.030137
              ],
              [
                105.584968,
                21.030144
              ],
              [
                105.584965,
                21.030146
              ],
              [
                105.584962,
                21.030145
              ],
              [
                105.584948,
                21.030134
              ],
              [
                105.584938,
                21.030126
              ],
              [
                105.584927,
                21.030136
              ],
              [
                105.584926,
                21.030136
              ],
              [
                105.584846,
                21.030057
              ],
              [
                105.585183,
                21.029763
              ],
              [
                105.584813,
                21.029363
              ],
              [
                105.584712,
                21.029115
              ],
              [
                105.584589,
                21.02899
              ],
              [
                105.584511,
                21.029007
              ],
              [
                105.584508,
                21.028987
              ],
              [
                105.5845,
                21.028973
              ],
              [
                105.584485,
                21.028946
              ],
              [
                105.584401,
                21.028882
              ],
              [
                105.584319,
                21.028878
              ],
              [
                105.584214,
                21.028851
              ],
              [
                105.584123,
                21.028828
              ],
              [
                105.583962,
                21.02873
              ],
              [
                105.583774,
                21.028676
              ],
              [
                105.583714,
                21.028675
              ],
              [
                105.583721,
                21.028539
              ],
              [
                105.583777,
                21.028297
              ],
              [
                105.583779,
                21.028287
              ],
              [
                105.583722,
                21.02825
              ],
              [
                105.583573,
                21.028151
              ],
              [
                105.583535,
                21.028048
              ],
              [
                105.583509,
                21.027978
              ],
              [
                105.583312,
                21.027764
              ],
              [
                105.58329,
                21.027697
              ],
              [
                105.583283,
                21.027674
              ],
              [
                105.583286,
                21.027526
              ],
              [
                105.583303,
                21.027489
              ],
              [
                105.583387,
                21.027268
              ],
              [
                105.583415,
                21.027131
              ],
              [
                105.583418,
                21.027119
              ],
              [
                105.583411,
                21.027112
              ],
              [
                105.583341,
                21.027039
              ],
              [
                105.583285,
                21.026981
              ],
              [
                105.58318,
                21.026928
              ],
              [
                105.583136,
                21.026909
              ],
              [
                105.58308,
                21.026883
              ],
              [
                105.583051,
                21.026606
              ],
              [
                105.58308,
                21.026462
              ],
              [
                105.583135,
                21.026183
              ],
              [
                105.583207,
                21.025848
              ],
              [
                105.583233,
                21.025776
              ],
              [
                105.583305,
                21.025707
              ],
              [
                105.583653,
                21.02534
              ],
              [
                105.583726,
                21.025263
              ],
              [
                105.583803,
                21.025215
              ],
              [
                105.583856,
                21.025194
              ],
              [
                105.583922,
                21.025176
              ],
              [
                105.58406,
                21.025128
              ],
              [
                105.584157,
                21.025075
              ],
              [
                105.584281,
                21.024992
              ],
              [
                105.584351,
                21.024922
              ],
              [
                105.584423,
                21.024838
              ],
              [
                105.584523,
                21.024766
              ],
              [
                105.584752,
                21.024658
              ],
              [
                105.585099,
                21.024493
              ],
              [
                105.585287,
                21.024405
              ],
              [
                105.585407,
                21.024351
              ],
              [
                105.585433,
                21.024339
              ],
              [
                105.585994,
                21.024296
              ],
              [
                105.585965,
                21.024046
              ],
              [
                105.585858,
                21.023769
              ],
              [
                105.585728,
                21.023435
              ],
              [
                105.585765,
                21.023334
              ],
              [
                105.585839,
                21.023299
              ],
              [
                105.586276,
                21.023416
              ],
              [
                105.586663,
                21.023529
              ],
              [
                105.586988,
                21.023719
              ],
              [
                105.587036,
                21.023748
              ],
              [
                105.587073,
                21.023691
              ],
              [
                105.587254,
                21.023776
              ],
              [
                105.587455,
                21.023487
              ],
              [
                105.587855,
                21.023868
              ],
              [
                105.587622,
                21.024181
              ],
              [
                105.587726,
                21.024241
              ],
              [
                105.587815,
                21.024337
              ],
              [
                105.587886,
                21.024344
              ],
              [
                105.588025,
                21.024235
              ],
              [
                105.588762,
                21.024173
              ],
              [
                105.588735,
                21.02404
              ],
              [
                105.588751,
                21.024036
              ],
              [
                105.588872,
                21.024048
              ],
              [
                105.589076,
                21.024084
              ],
              [
                105.589133,
                21.024091
              ],
              [
                105.589178,
                21.024093
              ],
              [
                105.589205,
                21.024084
              ],
              [
                105.589267,
                21.02404
              ],
              [
                105.589299,
                21.023947
              ],
              [
                105.589348,
                21.0238
              ],
              [
                105.589354,
                21.023782
              ],
              [
                105.589363,
                21.023753
              ],
              [
                105.589369,
                21.023704
              ],
              [
                105.589435,
                21.023666
              ],
              [
                105.589433,
                21.023654
              ],
              [
                105.589424,
                21.023601
              ],
              [
                105.589431,
                21.023545
              ],
              [
                105.589455,
                21.023469
              ],
              [
                105.589463,
                21.023455
              ],
              [
                105.589495,
                21.023397
              ],
              [
                105.589563,
                21.023348
              ],
              [
                105.589574,
                21.02334
              ],
              [
                105.589804,
                21.023203
              ],
              [
                105.589812,
                21.023197
              ],
              [
                105.590011,
                21.023033
              ],
              [
                105.590159,
                21.022883
              ],
              [
                105.590238,
                21.022804
              ],
              [
                105.590316,
                21.022718
              ],
              [
                105.590646,
                21.022356
              ],
              [
                105.590692,
                21.022288
              ],
              [
                105.590809,
                21.022157
              ],
              [
                105.590941,
                21.022305
              ],
              [
                105.590977,
                21.022327
              ],
              [
                105.591025,
                21.022356
              ],
              [
                105.591111,
                21.022223
              ],
              [
                105.591319,
                21.021874
              ],
              [
                105.591397,
                21.021745
              ],
              [
                105.591551,
                21.021842
              ],
              [
                105.591697,
                21.021939
              ],
              [
                105.592148,
                21.022237
              ],
              [
                105.592377,
                21.022389
              ],
              [
                105.592402,
                21.022359
              ],
              [
                105.594785,
                21.019539
              ],
              [
                105.594799,
                21.019525
              ],
              [
                105.593854,
                21.017511
              ],
              [
                105.593895,
                21.017482
              ],
              [
                105.593933,
                21.017455
              ],
              [
                105.593959,
                21.017431
              ],
              [
                105.594021,
                21.017332
              ],
              [
                105.59417,
                21.017084
              ],
              [
                105.594274,
                21.016918
              ],
              [
                105.594415,
                21.016637
              ],
              [
                105.594707,
                21.016092
              ],
              [
                105.59474,
                21.016047
              ],
              [
                105.595015,
                21.015733
              ],
              [
                105.595242,
                21.015372
              ],
              [
                105.595169,
                21.015303
              ],
              [
                105.595161,
                21.015297
              ],
              [
                105.595722,
                21.014197
              ],
              [
                105.59579,
                21.014088
              ],
              [
                105.596068,
                21.013481
              ],
              [
                105.595857,
                21.013438
              ],
              [
                105.595709,
                21.013321
              ],
              [
                105.595601,
                21.013274
              ],
              [
                105.595456,
                21.01325
              ],
              [
                105.595245,
                21.013249
              ],
              [
                105.594998,
                21.013329
              ],
              [
                105.594841,
                21.013353
              ],
              [
                105.594739,
                21.013334
              ],
              [
                105.594601,
                21.013246
              ],
              [
                105.594506,
                21.013086
              ],
              [
                105.594368,
                21.012965
              ],
              [
                105.594266,
                21.012901
              ],
              [
                105.594075,
                21.012868
              ],
              [
                105.593904,
                21.012828
              ],
              [
                105.593787,
                21.01273
              ],
              [
                105.593756,
                21.01264
              ],
              [
                105.59378,
                21.012427
              ],
              [
                105.593787,
                21.012166
              ],
              [
                105.593783,
                21.01202
              ],
              [
                105.593776,
                21.011909
              ],
              [
                105.593768,
                21.011788
              ],
              [
                105.593782,
                21.011628
              ],
              [
                105.593852,
                21.01146
              ],
              [
                105.59388,
                21.011372
              ],
              [
                105.593852,
                21.01124
              ],
              [
                105.593795,
                21.011025
              ],
              [
                105.593766,
                21.010897
              ],
              [
                105.593679,
                21.010777
              ],
              [
                105.593636,
                21.010755
              ],
              [
                105.593442,
                21.010713
              ],
              [
                105.593308,
                21.010675
              ],
              [
                105.593253,
                21.010636
              ],
              [
                105.593244,
                21.01058
              ],
              [
                105.593243,
                21.010514
              ],
              [
                105.593272,
                21.010445
              ],
              [
                105.593367,
                21.010326
              ],
              [
                105.593544,
                21.010044
              ],
              [
                105.593762,
                21.009777
              ],
              [
                105.59387,
                21.009573
              ],
              [
                105.593895,
                21.009487
              ],
              [
                105.593888,
                21.009442
              ],
              [
                105.59385,
                21.009394
              ],
              [
                105.593738,
                21.009251
              ],
              [
                105.593679,
                21.00919
              ],
              [
                105.593562,
                21.009075
              ],
              [
                105.593447,
                21.008942
              ],
              [
                105.593455,
                21.008931
              ],
              [
                105.593474,
                21.008898
              ],
              [
                105.593502,
                21.008849
              ],
              [
                105.593525,
                21.008751
              ],
              [
                105.593528,
                21.008682
              ],
              [
                105.593485,
                21.008592
              ],
              [
                105.593424,
                21.008473
              ],
              [
                105.593358,
                21.008296
              ],
              [
                105.593357,
                21.008257
              ],
              [
                105.593241,
                21.007995
              ],
              [
                105.592845,
                21.007535
              ],
              [
                105.592673,
                21.007676
              ],
              [
                105.592593,
                21.007748
              ],
              [
                105.592569,
                21.007744
              ],
              [
                105.592569,
                21.007681
              ],
              [
                105.592535,
                21.007624
              ],
              [
                105.592446,
                21.007525
              ],
              [
                105.592328,
                21.0074
              ],
              [
                105.592292,
                21.00733
              ],
              [
                105.59228,
                21.00726
              ],
              [
                105.592287,
                21.00715
              ],
              [
                105.59231,
                21.007039
              ],
              [
                105.592319,
                21.007018
              ],
              [
                105.592204,
                21.006998
              ],
              [
                105.592067,
                21.006975
              ],
              [
                105.591876,
                21.007001
              ],
              [
                105.591834,
                21.007062
              ],
              [
                105.59181,
                21.007067
              ],
              [
                105.591223,
                21.007106
              ],
              [
                105.591166,
                21.007084
              ],
              [
                105.591094,
                21.006974
              ],
              [
                105.590624,
                21.004961
              ],
              [
                105.590657,
                21.004954
              ],
              [
                105.590892,
                21.004915
              ],
              [
                105.591194,
                21.005019
              ],
              [
                105.59164,
                21.005289
              ],
              [
                105.591875,
                21.005265
              ],
              [
                105.592202,
                21.004963
              ],
              [
                105.592567,
                21.004418
              ],
              [
                105.592566,
                21.004122
              ],
              [
                105.59234,
                21.003925
              ],
              [
                105.591994,
                21.003776
              ],
              [
                105.59175,
                21.00367
              ],
              [
                105.591595,
                21.003834
              ],
              [
                105.591516,
                21.003873
              ],
              [
                105.591239,
                21.003989
              ],
              [
                105.590794,
                21.00412
              ],
              [
                105.590761,
                21.004129
              ],
              [
                105.590715,
                21.004136
              ],
              [
                105.590263,
                21.004198
              ],
              [
                105.589933,
                21.004244
              ],
              [
                105.589151,
                21.004282
              ],
              [
                105.588742,
                21.004297
              ],
              [
                105.588464,
                21.004308
              ],
              [
                105.588288,
                21.004315
              ],
              [
                105.587932,
                21.004307
              ],
              [
                105.58787,
                21.004299
              ],
              [
                105.587709,
                21.004278
              ],
              [
                105.587565,
                21.004204
              ],
              [
                105.587485,
                21.004105
              ],
              [
                105.587395,
                21.003958
              ],
              [
                105.587335,
                21.003733
              ],
              [
                105.58733,
                21.003695
              ],
              [
                105.587329,
                21.003692
              ],
              [
                105.587299,
                21.00352
              ],
              [
                105.587241,
                21.003434
              ],
              [
                105.587167,
                21.003383
              ],
              [
                105.58701,
                21.003329
              ],
              [
                105.586852,
                21.003303
              ],
              [
                105.586823,
                21.003298
              ],
              [
                105.586617,
                21.003307
              ],
              [
                105.586552,
                21.003321
              ],
              [
                105.586308,
                21.003372
              ],
              [
                105.586213,
                21.003392
              ],
              [
                105.585843,
                21.003298
              ],
              [
                105.585637,
                21.003223
              ],
              [
                105.58555,
                21.003192
              ],
              [
                105.585174,
                21.003115
              ],
              [
                105.585069,
                21.003115
              ],
              [
                105.584996,
                21.003116
              ],
              [
                105.584894,
                21.003158
              ],
              [
                105.584787,
                21.003218
              ],
              [
                105.584615,
                21.003404
              ],
              [
                105.584476,
                21.003637
              ],
              [
                105.584366,
                21.003913
              ],
              [
                105.584213,
                21.004296
              ],
              [
                105.584132,
                21.004268
              ],
              [
                105.584073,
                21.004249
              ],
              [
                105.584,
                21.004225
              ],
              [
                105.583848,
                21.00421
              ],
              [
                105.583801,
                21.004206
              ],
              [
                105.583737,
                21.004201
              ],
              [
                105.583531,
                21.004105
              ],
              [
                105.583405,
                21.00399
              ],
              [
                105.583341,
                21.003877
              ],
              [
                105.583249,
                21.003769
              ],
              [
                105.58316,
                21.003676
              ],
              [
                105.583089,
                21.00358
              ],
              [
                105.583023,
                21.003539
              ],
              [
                105.582981,
                21.003506
              ],
              [
                105.582897,
                21.003528
              ],
              [
                105.582821,
                21.003442
              ],
              [
                105.582782,
                21.003394
              ],
              [
                105.582729,
                21.003327
              ],
              [
                105.582652,
                21.003199
              ],
              [
                105.582541,
                21.003103
              ],
              [
                105.582453,
                21.003027
              ],
              [
                105.582448,
                21.003025
              ],
              [
                105.582299,
                21.002969
              ],
              [
                105.581811,
                21.002122
              ],
              [
                105.581687,
                21.001907
              ],
              [
                105.581679,
                21.001908
              ],
              [
                105.581677,
                21.001908
              ],
              [
                105.581669,
                21.00191
              ],
              [
                105.581456,
                21.001946
              ],
              [
                105.581381,
                21.00196
              ],
              [
                105.581377,
                21.00196
              ],
              [
                105.581376,
                21.001967
              ],
              [
                105.581318,
                21.001741
              ],
              [
                105.581256,
                21.001317
              ],
              [
                105.581231,
                21.001153
              ],
              [
                105.581269,
                21.001144
              ],
              [
                105.58127,
                21.001105
              ],
              [
                105.581291,
                21.000386
              ],
              [
                105.581274,
                21.000221
              ],
              [
                105.58114,
                21.000093
              ],
              [
                105.581069,
                20.999907
              ],
              [
                105.581048,
                20.999778
              ],
              [
                105.580989,
                20.999633
              ],
              [
                105.580935,
                20.99947
              ],
              [
                105.580992,
                20.999461
              ],
              [
                105.581074,
                20.999468
              ],
              [
                105.581037,
                20.999306
              ],
              [
                105.580774,
                20.999227
              ],
              [
                105.580658,
                20.999147
              ],
              [
                105.580555,
                20.999026
              ],
              [
                105.580545,
                20.999026
              ],
              [
                105.580492,
                20.998899
              ],
              [
                105.580451,
                20.998732
              ],
              [
                105.580475,
                20.998534
              ],
              [
                105.580245,
                20.998521
              ],
              [
                105.580204,
                20.998352
              ],
              [
                105.580204,
                20.998351
              ],
              [
                105.580239,
                20.998335
              ],
              [
                105.580347,
                20.998302
              ],
              [
                105.58039,
                20.998289
              ],
              [
                105.580789,
                20.998185
              ],
              [
                105.580791,
                20.998162
              ],
              [
                105.580797,
                20.998113
              ],
              [
                105.580811,
                20.99804
              ],
              [
                105.580813,
                20.998027
              ],
              [
                105.580849,
                20.997851
              ],
              [
                105.580806,
                20.997843
              ],
              [
                105.58072,
                20.997829
              ],
              [
                105.580818,
                20.997443
              ],
              [
                105.580474,
                20.99742
              ],
              [
                105.58054,
                20.997064
              ],
              [
                105.580395,
                20.996951
              ],
              [
                105.580591,
                20.996726
              ],
              [
                105.580531,
                20.996624
              ],
              [
                105.580515,
                20.996586
              ],
              [
                105.580526,
                20.996545
              ],
              [
                105.580658,
                20.996487
              ],
              [
                105.580881,
                20.996438
              ],
              [
                105.58104,
                20.996432
              ],
              [
                105.581231,
                20.99647
              ],
              [
                105.581298,
                20.996499
              ],
              [
                105.581396,
                20.99658
              ],
              [
                105.581432,
                20.996648
              ],
              [
                105.58147,
                20.996675
              ],
              [
                105.581522,
                20.996687
              ],
              [
                105.581601,
                20.996678
              ],
              [
                105.581683,
                20.996635
              ],
              [
                105.581788,
                20.996519
              ],
              [
                105.581908,
                20.99627
              ],
              [
                105.581974,
                20.996109
              ],
              [
                105.581958,
                20.996045
              ],
              [
                105.581805,
                20.995878
              ],
              [
                105.581636,
                20.995756
              ],
              [
                105.58154,
                20.995732
              ],
              [
                105.581438,
                20.99575
              ],
              [
                105.581324,
                20.995751
              ],
              [
                105.581209,
                20.995751
              ],
              [
                105.581088,
                20.99574
              ],
              [
                105.580833,
                20.995645
              ],
              [
                105.580754,
                20.995582
              ],
              [
                105.580788,
                20.995466
              ],
              [
                105.580781,
                20.995406
              ],
              [
                105.580743,
                20.99537
              ],
              [
                105.580552,
                20.995323
              ],
              [
                105.580355,
                20.995258
              ],
              [
                105.580265,
                20.995192
              ],
              [
                105.580201,
                20.995085
              ],
              [
                105.580034,
                20.994655
              ],
              [
                105.579732,
                20.993753
              ],
              [
                105.579684,
                20.993705
              ],
              [
                105.579568,
                20.993287
              ],
              [
                105.579517,
                20.993098
              ],
              [
                105.579364,
                20.992531
              ],
              [
                105.579107,
                20.991752
              ],
              [
                105.579104,
                20.991663
              ],
              [
                105.579138,
                20.991444
              ],
              [
                105.579614,
                20.990871
              ],
              [
                105.580548,
                20.990007
              ],
              [
                105.580611,
                20.989782
              ],
              [
                105.580689,
                20.989638
              ],
              [
                105.580819,
                20.989445
              ],
              [
                105.580904,
                20.989385
              ],
              [
                105.581058,
                20.989403
              ],
              [
                105.581196,
                20.989438
              ],
              [
                105.58162,
                20.989974
              ],
              [
                105.582299,
                20.989525
              ],
              [
                105.582833,
                20.989224
              ],
              [
                105.582845,
                20.98919
              ],
              [
                105.582848,
                20.989121
              ],
              [
                105.582867,
                20.989092
              ],
              [
                105.582731,
                20.988832
              ],
              [
                105.582198,
                20.988304
              ],
              [
                105.581675,
                20.987819
              ],
              [
                105.581598,
                20.987748
              ],
              [
                105.581469,
                20.987661
              ],
              [
                105.581378,
                20.9876
              ],
              [
                105.581375,
                20.987543
              ],
              [
                105.581431,
                20.987441
              ],
              [
                105.581457,
                20.987354
              ],
              [
                105.581347,
                20.987047
              ],
              [
                105.581222,
                20.986832
              ],
              [
                105.581204,
                20.986763
              ],
              [
                105.580821,
                20.986638
              ],
              [
                105.580703,
                20.986563
              ],
              [
                105.580637,
                20.986475
              ],
              [
                105.580592,
                20.986414
              ],
              [
                105.580501,
                20.986242
              ],
              [
                105.580409,
                20.986147
              ],
              [
                105.580297,
                20.98607
              ],
              [
                105.580189,
                20.986005
              ],
              [
                105.580168,
                20.985921
              ],
              [
                105.580159,
                20.985777
              ],
              [
                105.580347,
                20.985737
              ],
              [
                105.580674,
                20.985607
              ],
              [
                105.580763,
                20.985514
              ],
              [
                105.580785,
                20.985439
              ],
              [
                105.580785,
                20.985323
              ],
              [
                105.580814,
                20.985261
              ],
              [
                105.581244,
                20.985096
              ],
              [
                105.581553,
                20.984929
              ],
              [
                105.581546,
                20.984886
              ],
              [
                105.581556,
                20.984686
              ],
              [
                105.581556,
                20.984682
              ],
              [
                105.581552,
                20.984588
              ],
              [
                105.581517,
                20.984499
              ],
              [
                105.581513,
                20.984456
              ],
              [
                105.581518,
                20.984266
              ],
              [
                105.581518,
                20.984223
              ],
              [
                105.581523,
                20.984082
              ],
              [
                105.581506,
                20.984076
              ],
              [
                105.581392,
                20.984019
              ],
              [
                105.581326,
                20.983961
              ],
              [
                105.581313,
                20.983932
              ],
              [
                105.581265,
                20.98386
              ],
              [
                105.581246,
                20.983815
              ],
              [
                105.58123,
                20.983722
              ],
              [
                105.581219,
                20.983654
              ],
              [
                105.581197,
                20.983554
              ],
              [
                105.581014,
                20.9835
              ],
              [
                105.58094,
                20.98346
              ],
              [
                105.580808,
                20.983436
              ],
              [
                105.580669,
                20.983436
              ],
              [
                105.580563,
                20.983453
              ],
              [
                105.580559,
                20.983428
              ],
              [
                105.580508,
                20.983293
              ],
              [
                105.580371,
                20.9833
              ],
              [
                105.580376,
                20.983289
              ],
              [
                105.580396,
                20.983267
              ],
              [
                105.580416,
                20.983233
              ],
              [
                105.580426,
                20.983195
              ],
              [
                105.580425,
                20.983183
              ],
              [
                105.580411,
                20.983118
              ],
              [
                105.580399,
                20.983113
              ],
              [
                105.580325,
                20.983111
              ],
              [
                105.580308,
                20.983104
              ],
              [
                105.580284,
                20.983021
              ],
              [
                105.580266,
                20.982956
              ],
              [
                105.580244,
                20.982946
              ],
              [
                105.58022,
                20.982956
              ],
              [
                105.580175,
                20.982993
              ],
              [
                105.580122,
                20.983011
              ],
              [
                105.580032,
                20.983018
              ],
              [
                105.580002,
                20.983028
              ],
              [
                105.579941,
                20.982998
              ],
              [
                105.579932,
                20.982952
              ],
              [
                105.579935,
                20.982837
              ],
              [
                105.579939,
                20.982788
              ],
              [
                105.579944,
                20.982755
              ],
              [
                105.579951,
                20.982689
              ],
              [
                105.579938,
                20.982686
              ],
              [
                105.579867,
                20.982717
              ],
              [
                105.579567,
                20.982219
              ],
              [
                105.5795,
                20.982031
              ],
              [
                105.579486,
                20.981895
              ],
              [
                105.57947,
                20.981765
              ],
              [
                105.579464,
                20.981722
              ],
              [
                105.579361,
                20.981734
              ],
              [
                105.578369,
                20.981698
              ],
              [
                105.577937,
                20.981732
              ],
              [
                105.577602,
                20.981819
              ],
              [
                105.577381,
                20.981938
              ],
              [
                105.577236,
                20.982065
              ],
              [
                105.577134,
                20.982208
              ],
              [
                105.577092,
                20.982381
              ],
              [
                105.5771,
                20.982554
              ],
              [
                105.57715,
                20.982724
              ],
              [
                105.577321,
                20.982946
              ],
              [
                105.577502,
                20.983218
              ],
              [
                105.577527,
                20.983255
              ],
              [
                105.577553,
                20.983296
              ],
              [
                105.577705,
                20.983534
              ],
              [
                105.57783,
                20.983809
              ],
              [
                105.578009,
                20.984141
              ],
              [
                105.578209,
                20.98448
              ],
              [
                105.578248,
                20.984546
              ],
              [
                105.578312,
                20.984792
              ],
              [
                105.578341,
                20.985005
              ],
              [
                105.578313,
                20.985234
              ],
              [
                105.578307,
                20.985278
              ],
              [
                105.578284,
                20.985355
              ],
              [
                105.578234,
                20.985521
              ],
              [
                105.578128,
                20.985691
              ],
              [
                105.57792,
                20.985851
              ],
              [
                105.577785,
                20.985925
              ],
              [
                105.577626,
                20.985945
              ],
              [
                105.577435,
                20.985929
              ],
              [
                105.577247,
                20.985857
              ],
              [
                105.576921,
                20.985715
              ],
              [
                105.576342,
                20.985487
              ],
              [
                105.576186,
                20.985398
              ],
              [
                105.576162,
                20.985368
              ],
              [
                105.576083,
                20.985269
              ],
              [
                105.576047,
                20.985132
              ],
              [
                105.57608,
                20.984891
              ],
              [
                105.576115,
                20.984733
              ],
              [
                105.576116,
                20.984707
              ],
              [
                105.576125,
                20.98456
              ],
              [
                105.576095,
                20.984362
              ],
              [
                105.576092,
                20.984344
              ],
              [
                105.576075,
                20.984273
              ],
              [
                105.576031,
                20.984081
              ],
              [
                105.575936,
                20.983907
              ],
              [
                105.575895,
                20.983832
              ],
              [
                105.575664,
                20.98356
              ],
              [
                105.575174,
                20.983103
              ],
              [
                105.574999,
                20.982924
              ],
              [
                105.574979,
                20.982885
              ],
              [
                105.574917,
                20.982768
              ],
              [
                105.574899,
                20.982628
              ],
              [
                105.574923,
                20.982499
              ],
              [
                105.575017,
                20.982384
              ],
              [
                105.575043,
                20.982352
              ],
              [
                105.575163,
                20.982244
              ],
              [
                105.575315,
                20.982108
              ],
              [
                105.575604,
                20.981854
              ],
              [
                105.575826,
                20.981587
              ],
              [
                105.575978,
                20.981268
              ],
              [
                105.576005,
                20.981104
              ],
              [
                105.576005,
                20.980925
              ],
              [
                105.575958,
                20.980735
              ],
              [
                105.575872,
                20.980426
              ],
              [
                105.575827,
                20.979994
              ],
              [
                105.575823,
                20.979788
              ],
              [
                105.575865,
                20.979585
              ],
              [
                105.575917,
                20.979405
              ],
              [
                105.576149,
                20.978942
              ],
              [
                105.576369,
                20.978462
              ],
              [
                105.57638,
                20.978414
              ],
              [
                105.576412,
                20.978267
              ],
              [
                105.576429,
                20.978067
              ],
              [
                105.57643,
                20.977998
              ],
              [
                105.57643,
                20.977976
              ],
              [
                105.576415,
                20.977841
              ],
              [
                105.576408,
                20.977781
              ],
              [
                105.576405,
                20.97775
              ],
              [
                105.576347,
                20.97756
              ],
              [
                105.576296,
                20.977488
              ],
              [
                105.576241,
                20.977412
              ],
              [
                105.576181,
                20.977369
              ],
              [
                105.576145,
                20.977344
              ],
              [
                105.575956,
                20.977334
              ],
              [
                105.575751,
                20.977348
              ],
              [
                105.575504,
                20.977446
              ],
              [
                105.57549,
                20.977451
              ],
              [
                105.575481,
                20.977455
              ],
              [
                105.575105,
                20.977614
              ],
              [
                105.57483,
                20.977714
              ],
              [
                105.574616,
                20.977712
              ],
              [
                105.574613,
                20.977712
              ],
              [
                105.574326,
                20.977697
              ],
              [
                105.574286,
                20.977686
              ],
              [
                105.574082,
                20.977634
              ],
              [
                105.573937,
                20.977558
              ],
              [
                105.57386,
                20.977517
              ],
              [
                105.573728,
                20.977351
              ],
              [
                105.573725,
                20.977347
              ],
              [
                105.573681,
                20.977201
              ],
              [
                105.573681,
                20.977195
              ],
              [
                105.573708,
                20.976983
              ],
              [
                105.573868,
                20.9768
              ],
              [
                105.574065,
                20.976693
              ],
              [
                105.574293,
                20.97659
              ],
              [
                105.574335,
                20.976571
              ],
              [
                105.574399,
                20.976537
              ],
              [
                105.574549,
                20.976458
              ],
              [
                105.574744,
                20.976292
              ],
              [
                105.574829,
                20.976183
              ],
              [
                105.574851,
                20.976154
              ],
              [
                105.574856,
                20.976142
              ],
              [
                105.574886,
                20.976049
              ],
              [
                105.574892,
                20.975951
              ],
              [
                105.574892,
                20.975941
              ],
              [
                105.57489,
                20.975932
              ],
              [
                105.574863,
                20.975828
              ],
              [
                105.574839,
                20.97578
              ],
              [
                105.574727,
                20.97556
              ],
              [
                105.574585,
                20.975233
              ],
              [
                105.574476,
                20.974981
              ],
              [
                105.574389,
                20.974699
              ],
              [
                105.573656,
                20.974805
              ],
              [
                105.573435,
                20.974806
              ],
              [
                105.573313,
                20.974785
              ],
              [
                105.573271,
                20.97476
              ],
              [
                105.573159,
                20.97466
              ],
              [
                105.57306,
                20.974517
              ],
              [
                105.572933,
                20.974406
              ],
              [
                105.572746,
                20.97431
              ],
              [
                105.572532,
                20.974264
              ],
              [
                105.572402,
                20.974275
              ],
              [
                105.572257,
                20.974351
              ],
              [
                105.571953,
                20.97461
              ],
              [
                105.571755,
                20.974858
              ],
              [
                105.571544,
                20.975433
              ],
              [
                105.571438,
                20.975677
              ],
              [
                105.571232,
                20.975921
              ],
              [
                105.571072,
                20.976051
              ],
              [
                105.570954,
                20.976109
              ],
              [
                105.570844,
                20.976113
              ],
              [
                105.570744,
                20.976106
              ],
              [
                105.570446,
                20.975985
              ],
              [
                105.569934,
                20.975797
              ],
              [
                105.56959,
                20.975654
              ],
              [
                105.569364,
                20.975608
              ],
              [
                105.569238,
                20.975634
              ],
              [
                105.569193,
                20.975659
              ],
              [
                105.569158,
                20.975717
              ],
              [
                105.569124,
                20.975824
              ],
              [
                105.569144,
                20.975943
              ],
              [
                105.569536,
                20.97672
              ],
              [
                105.56929,
                20.976669
              ],
              [
                105.56921,
                20.97665
              ],
              [
                105.569103,
                20.976623
              ],
              [
                105.569061,
                20.976611
              ],
              [
                105.569014,
                20.976598
              ],
              [
                105.569002,
                20.976596
              ],
              [
                105.568966,
                20.97659
              ],
              [
                105.56893,
                20.976588
              ],
              [
                105.568917,
                20.976596
              ],
              [
                105.568909,
                20.976608
              ],
              [
                105.568906,
                20.97663
              ],
              [
                105.568906,
                20.976635
              ],
              [
                105.568908,
                20.976664
              ],
              [
                105.568919,
                20.976759
              ],
              [
                105.568935,
                20.976875
              ],
              [
                105.56894,
                20.976908
              ],
              [
                105.568972,
                20.977016
              ],
              [
                105.568975,
                20.977029
              ],
              [
                105.56899,
                20.977095
              ],
              [
                105.569006,
                20.977193
              ],
              [
                105.569016,
                20.977218
              ],
              [
                105.569031,
                20.977232
              ],
              [
                105.569044,
                20.977246
              ],
              [
                105.569073,
                20.977278
              ],
              [
                105.56908,
                20.977286
              ],
              [
                105.569109,
                20.977323
              ],
              [
                105.569129,
                20.977353
              ],
              [
                105.569132,
                20.977357
              ],
              [
                105.569132,
                20.977358
              ],
              [
                105.569135,
                20.977368
              ],
              [
                105.569135,
                20.977377
              ],
              [
                105.569128,
                20.977387
              ],
              [
                105.569097,
                20.977408
              ],
              [
                105.56906,
                20.977426
              ],
              [
                105.569057,
                20.977428
              ],
              [
                105.569024,
                20.977433
              ],
              [
                105.568984,
                20.977439
              ],
              [
                105.568935,
                20.977449
              ],
              [
                105.568912,
                20.977451
              ],
              [
                105.568905,
                20.977452
              ],
              [
                105.568902,
                20.977452
              ],
              [
                105.568892,
                20.977453
              ],
              [
                105.568882,
                20.977447
              ],
              [
                105.568836,
                20.977454
              ],
              [
                105.568787,
                20.977391
              ],
              [
                105.568713,
                20.977303
              ],
              [
                105.568605,
                20.977258
              ],
              [
                105.568352,
                20.977226
              ],
              [
                105.568141,
                20.977213
              ],
              [
                105.567961,
                20.977204
              ],
              [
                105.567782,
                20.977142
              ],
              [
                105.567379,
                20.976981
              ],
              [
                105.567325,
                20.97696
              ],
              [
                105.567174,
                20.976908
              ],
              [
                105.567097,
                20.976899
              ],
              [
                105.566944,
                20.976969
              ],
              [
                105.566828,
                20.976994
              ],
              [
                105.566761,
                20.976971
              ],
              [
                105.566639,
                20.976901
              ],
              [
                105.566512,
                20.976882
              ],
              [
                105.566411,
                20.976901
              ],
              [
                105.566311,
                20.976946
              ],
              [
                105.566175,
                20.976984
              ],
              [
                105.566126,
                20.97701
              ],
              [
                105.566125,
                20.977052
              ],
              [
                105.566139,
                20.977085
              ],
              [
                105.56615,
                20.977104
              ],
              [
                105.566168,
                20.977137
              ],
              [
                105.566172,
                20.977145
              ],
              [
                105.566174,
                20.977149
              ],
              [
                105.566193,
                20.977193
              ],
              [
                105.566217,
                20.977255
              ],
              [
                105.566225,
                20.977278
              ],
              [
                105.566239,
                20.97731
              ],
              [
                105.566261,
                20.977363
              ],
              [
                105.566274,
                20.977395
              ],
              [
                105.56629,
                20.977432
              ],
              [
                105.566292,
                20.977436
              ],
              [
                105.566291,
                20.977437
              ],
              [
                105.566047,
                20.97755
              ],
              [
                105.566096,
                20.977598
              ],
              [
                105.566147,
                20.977647
              ],
              [
                105.566218,
                20.977767
              ],
              [
                105.566277,
                20.977874
              ],
              [
                105.56629,
                20.977898
              ],
              [
                105.566359,
                20.978096
              ],
              [
                105.566431,
                20.978173
              ],
              [
                105.566515,
                20.978312
              ],
              [
                105.566571,
                20.978463
              ],
              [
                105.566586,
                20.978504
              ],
              [
                105.566658,
                20.97866
              ],
              [
                105.566673,
                20.978693
              ],
              [
                105.566698,
                20.978748
              ],
              [
                105.566725,
                20.978805
              ],
              [
                105.56674,
                20.978837
              ],
              [
                105.566763,
                20.978943
              ],
              [
                105.566755,
                20.979034
              ],
              [
                105.56675,
                20.979085
              ],
              [
                105.566743,
                20.979165
              ],
              [
                105.566735,
                20.979259
              ],
              [
                105.566717,
                20.97933
              ],
              [
                105.566662,
                20.979377
              ],
              [
                105.566594,
                20.979375
              ],
              [
                105.566543,
                20.979391
              ],
              [
                105.566376,
                20.97941
              ],
              [
                105.565035,
                20.979516
              ],
              [
                105.564993,
                20.979519
              ],
              [
                105.56498,
                20.979541
              ],
              [
                105.56494,
                20.979622
              ],
              [
                105.564811,
                20.979834
              ],
              [
                105.564737,
                20.979965
              ],
              [
                105.564672,
                20.980119
              ],
              [
                105.564573,
                20.980436
              ],
              [
                105.564437,
                20.980878
              ],
              [
                105.564288,
                20.981176
              ],
              [
                105.564265,
                20.981176
              ],
              [
                105.564172,
                20.98126
              ],
              [
                105.564106,
                20.981296
              ],
              [
                105.564056,
                20.981306
              ],
              [
                105.563936,
                20.981328
              ],
              [
                105.563821,
                20.981325
              ],
              [
                105.563603,
                20.98125
              ],
              [
                105.563587,
                20.981248
              ],
              [
                105.563523,
                20.98124
              ],
              [
                105.563424,
                20.981258
              ],
              [
                105.563298,
                20.981294
              ],
              [
                105.56318,
                20.981334
              ],
              [
                105.562897,
                20.981357
              ],
              [
                105.56268,
                20.981386
              ],
              [
                105.562386,
                20.981495
              ],
              [
                105.56213,
                20.981531
              ],
              [
                105.562004,
                20.981524
              ],
              [
                105.561863,
                20.9815
              ],
              [
                105.561698,
                20.981339
              ],
              [
                105.561633,
                20.981153
              ],
              [
                105.56161,
                20.981121
              ],
              [
                105.561564,
                20.981128
              ],
              [
                105.561533,
                20.981157
              ],
              [
                105.561286,
                20.981505
              ],
              [
                105.561256,
                20.981563
              ],
              [
                105.56123,
                20.981613
              ],
              [
                105.561172,
                20.981652
              ],
              [
                105.560641,
                20.981841
              ],
              [
                105.560583,
                20.981882
              ],
              [
                105.56055,
                20.98193
              ],
              [
                105.560525,
                20.98197
              ],
              [
                105.560461,
                20.982016
              ],
              [
                105.560321,
                20.982103
              ],
              [
                105.560258,
                20.982175
              ],
              [
                105.560162,
                20.982423
              ],
              [
                105.560137,
                20.98245
              ],
              [
                105.560106,
                20.982462
              ],
              [
                105.560043,
                20.982457
              ],
              [
                105.559997,
                20.98245
              ],
              [
                105.559959,
                20.982455
              ],
              [
                105.55991,
                20.982474
              ],
              [
                105.559889,
                20.982487
              ],
              [
                105.559847,
                20.982513
              ],
              [
                105.559786,
                20.982551
              ],
              [
                105.559753,
                20.982554
              ],
              [
                105.559694,
                20.982545
              ],
              [
                105.559603,
                20.982495
              ],
              [
                105.559567,
                20.98248
              ],
              [
                105.559526,
                20.982483
              ],
              [
                105.559478,
                20.982502
              ],
              [
                105.559432,
                20.982529
              ],
              [
                105.559404,
                20.982534
              ],
              [
                105.559374,
                20.982522
              ],
              [
                105.559358,
                20.982507
              ],
              [
                105.559343,
                20.982476
              ],
              [
                105.559203,
                20.982432
              ],
              [
                105.559079,
                20.982406
              ],
              [
                105.559022,
                20.982431
              ],
              [
                105.559018,
                20.982433
              ],
              [
                105.558972,
                20.982442
              ],
              [
                105.55889,
                20.982436
              ],
              [
                105.558822,
                20.982417
              ],
              [
                105.558748,
                20.982362
              ],
              [
                105.558651,
                20.982274
              ],
              [
                105.558584,
                20.982133
              ],
              [
                105.55852,
                20.981935
              ],
              [
                105.558461,
                20.98182
              ],
              [
                105.558384,
                20.981711
              ],
              [
                105.558307,
                20.981663
              ],
              [
                105.558216,
                20.981616
              ],
              [
                105.558162,
                20.981566
              ],
              [
                105.558162,
                20.981523
              ],
              [
                105.558139,
                20.981484
              ],
              [
                105.558112,
                20.981468
              ],
              [
                105.558093,
                20.981463
              ],
              [
                105.557924,
                20.98149
              ],
              [
                105.557829,
                20.981506
              ],
              [
                105.557764,
                20.981492
              ],
              [
                105.5577,
                20.981492
              ],
              [
                105.557545,
                20.981534
              ],
              [
                105.55744,
                20.981541
              ],
              [
                105.557333,
                20.981531
              ],
              [
                105.557145,
                20.981627
              ],
              [
                105.556977,
                20.981677
              ],
              [
                105.556932,
                20.98169
              ],
              [
                105.556857,
                20.981703
              ],
              [
                105.556653,
                20.981847
              ],
              [
                105.556503,
                20.98197
              ],
              [
                105.55646,
                20.982006
              ],
              [
                105.556409,
                20.982048
              ],
              [
                105.556319,
                20.982129
              ],
              [
                105.556154,
                20.982278
              ],
              [
                105.556111,
                20.982328
              ],
              [
                105.556104,
                20.982337
              ],
              [
                105.556072,
                20.982374
              ],
              [
                105.556065,
                20.982382
              ],
              [
                105.556012,
                20.982445
              ],
              [
                105.555948,
                20.982519
              ],
              [
                105.555896,
                20.982578
              ],
              [
                105.555887,
                20.982589
              ],
              [
                105.555818,
                20.982674
              ],
              [
                105.555795,
                20.982702
              ],
              [
                105.555773,
                20.982729
              ],
              [
                105.555734,
                20.982776
              ],
              [
                105.555534,
                20.983044
              ],
              [
                105.555515,
                20.98307
              ],
              [
                105.555456,
                20.983145
              ],
              [
                105.555427,
                20.983182
              ],
              [
                105.555302,
                20.98334
              ],
              [
                105.555248,
                20.983427
              ],
              [
                105.555239,
                20.983437
              ],
              [
                105.555222,
                20.983457
              ],
              [
                105.55517,
                20.983504
              ],
              [
                105.555148,
                20.983519
              ],
              [
                105.555071,
                20.983524
              ],
              [
                105.554987,
                20.983524
              ],
              [
                105.554989,
                20.983572
              ],
              [
                105.555002,
                20.984096
              ],
              [
                105.555011,
                20.98648
              ],
              [
                105.555011,
                20.986633
              ],
              [
                105.555022,
                20.989399
              ],
              [
                105.555023,
                20.989654
              ],
              [
                105.555024,
                20.989755
              ],
              [
                105.555026,
                20.989936
              ],
              [
                105.555335,
                20.990293
              ],
              [
                105.55561,
                20.990674
              ],
              [
                105.555851,
                20.991076
              ],
              [
                105.556054,
                20.991495
              ],
              [
                105.556218,
                20.991929
              ],
              [
                105.556343,
                20.992374
              ],
              [
                105.556427,
                20.992828
              ],
              [
                105.55647,
                20.993287
              ],
              [
                105.556471,
                20.993747
              ],
              [
                105.55643,
                20.994206
              ],
              [
                105.556346,
                20.99466
              ],
              [
                105.556187,
                20.995359
              ],
              [
                105.555938,
                20.996455
              ],
              [
                105.555859,
                20.996804
              ],
              [
                105.555193,
                20.999461
              ],
              [
                105.555188,
                20.999557
              ],
              [
                105.555168,
                20.999638
              ],
              [
                105.554917,
                21.0006
              ],
              [
                105.554627,
                21.001892
              ],
              [
                105.554376,
                21.003083
              ],
              [
                105.553996,
                21.004806
              ],
              [
                105.553765,
                21.005792
              ],
              [
                105.553325,
                21.007736
              ],
              [
                105.553308,
                21.007808
              ],
              [
                105.553306,
                21.007815
              ],
              [
                105.553172,
                21.008382
              ],
              [
                105.553135,
                21.008559
              ],
              [
                105.553117,
                21.008681
              ],
              [
                105.552925,
                21.00969
              ],
              [
                105.55287,
                21.009994
              ],
              [
                105.552869,
                21.009995
              ],
              [
                105.552785,
                21.010456
              ],
              [
                105.552785,
                21.010459
              ],
              [
                105.552713,
                21.010861
              ],
              [
                105.552682,
                21.011059
              ],
              [
                105.552652,
                21.011249
              ],
              [
                105.552651,
                21.011255
              ],
              [
                105.552578,
                21.011759
              ],
              [
                105.552544,
                21.011839
              ],
              [
                105.552509,
                21.01192
              ],
              [
                105.552373,
                21.0121
              ],
              [
                105.552133,
                21.012291
              ],
              [
                105.551939,
                21.012449
              ],
              [
                105.551733,
                21.012654
              ],
              [
                105.551657,
                21.012739
              ],
              [
                105.551604,
                21.012797
              ],
              [
                105.55158,
                21.012824
              ],
              [
                105.551433,
                21.013121
              ],
              [
                105.551172,
                21.013724
              ],
              [
                105.551036,
                21.013993
              ],
              [
                105.551035,
                21.013995
              ],
              [
                105.550994,
                21.014076
              ],
              [
                105.550846,
                21.014238
              ],
              [
                105.55069,
                21.014353
              ],
              [
                105.550446,
                21.014461
              ],
              [
                105.550236,
                21.014494
              ],
              [
                105.550072,
                21.014484
              ],
              [
                105.549659,
                21.014421
              ],
              [
                105.549052,
                21.014344
              ],
              [
                105.548063,
                21.014232
              ],
              [
                105.547822,
                21.01423
              ],
              [
                105.547624,
                21.01427
              ],
              [
                105.547464,
                21.014374
              ],
              [
                105.547342,
                21.014489
              ],
              [
                105.547236,
                21.014647
              ],
              [
                105.54719,
                21.014812
              ],
              [
                105.547187,
                21.015006
              ],
              [
                105.547234,
                21.015185
              ],
              [
                105.547334,
                21.015504
              ],
              [
                105.547492,
                21.016037
              ],
              [
                105.54765,
                21.016569
              ],
              [
                105.547688,
                21.016681
              ],
              [
                105.547729,
                21.016802
              ],
              [
                105.547898,
                21.0173
              ],
              [
                105.548037,
                21.017754
              ],
              [
                105.548109,
                21.017912
              ],
              [
                105.548196,
                21.01805
              ],
              [
                105.548513,
                21.018465
              ],
              [
                105.549173,
                21.019313
              ],
              [
                105.549383,
                21.019601
              ],
              [
                105.549424,
                21.019748
              ],
              [
                105.549415,
                21.019929
              ],
              [
                105.549339,
                21.020168
              ],
              [
                105.549228,
                21.020413
              ],
              [
                105.549193,
                21.02057
              ],
              [
                105.549193,
                21.020695
              ],
              [
                105.549276,
                21.02091
              ],
              [
                105.54943,
                21.021239
              ],
              [
                105.549527,
                21.021482
              ],
              [
                105.549569,
                21.021697
              ],
              [
                105.549556,
                21.022328
              ],
              [
                105.549538,
                21.022699
              ],
              [
                105.549538,
                21.022703
              ],
              [
                105.549527,
                21.022935
              ],
              [
                105.549503,
                21.023098
              ],
              [
                105.549452,
                21.023218
              ],
              [
                105.549361,
                21.023385
              ],
              [
                105.549245,
                21.02361
              ],
              [
                105.54907,
                21.023908
              ],
              [
                105.549222,
                21.023944
              ],
              [
                105.549273,
                21.023956
              ],
              [
                105.548668,
                21.025181
              ],
              [
                105.548605,
                21.025312
              ],
              [
                105.548508,
                21.025508
              ],
              [
                105.548405,
                21.025708
              ],
              [
                105.548309,
                21.025901
              ],
              [
                105.548254,
                21.026009
              ],
              [
                105.548212,
                21.026091
              ],
              [
                105.548189,
                21.026137
              ],
              [
                105.548124,
                21.026266
              ],
              [
                105.548082,
                21.026349
              ],
              [
                105.548041,
                21.026432
              ],
              [
                105.548004,
                21.02651
              ],
              [
                105.547974,
                21.026563
              ],
              [
                105.54796,
                21.026586
              ],
              [
                105.547932,
                21.02664
              ],
              [
                105.547889,
                21.0267
              ],
              [
                105.547804,
                21.026817
              ],
              [
                105.547747,
                21.026887
              ],
              [
                105.547716,
                21.026918
              ],
              [
                105.547703,
                21.026932
              ],
              [
                105.547694,
                21.026941
              ],
              [
                105.547643,
                21.026996
              ],
              [
                105.547582,
                21.027056
              ],
              [
                105.547522,
                21.027108
              ],
              [
                105.547509,
                21.027119
              ],
              [
                105.547465,
                21.027163
              ],
              [
                105.547391,
                21.027228
              ],
              [
                105.547288,
                21.027327
              ],
              [
                105.54718,
                21.027425
              ],
              [
                105.547119,
                21.027485
              ],
              [
                105.547057,
                21.027544
              ],
              [
                105.546948,
                21.027648
              ],
              [
                105.546868,
                21.027725
              ],
              [
                105.546773,
                21.02782
              ],
              [
                105.546682,
                21.02791
              ],
              [
                105.546602,
                21.027987
              ],
              [
                105.546502,
                21.028091
              ],
              [
                105.546359,
                21.02823
              ],
              [
                105.546253,
                21.028331
              ],
              [
                105.546158,
                21.028426
              ],
              [
                105.546092,
                21.028495
              ],
              [
                105.54603,
                21.028558
              ],
              [
                105.546006,
                21.02858
              ],
              [
                105.545931,
                21.028649
              ],
              [
                105.545924,
                21.028657
              ],
              [
                105.545864,
                21.028719
              ],
              [
                105.545791,
                21.028799
              ],
              [
                105.54579,
                21.0288
              ],
              [
                105.545781,
                21.028811
              ],
              [
                105.545716,
                21.02889
              ],
              [
                105.545696,
                21.02892
              ],
              [
                105.545653,
                21.028984
              ],
              [
                105.545584,
                21.029108
              ],
              [
                105.545562,
                21.029157
              ],
              [
                105.54555,
                21.029186
              ],
              [
                105.545528,
                21.029265
              ],
              [
                105.545516,
                21.029328
              ],
              [
                105.545504,
                21.029428
              ],
              [
                105.545498,
                21.029525
              ],
              [
                105.545498,
                21.029642
              ],
              [
                105.545501,
                21.029762
              ],
              [
                105.545501,
                21.02991
              ],
              [
                105.545502,
                21.02992
              ],
              [
                105.545504,
                21.030025
              ],
              [
                105.545502,
                21.030164
              ],
              [
                105.545501,
                21.030267
              ],
              [
                105.5455,
                21.030377
              ],
              [
                105.545499,
                21.030527
              ],
              [
                105.545499,
                21.030535
              ],
              [
                105.545498,
                21.030673
              ],
              [
                105.545499,
                21.030814
              ],
              [
                105.545499,
                21.030961
              ],
              [
                105.545499,
                21.030987
              ],
              [
                105.545498,
                21.03111
              ],
              [
                105.545498,
                21.031267
              ],
              [
                105.545497,
                21.031349
              ],
              [
                105.545496,
                21.031419
              ],
              [
                105.545496,
                21.031554
              ],
              [
                105.545497,
                21.031639
              ],
              [
                105.545498,
                21.031679
              ],
              [
                105.5455,
                21.031808
              ],
              [
                105.545501,
                21.031945
              ],
              [
                105.545504,
                21.032077
              ],
              [
                105.545506,
                21.032228
              ],
              [
                105.545507,
                21.032244
              ],
              [
                105.545507,
                21.032381
              ],
              [
                105.545506,
                21.03254
              ],
              [
                105.54551,
                21.032692
              ],
              [
                105.545511,
                21.032843
              ],
              [
                105.545513,
                21.033645
              ],
              [
                105.545514,
                21.034
              ],
              [
                105.545529,
                21.03469
              ],
              [
                105.545485,
                21.034783
              ],
              [
                105.545438,
                21.034857
              ],
              [
                105.54539,
                21.034789
              ],
              [
                105.54521,
                21.034532
              ],
              [
                105.545139,
                21.034434
              ],
              [
                105.544995,
                21.034215
              ],
              [
                105.544944,
                21.03414
              ],
              [
                105.544873,
                21.03406
              ],
              [
                105.544795,
                21.033988
              ],
              [
                105.544745,
                21.033949
              ],
              [
                105.544707,
                21.033923
              ],
              [
                105.54464,
                21.033882
              ],
              [
                105.544553,
                21.033837
              ],
              [
                105.544446,
                21.033786
              ],
              [
                105.544376,
                21.033756
              ],
              [
                105.544218,
                21.0337
              ],
              [
                105.544118,
                21.033675
              ],
              [
                105.543991,
                21.033651
              ],
              [
                105.543916,
                21.033641
              ],
              [
                105.54384,
                21.033638
              ],
              [
                105.543799,
                21.03364
              ],
              [
                105.54373,
                21.033648
              ],
              [
                105.543652,
                21.033659
              ],
              [
                105.543582,
                21.03367
              ],
              [
                105.54355,
                21.033676
              ],
              [
                105.543428,
                21.0337
              ],
              [
                105.54331,
                21.033724
              ],
              [
                105.54314,
                21.033753
              ],
              [
                105.54311,
                21.033759
              ],
              [
                105.542876,
                21.033801
              ],
              [
                105.542806,
                21.033814
              ],
              [
                105.542737,
                21.033827
              ],
              [
                105.542698,
                21.033834
              ],
              [
                105.542525,
                21.033866
              ],
              [
                105.542395,
                21.033888
              ],
              [
                105.542169,
                21.033927
              ],
              [
                105.542014,
                21.033954
              ],
              [
                105.541783,
                21.033992
              ],
              [
                105.541512,
                21.034039
              ],
              [
                105.541352,
                21.034068
              ],
              [
                105.541171,
                21.034096
              ],
              [
                105.54101,
                21.034126
              ],
              [
                105.540863,
                21.03415
              ],
              [
                105.540739,
                21.034172
              ],
              [
                105.540701,
                21.034178
              ],
              [
                105.540587,
                21.034197
              ],
              [
                105.540462,
                21.034219
              ],
              [
                105.540333,
                21.034244
              ],
              [
                105.540308,
                21.034249
              ],
              [
                105.540113,
                21.034285
              ],
              [
                105.539951,
                21.034312
              ],
              [
                105.539845,
                21.034326
              ],
              [
                105.539753,
                21.034329
              ],
              [
                105.539703,
                21.034325
              ],
              [
                105.539638,
                21.034321
              ],
              [
                105.539601,
                21.034316
              ],
              [
                105.539552,
                21.034307
              ],
              [
                105.539475,
                21.034293
              ],
              [
                105.539363,
                21.034269
              ],
              [
                105.539146,
                21.03422
              ],
              [
                105.539075,
                21.034206
              ],
              [
                105.538981,
                21.034183
              ],
              [
                105.538869,
                21.034155
              ],
              [
                105.538807,
                21.03414
              ],
              [
                105.538745,
                21.034121
              ],
              [
                105.538706,
                21.034108
              ],
              [
                105.538664,
                21.03409
              ],
              [
                105.538622,
                21.03407
              ],
              [
                105.538599,
                21.034055
              ],
              [
                105.538557,
                21.034028
              ],
              [
                105.53852,
                21.034001
              ],
              [
                105.538492,
                21.033977
              ],
              [
                105.538433,
                21.033917
              ],
              [
                105.538403,
                21.033876
              ],
              [
                105.538372,
                21.033832
              ],
              [
                105.538342,
                21.033789
              ],
              [
                105.538295,
                21.033704
              ],
              [
                105.538264,
                21.033647
              ],
              [
                105.538149,
                21.033438
              ],
              [
                105.53812,
                21.03338
              ],
              [
                105.538089,
                21.033324
              ],
              [
                105.538057,
                21.033274
              ],
              [
                105.538024,
                21.033233
              ],
              [
                105.537987,
                21.033195
              ],
              [
                105.53795,
                21.033159
              ],
              [
                105.537899,
                21.033115
              ],
              [
                105.537862,
                21.033088
              ],
              [
                105.537768,
                21.033032
              ],
              [
                105.53764,
                21.032958
              ],
              [
                105.537451,
                21.032851
              ],
              [
                105.53736,
                21.032798
              ],
              [
                105.537241,
                21.032727
              ],
              [
                105.53704,
                21.032615
              ],
              [
                105.536953,
                21.032565
              ],
              [
                105.536874,
                21.032518
              ],
              [
                105.536827,
                21.032489
              ],
              [
                105.536792,
                21.032466
              ],
              [
                105.536752,
                21.032436
              ],
              [
                105.536714,
                21.032405
              ],
              [
                105.536691,
                21.032385
              ],
              [
                105.536653,
                21.032349
              ],
              [
                105.536616,
                21.03231
              ],
              [
                105.536577,
                21.032266
              ],
              [
                105.536497,
                21.032168
              ],
              [
                105.536427,
                21.032072
              ],
              [
                105.536308,
                21.031906
              ],
              [
                105.536261,
                21.031838
              ],
              [
                105.536149,
                21.031676
              ],
              [
                105.536096,
                21.031599
              ],
              [
                105.535978,
                21.031431
              ],
              [
                105.535922,
                21.031352
              ],
              [
                105.535877,
                21.031284
              ],
              [
                105.535841,
                21.03123
              ],
              [
                105.535798,
                21.03117
              ],
              [
                105.535758,
                21.031115
              ],
              [
                105.535661,
                21.030974
              ],
              [
                105.535605,
                21.030898
              ],
              [
                105.535474,
                21.030712
              ],
              [
                105.535415,
                21.030632
              ],
              [
                105.535362,
                21.030568
              ],
              [
                105.535295,
                21.030489
              ],
              [
                105.535259,
                21.030454
              ],
              [
                105.535228,
                21.030427
              ],
              [
                105.535183,
                21.030387
              ],
              [
                105.535148,
                21.030361
              ],
              [
                105.535093,
                21.030323
              ],
              [
                105.535035,
                21.030288
              ],
              [
                105.534969,
                21.030257
              ],
              [
                105.534888,
                21.030227
              ],
              [
                105.534826,
                21.030215
              ],
              [
                105.534721,
                21.030195
              ],
              [
                105.534604,
                21.030176
              ],
              [
                105.534563,
                21.030175
              ],
              [
                105.534523,
                21.030174
              ],
              [
                105.534478,
                21.03017
              ],
              [
                105.534454,
                21.030168
              ],
              [
                105.534343,
                21.030152
              ],
              [
                105.534237,
                21.030136
              ],
              [
                105.534148,
                21.030109
              ],
              [
                105.534071,
                21.030088
              ],
              [
                105.533952,
                21.030036
              ],
              [
                105.533904,
                21.030015
              ],
              [
                105.533826,
                21.029975
              ],
              [
                105.533765,
                21.029942
              ],
              [
                105.533729,
                21.02992
              ],
              [
                105.533671,
                21.029872
              ],
              [
                105.533625,
                21.029833
              ],
              [
                105.533522,
                21.029721
              ],
              [
                105.533468,
                21.029663
              ],
              [
                105.533421,
                21.02962
              ],
              [
                105.533354,
                21.029565
              ],
              [
                105.533256,
                21.029499
              ],
              [
                105.533172,
                21.02945
              ],
              [
                105.533133,
                21.029431
              ],
              [
                105.533111,
                21.029421
              ],
              [
                105.532963,
                21.029365
              ],
              [
                105.532873,
                21.029331
              ],
              [
                105.532846,
                21.029321
              ],
              [
                105.532762,
                21.029291
              ],
              [
                105.532604,
                21.029234
              ],
              [
                105.532549,
                21.029215
              ],
              [
                105.532493,
                21.029195
              ],
              [
                105.532179,
                21.029084
              ],
              [
                105.532084,
                21.029049
              ],
              [
                105.53174,
                21.028942
              ],
              [
                105.531666,
                21.028918
              ],
              [
                105.531552,
                21.02888
              ],
              [
                105.531351,
                21.028818
              ],
              [
                105.531292,
                21.028802
              ],
              [
                105.531247,
                21.02879
              ],
              [
                105.531162,
                21.028773
              ],
              [
                105.531071,
                21.028759
              ],
              [
                105.531023,
                21.028755
              ],
              [
                105.530936,
                21.028754
              ],
              [
                105.530803,
                21.028756
              ],
              [
                105.530661,
                21.02876
              ],
              [
                105.530492,
                21.028766
              ],
              [
                105.530189,
                21.028784
              ],
              [
                105.530032,
                21.028788
              ],
              [
                105.529922,
                21.028793
              ],
              [
                105.529865,
                21.028798
              ],
              [
                105.529812,
                21.028801
              ],
              [
                105.52971,
                21.028805
              ],
              [
                105.529545,
                21.028809
              ],
              [
                105.529454,
                21.028806
              ],
              [
                105.529375,
                21.0288
              ],
              [
                105.529298,
                21.02879
              ],
              [
                105.529225,
                21.028779
              ],
              [
                105.529156,
                21.028769
              ],
              [
                105.529063,
                21.028746
              ],
              [
                105.529024,
                21.028737
              ],
              [
                105.528987,
                21.028728
              ],
              [
                105.528918,
                21.028708
              ],
              [
                105.528795,
                21.028666
              ],
              [
                105.52851,
                21.028564
              ],
              [
                105.52847,
                21.028551
              ],
              [
                105.528379,
                21.028521
              ],
              [
                105.528336,
                21.028507
              ],
              [
                105.528258,
                21.028484
              ],
              [
                105.527997,
                21.028392
              ],
              [
                105.527827,
                21.02834
              ],
              [
                105.527582,
                21.028262
              ],
              [
                105.527483,
                21.028231
              ],
              [
                105.5273,
                21.028169
              ],
              [
                105.527018,
                21.028079
              ],
              [
                105.526841,
                21.028022
              ],
              [
                105.526797,
                21.028007
              ],
              [
                105.526576,
                21.02793
              ],
              [
                105.526483,
                21.027897
              ],
              [
                105.526422,
                21.027871
              ],
              [
                105.526366,
                21.027847
              ],
              [
                105.526309,
                21.027818
              ],
              [
                105.526178,
                21.027751
              ],
              [
                105.526019,
                21.027666
              ],
              [
                105.52572,
                21.027505
              ],
              [
                105.525572,
                21.027425
              ],
              [
                105.525293,
                21.027278
              ],
              [
                105.525075,
                21.027163
              ],
              [
                105.524923,
                21.027088
              ],
              [
                105.524783,
                21.027001
              ],
              [
                105.524642,
                21.026915
              ],
              [
                105.524414,
                21.026798
              ],
              [
                105.524259,
                21.026717
              ],
              [
                105.523916,
                21.026526
              ],
              [
                105.523743,
                21.026434
              ],
              [
                105.523654,
                21.026388
              ],
              [
                105.523559,
                21.026348
              ],
              [
                105.523485,
                21.02633
              ],
              [
                105.523412,
                21.026323
              ],
              [
                105.523337,
                21.026322
              ],
              [
                105.523316,
                21.026322
              ],
              [
                105.52324,
                21.026322
              ],
              [
                105.523106,
                21.026332
              ],
              [
                105.523034,
                21.026344
              ],
              [
                105.522954,
                21.026362
              ],
              [
                105.522832,
                21.026389
              ],
              [
                105.522689,
                21.02642
              ],
              [
                105.522603,
                21.026442
              ],
              [
                105.522531,
                21.026467
              ],
              [
                105.522266,
                21.026526
              ],
              [
                105.521943,
                21.026605
              ],
              [
                105.521911,
                21.026611
              ],
              [
                105.521585,
                21.026665
              ],
              [
                105.521225,
                21.026729
              ],
              [
                105.520826,
                21.0268
              ],
              [
                105.520244,
                21.026914
              ],
              [
                105.519923,
                21.026975
              ],
              [
                105.519699,
                21.027015
              ],
              [
                105.519546,
                21.027031
              ],
              [
                105.519306,
                21.02702
              ],
              [
                105.519272,
                21.027016
              ],
              [
                105.519211,
                21.027008
              ],
              [
                105.519134,
                21.027152
              ],
              [
                105.519115,
                21.027182
              ],
              [
                105.519071,
                21.027255
              ],
              [
                105.519047,
                21.027293
              ],
              [
                105.518886,
                21.027558
              ],
              [
                105.518595,
                21.028035
              ],
              [
                105.518483,
                21.028218
              ],
              [
                105.518437,
                21.028294
              ],
              [
                105.518333,
                21.028466
              ],
              [
                105.518303,
                21.028515
              ],
              [
                105.518286,
                21.028542
              ],
              [
                105.518079,
                21.028867
              ],
              [
                105.518059,
                21.0289
              ],
              [
                105.518038,
                21.028933
              ],
              [
                105.518014,
                21.028971
              ],
              [
                105.517767,
                21.029366
              ],
              [
                105.517471,
                21.029816
              ],
              [
                105.517418,
                21.029897
              ],
              [
                105.517418,
                21.029897
              ],
              [
                105.517072,
                21.030448
              ],
              [
                105.517033,
                21.030511
              ],
              [
                105.516994,
                21.030574
              ],
              [
                105.516994,
                21.030574
              ],
              [
                105.516814,
                21.030868
              ],
              [
                105.516614,
                21.031185
              ],
              [
                105.516538,
                21.031306
              ],
              [
                105.516493,
                21.031375
              ],
              [
                105.516346,
                21.031602
              ],
              [
                105.51609,
                21.032023
              ],
              [
                105.515923,
                21.032306
              ],
              [
                105.515655,
                21.032716
              ],
              [
                105.515588,
                21.03282
              ],
              [
                105.515548,
                21.03288
              ],
              [
                105.515504,
                21.032948
              ],
              [
                105.515721,
                21.032977
              ],
              [
                105.516235,
                21.032952
              ],
              [
                105.516612,
                21.032913
              ],
              [
                105.516973,
                21.032883
              ],
              [
                105.517167,
                21.032949
              ],
              [
                105.517249,
                21.033107
              ],
              [
                105.517265,
                21.03336
              ],
              [
                105.517235,
                21.033699
              ],
              [
                105.517242,
                21.034244
              ],
              [
                105.5173,
                21.034622
              ],
              [
                105.517341,
                21.03488
              ],
              [
                105.517281,
                21.035133
              ],
              [
                105.51719,
                21.03531
              ],
              [
                105.517099,
                21.035463
              ],
              [
                105.517105,
                21.035602
              ],
              [
                105.517151,
                21.035707
              ],
              [
                105.517294,
                21.035769
              ],
              [
                105.51766,
                21.035787
              ],
              [
                105.517854,
                21.035777
              ],
              [
                105.518164,
                21.035771
              ],
              [
                105.51848,
                21.035808
              ],
              [
                105.518775,
                21.035879
              ],
              [
                105.519117,
                21.035926
              ],
              [
                105.5196,
                21.035872
              ],
              [
                105.519885,
                21.035775
              ],
              [
                105.520129,
                21.035665
              ],
              [
                105.520272,
                21.035707
              ],
              [
                105.520364,
                21.035845
              ],
              [
                105.520507,
                21.036127
              ],
              [
                105.520589,
                21.03627
              ],
              [
                105.520697,
                21.036466
              ],
              [
                105.52086,
                21.036628
              ],
              [
                105.521121,
                21.03678
              ],
              [
                105.521269,
                21.036894
              ],
              [
                105.521641,
                21.036993
              ],
              [
                105.521906,
                21.037055
              ],
              [
                105.5222,
                21.037208
              ],
              [
                105.522324,
                21.037345
              ],
              [
                105.522565,
                21.037755
              ],
              [
                105.523,
                21.038332
              ],
              [
                105.523327,
                21.038776
              ],
              [
                105.523348,
                21.039005
              ],
              [
                105.523374,
                21.039163
              ],
              [
                105.523446,
                21.039287
              ],
              [
                105.523655,
                21.039501
              ],
              [
                105.52387,
                21.039635
              ],
              [
                105.524135,
                21.039801
              ],
              [
                105.52439,
                21.039877
              ],
              [
                105.524752,
                21.039957
              ],
              [
                105.525037,
                21.040023
              ],
              [
                105.52517,
                21.040099
              ],
              [
                105.525364,
                21.040247
              ],
              [
                105.525547,
                21.040418
              ],
              [
                105.525635,
                21.04058
              ],
              [
                105.525701,
                21.040747
              ],
              [
                105.525829,
                21.040924
              ],
              [
                105.525962,
                21.041076
              ],
              [
                105.526004,
                21.04144
              ],
              [
                105.52602,
                21.041688
              ],
              [
                105.526031,
                21.041908
              ],
              [
                105.526104,
                21.042194
              ],
              [
                105.526206,
                21.042486
              ],
              [
                105.526324,
                21.042667
              ],
              [
                105.526519,
                21.043058
              ],
              [
                105.526647,
                21.043263
              ],
              [
                105.526724,
                21.043364
              ],
              [
                105.526846,
                21.043444
              ],
              [
                105.527091,
                21.043491
              ],
              [
                105.527401,
                21.043529
              ],
              [
                105.5276,
                21.043542
              ],
              [
                105.527773,
                21.043475
              ],
              [
                105.527889,
                21.043326
              ],
              [
                105.527981,
                21.043178
              ],
              [
                105.528041,
                21.043101
              ],
              [
                105.528128,
                21.043068
              ],
              [
                105.52826,
                21.043091
              ],
              [
                105.528444,
                21.043181
              ],
              [
                105.528541,
                21.043291
              ],
              [
                105.528664,
                21.043544
              ],
              [
                105.528813,
                21.043792
              ],
              [
                105.528915,
                21.04394
              ],
              [
                105.529038,
                21.044078
              ],
              [
                105.529201,
                21.044207
              ],
              [
                105.529339,
                21.044321
              ],
              [
                105.529456,
                21.044435
              ],
              [
                105.529513,
                21.04454
              ],
              [
                105.529508,
                21.044636
              ],
              [
                105.529427,
                21.044722
              ],
              [
                105.52928,
                21.044823
              ],
              [
                105.529153,
                21.044948
              ],
              [
                105.529087,
                21.045053
              ],
              [
                105.529042,
                21.045158
              ],
              [
                105.529001,
                21.045264
              ],
              [
                105.528925,
                21.045355
              ],
              [
                105.528844,
                21.045403
              ],
              [
                105.528757,
                21.045408
              ],
              [
                105.52863,
                21.045394
              ],
              [
                105.528518,
                21.045318
              ],
              [
                105.528395,
                21.045313
              ],
              [
                105.528324,
                21.045357
              ],
              [
                105.528243,
                21.045495
              ],
              [
                105.528198,
                21.045739
              ],
              [
                105.528179,
                21.045959
              ],
              [
                105.52821,
                21.046184
              ],
              [
                105.528298,
                21.046466
              ],
              [
                105.528369,
                21.046575
              ],
              [
                105.528466,
                21.046632
              ],
              [
                105.528578,
                21.046651
              ],
              [
                105.528909,
                21.046645
              ],
              [
                105.529128,
                21.046645
              ],
              [
                105.529251,
                21.046682
              ],
              [
                105.529302,
                21.046744
              ],
              [
                105.529323,
                21.046893
              ],
              [
                105.529257,
                21.047003
              ],
              [
                105.52914,
                21.04717
              ],
              [
                105.52911,
                21.047357
              ],
              [
                105.529101,
                21.047625
              ],
              [
                105.529036,
                21.047969
              ],
              [
                105.529032,
                21.048103
              ],
              [
                105.529113,
                21.04816
              ],
              [
                105.529256,
                21.048145
              ],
              [
                105.529424,
                21.048078
              ],
              [
                105.529632,
                21.04802
              ],
              [
                105.529825,
                21.048
              ],
              [
                105.529943,
                21.048052
              ],
              [
                105.530177,
                21.048171
              ],
              [
                105.53031,
                21.048276
              ],
              [
                105.53056,
                21.048394
              ],
              [
                105.530723,
                21.048427
              ],
              [
                105.53083,
                21.048465
              ],
              [
                105.530861,
                21.048575
              ],
              [
                105.530826,
                21.048675
              ],
              [
                105.53073,
                21.048791
              ],
              [
                105.530597,
                21.048867
              ],
              [
                105.530435,
                21.048916
              ],
              [
                105.530175,
                21.04896
              ],
              [
                105.529962,
                21.049041
              ],
              [
                105.529942,
                21.049132
              ],
              [
                105.530028,
                21.049213
              ],
              [
                105.530273,
                21.049318
              ],
              [
                105.530757,
                21.049493
              ],
              [
                105.531272,
                21.049664
              ],
              [
                105.531492,
                21.049806
              ],
              [
                105.531635,
                21.049944
              ],
              [
                105.531747,
                21.049992
              ],
              [
                105.531869,
                21.049929
              ],
              [
                105.532169,
                21.049708
              ],
              [
                105.532306,
                21.049603
              ],
              [
                105.532428,
                21.049564
              ],
              [
                105.53257,
                21.049564
              ],
              [
                105.532784,
                21.04963
              ],
              [
                105.533131,
                21.049753
              ],
              [
                105.533315,
                21.049839
              ],
              [
                105.533498,
                21.049967
              ],
              [
                105.533535,
                21.050091
              ],
              [
                105.533459,
                21.050264
              ],
              [
                105.533362,
                21.050364
              ],
              [
                105.533337,
                21.050474
              ],
              [
                105.533424,
                21.05056
              ],
              [
                105.533562,
                21.050598
              ],
              [
                105.533816,
                21.050573
              ],
              [
                105.533994,
                21.05052
              ],
              [
                105.534111,
                21.050415
              ],
              [
                105.534268,
                21.050285
              ],
              [
                105.53438,
                21.050285
              ],
              [
                105.534513,
                21.050366
              ],
              [
                105.534687,
                21.05069
              ],
              [
                105.534831,
                21.05101
              ],
              [
                105.534965,
                21.051325
              ],
              [
                105.534955,
                21.051478
              ],
              [
                105.534874,
                21.05165
              ],
              [
                105.534662,
                21.051747
              ],
              [
                105.534556,
                21.051779
              ],
              [
                105.534416,
                21.051822
              ],
              [
                105.534233,
                21.051844
              ],
              [
                105.534103,
                21.051799
              ],
              [
                105.533983,
                21.051711
              ],
              [
                105.533753,
                21.051552
              ],
              [
                105.533569,
                21.051481
              ],
              [
                105.533401,
                21.051476
              ],
              [
                105.533307,
                21.051548
              ],
              [
                105.533188,
                21.051671
              ],
              [
                105.533097,
                21.051752
              ],
              [
                105.532977,
                21.051822
              ],
              [
                105.532838,
                21.051913
              ],
              [
                105.532713,
                21.05198
              ],
              [
                105.532599,
                21.051993
              ],
              [
                105.532459,
                21.051962
              ],
              [
                105.532316,
                21.051872
              ],
              [
                105.532127,
                21.051767
              ],
              [
                105.53192,
                21.051696
              ],
              [
                105.531775,
                21.051689
              ],
              [
                105.531689,
                21.051704
              ],
              [
                105.53161,
                21.051757
              ],
              [
                105.531526,
                21.051843
              ],
              [
                105.531496,
                21.051989
              ],
              [
                105.531532,
                21.052053
              ],
              [
                105.531611,
                21.052139
              ],
              [
                105.531798,
                21.052234
              ],
              [
                105.532075,
                21.052346
              ],
              [
                105.532478,
                21.052493
              ],
              [
                105.532598,
                21.052571
              ],
              [
                105.532739,
                21.052657
              ],
              [
                105.532879,
                21.052773
              ],
              [
                105.533063,
                21.052878
              ],
              [
                105.53333,
                21.053004
              ],
              [
                105.533478,
                21.053065
              ],
              [
                105.533685,
                21.05322
              ],
              [
                105.533828,
                21.053337
              ],
              [
                105.533915,
                21.053494
              ],
              [
                105.534012,
                21.053637
              ],
              [
                105.534138,
                21.053747
              ],
              [
                105.53428,
                21.053818
              ],
              [
                105.53442,
                21.053825
              ],
              [
                105.534652,
                21.053779
              ],
              [
                105.534838,
                21.053757
              ],
              [
                105.535008,
                21.05378
              ],
              [
                105.535105,
                21.053849
              ],
              [
                105.535129,
                21.053952
              ],
              [
                105.535111,
                21.054016
              ],
              [
                105.535066,
                21.054162
              ],
              [
                105.534911,
                21.054249
              ],
              [
                105.534743,
                21.054309
              ],
              [
                105.534537,
                21.054365
              ],
              [
                105.534397,
                21.054444
              ],
              [
                105.534321,
                21.054552
              ],
              [
                105.534311,
                21.054693
              ],
              [
                105.534376,
                21.054831
              ],
              [
                105.534496,
                21.054926
              ],
              [
                105.534672,
                21.05505
              ],
              [
                105.534881,
                21.055143
              ],
              [
                105.535046,
                21.055175
              ],
              [
                105.535283,
                21.055144
              ],
              [
                105.535515,
                21.055098
              ],
              [
                105.535665,
                21.055092
              ],
              [
                105.535759,
                21.05514
              ],
              [
                105.535793,
                21.055211
              ],
              [
                105.53579,
                21.055285
              ],
              [
                105.535704,
                21.055377
              ],
              [
                105.535511,
                21.055499
              ],
              [
                105.53512,
                21.055701
              ],
              [
                105.534825,
                21.055771
              ],
              [
                105.534639,
                21.055724
              ],
              [
                105.534396,
                21.055589
              ],
              [
                105.534093,
                21.055401
              ],
              [
                105.533942,
                21.055382
              ],
              [
                105.533864,
                21.055471
              ],
              [
                105.533862,
                21.055612
              ],
              [
                105.533977,
                21.055829
              ],
              [
                105.5341,
                21.056024
              ],
              [
                105.534189,
                21.056165
              ],
              [
                105.534305,
                21.056736
              ],
              [
                105.53436,
                21.057008
              ],
              [
                105.534382,
                21.057152
              ],
              [
                105.534477,
                21.057152
              ],
              [
                105.534543,
                21.057155
              ],
              [
                105.534747,
                21.057196
              ],
              [
                105.534913,
                21.057203
              ],
              [
                105.534963,
                21.057119
              ],
              [
                105.535017,
                21.057061
              ],
              [
                105.535035,
                21.057042
              ],
              [
                105.535087,
                21.056988
              ],
              [
                105.535309,
                21.056801
              ],
              [
                105.535448,
                21.056615
              ],
              [
                105.535527,
                21.056467
              ],
              [
                105.535588,
                21.056397
              ],
              [
                105.535608,
                21.056375
              ],
              [
                105.53569,
                21.056249
              ],
              [
                105.535748,
                21.056159
              ],
              [
                105.536034,
                21.055855
              ],
              [
                105.536222,
                21.055716
              ],
              [
                105.536223,
                21.055715
              ],
              [
                105.536226,
                21.055712
              ],
              [
                105.536304,
                21.055614
              ],
              [
                105.536378,
                21.055389
              ],
              [
                105.536408,
                21.055166
              ],
              [
                105.536477,
                21.054857
              ],
              [
                105.536492,
                21.05479
              ],
              [
                105.536505,
                21.054729
              ],
              [
                105.536566,
                21.054647
              ],
              [
                105.53662,
                21.054615
              ],
              [
                105.536653,
                21.054594
              ],
              [
                105.5368,
                21.054502
              ],
              [
                105.536883,
                21.05441
              ],
              [
                105.536905,
                21.054347
              ],
              [
                105.536889,
                21.054281
              ],
              [
                105.536795,
                21.054171
              ],
              [
                105.536746,
                21.054082
              ],
              [
                105.536771,
                21.053981
              ],
              [
                105.536876,
                21.053866
              ],
              [
                105.537033,
                21.053714
              ],
              [
                105.537125,
                21.053626
              ],
              [
                105.537165,
                21.053587
              ],
              [
                105.537226,
                21.0535
              ],
              [
                105.537267,
                21.053457
              ],
              [
                105.537353,
                21.053338
              ],
              [
                105.537375,
                21.053211
              ],
              [
                105.537458,
                21.053085
              ],
              [
                105.537521,
                21.05305
              ],
              [
                105.537571,
                21.05302
              ],
              [
                105.537638,
                21.052979
              ],
              [
                105.537688,
                21.052944
              ],
              [
                105.53775,
                21.052877
              ],
              [
                105.537867,
                21.052771
              ],
              [
                105.537932,
                21.052703
              ],
              [
                105.538044,
                21.052606
              ],
              [
                105.538062,
                21.052583
              ],
              [
                105.538129,
                21.052515
              ],
              [
                105.538164,
                21.052483
              ],
              [
                105.538229,
                21.052424
              ],
              [
                105.538444,
                21.052219
              ],
              [
                105.538462,
                21.052179
              ],
              [
                105.538472,
                21.052095
              ],
              [
                105.538479,
                21.051955
              ],
              [
                105.538493,
                21.051903
              ],
              [
                105.538542,
                21.051779
              ],
              [
                105.538592,
                21.051751
              ],
              [
                105.538735,
                21.051694
              ],
              [
                105.538891,
                21.051667
              ],
              [
                105.538998,
                21.051659
              ],
              [
                105.539056,
                21.051667
              ],
              [
                105.53918,
                21.051688
              ],
              [
                105.539245,
                21.051717
              ],
              [
                105.539336,
                21.051733
              ],
              [
                105.539467,
                21.051719
              ],
              [
                105.539549,
                21.051685
              ],
              [
                105.539617,
                21.05164
              ],
              [
                105.539659,
                21.051572
              ],
              [
                105.539669,
                21.051505
              ],
              [
                105.539662,
                21.051411
              ],
              [
                105.539752,
                21.051333
              ],
              [
                105.540759,
                21.050471
              ],
              [
                105.541346,
                21.051003
              ],
              [
                105.541372,
                21.050985
              ],
              [
                105.541383,
                21.050982
              ],
              [
                105.541406,
                21.050985
              ],
              [
                105.541435,
                21.050995
              ],
              [
                105.541472,
                21.051016
              ],
              [
                105.541508,
                21.051047
              ],
              [
                105.541514,
                21.051062
              ],
              [
                105.541515,
                21.051084
              ],
              [
                105.541517,
                21.051107
              ],
              [
                105.541537,
                21.051144
              ],
              [
                105.541571,
                21.051185
              ],
              [
                105.54158,
                21.051195
              ],
              [
                105.541676,
                21.051276
              ],
              [
                105.541726,
                21.051307
              ],
              [
                105.541771,
                21.05132
              ],
              [
                105.541846,
                21.051324
              ],
              [
                105.541904,
                21.051324
              ],
              [
                105.541958,
                21.051323
              ],
              [
                105.541961,
                21.051323
              ],
              [
                105.542056,
                21.051337
              ],
              [
                105.542127,
                21.051353
              ],
              [
                105.542232,
                21.051366
              ],
              [
                105.542248,
                21.051368
              ],
              [
                105.542265,
                21.051373
              ],
              [
                105.542291,
                21.051385
              ],
              [
                105.542326,
                21.0514
              ],
              [
                105.542439,
                21.051449
              ],
              [
                105.542548,
                21.051491
              ],
              [
                105.542566,
                21.051498
              ],
              [
                105.542568,
                21.0515
              ],
              [
                105.542616,
                21.051523
              ],
              [
                105.542589,
                21.051726
              ],
              [
                105.542661,
                21.051733
              ],
              [
                105.542806,
                21.051704
              ],
              [
                105.542949,
                21.05168
              ],
              [
                105.542981,
                21.051674
              ],
              [
                105.543057,
                21.051686
              ],
              [
                105.543114,
                21.051715
              ],
              [
                105.54322,
                21.051783
              ],
              [
                105.543301,
                21.051873
              ],
              [
                105.543393,
                21.05198
              ],
              [
                105.543462,
                21.052053
              ],
              [
                105.543621,
                21.052175
              ],
              [
                105.543673,
                21.052233
              ],
              [
                105.54368,
                21.052267
              ],
              [
                105.543658,
                21.052327
              ],
              [
                105.543631,
                21.052428
              ],
              [
                105.543605,
                21.052524
              ],
              [
                105.543594,
                21.052562
              ],
              [
                105.543594,
                21.052573
              ],
              [
                105.54359,
                21.052656
              ],
              [
                105.543586,
                21.05267
              ],
              [
                105.543577,
                21.052701
              ],
              [
                105.543687,
                21.052757
              ],
              [
                105.543797,
                21.052809
              ],
              [
                105.543836,
                21.052827
              ],
              [
                105.543974,
                21.052874
              ],
              [
                105.544171,
                21.052912
              ],
              [
                105.544401,
                21.05295
              ],
              [
                105.54457,
                21.052971
              ],
              [
                105.544584,
                21.053021
              ],
              [
                105.544944,
                21.053634
              ],
              [
                105.544973,
                21.053682
              ],
              [
                105.545053,
                21.053732
              ],
              [
                105.545078,
                21.053756
              ],
              [
                105.545201,
                21.053842
              ],
              [
                105.545399,
                21.053962
              ],
              [
                105.545547,
                21.054024
              ],
              [
                105.545697,
                21.054092
              ],
              [
                105.545896,
                21.054233
              ],
              [
                105.546079,
                21.054374
              ],
              [
                105.546133,
                21.05442
              ],
              [
                105.546167,
                21.054459
              ],
              [
                105.546172,
                21.054465
              ],
              [
                105.546202,
                21.054505
              ],
              [
                105.546262,
                21.054619
              ],
              [
                105.546374,
                21.054843
              ],
              [
                105.546385,
                21.054866
              ],
              [
                105.546433,
                21.05491
              ],
              [
                105.546487,
                21.054948
              ],
              [
                105.546578,
                21.054974
              ],
              [
                105.546718,
                21.054976
              ],
              [
                105.54676,
                21.054964
              ],
              [
                105.546824,
                21.054934
              ],
              [
                105.546829,
                21.05493
              ],
              [
                105.546873,
                21.054894
              ],
              [
                105.546975,
                21.054913
              ],
              [
                105.546976,
                21.054913
              ],
              [
                105.547387,
                21.055154
              ],
              [
                105.547412,
                21.055101
              ],
              [
                105.547555,
                21.054918
              ],
              [
                105.54765,
                21.054879
              ],
              [
                105.547758,
                21.054888
              ],
              [
                105.547851,
                21.054902
              ],
              [
                105.547978,
                21.054988
              ],
              [
                105.548036,
                21.055003
              ],
              [
                105.548056,
                21.055137
              ],
              [
                105.548091,
                21.055208
              ],
              [
                105.548089,
                21.055213
              ],
              [
                105.548091,
                21.055224
              ],
              [
                105.5481,
                21.055246
              ],
              [
                105.548125,
                21.055282
              ],
              [
                105.548146,
                21.055296
              ],
              [
                105.548174,
                21.055307
              ],
              [
                105.548235,
                21.055323
              ],
              [
                105.548245,
                21.055322
              ],
              [
                105.548245,
                21.055322
              ],
              [
                105.548343,
                21.055407
              ],
              [
                105.548388,
                21.055502
              ],
              [
                105.548388,
                21.055585
              ],
              [
                105.548644,
                21.05562
              ],
              [
                105.548674,
                21.055581
              ],
              [
                105.548917,
                21.055429
              ],
              [
                105.549022,
                21.055339
              ],
              [
                105.549094,
                21.055266
              ],
              [
                105.549266,
                21.055367
              ],
              [
                105.549197,
                21.055431
              ],
              [
                105.549698,
                21.055633
              ],
              [
                105.549791,
                21.05546
              ],
              [
                105.550095,
                21.055644
              ],
              [
                105.550238,
                21.055739
              ],
              [
                105.550305,
                21.055782
              ],
              [
                105.550419,
                21.055852
              ],
              [
                105.55044,
                21.055865
              ],
              [
                105.550506,
                21.055908
              ],
              [
                105.550509,
                21.055909
              ],
              [
                105.550538,
                21.055931
              ],
              [
                105.550559,
                21.055951
              ],
              [
                105.550592,
                21.056001
              ],
              [
                105.550604,
                21.05602
              ],
              [
                105.550689,
                21.055985
              ],
              [
                105.550956,
                21.05608
              ],
              [
                105.551489,
                21.056134
              ],
              [
                105.551712,
                21.056323
              ],
              [
                105.552061,
                21.056342
              ],
              [
                105.552146,
                21.056322
              ],
              [
                105.552346,
                21.056197
              ],
              [
                105.552467,
                21.056213
              ],
              [
                105.552508,
                21.056254
              ],
              [
                105.552577,
                21.056366
              ],
              [
                105.553058,
                21.056784
              ],
              [
                105.553099,
                21.056821
              ],
              [
                105.553336,
                21.056975
              ],
              [
                105.553306,
                21.057042
              ],
              [
                105.55328,
                21.057123
              ],
              [
                105.553292,
                21.057139
              ],
              [
                105.553329,
                21.057147
              ],
              [
                105.55337,
                21.057133
              ],
              [
                105.553412,
                21.057122
              ],
              [
                105.553451,
                21.057117
              ],
              [
                105.553452,
                21.057117
              ],
              [
                105.553479,
                21.057106
              ],
              [
                105.553481,
                21.057103
              ],
              [
                105.553542,
                21.057037
              ],
              [
                105.553672,
                21.056878
              ],
              [
                105.553679,
                21.05687
              ],
              [
                105.553708,
                21.056834
              ],
              [
                105.553713,
                21.056834
              ],
              [
                105.553729,
                21.056835
              ],
              [
                105.553767,
                21.056858
              ],
              [
                105.553838,
                21.056905
              ],
              [
                105.553918,
                21.056958
              ],
              [
                105.553928,
                21.056955
              ],
              [
                105.553934,
                21.056954
              ],
              [
                105.553957,
                21.056925
              ],
              [
                105.554149,
                21.056686
              ],
              [
                105.554238,
                21.056606
              ],
              [
                105.554278,
                21.056573
              ],
              [
                105.55436,
                21.056664
              ],
              [
                105.554428,
                21.056742
              ],
              [
                105.554452,
                21.056721
              ],
              [
                105.554455,
                21.056715
              ],
              [
                105.554456,
                21.056711
              ],
              [
                105.55445,
                21.056682
              ],
              [
                105.554429,
                21.056631
              ],
              [
                105.554383,
                21.05652
              ],
              [
                105.554381,
                21.056493
              ],
              [
                105.554381,
                21.056484
              ],
              [
                105.554381,
                21.056471
              ],
              [
                105.554394,
                21.056459
              ],
              [
                105.554406,
                21.056449
              ],
              [
                105.55441,
                21.056442
              ],
              [
                105.554404,
                21.056434
              ],
              [
                105.554389,
                21.056426
              ],
              [
                105.554368,
                21.056422
              ],
              [
                105.554345,
                21.056416
              ],
              [
                105.554424,
                21.056359
              ],
              [
                105.554486,
                21.056319
              ],
              [
                105.554509,
                21.056311
              ],
              [
                105.554522,
                21.056309
              ],
              [
                105.554539,
                21.056315
              ],
              [
                105.554544,
                21.056345
              ],
              [
                105.554546,
                21.056407
              ],
              [
                105.554563,
                21.056453
              ],
              [
                105.5546,
                21.056504
              ],
              [
                105.554608,
                21.056516
              ],
              [
                105.554617,
                21.056516
              ],
              [
                105.554625,
                21.056518
              ],
              [
                105.554647,
                21.056511
              ],
              [
                105.554719,
                21.056453
              ],
              [
                105.554731,
                21.056449
              ],
              [
                105.554741,
                21.056451
              ],
              [
                105.554754,
                21.056459
              ],
              [
                105.554845,
                21.056547
              ],
              [
                105.55486,
                21.056559
              ],
              [
                105.554977,
                21.056595
              ],
              [
                105.555003,
                21.056604
              ],
              [
                105.555015,
                21.056604
              ],
              [
                105.555194,
                21.056607
              ],
              [
                105.555613,
                21.05659
              ],
              [
                105.555632,
                21.056588
              ],
              [
                105.555977,
                21.056644
              ],
              [
                105.556273,
                21.05665
              ],
              [
                105.557017,
                21.056744
              ],
              [
                105.557203,
                21.056763
              ],
              [
                105.557217,
                21.056762
              ],
              [
                105.55724,
                21.05676
              ],
              [
                105.557675,
                21.056857
              ],
              [
                105.558118,
                21.056877
              ],
              [
                105.558436,
                21.056868
              ],
              [
                105.559551,
                21.056866
              ],
              [
                105.55956,
                21.056855
              ],
              [
                105.559605,
                21.056802
              ],
              [
                105.559632,
                21.05678
              ],
              [
                105.559695,
                21.056771
              ],
              [
                105.559806,
                21.056962
              ],
              [
                105.559884,
                21.057102
              ],
              [
                105.55996,
                21.057066
              ],
              [
                105.560035,
                21.057061
              ],
              [
                105.560124,
                21.057072
              ],
              [
                105.560248,
                21.057113
              ],
              [
                105.560424,
                21.05716
              ],
              [
                105.560513,
                21.057179
              ],
              [
                105.560579,
                21.057201
              ],
              [
                105.560688,
                21.057265
              ],
              [
                105.560809,
                21.057331
              ],
              [
                105.560937,
                21.057351
              ],
              [
                105.561005,
                21.05737
              ],
              [
                105.561199,
                21.057469
              ],
              [
                105.561385,
                21.057602
              ],
              [
                105.561455,
                21.057634
              ],
              [
                105.561536,
                21.057659
              ],
              [
                105.561656,
                21.057711
              ],
              [
                105.561717,
                21.05774
              ],
              [
                105.561757,
                21.057766
              ],
              [
                105.561821,
                21.057831
              ],
              [
                105.561879,
                21.057903
              ],
              [
                105.561905,
                21.057947
              ],
              [
                105.562253,
                21.058444
              ],
              [
                105.562314,
                21.058527
              ],
              [
                105.562414,
                21.058642
              ],
              [
                105.562527,
                21.058728
              ],
              [
                105.562647,
                21.058796
              ],
              [
                105.562806,
                21.058871
              ],
              [
                105.562909,
                21.05889
              ],
              [
                105.563029,
                21.058876
              ],
              [
                105.563213,
                21.058823
              ],
              [
                105.563381,
                21.05875
              ],
              [
                105.563453,
                21.058687
              ],
              [
                105.563645,
                21.058531
              ],
              [
                105.563777,
                21.058429
              ],
              [
                105.563905,
                21.058371
              ],
              [
                105.564113,
                21.058273
              ],
              [
                105.56416,
                21.05823
              ],
              [
                105.563934,
                21.057982
              ],
              [
                105.563995,
                21.057929
              ],
              [
                105.563944,
                21.057752
              ],
              [
                105.563686,
                21.057422
              ],
              [
                105.563775,
                21.057355
              ],
              [
                105.563882,
                21.057038
              ],
              [
                105.563825,
                21.056697
              ],
              [
                105.563393,
                21.056343
              ],
              [
                105.563346,
                21.056311
              ],
              [
                105.563355,
                21.056276
              ],
              [
                105.563464,
                21.056166
              ],
              [
                105.563492,
                21.056148
              ],
              [
                105.563437,
                21.05607
              ],
              [
                105.563395,
                21.056005
              ],
              [
                105.563387,
                21.055982
              ],
              [
                105.563397,
                21.055597
              ],
              [
                105.563743,
                21.055571
              ],
              [
                105.563746,
                21.055551
              ],
              [
                105.563841,
                21.055006
              ],
              [
                105.563748,
                21.054949
              ],
              [
                105.56405,
                21.053711
              ],
              [
                105.564142,
                21.053688
              ],
              [
                105.564035,
                21.053516
              ],
              [
                105.563955,
                21.053487
              ],
              [
                105.56375,
                21.053319
              ],
              [
                105.563578,
                21.053126
              ],
              [
                105.563477,
                21.052976
              ],
              [
                105.563426,
                21.052925
              ],
              [
                105.563333,
                21.052874
              ],
              [
                105.563254,
                21.052809
              ],
              [
                105.563218,
                21.052753
              ],
              [
                105.563201,
                21.052573
              ],
              [
                105.563222,
                21.052336
              ],
              [
                105.562953,
                21.052313
              ],
              [
                105.562979,
                21.052066
              ],
              [
                105.562836,
                21.052037
              ],
              [
                105.56277,
                21.051978
              ],
              [
                105.562788,
                21.051793
              ],
              [
                105.562844,
                21.051775
              ],
              [
                105.562971,
                21.051774
              ],
              [
                105.563188,
                21.05182
              ],
              [
                105.563388,
                21.051647
              ],
              [
                105.563279,
                21.051548
              ],
              [
                105.563232,
                21.051507
              ],
              [
                105.563082,
                21.051378
              ],
              [
                105.562901,
                21.051218
              ],
              [
                105.562723,
                21.051054
              ],
              [
                105.562212,
                21.050652
              ],
              [
                105.562025,
                21.050488
              ],
              [
                105.561729,
                21.050279
              ],
              [
                105.561894,
                21.050042
              ],
              [
                105.562098,
                21.049939
              ],
              [
                105.562291,
                21.049853
              ],
              [
                105.562289,
                21.049717
              ],
              [
                105.562254,
                21.049587
              ],
              [
                105.562201,
                21.049525
              ],
              [
                105.562074,
                21.049425
              ],
              [
                105.561991,
                21.049341
              ],
              [
                105.561968,
                21.049278
              ],
              [
                105.561973,
                21.049216
              ],
              [
                105.562005,
                21.049123
              ],
              [
                105.56212,
                21.048979
              ],
              [
                105.562428,
                21.04915
              ],
              [
                105.562437,
                21.049181
              ],
              [
                105.562471,
                21.049221
              ],
              [
                105.562478,
                21.049227
              ],
              [
                105.562549,
                21.04929
              ],
              [
                105.562596,
                21.049307
              ],
              [
                105.562633,
                21.049322
              ],
              [
                105.562802,
                21.049373
              ],
              [
                105.562836,
                21.049387
              ],
              [
                105.562876,
                21.049381
              ],
              [
                105.562911,
                21.049361
              ],
              [
                105.562916,
                21.049359
              ],
              [
                105.562917,
                21.049313
              ],
              [
                105.563054,
                21.049257
              ],
              [
                105.56311,
                21.049175
              ],
              [
                105.56313,
                21.049075
              ],
              [
                105.563124,
                21.048937
              ],
              [
                105.563243,
                21.048935
              ],
              [
                105.563282,
                21.048887
              ],
              [
                105.563257,
                21.04862
              ],
              [
                105.563342,
                21.048459
              ],
              [
                105.563391,
                21.048201
              ],
              [
                105.563427,
                21.048001
              ],
              [
                105.563368,
                21.047979
              ],
              [
                105.563291,
                21.047727
              ],
              [
                105.56329,
                21.047644
              ],
              [
                105.563203,
                21.047618
              ],
              [
                105.563134,
                21.04731
              ],
              [
                105.563447,
                21.046741
              ],
              [
                105.563663,
                21.046282
              ],
              [
                105.563653,
                21.046122
              ],
              [
                105.563574,
                21.045984
              ],
              [
                105.563507,
                21.04573
              ],
              [
                105.563692,
                21.045594
              ],
              [
                105.563751,
                21.045447
              ],
              [
                105.563318,
                21.045321
              ],
              [
                105.563215,
                21.04533
              ],
              [
                105.562861,
                21.045214
              ],
              [
                105.562965,
                21.044999
              ],
              [
                105.563112,
                21.04495
              ],
              [
                105.563139,
                21.044853
              ],
              [
                105.563098,
                21.044541
              ],
              [
                105.563185,
                21.044573
              ],
              [
                105.5632,
                21.044455
              ],
              [
                105.563264,
                21.044474
              ],
              [
                105.563389,
                21.044535
              ],
              [
                105.563568,
                21.044271
              ],
              [
                105.563454,
                21.044197
              ],
              [
                105.563387,
                21.044149
              ],
              [
                105.563354,
                21.044026
              ],
              [
                105.563335,
                21.04388
              ],
              [
                105.563416,
                21.043626
              ],
              [
                105.563446,
                21.043514
              ],
              [
                105.563389,
                21.043359
              ],
              [
                105.563308,
                21.043249
              ],
              [
                105.563029,
                21.043017
              ],
              [
                105.562866,
                21.042927
              ],
              [
                105.562832,
                21.042917
              ],
              [
                105.562746,
                21.042921
              ],
              [
                105.562689,
                21.042885
              ],
              [
                105.562654,
                21.042853
              ],
              [
                105.562605,
                21.04277
              ],
              [
                105.56253,
                21.042548
              ],
              [
                105.562305,
                21.041619
              ],
              [
                105.562321,
                21.041569
              ],
              [
                105.56238,
                21.041507
              ],
              [
                105.56234,
                21.041473
              ],
              [
                105.562257,
                21.041429
              ],
              [
                105.562241,
                21.04142
              ],
              [
                105.562182,
                21.041377
              ],
              [
                105.562157,
                21.041359
              ],
              [
                105.562081,
                21.041308
              ],
              [
                105.562039,
                21.041293
              ],
              [
                105.562026,
                21.041288
              ],
              [
                105.561952,
                21.041262
              ],
              [
                105.562009,
                21.041198
              ],
              [
                105.562077,
                21.041115
              ],
              [
                105.562194,
                21.04097
              ],
              [
                105.56224,
                21.040903
              ],
              [
                105.562394,
                21.040899
              ],
              [
                105.562759,
                21.040932
              ],
              [
                105.562971,
                21.041038
              ],
              [
                105.56305,
                21.041207
              ],
              [
                105.563053,
                21.041217
              ],
              [
                105.563071,
                21.041269
              ],
              [
                105.563359,
                21.041491
              ],
              [
                105.563739,
                21.041759
              ],
              [
                105.56387,
                21.041736
              ],
              [
                105.563893,
                21.041721
              ],
              [
                105.564071,
                21.041608
              ],
              [
                105.564089,
                21.041596
              ],
              [
                105.564189,
                21.041533
              ],
              [
                105.564242,
                21.041422
              ],
              [
                105.564219,
                21.041278
              ],
              [
                105.564233,
                21.041113
              ],
              [
                105.564305,
                21.040978
              ],
              [
                105.564306,
                21.040976
              ],
              [
                105.564367,
                21.041017
              ],
              [
                105.564368,
                21.04102
              ],
              [
                105.564373,
                21.041026
              ],
              [
                105.564384,
                21.041032
              ],
              [
                105.564398,
                21.041042
              ],
              [
                105.564425,
                21.041055
              ],
              [
                105.564447,
                21.041057
              ],
              [
                105.564462,
                21.041055
              ],
              [
                105.564486,
                21.04102
              ],
              [
                105.564521,
                21.040983
              ],
              [
                105.564555,
                21.040962
              ],
              [
                105.564581,
                21.040958
              ],
              [
                105.564614,
                21.040965
              ],
              [
                105.564693,
                21.040985
              ],
              [
                105.564694,
                21.040985
              ],
              [
                105.564783,
                21.04101
              ],
              [
                105.564787,
                21.041011
              ],
              [
                105.564835,
                21.041021
              ],
              [
                105.56489,
                21.041023
              ],
              [
                105.564925,
                21.04101
              ],
              [
                105.564962,
                21.040981
              ],
              [
                105.564977,
                21.040961
              ],
              [
                105.564987,
                21.040941
              ],
              [
                105.564999,
                21.04091
              ],
              [
                105.565001,
                21.040876
              ],
              [
                105.564997,
                21.040856
              ],
              [
                105.565003,
                21.040809
              ],
              [
                105.565009,
                21.040795
              ],
              [
                105.56503,
                21.040794
              ],
              [
                105.565043,
                21.040797
              ],
              [
                105.565072,
                21.040807
              ],
              [
                105.565115,
                21.04084
              ],
              [
                105.565128,
                21.040864
              ],
              [
                105.56512,
                21.04091
              ],
              [
                105.565099,
                21.040929
              ],
              [
                105.565047,
                21.040959
              ],
              [
                105.565,
                21.041007
              ],
              [
                105.564984,
                21.04103
              ],
              [
                105.564982,
                21.041051
              ],
              [
                105.564988,
                21.041072
              ],
              [
                105.564999,
                21.041084
              ],
              [
                105.565036,
                21.041123
              ],
              [
                105.56505,
                21.041158
              ],
              [
                105.565082,
                21.041215
              ],
              [
                105.565088,
                21.041229
              ],
              [
                105.565097,
                21.041251
              ],
              [
                105.565109,
                21.041254
              ],
              [
                105.565126,
                21.041257
              ],
              [
                105.565145,
                21.041252
              ],
              [
                105.565149,
                21.041248
              ],
              [
                105.565164,
                21.041236
              ],
              [
                105.565194,
                21.041241
              ],
              [
                105.565581,
                21.04101
              ],
              [
                105.565581,
                21.041009
              ],
              [
                105.565608,
                21.040956
              ],
              [
                105.56564,
                21.040924
              ],
              [
                105.56568,
                21.040876
              ],
              [
                105.565686,
                21.040853
              ],
              [
                105.565696,
                21.040819
              ],
              [
                105.565687,
                21.040738
              ],
              [
                105.56565,
                21.040684
              ],
              [
                105.565603,
                21.04064
              ],
              [
                105.565521,
                21.040581
              ],
              [
                105.565387,
                21.040511
              ],
              [
                105.56526,
                21.040505
              ],
              [
                105.565239,
                21.040504
              ],
              [
                105.56506,
                21.040493
              ],
              [
                105.564963,
                21.040452
              ],
              [
                105.564922,
                21.040443
              ],
              [
                105.564874,
                21.040431
              ],
              [
                105.564822,
                21.040395
              ],
              [
                105.564768,
                21.040333
              ],
              [
                105.56475,
                21.040315
              ],
              [
                105.564742,
                21.040253
              ],
              [
                105.564741,
                21.040084
              ],
              [
                105.56474,
                21.039991
              ],
              [
                105.564667,
                21.039883
              ],
              [
                105.564673,
                21.039881
              ],
              [
                105.564682,
                21.039877
              ],
              [
                105.564644,
                21.039849
              ],
              [
                105.564515,
                21.03957
              ],
              [
                105.564513,
                21.03956
              ],
              [
                105.564483,
                21.039422
              ],
              [
                105.564513,
                21.039315
              ],
              [
                105.564518,
                21.039192
              ],
              [
                105.564464,
                21.03907
              ],
              [
                105.564406,
                21.039022
              ],
              [
                105.564383,
                21.039003
              ],
              [
                105.564322,
                21.038949
              ],
              [
                105.564369,
                21.03884
              ],
              [
                105.564381,
                21.038786
              ],
              [
                105.564509,
                21.03855
              ],
              [
                105.56451,
                21.038548
              ],
              [
                105.564511,
                21.038546
              ],
              [
                105.564543,
                21.038438
              ],
              [
                105.564564,
                21.038298
              ],
              [
                105.564596,
                21.038248
              ],
              [
                105.564635,
                21.038207
              ],
              [
                105.564783,
                21.038177
              ],
              [
                105.564887,
                21.038177
              ],
              [
                105.565315,
                21.038264
              ],
              [
                105.565704,
                21.038273
              ],
              [
                105.566069,
                21.038193
              ],
              [
                105.566127,
                21.03825
              ],
              [
                105.566148,
                21.038271
              ],
              [
                105.566163,
                21.038275
              ],
              [
                105.566248,
                21.0383
              ],
              [
                105.5663,
                21.038364
              ],
              [
                105.566343,
                21.038472
              ],
              [
                105.566369,
                21.038511
              ],
              [
                105.566417,
                21.038549
              ],
              [
                105.566429,
                21.038644
              ],
              [
                105.566436,
                21.038695
              ],
              [
                105.566436,
                21.038696
              ],
              [
                105.566432,
                21.038719
              ],
              [
                105.566417,
                21.038815
              ],
              [
                105.566363,
                21.038828
              ],
              [
                105.566264,
                21.038851
              ],
              [
                105.566137,
                21.038917
              ],
              [
                105.566126,
                21.038953
              ],
              [
                105.5661,
                21.039031
              ],
              [
                105.566138,
                21.039174
              ],
              [
                105.566127,
                21.039212
              ],
              [
                105.566375,
                21.03925
              ],
              [
                105.566394,
                21.039265
              ],
              [
                105.566447,
                21.039307
              ],
              [
                105.566452,
                21.039312
              ],
              [
                105.566549,
                21.039393
              ],
              [
                105.566568,
                21.039419
              ],
              [
                105.567115,
                21.039273
              ],
              [
                105.567069,
                21.039213
              ],
              [
                105.567047,
                21.039186
              ],
              [
                105.566989,
                21.03908
              ],
              [
                105.566979,
                21.039063
              ],
              [
                105.566945,
                21.039
              ],
              [
                105.566903,
                21.038876
              ],
              [
                105.56689,
                21.038835
              ],
              [
                105.566964,
                21.038609
              ],
              [
                105.566949,
                21.038574
              ],
              [
                105.566953,
                21.038539
              ],
              [
                105.566938,
                21.038488
              ],
              [
                105.56689,
                21.038353
              ],
              [
                105.566864,
                21.038262
              ],
              [
                105.566826,
                21.038122
              ],
              [
                105.56679,
                21.038011
              ],
              [
                105.566772,
                21.037919
              ],
              [
                105.566772,
                21.037905
              ],
              [
                105.56685,
                21.037894
              ],
              [
                105.566943,
                21.037885
              ],
              [
                105.567037,
                21.037847
              ],
              [
                105.567141,
                21.03779
              ],
              [
                105.567534,
                21.037449
              ],
              [
                105.567012,
                21.036976
              ],
              [
                105.566912,
                21.036931
              ],
              [
                105.566887,
                21.036933
              ],
              [
                105.566857,
                21.036935
              ],
              [
                105.566833,
                21.036973
              ],
              [
                105.566703,
                21.037045
              ],
              [
                105.566467,
                21.037089
              ],
              [
                105.566291,
                21.03719
              ],
              [
                105.566185,
                21.037319
              ],
              [
                105.566181,
                21.037324
              ],
              [
                105.566003,
                21.037592
              ],
              [
                105.565813,
                21.037661
              ],
              [
                105.565741,
                21.037688
              ],
              [
                105.565705,
                21.037701
              ],
              [
                105.565677,
                21.0377
              ],
              [
                105.565446,
                21.037694
              ],
              [
                105.565187,
                21.037682
              ],
              [
                105.565163,
                21.037681
              ],
              [
                105.565142,
                21.037666
              ],
              [
                105.565025,
                21.037581
              ],
              [
                105.565003,
                21.03757
              ],
              [
                105.564857,
                21.037496
              ],
              [
                105.564712,
                21.037467
              ],
              [
                105.564574,
                21.037461
              ],
              [
                105.564383,
                21.037404
              ],
              [
                105.564383,
                21.03733
              ],
              [
                105.564383,
                21.037296
              ],
              [
                105.564383,
                21.037117
              ],
              [
                105.564383,
                21.036909
              ],
              [
                105.564514,
                21.036742
              ],
              [
                105.564511,
                21.036733
              ],
              [
                105.564383,
                21.036665
              ],
              [
                105.564113,
                21.036716
              ],
              [
                105.563922,
                21.036703
              ],
              [
                105.56373,
                21.036496
              ],
              [
                105.563806,
                21.036359
              ],
              [
                105.563989,
                21.036186
              ],
              [
                105.563942,
                21.036022
              ],
              [
                105.563938,
                21.035815
              ],
              [
                105.563935,
                21.035675
              ],
              [
                105.563933,
                21.035591
              ],
              [
                105.564085,
                21.035304
              ],
              [
                105.564152,
                21.035136
              ],
              [
                105.564168,
                21.035096
              ],
              [
                105.564236,
                21.034895
              ],
              [
                105.564464,
                21.034521
              ],
              [
                105.56445,
                21.034402
              ],
              [
                105.564211,
                21.034336
              ],
              [
                105.563783,
                21.034078
              ],
              [
                105.563559,
                21.033942
              ],
              [
                105.56347,
                21.033798
              ],
              [
                105.563472,
                21.033795
              ],
              [
                105.563506,
                21.033738
              ],
              [
                105.563652,
                21.033657
              ],
              [
                105.564339,
                21.033574
              ],
              [
                105.564919,
                21.033448
              ],
              [
                105.565603,
                21.033168
              ],
              [
                105.565909,
                21.033025
              ],
              [
                105.565989,
                21.032914
              ],
              [
                105.56599,
                21.032914
              ],
              [
                105.566117,
                21.032956
              ],
              [
                105.566762,
                21.033165
              ],
              [
                105.567454,
                21.033386
              ],
              [
                105.567504,
                21.033398
              ],
              [
                105.567779,
                21.033465
              ],
              [
                105.567831,
                21.033478
              ],
              [
                105.568162,
                21.033371
              ],
              [
                105.568364,
                21.033328
              ],
              [
                105.568731,
                21.033252
              ],
              [
                105.568832,
                21.033452
              ],
              [
                105.568845,
                21.033454
              ],
              [
                105.569163,
                21.033511
              ],
              [
                105.569361,
                21.03351
              ],
              [
                105.569481,
                21.033456
              ],
              [
                105.569786,
                21.0333
              ],
              [
                105.569888,
                21.033287
              ],
              [
                105.570119,
                21.033378
              ],
              [
                105.570193,
                21.033417
              ],
              [
                105.570523,
                21.033636
              ],
              [
                105.570542,
                21.03366
              ],
              [
                105.570578,
                21.033708
              ],
              [
                105.570571,
                21.033758
              ],
              [
                105.570573,
                21.03385
              ],
              [
                105.570612,
                21.033978
              ],
              [
                105.570648,
                21.034044
              ],
              [
                105.570725,
                21.034001
              ],
              [
                105.570934,
                21.033902
              ],
              [
                105.571006,
                21.033887
              ],
              [
                105.571232,
                21.033889
              ],
              [
                105.571582,
                21.03387
              ],
              [
                105.571705,
                21.033896
              ],
              [
                105.571872,
                21.03407
              ],
              [
                105.571979,
                21.034295
              ],
              [
                105.572382,
                21.034304
              ],
              [
                105.572441,
                21.034053
              ],
              [
                105.572402,
                21.03368
              ],
              [
                105.572342,
                21.033615
              ],
              [
                105.572454,
                21.033525
              ],
              [
                105.572495,
                21.033535
              ],
              [
                105.572813,
                21.033667
              ],
              [
                105.572879,
                21.03368
              ],
              [
                105.573105,
                21.033533
              ],
              [
                105.573337,
                21.033569
              ],
              [
                105.573481,
                21.033591
              ],
              [
                105.573712,
                21.033004
              ],
              [
                105.573771,
                21.032865
              ],
              [
                105.573789,
                21.032821
              ],
              [
                105.573873,
                21.032491
              ],
              [
                105.573872,
                21.032153
              ],
              [
                105.573851,
                21.031898
              ],
              [
                105.573866,
                21.031843
              ],
              [
                105.574034,
                21.031861
              ],
              [
                105.574537,
                21.031868
              ],
              [
                105.574912,
                21.031902
              ],
              [
                105.575033,
                21.031938
              ],
              [
                105.575106,
                21.031942
              ],
              [
                105.575238,
                21.031948
              ],
              [
                105.575488,
                21.031899
              ],
              [
                105.57565,
                21.031923
              ],
              [
                105.575827,
                21.031997
              ],
              [
                105.576095,
                21.032218
              ],
              [
                105.57625,
                21.032094
              ],
              [
                105.576214,
                21.032029
              ],
              [
                105.576066,
                21.031758
              ],
              [
                105.575988,
                21.031668
              ],
              [
                105.575976,
                21.031516
              ],
              [
                105.575975,
                21.031508
              ],
              [
                105.576016,
                21.031377
              ],
              [
                105.576035,
                21.031333
              ],
              [
                105.576038,
                21.031327
              ],
              [
                105.576068,
                21.031258
              ],
              [
                105.576277,
                21.031092
              ],
              [
                105.57648,
                21.030995
              ],
              [
                105.576537,
                21.030967
              ],
              [
                105.57696,
                21.030778
              ],
              [
                105.577023,
                21.030877
              ],
              [
                105.577271,
                21.030783
              ],
              [
                105.577446,
                21.030982
              ],
              [
                105.577873,
                21.031854
              ],
              [
                105.577884,
                21.031878
              ],
              [
                105.578071,
                21.032291
              ],
              [
                105.578163,
                21.032521
              ],
              [
                105.578306,
                21.032852
              ],
              [
                105.578344,
                21.032911
              ],
              [
                105.578484,
                21.033083
              ],
              [
                105.578584,
                21.033269
              ],
              [
                105.578609,
                21.033355
              ],
              [
                105.578625,
                21.033388
              ],
              [
                105.578698,
                21.033537
              ],
              [
                105.578756,
                21.033656
              ],
              [
                105.578764,
                21.033773
              ],
              [
                105.578779,
                21.033978
              ],
              [
                105.578771,
                21.034199
              ],
              [
                105.57877,
                21.034233
              ],
              [
                105.578748,
                21.034375
              ],
              [
                105.578719,
                21.034423
              ],
              [
                105.578639,
                21.03446
              ],
              [
                105.578351,
                21.034594
              ],
              [
                105.578243,
                21.034598
              ],
              [
                105.5782,
                21.0346
              ],
              [
                105.578182,
                21.034598
              ],
              [
                105.57804,
                21.034859
              ],
              [
                105.578127,
                21.03491
              ],
              [
                105.57822,
                21.034919
              ],
              [
                105.578323,
                21.035007
              ],
              [
                105.578372,
                21.035084
              ],
              [
                105.578398,
                21.03514
              ],
              [
                105.578403,
                21.035221
              ],
              [
                105.578435,
                21.035336
              ],
              [
                105.578549,
                21.035538
              ],
              [
                105.578638,
                21.035541
              ],
              [
                105.578708,
                21.035872
              ],
              [
                105.578803,
                21.03589
              ],
              [
                105.578957,
                21.036001
              ],
              [
                105.578939,
                21.036088
              ],
              [
                105.579095,
                21.036151
              ],
              [
                105.579188,
                21.036186
              ],
              [
                105.579249,
                21.036207
              ],
              [
                105.57928,
                21.036141
              ],
              [
                105.579423,
                21.036178
              ],
              [
                105.579665,
                21.036186
              ],
              [
                105.579827,
                21.036239
              ],
              [
                105.579962,
                21.036213
              ],
              [
                105.580168,
                21.036073
              ],
              [
                105.580257,
                21.036062
              ],
              [
                105.5803,
                21.036092
              ],
              [
                105.580341,
                21.036161
              ],
              [
                105.580391,
                21.036259
              ],
              [
                105.580613,
                21.036022
              ],
              [
                105.581272,
                21.036077
              ],
              [
                105.581313,
                21.035978
              ],
              [
                105.581379,
                21.035994
              ],
              [
                105.581703,
                21.036073
              ],
              [
                105.581767,
                21.036088
              ],
              [
                105.58208,
                21.036125
              ],
              [
                105.582409,
                21.036115
              ],
              [
                105.583178,
                21.036086
              ],
              [
                105.58341,
                21.035947
              ],
              [
                105.583482,
                21.035891
              ],
              [
                105.583836,
                21.035582
              ],
              [
                105.584016,
                21.03541
              ],
              [
                105.584071,
                21.035298
              ],
              [
                105.584267,
                21.035388
              ],
              [
                105.58444,
                21.035467
              ],
              [
                105.584182,
                21.036064
              ],
              [
                105.584157,
                21.036147
              ],
              [
                105.583948,
                21.036604
              ],
              [
                105.583822,
                21.03676
              ],
              [
                105.583746,
                21.036748
              ],
              [
                105.583502,
                21.037094
              ],
              [
                105.583489,
                21.037142
              ],
              [
                105.583488,
                21.037186
              ],
              [
                105.583503,
                21.037209
              ],
              [
                105.583531,
                21.037216
              ],
              [
                105.583808,
                21.037071
              ],
              [
                105.583907,
                21.037023
              ],
              [
                105.583931,
                21.037015
              ],
              [
                105.584107,
                21.036987
              ],
              [
                105.584267,
                21.036971
              ],
              [
                105.584333,
                21.036948
              ],
              [
                105.584433,
                21.036855
              ],
              [
                105.584535,
                21.036753
              ],
              [
                105.5846,
                21.036733
              ],
              [
                105.584644,
                21.036735
              ],
              [
                105.584737,
                21.036751
              ],
              [
                105.584798,
                21.036775
              ],
              [
                105.584895,
                21.036859
              ],
              [
                105.58498,
                21.036943
              ],
              [
                105.585089,
                21.036809
              ],
              [
                105.585625,
                21.037305
              ],
              [
                105.585676,
                21.037319
              ],
              [
                105.586452,
                21.037421
              ],
              [
                105.586824,
                21.037444
              ],
              [
                105.586824,
                21.037444
              ]
            ]
          ]
        ]
      },
      "properties": {
        "code": "09982",
        "name": "Hạ Bằng",
        "nameEn": "Ha Bang",
        "fullName": "Xã Hạ Bằng",
        "fullNameEn": "Ha Bang Commune",
        "codeName": "ha_bang",
        "postalCode": "13117",
        "postalCodePrefix": "",
        "gisServerId": "diaphanhanhchinhcapxa_2025.3283",
        "areaKm2": 32.14
      }
    }
  ]
}