{
  "type": "FeatureCollection",
  "bbox": [
    105.662111,
    20.885511,
    105.736443,
    20.96476
  ],
  "features": [
    {
      "type": "Feature",
      "id": "10015",
      "bbox": [
        105.662111,
        20.885511,
        105.736443,
        20.96476
      ],
      "geometry": {
        "type": "MultiPolygon",
        "coordinates": [
          [
            [
              [
                105.695536,
                20.964748
              ],
              [
                105.695554,
                20.964747
              ],
              [
                105.695571,
                20.964748
              ],
              [
                105.695587,
                20.964751
              ],
              [
                105.695602,
                20.964756
              ],
              [
                105.695592,
                20.964716
              ],
              [
                105.695591,
                20.964707
              ],
              [
                105.695589,
                20.964695
              ],
              [
                105.695589,
                20.964682
              ],
              [
                105.69559,
                20.964669
              ],
              [
                105.695593,
                20.964656
              ],
              [
                105.6956,
                20.964643
              ],
              [
                105.69561,
                20.964632
              ],
              [
                105.695621,
                20.964623
              ],
              [
                105.695633,
                20.964617
              ],
              [
                105.695646,
                20.964611
              ],
              [
                105.695686,
                20.964594
              ],
              [
                105.695704,
                20.964587
              ],
              [
                105.695876,
                20.964519
              ],
              [
                105.696194,
                20.964381
              ],
              [
                105.696186,
                20.964372
              ],
              [
                105.696181,
                20.964361
              ],
              [
                105.696177,
                20.964349
              ],
              [
                105.696176,
                20.964336
              ],
              [
                105.696176,
                20.964328
              ],
              [
                105.696176,
                20.964323
              ],
              [
                105.696179,
                20.964309
              ],
              [
                105.696183,
                20.964295
              ],
              [
                105.696189,
                20.964282
              ],
              [
                105.696197,
                20.964267
              ],
              [
                105.696215,
                20.964238
              ],
              [
                105.696223,
                20.964224
              ],
              [
                105.69623,
                20.964209
              ],
              [
                105.696236,
                20.964193
              ],
              [
                105.69624,
                20.964175
              ],
              [
                105.696243,
                20.964155
              ],
              [
                105.696244,
                20.964135
              ],
              [
                105.696245,
                20.964115
              ],
              [
                105.696245,
                20.964079
              ],
              [
                105.696246,
                20.964056
              ],
              [
                105.696247,
                20.964038
              ],
              [
                105.696249,
                20.96402
              ],
              [
                105.696252,
                20.964003
              ],
              [
                105.696257,
                20.963988
              ],
              [
                105.696264,
                20.963974
              ],
              [
                105.696272,
                20.963961
              ],
              [
                105.696284,
                20.963945
              ],
              [
                105.696297,
                20.96393
              ],
              [
                105.696312,
                20.963916
              ],
              [
                105.696342,
                20.963888
              ],
              [
                105.696356,
                20.963874
              ],
              [
                105.696369,
                20.963859
              ],
              [
                105.69638,
                20.963845
              ],
              [
                105.696387,
                20.963831
              ],
              [
                105.696392,
                20.963817
              ],
              [
                105.696393,
                20.963803
              ],
              [
                105.696392,
                20.96379
              ],
              [
                105.696389,
                20.963776
              ],
              [
                105.696383,
                20.963763
              ],
              [
                105.696374,
                20.96375
              ],
              [
                105.696364,
                20.963738
              ],
              [
                105.696352,
                20.963726
              ],
              [
                105.69634,
                20.963714
              ],
              [
                105.696314,
                20.963693
              ],
              [
                105.696296,
                20.963678
              ],
              [
                105.696279,
                20.963663
              ],
              [
                105.696263,
                20.963648
              ],
              [
                105.696246,
                20.963632
              ],
              [
                105.696231,
                20.963616
              ],
              [
                105.696216,
                20.963599
              ],
              [
                105.696201,
                20.963582
              ],
              [
                105.696188,
                20.963564
              ],
              [
                105.696175,
                20.963546
              ],
              [
                105.696162,
                20.963528
              ],
              [
                105.696151,
                20.963509
              ],
              [
                105.69614,
                20.963489
              ],
              [
                105.69613,
                20.963469
              ],
              [
                105.696121,
                20.963448
              ],
              [
                105.696104,
                20.963406
              ],
              [
                105.696089,
                20.963363
              ],
              [
                105.696082,
                20.963342
              ],
              [
                105.696075,
                20.96332
              ],
              [
                105.69607,
                20.963298
              ],
              [
                105.696059,
                20.963255
              ],
              [
                105.696045,
                20.96319
              ],
              [
                105.696028,
                20.963102
              ],
              [
                105.696016,
                20.963036
              ],
              [
                105.696006,
                20.962973
              ],
              [
                105.695987,
                20.962848
              ],
              [
                105.695979,
                20.962798
              ],
              [
                105.695962,
                20.962713
              ],
              [
                105.695946,
                20.962633
              ],
              [
                105.695811,
                20.962354
              ],
              [
                105.695676,
                20.962074
              ],
              [
                105.69545,
                20.961595
              ],
              [
                105.695352,
                20.961387
              ],
              [
                105.695267,
                20.961202
              ],
              [
                105.695248,
                20.96116
              ],
              [
                105.69524,
                20.961139
              ],
              [
                105.695232,
                20.961119
              ],
              [
                105.695104,
                20.960927
              ],
              [
                105.695023,
                20.96057
              ],
              [
                105.695002,
                20.960433
              ],
              [
                105.694979,
                20.96028
              ],
              [
                105.695012,
                20.960227
              ],
              [
                105.695079,
                20.960141
              ],
              [
                105.695118,
                20.959996
              ],
              [
                105.695196,
                20.959926
              ],
              [
                105.695193,
                20.959923
              ],
              [
                105.695181,
                20.959907
              ],
              [
                105.695168,
                20.959891
              ],
              [
                105.69514,
                20.959858
              ],
              [
                105.695087,
                20.959799
              ],
              [
                105.695039,
                20.959743
              ],
              [
                105.694996,
                20.959689
              ],
              [
                105.694943,
                20.959621
              ],
              [
                105.694942,
                20.959621
              ],
              [
                105.694897,
                20.959563
              ],
              [
                105.69481,
                20.959454
              ],
              [
                105.694755,
                20.959385
              ],
              [
                105.694713,
                20.959332
              ],
              [
                105.694686,
                20.959296
              ],
              [
                105.694673,
                20.959278
              ],
              [
                105.69466,
                20.959259
              ],
              [
                105.694649,
                20.959241
              ],
              [
                105.694638,
                20.959223
              ],
              [
                105.694629,
                20.959205
              ],
              [
                105.69462,
                20.959186
              ],
              [
                105.694614,
                20.959171
              ],
              [
                105.694603,
                20.95914
              ],
              [
                105.694595,
                20.95912
              ],
              [
                105.694586,
                20.959101
              ],
              [
                105.694577,
                20.959082
              ],
              [
                105.694567,
                20.959064
              ],
              [
                105.694556,
                20.959046
              ],
              [
                105.694544,
                20.959029
              ],
              [
                105.694532,
                20.959012
              ],
              [
                105.694506,
                20.958978
              ],
              [
                105.694489,
                20.958956
              ],
              [
                105.694467,
                20.958928
              ],
              [
                105.694441,
                20.958894
              ],
              [
                105.694429,
                20.958877
              ],
              [
                105.694416,
                20.958859
              ],
              [
                105.694404,
                20.95884
              ],
              [
                105.694392,
                20.958821
              ],
              [
                105.694369,
                20.958782
              ],
              [
                105.694335,
                20.958724
              ],
              [
                105.69427,
                20.958612
              ],
              [
                105.694245,
                20.958568
              ],
              [
                105.694201,
                20.958489
              ],
              [
                105.694179,
                20.95845
              ],
              [
                105.694159,
                20.958412
              ],
              [
                105.694128,
                20.958354
              ],
              [
                105.694128,
                20.958354
              ],
              [
                105.694128,
                20.958354
              ],
              [
                105.694078,
                20.958257
              ],
              [
                105.694011,
                20.95813
              ],
              [
                105.694011,
                20.958129
              ],
              [
                105.694006,
                20.95812
              ],
              [
                105.693986,
                20.958081
              ],
              [
                105.693976,
                20.958062
              ],
              [
                105.69396,
                20.958027
              ],
              [
                105.693953,
                20.958009
              ],
              [
                105.693947,
                20.957992
              ],
              [
                105.693943,
                20.957975
              ],
              [
                105.693943,
                20.957974
              ],
              [
                105.69394,
                20.95796
              ],
              [
                105.693938,
                20.957945
              ],
              [
                105.693939,
                20.957931
              ],
              [
                105.69394,
                20.957925
              ],
              [
                105.693796,
                20.957724
              ],
              [
                105.693763,
                20.957677
              ],
              [
                105.693703,
                20.957579
              ],
              [
                105.693658,
                20.957505
              ],
              [
                105.69364,
                20.957472
              ],
              [
                105.693554,
                20.957316
              ],
              [
                105.693545,
                20.957296
              ],
              [
                105.693537,
                20.957275
              ],
              [
                105.693529,
                20.957254
              ],
              [
                105.693522,
                20.957233
              ],
              [
                105.693508,
                20.95719
              ],
              [
                105.693476,
                20.957082
              ],
              [
                105.693463,
                20.95704
              ],
              [
                105.693455,
                20.957019
              ],
              [
                105.693448,
                20.956999
              ],
              [
                105.693439,
                20.956979
              ],
              [
                105.693429,
                20.956961
              ],
              [
                105.693418,
                20.956945
              ],
              [
                105.693405,
                20.95693
              ],
              [
                105.693374,
                20.956729
              ],
              [
                105.693367,
                20.956535
              ],
              [
                105.693389,
                20.956416
              ],
              [
                105.69341,
                20.956298
              ],
              [
                105.693492,
                20.955981
              ],
              [
                105.693589,
                20.955796
              ],
              [
                105.693682,
                20.9557
              ],
              [
                105.693797,
                20.955606
              ],
              [
                105.694145,
                20.95545
              ],
              [
                105.694501,
                20.955205
              ],
              [
                105.694514,
                20.955201
              ],
              [
                105.694537,
                20.955193
              ],
              [
                105.694605,
                20.955172
              ],
              [
                105.694719,
                20.95514
              ],
              [
                105.694855,
                20.955102
              ],
              [
                105.694923,
                20.955083
              ],
              [
                105.695131,
                20.955025
              ],
              [
                105.6952,
                20.955006
              ],
              [
                105.695246,
                20.954994
              ],
              [
                105.695292,
                20.954983
              ],
              [
                105.695315,
                20.954978
              ],
              [
                105.695361,
                20.954969
              ],
              [
                105.695478,
                20.95495
              ],
              [
                105.695571,
                20.954935
              ],
              [
                105.69562,
                20.954927
              ],
              [
                105.69564,
                20.954924
              ],
              [
                105.695687,
                20.954917
              ],
              [
                105.69571,
                20.954914
              ],
              [
                105.695733,
                20.954912
              ],
              [
                105.695756,
                20.954911
              ],
              [
                105.695779,
                20.95491
              ],
              [
                105.695802,
                20.954911
              ],
              [
                105.695825,
                20.954914
              ],
              [
                105.695847,
                20.954917
              ],
              [
                105.695869,
                20.954922
              ],
              [
                105.695936,
                20.954938
              ],
              [
                105.695958,
                20.954942
              ],
              [
                105.695981,
                20.954946
              ],
              [
                105.696003,
                20.954948
              ],
              [
                105.696026,
                20.954948
              ],
              [
                105.696072,
                20.954945
              ],
              [
                105.696095,
                20.954942
              ],
              [
                105.696118,
                20.954938
              ],
              [
                105.696165,
                20.95493
              ],
              [
                105.696231,
                20.954918
              ],
              [
                105.696257,
                20.954913
              ],
              [
                105.696304,
                20.954905
              ],
              [
                105.696327,
                20.954902
              ],
              [
                105.696373,
                20.954897
              ],
              [
                105.696837,
                20.95574
              ],
              [
                105.697126,
                20.95624
              ],
              [
                105.697339,
                20.956643
              ],
              [
                105.697482,
                20.956877
              ],
              [
                105.69772,
                20.956705
              ],
              [
                105.697847,
                20.956609
              ],
              [
                105.698339,
                20.956323
              ],
              [
                105.698454,
                20.956255
              ],
              [
                105.698885,
                20.956001
              ],
              [
                105.699027,
                20.955931
              ],
              [
                105.699124,
                20.955897
              ],
              [
                105.699195,
                20.955885
              ],
              [
                105.699266,
                20.955906
              ],
              [
                105.699493,
                20.955993
              ],
              [
                105.699821,
                20.95621
              ],
              [
                105.699928,
                20.956292
              ],
              [
                105.700136,
                20.956452
              ],
              [
                105.700435,
                20.95674
              ],
              [
                105.700796,
                20.957124
              ],
              [
                105.700894,
                20.957333
              ],
              [
                105.703729,
                20.956919
              ],
              [
                105.704477,
                20.956815
              ],
              [
                105.704563,
                20.957186
              ],
              [
                105.704641,
                20.957862
              ],
              [
                105.705184,
                20.957688
              ],
              [
                105.705638,
                20.957517
              ],
              [
                105.706109,
                20.957278
              ],
              [
                105.706231,
                20.957171
              ],
              [
                105.707239,
                20.956287
              ],
              [
                105.707274,
                20.956312
              ],
              [
                105.707574,
                20.956576
              ],
              [
                105.708032,
                20.956958
              ],
              [
                105.7091,
                20.957762
              ],
              [
                105.709714,
                20.957288
              ],
              [
                105.710392,
                20.956702
              ],
              [
                105.710886,
                20.956311
              ],
              [
                105.710942,
                20.956274
              ],
              [
                105.711183,
                20.956123
              ],
              [
                105.711444,
                20.956184
              ],
              [
                105.711484,
                20.956164
              ],
              [
                105.711643,
                20.955721
              ],
              [
                105.712266,
                20.955883
              ],
              [
                105.712238,
                20.955507
              ],
              [
                105.712483,
                20.955543
              ],
              [
                105.712502,
                20.955541
              ],
              [
                105.712523,
                20.955542
              ],
              [
                105.712544,
                20.955545
              ],
              [
                105.712566,
                20.95555
              ],
              [
                105.712589,
                20.955556
              ],
              [
                105.712611,
                20.955563
              ],
              [
                105.712657,
                20.955578
              ],
              [
                105.712781,
                20.955621
              ],
              [
                105.712906,
                20.955664
              ],
              [
                105.712973,
                20.955688
              ],
              [
                105.713016,
                20.955704
              ],
              [
                105.71308,
                20.955729
              ],
              [
                105.713484,
                20.95589
              ],
              [
                105.713844,
                20.956107
              ],
              [
                105.714039,
                20.956189
              ],
              [
                105.714249,
                20.956216
              ],
              [
                105.714434,
                20.95624
              ],
              [
                105.714624,
                20.956205
              ],
              [
                105.71466,
                20.956198
              ],
              [
                105.714916,
                20.956151
              ],
              [
                105.715155,
                20.956076
              ],
              [
                105.715269,
                20.95604
              ],
              [
                105.715549,
                20.955911
              ],
              [
                105.715829,
                20.955781
              ],
              [
                105.716445,
                20.955407
              ],
              [
                105.717084,
                20.954982
              ],
              [
                105.717324,
                20.954706
              ],
              [
                105.717854,
                20.954015
              ],
              [
                105.718039,
                20.953861
              ],
              [
                105.718118,
                20.953835
              ],
              [
                105.71829,
                20.953825
              ],
              [
                105.718582,
                20.953878
              ],
              [
                105.719107,
                20.953902
              ],
              [
                105.71959,
                20.953929
              ],
              [
                105.719887,
                20.953901
              ],
              [
                105.72023,
                20.953808
              ],
              [
                105.720615,
                20.953632
              ],
              [
                105.721745,
                20.9531
              ],
              [
                105.7223,
                20.952827
              ],
              [
                105.722569,
                20.952695
              ],
              [
                105.722672,
                20.952632
              ],
              [
                105.723171,
                20.952326
              ],
              [
                105.724023,
                20.951778
              ],
              [
                105.724818,
                20.951225
              ],
              [
                105.724916,
                20.951133
              ],
              [
                105.724916,
                20.951132
              ],
              [
                105.725025,
                20.951029
              ],
              [
                105.725119,
                20.950961
              ],
              [
                105.725053,
                20.950887
              ],
              [
                105.724274,
                20.950222
              ],
              [
                105.723651,
                20.949675
              ],
              [
                105.723344,
                20.949395
              ],
              [
                105.722997,
                20.949128
              ],
              [
                105.722583,
                20.948815
              ],
              [
                105.722344,
                20.948704
              ],
              [
                105.722206,
                20.948639
              ],
              [
                105.721667,
                20.948445
              ],
              [
                105.72108,
                20.948146
              ],
              [
                105.720895,
                20.948052
              ],
              [
                105.720631,
                20.947949
              ],
              [
                105.720026,
                20.947676
              ],
              [
                105.719669,
                20.947515
              ],
              [
                105.719249,
                20.947395
              ],
              [
                105.718901,
                20.947296
              ],
              [
                105.718851,
                20.947282
              ],
              [
                105.718438,
                20.947092
              ],
              [
                105.718364,
                20.947064
              ],
              [
                105.717951,
                20.946848
              ],
              [
                105.717671,
                20.946692
              ],
              [
                105.717448,
                20.946541
              ],
              [
                105.717308,
                20.946447
              ],
              [
                105.717086,
                20.946283
              ],
              [
                105.716841,
                20.946105
              ],
              [
                105.716616,
                20.945982
              ],
              [
                105.716321,
                20.945811
              ],
              [
                105.715951,
                20.945693
              ],
              [
                105.715239,
                20.945427
              ],
              [
                105.715007,
                20.945322
              ],
              [
                105.714536,
                20.945066
              ],
              [
                105.714316,
                20.944945
              ],
              [
                105.714298,
                20.944936
              ],
              [
                105.714011,
                20.944724
              ],
              [
                105.713566,
                20.944296
              ],
              [
                105.713528,
                20.944252
              ],
              [
                105.713408,
                20.94411
              ],
              [
                105.713195,
                20.943737
              ],
              [
                105.713123,
                20.943627
              ],
              [
                105.712848,
                20.943345
              ],
              [
                105.712656,
                20.943203
              ],
              [
                105.712592,
                20.943114
              ],
              [
                105.712583,
                20.943091
              ],
              [
                105.712514,
                20.942912
              ],
              [
                105.712503,
                20.9429
              ],
              [
                105.712503,
                20.9429
              ],
              [
                105.712373,
                20.942759
              ],
              [
                105.712161,
                20.942599
              ],
              [
                105.711905,
                20.94218
              ],
              [
                105.711705,
                20.941757
              ],
              [
                105.711427,
                20.940805
              ],
              [
                105.711312,
                20.939793
              ],
              [
                105.711442,
                20.939264
              ],
              [
                105.711528,
                20.939125
              ],
              [
                105.711648,
                20.938929
              ],
              [
                105.711652,
                20.938725
              ],
              [
                105.711651,
                20.938721
              ],
              [
                105.711613,
                20.938567
              ],
              [
                105.711676,
                20.938378
              ],
              [
                105.712171,
                20.937553
              ],
              [
                105.712829,
                20.93687
              ],
              [
                105.713559,
                20.936337
              ],
              [
                105.714542,
                20.935507
              ],
              [
                105.715194,
                20.93513
              ],
              [
                105.716104,
                20.934745
              ],
              [
                105.716799,
                20.934587
              ],
              [
                105.717429,
                20.934503
              ],
              [
                105.717863,
                20.934492
              ],
              [
                105.717919,
                20.934491
              ],
              [
                105.71841,
                20.93443
              ],
              [
                105.718902,
                20.934427
              ],
              [
                105.719197,
                20.934442
              ],
              [
                105.719878,
                20.934596
              ],
              [
                105.72082,
                20.934883
              ],
              [
                105.721382,
                20.935188
              ],
              [
                105.721766,
                20.935498
              ],
              [
                105.722207,
                20.936058
              ],
              [
                105.722611,
                20.936759
              ],
              [
                105.722738,
                20.936889
              ],
              [
                105.722891,
                20.937139
              ],
              [
                105.722992,
                20.937248
              ],
              [
                105.723314,
                20.937807
              ],
              [
                105.723444,
                20.938995
              ],
              [
                105.723545,
                20.939716
              ],
              [
                105.723665,
                20.94041
              ],
              [
                105.723812,
                20.940738
              ],
              [
                105.723959,
                20.940993
              ],
              [
                105.724066,
                20.941047
              ],
              [
                105.724189,
                20.941078
              ],
              [
                105.72428,
                20.941101
              ],
              [
                105.724484,
                20.941064
              ],
              [
                105.724775,
                20.940916
              ],
              [
                105.725259,
                20.940467
              ],
              [
                105.725816,
                20.939589
              ],
              [
                105.72665,
                20.938273
              ],
              [
                105.726911,
                20.937689
              ],
              [
                105.727245,
                20.936794
              ],
              [
                105.727313,
                20.93662
              ],
              [
                105.727335,
                20.936564
              ],
              [
                105.727335,
                20.936562
              ],
              [
                105.727379,
                20.93645
              ],
              [
                105.727379,
                20.936449
              ],
              [
                105.72747,
                20.936199
              ],
              [
                105.727651,
                20.935483
              ],
              [
                105.727952,
                20.934639
              ],
              [
                105.728419,
                20.933925
              ],
              [
                105.728719,
                20.933161
              ],
              [
                105.729294,
                20.931946
              ],
              [
                105.72955,
                20.931248
              ],
              [
                105.729551,
                20.931068
              ],
              [
                105.72971,
                20.93066
              ],
              [
                105.729746,
                20.930524
              ],
              [
                105.729749,
                20.930512
              ],
              [
                105.729829,
                20.930233
              ],
              [
                105.729861,
                20.930087
              ],
              [
                105.729948,
                20.929691
              ],
              [
                105.729992,
                20.929476
              ],
              [
                105.730181,
                20.927743
              ],
              [
                105.730361,
                20.927248
              ],
              [
                105.730391,
                20.927018
              ],
              [
                105.730389,
                20.926602
              ],
              [
                105.73038,
                20.926387
              ],
              [
                105.730317,
                20.926036
              ],
              [
                105.730165,
                20.92579
              ],
              [
                105.730132,
                20.925497
              ],
              [
                105.730178,
                20.924946
              ],
              [
                105.730279,
                20.924685
              ],
              [
                105.73028,
                20.924682
              ],
              [
                105.730307,
                20.923836
              ],
              [
                105.730275,
                20.923541
              ],
              [
                105.73008,
                20.922597
              ],
              [
                105.73007,
                20.922503
              ],
              [
                105.730095,
                20.921873
              ],
              [
                105.730045,
                20.921682
              ],
              [
                105.729973,
                20.921576
              ],
              [
                105.729918,
                20.921495
              ],
              [
                105.729892,
                20.921373
              ],
              [
                105.729938,
                20.921236
              ],
              [
                105.72998,
                20.921109
              ],
              [
                105.730087,
                20.920943
              ],
              [
                105.730139,
                20.920752
              ],
              [
                105.730112,
                20.920389
              ],
              [
                105.730223,
                20.919974
              ],
              [
                105.730159,
                20.91971
              ],
              [
                105.730151,
                20.919496
              ],
              [
                105.73023,
                20.919125
              ],
              [
                105.730216,
                20.918796
              ],
              [
                105.730208,
                20.918592
              ],
              [
                105.730212,
                20.918208
              ],
              [
                105.730214,
                20.918037
              ],
              [
                105.730447,
                20.917475
              ],
              [
                105.730883,
                20.916827
              ],
              [
                105.731294,
                20.916329
              ],
              [
                105.731395,
                20.916168
              ],
              [
                105.731596,
                20.915754
              ],
              [
                105.731773,
                20.915532
              ],
              [
                105.73209,
                20.915228
              ],
              [
                105.732348,
                20.915047
              ],
              [
                105.733559,
                20.914443
              ],
              [
                105.733848,
                20.91427
              ],
              [
                105.734255,
                20.913942
              ],
              [
                105.734434,
                20.913826
              ],
              [
                105.734784,
                20.913681
              ],
              [
                105.735577,
                20.913359
              ],
              [
                105.736146,
                20.91314
              ],
              [
                105.736318,
                20.913121
              ],
              [
                105.736389,
                20.913099
              ],
              [
                105.736429,
                20.913049
              ],
              [
                105.736443,
                20.91284
              ],
              [
                105.736443,
                20.912832
              ],
              [
                105.736433,
                20.912411
              ],
              [
                105.736419,
                20.912222
              ],
              [
                105.736402,
                20.912172
              ],
              [
                105.736349,
                20.912018
              ],
              [
                105.736101,
                20.911723
              ],
              [
                105.736083,
                20.911709
              ],
              [
                105.735726,
                20.911434
              ],
              [
                105.735655,
                20.911378
              ],
              [
                105.735028,
                20.910895
              ],
              [
                105.734642,
                20.910597
              ],
              [
                105.734475,
                20.910477
              ],
              [
                105.734398,
                20.910423
              ],
              [
                105.73405,
                20.910174
              ],
              [
                105.733376,
                20.909747
              ],
              [
                105.733334,
                20.909721
              ],
              [
                105.733033,
                20.909543
              ],
              [
                105.7328,
                20.909405
              ],
              [
                105.732212,
                20.908991
              ],
              [
                105.731996,
                20.908786
              ],
              [
                105.731793,
                20.908593
              ],
              [
                105.731729,
                20.908516
              ],
              [
                105.731223,
                20.907943
              ],
              [
                105.730913,
                20.907552
              ],
              [
                105.730401,
                20.906848
              ],
              [
                105.730263,
                20.906627
              ],
              [
                105.730222,
                20.906561
              ],
              [
                105.73008,
                20.906334
              ],
              [
                105.730052,
                20.90629
              ],
              [
                105.729537,
                20.905577
              ],
              [
                105.729359,
                20.905112
              ],
              [
                105.729215,
                20.904766
              ],
              [
                105.729051,
                20.904372
              ],
              [
                105.729032,
                20.904327
              ],
              [
                105.728948,
                20.90414
              ],
              [
                105.728411,
                20.902952
              ],
              [
                105.728374,
                20.90287
              ],
              [
                105.728185,
                20.902504
              ],
              [
                105.728021,
                20.902184
              ],
              [
                105.727548,
                20.901511
              ],
              [
                105.727391,
                20.901231
              ],
              [
                105.727344,
                20.901147
              ],
              [
                105.727327,
                20.901118
              ],
              [
                105.726991,
                20.900516
              ],
              [
                105.72671,
                20.900086
              ],
              [
                105.726665,
                20.900023
              ],
              [
                105.726547,
                20.899856
              ],
              [
                105.726432,
                20.899695
              ],
              [
                105.725994,
                20.89916
              ],
              [
                105.725579,
                20.898659
              ],
              [
                105.725478,
                20.898551
              ],
              [
                105.725215,
                20.898269
              ],
              [
                105.723941,
                20.896813
              ],
              [
                105.723172,
                20.896094
              ],
              [
                105.722899,
                20.896251
              ],
              [
                105.722818,
                20.896289
              ],
              [
                105.722711,
                20.89634
              ],
              [
                105.722695,
                20.896348
              ],
              [
                105.722554,
                20.896415
              ],
              [
                105.722179,
                20.896621
              ],
              [
                105.722029,
                20.896695
              ],
              [
                105.721958,
                20.896731
              ],
              [
                105.721784,
                20.896818
              ],
              [
                105.721041,
                20.897151
              ],
              [
                105.720863,
                20.89724
              ],
              [
                105.720613,
                20.897365
              ],
              [
                105.720535,
                20.897404
              ],
              [
                105.720517,
                20.897413
              ],
              [
                105.720343,
                20.897493
              ],
              [
                105.720279,
                20.89753
              ],
              [
                105.719873,
                20.897737
              ],
              [
                105.71972,
                20.897816
              ],
              [
                105.719557,
                20.897899
              ],
              [
                105.719245,
                20.898038
              ],
              [
                105.719041,
                20.898118
              ],
              [
                105.718857,
                20.898191
              ],
              [
                105.718727,
                20.898228
              ],
              [
                105.718595,
                20.898252
              ],
              [
                105.718566,
                20.898257
              ],
              [
                105.718525,
                20.898264
              ],
              [
                105.71844,
                20.898279
              ],
              [
                105.718294,
                20.898352
              ],
              [
                105.718038,
                20.898468
              ],
              [
                105.717915,
                20.898531
              ],
              [
                105.717874,
                20.898553
              ],
              [
                105.717734,
                20.898566
              ],
              [
                105.717595,
                20.898569
              ],
              [
                105.7175,
                20.898571
              ],
              [
                105.717371,
                20.898571
              ],
              [
                105.717357,
                20.898571
              ],
              [
                105.716986,
                20.898571
              ],
              [
                105.716839,
                20.898568
              ],
              [
                105.716592,
                20.898554
              ],
              [
                105.716402,
                20.898552
              ],
              [
                105.716295,
                20.898552
              ],
              [
                105.716252,
                20.898552
              ],
              [
                105.716218,
                20.898553
              ],
              [
                105.71593,
                20.89856
              ],
              [
                105.715508,
                20.89856
              ],
              [
                105.71545,
                20.89856
              ],
              [
                105.715397,
                20.89856
              ],
              [
                105.714947,
                20.898564
              ],
              [
                105.714832,
                20.898563
              ],
              [
                105.714729,
                20.898563
              ],
              [
                105.7147,
                20.898558
              ],
              [
                105.714683,
                20.898557
              ],
              [
                105.714653,
                20.898554
              ],
              [
                105.714618,
                20.898551
              ],
              [
                105.714485,
                20.898519
              ],
              [
                105.714397,
                20.898494
              ],
              [
                105.714249,
                20.898491
              ],
              [
                105.713897,
                20.898494
              ],
              [
                105.713425,
                20.898497
              ],
              [
                105.713259,
                20.898499
              ],
              [
                105.712703,
                20.898508
              ],
              [
                105.712083,
                20.898517
              ],
              [
                105.712005,
                20.898519
              ],
              [
                105.711613,
                20.898524
              ],
              [
                105.71093,
                20.898533
              ],
              [
                105.710759,
                20.898535
              ],
              [
                105.710459,
                20.898537
              ],
              [
                105.710458,
                20.898537
              ],
              [
                105.709908,
                20.898542
              ],
              [
                105.70945,
                20.898547
              ],
              [
                105.709272,
                20.898548
              ],
              [
                105.708795,
                20.898555
              ],
              [
                105.708395,
                20.898561
              ],
              [
                105.707824,
                20.898569
              ],
              [
                105.707775,
                20.89857
              ],
              [
                105.707248,
                20.898582
              ],
              [
                105.706792,
                20.898593
              ],
              [
                105.706334,
                20.898604
              ],
              [
                105.706205,
                20.898606
              ],
              [
                105.706205,
                20.898606
              ],
              [
                105.705763,
                20.898611
              ],
              [
                105.704996,
                20.898621
              ],
              [
                105.704312,
                20.89863
              ],
              [
                105.704237,
                20.898631
              ],
              [
                105.703862,
                20.898615
              ],
              [
                105.703866,
                20.898585
              ],
              [
                105.702752,
                20.898568
              ],
              [
                105.702129,
                20.89856
              ],
              [
                105.701967,
                20.898571
              ],
              [
                105.701867,
                20.898601
              ],
              [
                105.701654,
                20.898631
              ],
              [
                105.70126,
                20.898654
              ],
              [
                105.700912,
                20.898637
              ],
              [
                105.700871,
                20.898634
              ],
              [
                105.700691,
                20.898617
              ],
              [
                105.700691,
                20.898616
              ],
              [
                105.700694,
                20.898538
              ],
              [
                105.700697,
                20.898483
              ],
              [
                105.700703,
                20.898364
              ],
              [
                105.700709,
                20.898225
              ],
              [
                105.70072,
                20.898003
              ],
              [
                105.700726,
                20.897879
              ],
              [
                105.700726,
                20.897879
              ],
              [
                105.700729,
                20.897825
              ],
              [
                105.700732,
                20.897708
              ],
              [
                105.700737,
                20.89754
              ],
              [
                105.700743,
                20.897335
              ],
              [
                105.700748,
                20.897171
              ],
              [
                105.700752,
                20.897018
              ],
              [
                105.700757,
                20.896843
              ],
              [
                105.700763,
                20.896656
              ],
              [
                105.700764,
                20.89662
              ],
              [
                105.700764,
                20.896487
              ],
              [
                105.700764,
                20.896346
              ],
              [
                105.700764,
                20.896188
              ],
              [
                105.700764,
                20.896188
              ],
              [
                105.700764,
                20.896122
              ],
              [
                105.700764,
                20.89612
              ],
              [
                105.700789,
                20.895882
              ],
              [
                105.700991,
                20.895228
              ],
              [
                105.700991,
                20.895228
              ],
              [
                105.700991,
                20.895227
              ],
              [
                105.701079,
                20.894944
              ],
              [
                105.70111,
                20.894842
              ],
              [
                105.701207,
                20.894526
              ],
              [
                105.701492,
                20.893602
              ],
              [
                105.701531,
                20.89349
              ],
              [
                105.701572,
                20.893375
              ],
              [
                105.701634,
                20.893198
              ],
              [
                105.701714,
                20.892969
              ],
              [
                105.701776,
                20.892794
              ],
              [
                105.701784,
                20.892763
              ],
              [
                105.701837,
                20.892572
              ],
              [
                105.701873,
                20.89244
              ],
              [
                105.701874,
                20.892437
              ],
              [
                105.701874,
                20.892437
              ],
              [
                105.701874,
                20.892437
              ],
              [
                105.701891,
                20.892374
              ],
              [
                105.701919,
                20.892276
              ],
              [
                105.701966,
                20.892108
              ],
              [
                105.70202,
                20.891918
              ],
              [
                105.70202,
                20.891916
              ],
              [
                105.70207,
                20.891741
              ],
              [
                105.702112,
                20.89159
              ],
              [
                105.702146,
                20.891471
              ],
              [
                105.702174,
                20.891371
              ],
              [
                105.702184,
                20.891315
              ],
              [
                105.702229,
                20.891316
              ],
              [
                105.702233,
                20.891316
              ],
              [
                105.702346,
                20.890962
              ],
              [
                105.702531,
                20.890382
              ],
              [
                105.702793,
                20.889565
              ],
              [
                105.702793,
                20.889565
              ],
              [
                105.702805,
                20.889527
              ],
              [
                105.702962,
                20.889012
              ],
              [
                105.703012,
                20.888847
              ],
              [
                105.703034,
                20.888777
              ],
              [
                105.703153,
                20.888384
              ],
              [
                105.703214,
                20.888196
              ],
              [
                105.703258,
                20.888058
              ],
              [
                105.703338,
                20.887811
              ],
              [
                105.70332,
                20.887812
              ],
              [
                105.703399,
                20.887551
              ],
              [
                105.703417,
                20.887492
              ],
              [
                105.703468,
                20.887355
              ],
              [
                105.703536,
                20.887172
              ],
              [
                105.703575,
                20.887065
              ],
              [
                105.703594,
                20.887015
              ],
              [
                105.703638,
                20.886895
              ],
              [
                105.703649,
                20.886859
              ],
              [
                105.703716,
                20.886637
              ],
              [
                105.703776,
                20.886449
              ],
              [
                105.703779,
                20.886439
              ],
              [
                105.70378,
                20.886438
              ],
              [
                105.703784,
                20.886423
              ],
              [
                105.703932,
                20.885966
              ],
              [
                105.70403,
                20.885658
              ],
              [
                105.704057,
                20.885576
              ],
              [
                105.703225,
                20.885555
              ],
              [
                105.702166,
                20.885569
              ],
              [
                105.701954,
                20.885557
              ],
              [
                105.701334,
                20.885511
              ],
              [
                105.701262,
                20.88601
              ],
              [
                105.700756,
                20.885997
              ],
              [
                105.700752,
                20.88606
              ],
              [
                105.700693,
                20.886055
              ],
              [
                105.70067,
                20.886079
              ],
              [
                105.700646,
                20.886338
              ],
              [
                105.70061,
                20.886383
              ],
              [
                105.700516,
                20.886455
              ],
              [
                105.70045,
                20.886505
              ],
              [
                105.700382,
                20.886556
              ],
              [
                105.70036,
                20.886645
              ],
              [
                105.700328,
                20.886739
              ],
              [
                105.700333,
                20.886811
              ],
              [
                105.700442,
                20.8871
              ],
              [
                105.700507,
                20.887278
              ],
              [
                105.700494,
                20.887345
              ],
              [
                105.700463,
                20.887496
              ],
              [
                105.70038,
                20.887472
              ],
              [
                105.700045,
                20.887458
              ],
              [
                105.700019,
                20.887458
              ],
              [
                105.699501,
                20.887447
              ],
              [
                105.699179,
                20.887447
              ],
              [
                105.698698,
                20.887443
              ],
              [
                105.698657,
                20.887446
              ],
              [
                105.69865,
                20.887306
              ],
              [
                105.698621,
                20.887301
              ],
              [
                105.698163,
                20.887294
              ],
              [
                105.697799,
                20.887298
              ],
              [
                105.697866,
                20.887689
              ],
              [
                105.697856,
                20.887815
              ],
              [
                105.697828,
                20.888156
              ],
              [
                105.697827,
                20.88817
              ],
              [
                105.697813,
                20.888205
              ],
              [
                105.697802,
                20.88821
              ],
              [
                105.697758,
                20.888232
              ],
              [
                105.697563,
                20.888239
              ],
              [
                105.697413,
                20.888245
              ],
              [
                105.697239,
                20.888235
              ],
              [
                105.697232,
                20.8887
              ],
              [
                105.697232,
                20.888731
              ],
              [
                105.697228,
                20.888968
              ],
              [
                105.696696,
                20.888918
              ],
              [
                105.696632,
                20.888912
              ],
              [
                105.696654,
                20.889109
              ],
              [
                105.696701,
                20.889515
              ],
              [
                105.696739,
                20.889842
              ],
              [
                105.696742,
                20.889869
              ],
              [
                105.696777,
                20.890133
              ],
              [
                105.696791,
                20.890214
              ],
              [
                105.696797,
                20.890256
              ],
              [
                105.696783,
                20.890256
              ],
              [
                105.692874,
                20.890397
              ],
              [
                105.692703,
                20.890449
              ],
              [
                105.69219,
                20.890385
              ],
              [
                105.692094,
                20.890373
              ],
              [
                105.691915,
                20.89035
              ],
              [
                105.691221,
                20.890263
              ],
              [
                105.691006,
                20.890236
              ],
              [
                105.690555,
                20.890169
              ],
              [
                105.69054,
                20.890191
              ],
              [
                105.690359,
                20.890164
              ],
              [
                105.689381,
                20.890046
              ],
              [
                105.688817,
                20.889977
              ],
              [
                105.688128,
                20.889874
              ],
              [
                105.687615,
                20.889805
              ],
              [
                105.687567,
                20.889805
              ],
              [
                105.687539,
                20.889805
              ],
              [
                105.687502,
                20.889808
              ],
              [
                105.687476,
                20.889825
              ],
              [
                105.687432,
                20.889879
              ],
              [
                105.687355,
                20.889984
              ],
              [
                105.687234,
                20.890136
              ],
              [
                105.686836,
                20.890696
              ],
              [
                105.68672,
                20.890911
              ],
              [
                105.686715,
                20.890908
              ],
              [
                105.686674,
                20.890881
              ],
              [
                105.686654,
                20.890864
              ],
              [
                105.686329,
                20.890585
              ],
              [
                105.68512,
                20.889563
              ],
              [
                105.683273,
                20.888051
              ],
              [
                105.6832,
                20.888012
              ],
              [
                105.683198,
                20.888015
              ],
              [
                105.683188,
                20.888031
              ],
              [
                105.682885,
                20.888523
              ],
              [
                105.682535,
                20.889125
              ],
              [
                105.682516,
                20.889158
              ],
              [
                105.682147,
                20.889782
              ],
              [
                105.681947,
                20.89011
              ],
              [
                105.681877,
                20.890225
              ],
              [
                105.681852,
                20.890268
              ],
              [
                105.681195,
                20.891434
              ],
              [
                105.680608,
                20.892361
              ],
              [
                105.680604,
                20.892359
              ],
              [
                105.680453,
                20.89229
              ],
              [
                105.680237,
                20.892211
              ],
              [
                105.678863,
                20.89171
              ],
              [
                105.677584,
                20.891274
              ],
              [
                105.677202,
                20.891139
              ],
              [
                105.677202,
                20.891139
              ],
              [
                105.677046,
                20.891084
              ],
              [
                105.67693,
                20.891045
              ],
              [
                105.676858,
                20.891766
              ],
              [
                105.676833,
                20.892257
              ],
              [
                105.676831,
                20.892284
              ],
              [
                105.676826,
                20.8924
              ],
              [
                105.676812,
                20.892666
              ],
              [
                105.676801,
                20.892889
              ],
              [
                105.676799,
                20.892932
              ],
              [
                105.676794,
                20.892942
              ],
              [
                105.676428,
                20.893667
              ],
              [
                105.676392,
                20.893739
              ],
              [
                105.675357,
                20.895018
              ],
              [
                105.675242,
                20.89516
              ],
              [
                105.675214,
                20.895195
              ],
              [
                105.675189,
                20.895226
              ],
              [
                105.675176,
                20.895241
              ],
              [
                105.675367,
                20.895487
              ],
              [
                105.675462,
                20.89561
              ],
              [
                105.675446,
                20.895638
              ],
              [
                105.675406,
                20.895709
              ],
              [
                105.675407,
                20.895753
              ],
              [
                105.675424,
                20.895795
              ],
              [
                105.675424,
                20.895819
              ],
              [
                105.675412,
                20.895837
              ],
              [
                105.675313,
                20.895968
              ],
              [
                105.67531,
                20.89597
              ],
              [
                105.675232,
                20.896038
              ],
              [
                105.675218,
                20.896054
              ],
              [
                105.675206,
                20.89607
              ],
              [
                105.675194,
                20.896089
              ],
              [
                105.675192,
                20.896094
              ],
              [
                105.675185,
                20.896108
              ],
              [
                105.67518,
                20.896126
              ],
              [
                105.675175,
                20.896144
              ],
              [
                105.675173,
                20.896162
              ],
              [
                105.675171,
                20.89618
              ],
              [
                105.675171,
                20.896199
              ],
              [
                105.675172,
                20.896218
              ],
              [
                105.675175,
                20.896238
              ],
              [
                105.675179,
                20.896258
              ],
              [
                105.675185,
                20.896278
              ],
              [
                105.67519,
                20.896298
              ],
              [
                105.675209,
                20.896358
              ],
              [
                105.675221,
                20.896399
              ],
              [
                105.675224,
                20.896409
              ],
              [
                105.675283,
                20.896398
              ],
              [
                105.675346,
                20.896407
              ],
              [
                105.675455,
                20.896434
              ],
              [
                105.675512,
                20.896493
              ],
              [
                105.675509,
                20.896568
              ],
              [
                105.675464,
                20.896693
              ],
              [
                105.675463,
                20.896719
              ],
              [
                105.675442,
                20.896755
              ],
              [
                105.675389,
                20.896796
              ],
              [
                105.675348,
                20.896822
              ],
              [
                105.675326,
                20.896846
              ],
              [
                105.675313,
                20.896877
              ],
              [
                105.675313,
                20.896901
              ],
              [
                105.675339,
                20.896957
              ],
              [
                105.675295,
                20.897052
              ],
              [
                105.675301,
                20.897119
              ],
              [
                105.675312,
                20.897199
              ],
              [
                105.675336,
                20.897212
              ],
              [
                105.675359,
                20.897254
              ],
              [
                105.67538,
                20.897349
              ],
              [
                105.675373,
                20.897398
              ],
              [
                105.675362,
                20.897481
              ],
              [
                105.675254,
                20.897638
              ],
              [
                105.675097,
                20.897718
              ],
              [
                105.675131,
                20.897768
              ],
              [
                105.675189,
                20.897855
              ],
              [
                105.675211,
                20.897891
              ],
              [
                105.675217,
                20.897906
              ],
              [
                105.675218,
                20.897912
              ],
              [
                105.675213,
                20.897916
              ],
              [
                105.6752,
                20.897931
              ],
              [
                105.675188,
                20.897947
              ],
              [
                105.675176,
                20.897963
              ],
              [
                105.675171,
                20.897972
              ],
              [
                105.675166,
                20.897981
              ],
              [
                105.675156,
                20.897999
              ],
              [
                105.675147,
                20.898017
              ],
              [
                105.67513,
                20.898054
              ],
              [
                105.675115,
                20.898092
              ],
              [
                105.6751,
                20.89813
              ],
              [
                105.675094,
                20.898149
              ],
              [
                105.675085,
                20.898178
              ],
              [
                105.67507,
                20.898227
              ],
              [
                105.675064,
                20.898246
              ],
              [
                105.675057,
                20.898264
              ],
              [
                105.67505,
                20.898281
              ],
              [
                105.675035,
                20.898313
              ],
              [
                105.675028,
                20.89833
              ],
              [
                105.675022,
                20.898347
              ],
              [
                105.675019,
                20.898363
              ],
              [
                105.675019,
                20.898379
              ],
              [
                105.675023,
                20.898395
              ],
              [
                105.675031,
                20.89841
              ],
              [
                105.675042,
                20.898424
              ],
              [
                105.675056,
                20.898436
              ],
              [
                105.675071,
                20.898448
              ],
              [
                105.675104,
                20.898472
              ],
              [
                105.67512,
                20.898485
              ],
              [
                105.675138,
                20.898499
              ],
              [
                105.675154,
                20.898514
              ],
              [
                105.67517,
                20.89853
              ],
              [
                105.675186,
                20.898547
              ],
              [
                105.675201,
                20.898564
              ],
              [
                105.675215,
                20.898582
              ],
              [
                105.675227,
                20.8986
              ],
              [
                105.675236,
                20.898615
              ],
              [
                105.675245,
                20.898631
              ],
              [
                105.675251,
                20.898647
              ],
              [
                105.675257,
                20.898663
              ],
              [
                105.67526,
                20.898679
              ],
              [
                105.675262,
                20.898698
              ],
              [
                105.675262,
                20.898701
              ],
              [
                105.675272,
                20.898724
              ],
              [
                105.675314,
                20.89883
              ],
              [
                105.67537,
                20.898946
              ],
              [
                105.675379,
                20.899021
              ],
              [
                105.675358,
                20.89911
              ],
              [
                105.675317,
                20.899183
              ],
              [
                105.675227,
                20.899297
              ],
              [
                105.675138,
                20.899368
              ],
              [
                105.675093,
                20.899449
              ],
              [
                105.675081,
                20.899505
              ],
              [
                105.675081,
                20.899535
              ],
              [
                105.675108,
                20.899566
              ],
              [
                105.675168,
                20.899729
              ],
              [
                105.675266,
                20.899804
              ],
              [
                105.675317,
                20.899785
              ],
              [
                105.675377,
                20.899768
              ],
              [
                105.675445,
                20.89976
              ],
              [
                105.675516,
                20.899774
              ],
              [
                105.675809,
                20.899951
              ],
              [
                105.676059,
                20.900088
              ],
              [
                105.676031,
                20.90016
              ],
              [
                105.675974,
                20.900241
              ],
              [
                105.675906,
                20.900317
              ],
              [
                105.676097,
                20.900416
              ],
              [
                105.676378,
                20.900522
              ],
              [
                105.676659,
                20.900581
              ],
              [
                105.676907,
                20.900581
              ],
              [
                105.677067,
                20.900571
              ],
              [
                105.677069,
                20.900571
              ],
              [
                105.676942,
                20.90104
              ],
              [
                105.676918,
                20.901119
              ],
              [
                105.676831,
                20.901412
              ],
              [
                105.676613,
                20.90221
              ],
              [
                105.676309,
                20.903301
              ],
              [
                105.675984,
                20.904496
              ],
              [
                105.675748,
                20.905398
              ],
              [
                105.675704,
                20.905548
              ],
              [
                105.675518,
                20.906183
              ],
              [
                105.675478,
                20.906326
              ],
              [
                105.675397,
                20.906547
              ],
              [
                105.675121,
                20.907251
              ],
              [
                105.674961,
                20.907675
              ],
              [
                105.674677,
                20.908361
              ],
              [
                105.674506,
                20.908805
              ],
              [
                105.674304,
                20.909335
              ],
              [
                105.674158,
                20.909711
              ],
              [
                105.674093,
                20.909871
              ],
              [
                105.673916,
                20.910309
              ],
              [
                105.673701,
                20.910864
              ],
              [
                105.673431,
                20.911538
              ],
              [
                105.673192,
                20.912172
              ],
              [
                105.672886,
                20.912935
              ],
              [
                105.672655,
                20.913524
              ],
              [
                105.672608,
                20.913643
              ],
              [
                105.672661,
                20.913689
              ],
              [
                105.672661,
                20.913689
              ],
              [
                105.672694,
                20.913716
              ],
              [
                105.672745,
                20.913759
              ],
              [
                105.672837,
                20.913837
              ],
              [
                105.673111,
                20.914118
              ],
              [
                105.674014,
                20.915106
              ],
              [
                105.67451,
                20.91562
              ],
              [
                105.674599,
                20.915698
              ],
              [
                105.675101,
                20.916136
              ],
              [
                105.675251,
                20.916267
              ],
              [
                105.67542,
                20.916412
              ],
              [
                105.676018,
                20.916925
              ],
              [
                105.67655,
                20.917367
              ],
              [
                105.676632,
                20.917546
              ],
              [
                105.676714,
                20.917726
              ],
              [
                105.676824,
                20.917957
              ],
              [
                105.676824,
                20.917957
              ],
              [
                105.676863,
                20.918041
              ],
              [
                105.676933,
                20.918188
              ],
              [
                105.677027,
                20.918365
              ],
              [
                105.677013,
                20.918585
              ],
              [
                105.67708,
                20.918816
              ],
              [
                105.67705,
                20.918935
              ],
              [
                105.67703,
                20.919006
              ],
              [
                105.677048,
                20.919116
              ],
              [
                105.677187,
                20.920465
              ],
              [
                105.677328,
                20.921758
              ],
              [
                105.677354,
                20.922424
              ],
              [
                105.677349,
                20.922522
              ],
              [
                105.677349,
                20.922578
              ],
              [
                105.67735,
                20.922607
              ],
              [
                105.677352,
                20.922634
              ],
              [
                105.677355,
                20.922659
              ],
              [
                105.677359,
                20.92268
              ],
              [
                105.677364,
                20.922699
              ],
              [
                105.677372,
                20.922718
              ],
              [
                105.677417,
                20.923501
              ],
              [
                105.677381,
                20.923509
              ],
              [
                105.677351,
                20.923532
              ],
              [
                105.677314,
                20.923565
              ],
              [
                105.677253,
                20.923595
              ],
              [
                105.677214,
                20.923627
              ],
              [
                105.677199,
                20.923645
              ],
              [
                105.677177,
                20.923666
              ],
              [
                105.67714,
                20.923705
              ],
              [
                105.677114,
                20.923731
              ],
              [
                105.677099,
                20.923747
              ],
              [
                105.677058,
                20.923784
              ],
              [
                105.677034,
                20.923814
              ],
              [
                105.676972,
                20.923875
              ],
              [
                105.676945,
                20.923898
              ],
              [
                105.676925,
                20.923909
              ],
              [
                105.676912,
                20.923916
              ],
              [
                105.676898,
                20.923918
              ],
              [
                105.676886,
                20.923915
              ],
              [
                105.676691,
                20.924063
              ],
              [
                105.676569,
                20.923987
              ],
              [
                105.676416,
                20.923926
              ],
              [
                105.676248,
                20.923872
              ],
              [
                105.676103,
                20.923833
              ],
              [
                105.675695,
                20.923747
              ],
              [
                105.675434,
                20.923691
              ],
              [
                105.675248,
                20.923654
              ],
              [
                105.675247,
                20.923653
              ],
              [
                105.675214,
                20.923649
              ],
              [
                105.675203,
                20.924019
              ],
              [
                105.675186,
                20.924365
              ],
              [
                105.675167,
                20.924651
              ],
              [
                105.67512,
                20.925358
              ],
              [
                105.675098,
                20.925734
              ],
              [
                105.675075,
                20.926111
              ],
              [
                105.67507,
                20.926186
              ],
              [
                105.675067,
                20.926238
              ],
              [
                105.675038,
                20.926727
              ],
              [
                105.675035,
                20.926771
              ],
              [
                105.674996,
                20.927439
              ],
              [
                105.674969,
                20.927909
              ],
              [
                105.674968,
                20.927921
              ],
              [
                105.674964,
                20.92802
              ],
              [
                105.674935,
                20.928504
              ],
              [
                105.674956,
                20.928879
              ],
              [
                105.674833,
                20.928875
              ],
              [
                105.67441,
                20.928869
              ],
              [
                105.674166,
                20.928865
              ],
              [
                105.673957,
                20.928861
              ],
              [
                105.673849,
                20.928858
              ],
              [
                105.673411,
                20.928849
              ],
              [
                105.67332,
                20.928846
              ],
              [
                105.673013,
                20.928839
              ],
              [
                105.67297,
                20.928835
              ],
              [
                105.672975,
                20.929003
              ],
              [
                105.67298,
                20.929097
              ],
              [
                105.672977,
                20.929163
              ],
              [
                105.672972,
                20.929196
              ],
              [
                105.672381,
                20.929174
              ],
              [
                105.672373,
                20.929197
              ],
              [
                105.672258,
                20.92952
              ],
              [
                105.672244,
                20.929573
              ],
              [
                105.67219,
                20.929725
              ],
              [
                105.672139,
                20.930034
              ],
              [
                105.672297,
                20.930059
              ],
              [
                105.672353,
                20.930068
              ],
              [
                105.672339,
                20.93014
              ],
              [
                105.672304,
                20.930785
              ],
              [
                105.672306,
                20.930889
              ],
              [
                105.672506,
                20.9309
              ],
              [
                105.672863,
                20.930916
              ],
              [
                105.672985,
                20.930921
              ],
              [
                105.673058,
                20.930918
              ],
              [
                105.673278,
                20.930909
              ],
              [
                105.673763,
                20.930819
              ],
              [
                105.674068,
                20.930779
              ],
              [
                105.674063,
                20.930941
              ],
              [
                105.674067,
                20.931148
              ],
              [
                105.674068,
                20.931213
              ],
              [
                105.674071,
                20.931356
              ],
              [
                105.674122,
                20.93159
              ],
              [
                105.674204,
                20.931841
              ],
              [
                105.674286,
                20.932145
              ],
              [
                105.674287,
                20.932367
              ],
              [
                105.674251,
                20.932602
              ],
              [
                105.674146,
                20.93286
              ],
              [
                105.674004,
                20.933024
              ],
              [
                105.6739,
                20.933109
              ],
              [
                105.673867,
                20.933136
              ],
              [
                105.673681,
                20.933195
              ],
              [
                105.673432,
                20.933237
              ],
              [
                105.673207,
                20.933226
              ],
              [
                105.672715,
                20.933199
              ],
              [
                105.671887,
                20.933173
              ],
              [
                105.671592,
                20.933166
              ],
              [
                105.671251,
                20.933158
              ],
              [
                105.671038,
                20.933144
              ],
              [
                105.671017,
                20.933569
              ],
              [
                105.670996,
                20.933826
              ],
              [
                105.670951,
                20.934775
              ],
              [
                105.670941,
                20.935025
              ],
              [
                105.668961,
                20.934935
              ],
              [
                105.667536,
                20.934883
              ],
              [
                105.665562,
                20.934812
              ],
              [
                105.665012,
                20.934798
              ],
              [
                105.665004,
                20.935048
              ],
              [
                105.664991,
                20.935456
              ],
              [
                105.664985,
                20.935815
              ],
              [
                105.664927,
                20.936518
              ],
              [
                105.664903,
                20.936809
              ],
              [
                105.664837,
                20.937952
              ],
              [
                105.664811,
                20.939076
              ],
              [
                105.66479,
                20.939946
              ],
              [
                105.664781,
                20.94014
              ],
              [
                105.664647,
                20.940132
              ],
              [
                105.66455,
                20.940126
              ],
              [
                105.662954,
                20.940029
              ],
              [
                105.662825,
                20.940026
              ],
              [
                105.662737,
                20.940024
              ],
              [
                105.662641,
                20.940021
              ],
              [
                105.662617,
                20.940478
              ],
              [
                105.662583,
                20.941158
              ],
              [
                105.662479,
                20.942862
              ],
              [
                105.662396,
                20.944709
              ],
              [
                105.662285,
                20.946355
              ],
              [
                105.662111,
                20.949161
              ],
              [
                105.662662,
                20.948999
              ],
              [
                105.662797,
                20.94896
              ],
              [
                105.662925,
                20.948938
              ],
              [
                105.663054,
                20.948916
              ],
              [
                105.663344,
                20.948901
              ],
              [
                105.665013,
                20.949223
              ],
              [
                105.666021,
                20.949418
              ],
              [
                105.667255,
                20.949657
              ],
              [
                105.667798,
                20.949766
              ],
              [
                105.668191,
                20.949846
              ],
              [
                105.668788,
                20.949966
              ],
              [
                105.67038,
                20.950286
              ],
              [
                105.67093,
                20.950397
              ],
              [
                105.67112,
                20.950435
              ],
              [
                105.67251,
                20.950698
              ],
              [
                105.672691,
                20.950737
              ],
              [
                105.6731,
                20.950825
              ],
              [
                105.673278,
                20.950863
              ],
              [
                105.673604,
                20.950924
              ],
              [
                105.67361,
                20.950925
              ],
              [
                105.673673,
                20.950937
              ],
              [
                105.673715,
                20.950946
              ],
              [
                105.674631,
                20.951127
              ],
              [
                105.675483,
                20.951305
              ],
              [
                105.675763,
                20.951365
              ],
              [
                105.676005,
                20.951389
              ],
              [
                105.676563,
                20.951542
              ],
              [
                105.676613,
                20.951441
              ],
              [
                105.67667,
                20.951357
              ],
              [
                105.676735,
                20.95131
              ],
              [
                105.6768,
                20.951284
              ],
              [
                105.676834,
                20.95127
              ],
              [
                105.676958,
                20.951195
              ],
              [
                105.677137,
                20.951087
              ],
              [
                105.677248,
                20.951031
              ],
              [
                105.677356,
                20.950976
              ],
              [
                105.677545,
                20.950908
              ],
              [
                105.677667,
                20.950864
              ],
              [
                105.67797,
                20.950799
              ],
              [
                105.678257,
                20.950732
              ],
              [
                105.678411,
                20.950714
              ],
              [
                105.678605,
                20.950987
              ],
              [
                105.678721,
                20.951024
              ],
              [
                105.679284,
                20.951204
              ],
              [
                105.679557,
                20.95165
              ],
              [
                105.679102,
                20.952177
              ],
              [
                105.679058,
                20.952782
              ],
              [
                105.679228,
                20.953105
              ],
              [
                105.679477,
                20.95324
              ],
              [
                105.679676,
                20.953348
              ],
              [
                105.679557,
                20.953822
              ],
              [
                105.679891,
                20.95417
              ],
              [
                105.679821,
                20.954289
              ],
              [
                105.679708,
                20.954457
              ],
              [
                105.680266,
                20.954609
              ],
              [
                105.680701,
                20.954728
              ],
              [
                105.680903,
                20.954783
              ],
              [
                105.681131,
                20.954833
              ],
              [
                105.681442,
                20.954903
              ],
              [
                105.682021,
                20.955032
              ],
              [
                105.682167,
                20.95506
              ],
              [
                105.683251,
                20.955357
              ],
              [
                105.68332,
                20.955376
              ],
              [
                105.683298,
                20.955546
              ],
              [
                105.683237,
                20.955933
              ],
              [
                105.683145,
                20.956713
              ],
              [
                105.683113,
                20.956988
              ],
              [
                105.683095,
                20.957101
              ],
              [
                105.68297,
                20.957863
              ],
              [
                105.68296,
                20.95793
              ],
              [
                105.68336,
                20.957981
              ],
              [
                105.684206,
                20.958118
              ],
              [
                105.684904,
                20.95823
              ],
              [
                105.686453,
                20.958484
              ],
              [
                105.686391,
                20.958761
              ],
              [
                105.686368,
                20.958864
              ],
              [
                105.686283,
                20.959278
              ],
              [
                105.68626,
                20.959384
              ],
              [
                105.686226,
                20.959528
              ],
              [
                105.686048,
                20.960403
              ],
              [
                105.685927,
                20.960961
              ],
              [
                105.686295,
                20.961075
              ],
              [
                105.6878,
                20.961491
              ],
              [
                105.687679,
                20.961836
              ],
              [
                105.68764,
                20.961915
              ],
              [
                105.687593,
                20.961976
              ],
              [
                105.68759,
                20.961977
              ],
              [
                105.687583,
                20.961987
              ],
              [
                105.687559,
                20.962062
              ],
              [
                105.687558,
                20.962063
              ],
              [
                105.687566,
                20.962062
              ],
              [
                105.687572,
                20.962062
              ],
              [
                105.687588,
                20.962061
              ],
              [
                105.687611,
                20.962062
              ],
              [
                105.687616,
                20.962063
              ],
              [
                105.687784,
                20.962089
              ],
              [
                105.688243,
                20.962119
              ],
              [
                105.68849,
                20.962186
              ],
              [
                105.688686,
                20.962238
              ],
              [
                105.688953,
                20.962172
              ],
              [
                105.689206,
                20.962109
              ],
              [
                105.689323,
                20.962101
              ],
              [
                105.689382,
                20.962095
              ],
              [
                105.689503,
                20.962082
              ],
              [
                105.689753,
                20.96203
              ],
              [
                105.689895,
                20.962003
              ],
              [
                105.689987,
                20.962034
              ],
              [
                105.690172,
                20.962168
              ],
              [
                105.690253,
                20.962214
              ],
              [
                105.690383,
                20.962467
              ],
              [
                105.690518,
                20.962354
              ],
              [
                105.690606,
                20.96233
              ],
              [
                105.691028,
                20.962113
              ],
              [
                105.69133,
                20.961998
              ],
              [
                105.691612,
                20.961886
              ],
              [
                105.692042,
                20.961744
              ],
              [
                105.692206,
                20.961702
              ],
              [
                105.6925,
                20.961588
              ],
              [
                105.692619,
                20.961542
              ],
              [
                105.692701,
                20.961638
              ],
              [
                105.692762,
                20.961706
              ],
              [
                105.692792,
                20.96174
              ],
              [
                105.692822,
                20.961772
              ],
              [
                105.692852,
                20.961803
              ],
              [
                105.692883,
                20.961833
              ],
              [
                105.692914,
                20.961863
              ],
              [
                105.69293,
                20.961877
              ],
              [
                105.692946,
                20.961891
              ],
              [
                105.692964,
                20.961906
              ],
              [
                105.692999,
                20.961934
              ],
              [
                105.693109,
                20.962015
              ],
              [
                105.693144,
                20.962043
              ],
              [
                105.693162,
                20.962057
              ],
              [
                105.693177,
                20.962071
              ],
              [
                105.693208,
                20.962099
              ],
              [
                105.693238,
                20.962128
              ],
              [
                105.693267,
                20.962158
              ],
              [
                105.693295,
                20.962189
              ],
              [
                105.693309,
                20.962206
              ],
              [
                105.693324,
                20.962224
              ],
              [
                105.693352,
                20.96226
              ],
              [
                105.693379,
                20.962295
              ],
              [
                105.693394,
                20.962315
              ],
              [
                105.693465,
                20.96241
              ],
              [
                105.69352,
                20.962575
              ],
              [
                105.693966,
                20.963135
              ],
              [
                105.694477,
                20.9638
              ],
              [
                105.694858,
                20.964283
              ],
              [
                105.695195,
                20.96471
              ],
              [
                105.695379,
                20.964749
              ],
              [
                105.695381,
                20.964749
              ],
              [
                105.695398,
                20.964755
              ],
              [
                105.695416,
                20.964759
              ],
              [
                105.695435,
                20.96476
              ],
              [
                105.695454,
                20.96476
              ],
              [
                105.695475,
                20.964758
              ],
              [
                105.695516,
                20.964751
              ],
              [
                105.695536,
                20.964748
              ],
              [
                105.695536,
                20.964748
              ]
            ]
          ]
        ]
      },
      "properties": {
        "code": "10015",
        "name": "Chương Mỹ",
        "nameEn": "Chuong My",
        "fullName": "Phường Chương Mỹ",
        "fullNameEn": "Chuong My Ward",
        "codeName": "chuong_my",
        "postalCode": "13438",
        "postalCodePrefix": "",
        "gisServerId": "diaphanhanhchinhcapxa_2025.3219",
        "areaKm2": 38.9
      }
    }
  ]
}