{
  "type": "FeatureCollection",
  "bbox": [
    105.59896,
    20.791789,
    105.690886,
    20.882054
  ],
  "features": [
    {
      "type": "Feature",
      "id": "10081",
      "bbox": [
        105.59896,
        20.791789,
        105.690886,
        20.882054
      ],
      "geometry": {
        "type": "MultiPolygon",
        "coordinates": [
          [
            [
              [
                105.64975,
                20.880228
              ],
              [
                105.649753,
                20.880089
              ],
              [
                105.649745,
                20.880045
              ],
              [
                105.649717,
                20.879878
              ],
              [
                105.649485,
                20.879217
              ],
              [
                105.64947,
                20.879178
              ],
              [
                105.649397,
                20.878995
              ],
              [
                105.649043,
                20.877849
              ],
              [
                105.648844,
                20.877177
              ],
              [
                105.648773,
                20.876728
              ],
              [
                105.648765,
                20.876672
              ],
              [
                105.648754,
                20.876525
              ],
              [
                105.648737,
                20.876303
              ],
              [
                105.648804,
                20.87599
              ],
              [
                105.648948,
                20.875725
              ],
              [
                105.649237,
                20.875483
              ],
              [
                105.649577,
                20.875338
              ],
              [
                105.649578,
                20.875338
              ],
              [
                105.649861,
                20.875321
              ],
              [
                105.650182,
                20.875425
              ],
              [
                105.650549,
                20.875724
              ],
              [
                105.651116,
                20.876214
              ],
              [
                105.651678,
                20.876767
              ],
              [
                105.652082,
                20.877334
              ],
              [
                105.652303,
                20.877773
              ],
              [
                105.652615,
                20.878293
              ],
              [
                105.652968,
                20.878698
              ],
              [
                105.653419,
                20.878993
              ],
              [
                105.65346,
                20.879008
              ],
              [
                105.65365,
                20.879075
              ],
              [
                105.653671,
                20.879082
              ],
              [
                105.653914,
                20.879168
              ],
              [
                105.654175,
                20.879203
              ],
              [
                105.654747,
                20.879161
              ],
              [
                105.655075,
                20.879148
              ],
              [
                105.655626,
                20.879099
              ],
              [
                105.656479,
                20.879112
              ],
              [
                105.657443,
                20.87918
              ],
              [
                105.65774,
                20.879209
              ],
              [
                105.658501,
                20.879281
              ],
              [
                105.658733,
                20.879299
              ],
              [
                105.659294,
                20.879321
              ],
              [
                105.659816,
                20.87934
              ],
              [
                105.660705,
                20.879321
              ],
              [
                105.660597,
                20.878775
              ],
              [
                105.660566,
                20.878498
              ],
              [
                105.660768,
                20.878318
              ],
              [
                105.660981,
                20.878109
              ],
              [
                105.661156,
                20.877989
              ],
              [
                105.661273,
                20.877852
              ],
              [
                105.661391,
                20.877632
              ],
              [
                105.661428,
                20.877572
              ],
              [
                105.661454,
                20.877547
              ],
              [
                105.661577,
                20.877562
              ],
              [
                105.661673,
                20.877547
              ],
              [
                105.661865,
                20.877452
              ],
              [
                105.662067,
                20.877314
              ],
              [
                105.662223,
                20.877198
              ],
              [
                105.66169,
                20.876566
              ],
              [
                105.661382,
                20.876068
              ],
              [
                105.661607,
                20.875931
              ],
              [
                105.661987,
                20.876257
              ],
              [
                105.662186,
                20.876059
              ],
              [
                105.662344,
                20.875998
              ],
              [
                105.662516,
                20.876022
              ],
              [
                105.662695,
                20.876206
              ],
              [
                105.662868,
                20.876462
              ],
              [
                105.663053,
                20.876599
              ],
              [
                105.663186,
                20.87664
              ],
              [
                105.663291,
                20.876702
              ],
              [
                105.663298,
                20.876706
              ],
              [
                105.663307,
                20.876712
              ],
              [
                105.663435,
                20.876789
              ],
              [
                105.663499,
                20.876842
              ],
              [
                105.663543,
                20.876723
              ],
              [
                105.663631,
                20.876483
              ],
              [
                105.663687,
                20.876376
              ],
              [
                105.663751,
                20.876321
              ],
              [
                105.663808,
                20.876285
              ],
              [
                105.66399,
                20.876227
              ],
              [
                105.664639,
                20.876423
              ],
              [
                105.664925,
                20.876537
              ],
              [
                105.665348,
                20.876872
              ],
              [
                105.665656,
                20.876376
              ],
              [
                105.665667,
                20.876359
              ],
              [
                105.665678,
                20.876332
              ],
              [
                105.66606,
                20.875461
              ],
              [
                105.666646,
                20.874123
              ],
              [
                105.666664,
                20.874079
              ],
              [
                105.666511,
                20.874025
              ],
              [
                105.666237,
                20.873915
              ],
              [
                105.666019,
                20.873809
              ],
              [
                105.665975,
                20.873784
              ],
              [
                105.665966,
                20.873784
              ],
              [
                105.665954,
                20.873784
              ],
              [
                105.6659,
                20.873775
              ],
              [
                105.665711,
                20.873753
              ],
              [
                105.665563,
                20.873733
              ],
              [
                105.665463,
                20.873714
              ],
              [
                105.665157,
                20.873609
              ],
              [
                105.665148,
                20.873606
              ],
              [
                105.664953,
                20.87351
              ],
              [
                105.664665,
                20.873389
              ],
              [
                105.664634,
                20.873399
              ],
              [
                105.664576,
                20.873396
              ],
              [
                105.664426,
                20.873345
              ],
              [
                105.664172,
                20.873191
              ],
              [
                105.663992,
                20.873083
              ],
              [
                105.66386,
                20.873004
              ],
              [
                105.663912,
                20.872923
              ],
              [
                105.664027,
                20.872705
              ],
              [
                105.664069,
                20.872589
              ],
              [
                105.664085,
                20.872514
              ],
              [
                105.664086,
                20.8725
              ],
              [
                105.664094,
                20.872407
              ],
              [
                105.664098,
                20.872243
              ],
              [
                105.664115,
                20.872173
              ],
              [
                105.664121,
                20.872145
              ],
              [
                105.664154,
                20.871996
              ],
              [
                105.664169,
                20.871761
              ],
              [
                105.664189,
                20.871689
              ],
              [
                105.664211,
                20.87161
              ],
              [
                105.664232,
                20.871554
              ],
              [
                105.664279,
                20.87149
              ],
              [
                105.664317,
                20.871455
              ],
              [
                105.664479,
                20.871307
              ],
              [
                105.665276,
                20.870792
              ],
              [
                105.665451,
                20.870886
              ],
              [
                105.666939,
                20.87168
              ],
              [
                105.667096,
                20.871467
              ],
              [
                105.667339,
                20.871594
              ],
              [
                105.667499,
                20.871648
              ],
              [
                105.667676,
                20.8716
              ],
              [
                105.667859,
                20.871542
              ],
              [
                105.668414,
                20.871812
              ],
              [
                105.669303,
                20.872279
              ],
              [
                105.671043,
                20.869579
              ],
              [
                105.671232,
                20.869565
              ],
              [
                105.671832,
                20.869587
              ],
              [
                105.672291,
                20.869719
              ],
              [
                105.672688,
                20.86989
              ],
              [
                105.672955,
                20.870352
              ],
              [
                105.673018,
                20.870811
              ],
              [
                105.673888,
                20.870278
              ],
              [
                105.674177,
                20.869948
              ],
              [
                105.674446,
                20.869597
              ],
              [
                105.674887,
                20.86906
              ],
              [
                105.675389,
                20.86845
              ],
              [
                105.67597,
                20.867746
              ],
              [
                105.676587,
                20.866984
              ],
              [
                105.677139,
                20.866305
              ],
              [
                105.677304,
                20.866093
              ],
              [
                105.677281,
                20.866068
              ],
              [
                105.677161,
                20.865997
              ],
              [
                105.676911,
                20.865744
              ],
              [
                105.676357,
                20.865134
              ],
              [
                105.67647,
                20.864806
              ],
              [
                105.67704,
                20.864871
              ],
              [
                105.677135,
                20.864524
              ],
              [
                105.6774,
                20.864576
              ],
              [
                105.677932,
                20.86457
              ],
              [
                105.678371,
                20.864363
              ],
              [
                105.678822,
                20.863869
              ],
              [
                105.679084,
                20.863004
              ],
              [
                105.679293,
                20.861575
              ],
              [
                105.679624,
                20.860254
              ],
              [
                105.679976,
                20.859374
              ],
              [
                105.680386,
                20.858613
              ],
              [
                105.68103,
                20.857631
              ],
              [
                105.681769,
                20.856612
              ],
              [
                105.682313,
                20.856067
              ],
              [
                105.683187,
                20.855364
              ],
              [
                105.683934,
                20.854602
              ],
              [
                105.684579,
                20.853895
              ],
              [
                105.684907,
                20.853302
              ],
              [
                105.685266,
                20.852542
              ],
              [
                105.685396,
                20.851848
              ],
              [
                105.685549,
                20.850533
              ],
              [
                105.685527,
                20.849822
              ],
              [
                105.685358,
                20.849028
              ],
              [
                105.685234,
                20.848383
              ],
              [
                105.684887,
                20.847447
              ],
              [
                105.684609,
                20.846534
              ],
              [
                105.684586,
                20.845679
              ],
              [
                105.684686,
                20.845219
              ],
              [
                105.684899,
                20.844674
              ],
              [
                105.685152,
                20.844375
              ],
              [
                105.685406,
                20.844153
              ],
              [
                105.685742,
                20.844046
              ],
              [
                105.685785,
                20.844029
              ],
              [
                105.685737,
                20.843568
              ],
              [
                105.685627,
                20.841641
              ],
              [
                105.685619,
                20.841496
              ],
              [
                105.685605,
                20.84137
              ],
              [
                105.686144,
                20.841617
              ],
              [
                105.686225,
                20.841655
              ],
              [
                105.686502,
                20.841294
              ],
              [
                105.686832,
                20.840914
              ],
              [
                105.686813,
                20.840745
              ],
              [
                105.686764,
                20.840412
              ],
              [
                105.686708,
                20.839921
              ],
              [
                105.686689,
                20.83976
              ],
              [
                105.68669,
                20.839649
              ],
              [
                105.68671,
                20.83953
              ],
              [
                105.686768,
                20.839265
              ],
              [
                105.686793,
                20.83916
              ],
              [
                105.686814,
                20.838976
              ],
              [
                105.686867,
                20.838569
              ],
              [
                105.686874,
                20.838455
              ],
              [
                105.686876,
                20.838443
              ],
              [
                105.686901,
                20.838072
              ],
              [
                105.686907,
                20.837986
              ],
              [
                105.686918,
                20.837871
              ],
              [
                105.686919,
                20.837871
              ],
              [
                105.68692,
                20.837856
              ],
              [
                105.687007,
                20.837221
              ],
              [
                105.687401,
                20.837282
              ],
              [
                105.689575,
                20.837623
              ],
              [
                105.689578,
                20.837608
              ],
              [
                105.68959,
                20.837551
              ],
              [
                105.690054,
                20.835318
              ],
              [
                105.690073,
                20.83509
              ],
              [
                105.690264,
                20.834147
              ],
              [
                105.690267,
                20.834133
              ],
              [
                105.690414,
                20.833354
              ],
              [
                105.690567,
                20.832578
              ],
              [
                105.690777,
                20.831595
              ],
              [
                105.690879,
                20.83107
              ],
              [
                105.690884,
                20.831039
              ],
              [
                105.690886,
                20.831023
              ],
              [
                105.690842,
                20.831019
              ],
              [
                105.690418,
                20.831022
              ],
              [
                105.690375,
                20.831022
              ],
              [
                105.69036,
                20.831022
              ],
              [
                105.690217,
                20.831022
              ],
              [
                105.690192,
                20.831017
              ],
              [
                105.690048,
                20.830979
              ],
              [
                105.689943,
                20.830953
              ],
              [
                105.689842,
                20.83092
              ],
              [
                105.689838,
                20.830918
              ],
              [
                105.68975,
                20.830889
              ],
              [
                105.68966,
                20.830859
              ],
              [
                105.68948,
                20.830826
              ],
              [
                105.68938,
                20.830816
              ],
              [
                105.689289,
                20.830807
              ],
              [
                105.68899,
                20.830806
              ],
              [
                105.688668,
                20.830791
              ],
              [
                105.688034,
                20.830468
              ],
              [
                105.687975,
                20.830452
              ],
              [
                105.687823,
                20.830396
              ],
              [
                105.685602,
                20.829476
              ],
              [
                105.685576,
                20.829454
              ],
              [
                105.685708,
                20.82934
              ],
              [
                105.685796,
                20.829264
              ],
              [
                105.685897,
                20.829179
              ],
              [
                105.685915,
                20.829164
              ],
              [
                105.686046,
                20.829017
              ],
              [
                105.686268,
                20.828767
              ],
              [
                105.686315,
                20.828714
              ],
              [
                105.686403,
                20.828597
              ],
              [
                105.686527,
                20.8284
              ],
              [
                105.686575,
                20.82831
              ],
              [
                105.68661,
                20.828245
              ],
              [
                105.686669,
                20.828136
              ],
              [
                105.686716,
                20.828031
              ],
              [
                105.68673,
                20.827889
              ],
              [
                105.686311,
                20.827852
              ],
              [
                105.685814,
                20.827808
              ],
              [
                105.685714,
                20.827791
              ],
              [
                105.685698,
                20.827729
              ],
              [
                105.685322,
                20.826261
              ],
              [
                105.685242,
                20.826236
              ],
              [
                105.684986,
                20.826151
              ],
              [
                105.684993,
                20.826046
              ],
              [
                105.684919,
                20.82606
              ],
              [
                105.684686,
                20.826521
              ],
              [
                105.684355,
                20.826481
              ],
              [
                105.684244,
                20.826285
              ],
              [
                105.684233,
                20.826266
              ],
              [
                105.683947,
                20.826056
              ],
              [
                105.683704,
                20.825879
              ],
              [
                105.683704,
                20.82588
              ],
              [
                105.683494,
                20.825845
              ],
              [
                105.682964,
                20.826678
              ],
              [
                105.682823,
                20.826606
              ],
              [
                105.682286,
                20.827306
              ],
              [
                105.681828,
                20.827159
              ],
              [
                105.681519,
                20.826981
              ],
              [
                105.681385,
                20.82695
              ],
              [
                105.681148,
                20.826936
              ],
              [
                105.68084,
                20.826905
              ],
              [
                105.680813,
                20.826818
              ],
              [
                105.680808,
                20.826417
              ],
              [
                105.680706,
                20.826354
              ],
              [
                105.680689,
                20.826347
              ],
              [
                105.679551,
                20.826128
              ],
              [
                105.679185,
                20.826077
              ],
              [
                105.678997,
                20.826035
              ],
              [
                105.678839,
                20.826059
              ],
              [
                105.678728,
                20.826122
              ],
              [
                105.678611,
                20.826228
              ],
              [
                105.6785,
                20.826424
              ],
              [
                105.678394,
                20.826673
              ],
              [
                105.678334,
                20.826826
              ],
              [
                105.67834,
                20.82697
              ],
              [
                105.678396,
                20.827118
              ],
              [
                105.678348,
                20.827156
              ],
              [
                105.67774,
                20.827055
              ],
              [
                105.677633,
                20.827193
              ],
              [
                105.677493,
                20.827158
              ],
              [
                105.677339,
                20.826997
              ],
              [
                105.677168,
                20.82698
              ],
              [
                105.676607,
                20.826725
              ],
              [
                105.675773,
                20.826423
              ],
              [
                105.675628,
                20.826579
              ],
              [
                105.674939,
                20.826223
              ],
              [
                105.674851,
                20.826337
              ],
              [
                105.674391,
                20.825933
              ],
              [
                105.674313,
                20.825763
              ],
              [
                105.673942,
                20.825386
              ],
              [
                105.673867,
                20.825309
              ],
              [
                105.67419,
                20.824943
              ],
              [
                105.674583,
                20.824685
              ],
              [
                105.674536,
                20.824591
              ],
              [
                105.674294,
                20.824099
              ],
              [
                105.674037,
                20.824227
              ],
              [
                105.673916,
                20.82432
              ],
              [
                105.673823,
                20.824436
              ],
              [
                105.673742,
                20.824532
              ],
              [
                105.673666,
                20.824615
              ],
              [
                105.673586,
                20.824664
              ],
              [
                105.673474,
                20.824708
              ],
              [
                105.673148,
                20.824764
              ],
              [
                105.673136,
                20.824764
              ],
              [
                105.672906,
                20.824767
              ],
              [
                105.672879,
                20.824767
              ],
              [
                105.672455,
                20.824606
              ],
              [
                105.672412,
                20.823975
              ],
              [
                105.671689,
                20.823863
              ],
              [
                105.671394,
                20.823854
              ],
              [
                105.671108,
                20.823569
              ],
              [
                105.670935,
                20.823426
              ],
              [
                105.670893,
                20.823187
              ],
              [
                105.670841,
                20.823025
              ],
              [
                105.670379,
                20.822883
              ],
              [
                105.670369,
                20.822754
              ],
              [
                105.670363,
                20.822653
              ],
              [
                105.670327,
                20.822591
              ],
              [
                105.67018,
                20.822525
              ],
              [
                105.670007,
                20.822507
              ],
              [
                105.669513,
                20.822413
              ],
              [
                105.669355,
                20.822385
              ],
              [
                105.66906,
                20.822286
              ],
              [
                105.668745,
                20.822253
              ],
              [
                105.668521,
                20.822278
              ],
              [
                105.668247,
                20.822399
              ],
              [
                105.667857,
                20.822023
              ],
              [
                105.667673,
                20.821937
              ],
              [
                105.66752,
                20.821785
              ],
              [
                105.667213,
                20.821346
              ],
              [
                105.666999,
                20.821223
              ],
              [
                105.666622,
                20.8211
              ],
              [
                105.666134,
                20.821111
              ],
              [
                105.666256,
                20.820664
              ],
              [
                105.666235,
                20.82066
              ],
              [
                105.665766,
                20.820627
              ],
              [
                105.665693,
                20.820591
              ],
              [
                105.665621,
                20.820509
              ],
              [
                105.665304,
                20.82034
              ],
              [
                105.663079,
                20.819162
              ],
              [
                105.662743,
                20.818968
              ],
              [
                105.662568,
                20.818939
              ],
              [
                105.662339,
                20.818888
              ],
              [
                105.661198,
                20.818586
              ],
              [
                105.661176,
                20.818486
              ],
              [
                105.66116,
                20.818384
              ],
              [
                105.661013,
                20.817998
              ],
              [
                105.660847,
                20.817861
              ],
              [
                105.660624,
                20.817731
              ],
              [
                105.659644,
                20.817364
              ],
              [
                105.658971,
                20.817058
              ],
              [
                105.658962,
                20.817079
              ],
              [
                105.6589,
                20.816969
              ],
              [
                105.658786,
                20.816908
              ],
              [
                105.658141,
                20.816565
              ],
              [
                105.658125,
                20.816555
              ],
              [
                105.658181,
                20.816459
              ],
              [
                105.658051,
                20.816393
              ],
              [
                105.658087,
                20.81633
              ],
              [
                105.658022,
                20.816306
              ],
              [
                105.658154,
                20.816091
              ],
              [
                105.658149,
                20.81609
              ],
              [
                105.658025,
                20.816031
              ],
              [
                105.657757,
                20.815905
              ],
              [
                105.657658,
                20.815846
              ],
              [
                105.657638,
                20.815815
              ],
              [
                105.657638,
                20.815778
              ],
              [
                105.657651,
                20.815725
              ],
              [
                105.657713,
                20.815622
              ],
              [
                105.65772,
                20.815578
              ],
              [
                105.657709,
                20.815523
              ],
              [
                105.657656,
                20.815395
              ],
              [
                105.657626,
                20.81527
              ],
              [
                105.657589,
                20.815218
              ],
              [
                105.657461,
                20.81513
              ],
              [
                105.657001,
                20.814897
              ],
              [
                105.657916,
                20.814752
              ],
              [
                105.659478,
                20.814247
              ],
              [
                105.659981,
                20.813387
              ],
              [
                105.660226,
                20.812977
              ],
              [
                105.660699,
                20.812185
              ],
              [
                105.661081,
                20.811518
              ],
              [
                105.661082,
                20.811515
              ],
              [
                105.661396,
                20.810968
              ],
              [
                105.661612,
                20.810605
              ],
              [
                105.66197,
                20.809995
              ],
              [
                105.66217,
                20.809643
              ],
              [
                105.662254,
                20.809495
              ],
              [
                105.662592,
                20.808902
              ],
              [
                105.662827,
                20.808531
              ],
              [
                105.662854,
                20.808435
              ],
              [
                105.662855,
                20.808381
              ],
              [
                105.662855,
                20.808346
              ],
              [
                105.662819,
                20.808351
              ],
              [
                105.662186,
                20.808427
              ],
              [
                105.661681,
                20.80848
              ],
              [
                105.660932,
                20.808551
              ],
              [
                105.660453,
                20.808591
              ],
              [
                105.660166,
                20.808601
              ],
              [
                105.659893,
                20.80856
              ],
              [
                105.65936,
                20.808394
              ],
              [
                105.659102,
                20.808314
              ],
              [
                105.658966,
                20.808272
              ],
              [
                105.658856,
                20.808253
              ],
              [
                105.658778,
                20.80824
              ],
              [
                105.658347,
                20.808205
              ],
              [
                105.658129,
                20.80823
              ],
              [
                105.657668,
                20.808373
              ],
              [
                105.657348,
                20.808508
              ],
              [
                105.657068,
                20.808627
              ],
              [
                105.656965,
                20.808673
              ],
              [
                105.65668,
                20.808802
              ],
              [
                105.656609,
                20.808836
              ],
              [
                105.656384,
                20.808926
              ],
              [
                105.6562,
                20.808971
              ],
              [
                105.655606,
                20.809023
              ],
              [
                105.654761,
                20.8091
              ],
              [
                105.653717,
                20.809172
              ],
              [
                105.652739,
                20.809251
              ],
              [
                105.651714,
                20.80934
              ],
              [
                105.650884,
                20.809401
              ],
              [
                105.649947,
                20.809468
              ],
              [
                105.649818,
                20.80948
              ],
              [
                105.649517,
                20.809508
              ],
              [
                105.649451,
                20.80953
              ],
              [
                105.649424,
                20.809528
              ],
              [
                105.649443,
                20.809511
              ],
              [
                105.649443,
                20.809222
              ],
              [
                105.649449,
                20.809073
              ],
              [
                105.649457,
                20.808067
              ],
              [
                105.649596,
                20.807123
              ],
              [
                105.649747,
                20.806348
              ],
              [
                105.649801,
                20.805883
              ],
              [
                105.649888,
                20.805411
              ],
              [
                105.649981,
                20.804883
              ],
              [
                105.650088,
                20.804277
              ],
              [
                105.650127,
                20.80365
              ],
              [
                105.650122,
                20.803116
              ],
              [
                105.6501,
                20.802838
              ],
              [
                105.65005,
                20.802475
              ],
              [
                105.650048,
                20.802105
              ],
              [
                105.65007,
                20.801953
              ],
              [
                105.650179,
                20.801299
              ],
              [
                105.650193,
                20.801116
              ],
              [
                105.650299,
                20.800122
              ],
              [
                105.650301,
                20.799996
              ],
              [
                105.650205,
                20.799658
              ],
              [
                105.650198,
                20.799287
              ],
              [
                105.650185,
                20.798811
              ],
              [
                105.650187,
                20.798795
              ],
              [
                105.650248,
                20.798293
              ],
              [
                105.650276,
                20.79815
              ],
              [
                105.650353,
                20.79776
              ],
              [
                105.650365,
                20.797617
              ],
              [
                105.650383,
                20.797402
              ],
              [
                105.650418,
                20.797044
              ],
              [
                105.650447,
                20.796664
              ],
              [
                105.650464,
                20.796445
              ],
              [
                105.650481,
                20.796266
              ],
              [
                105.65052,
                20.795887
              ],
              [
                105.650533,
                20.795564
              ],
              [
                105.650542,
                20.795191
              ],
              [
                105.650544,
                20.795122
              ],
              [
                105.650508,
                20.794798
              ],
              [
                105.650512,
                20.794773
              ],
              [
                105.650459,
                20.794506
              ],
              [
                105.650451,
                20.794363
              ],
              [
                105.64945,
                20.794012
              ],
              [
                105.647957,
                20.793691
              ],
              [
                105.647631,
                20.79361
              ],
              [
                105.647702,
                20.793204
              ],
              [
                105.647708,
                20.792998
              ],
              [
                105.647774,
                20.792785
              ],
              [
                105.647857,
                20.792661
              ],
              [
                105.647859,
                20.792654
              ],
              [
                105.64786,
                20.792647
              ],
              [
                105.647861,
                20.792642
              ],
              [
                105.647863,
                20.792636
              ],
              [
                105.647865,
                20.792627
              ],
              [
                105.647866,
                20.792622
              ],
              [
                105.647868,
                20.792617
              ],
              [
                105.647869,
                20.79261
              ],
              [
                105.647871,
                20.792603
              ],
              [
                105.647874,
                20.792594
              ],
              [
                105.647875,
                20.79259
              ],
              [
                105.647877,
                20.792585
              ],
              [
                105.647879,
                20.79258
              ],
              [
                105.647881,
                20.792575
              ],
              [
                105.647883,
                20.792569
              ],
              [
                105.647885,
                20.792563
              ],
              [
                105.647887,
                20.792556
              ],
              [
                105.64789,
                20.792549
              ],
              [
                105.647893,
                20.792542
              ],
              [
                105.647897,
                20.792534
              ],
              [
                105.647899,
                20.79253
              ],
              [
                105.6479,
                20.792526
              ],
              [
                105.647902,
                20.792522
              ],
              [
                105.647905,
                20.792517
              ],
              [
                105.647907,
                20.792513
              ],
              [
                105.647909,
                20.792508
              ],
              [
                105.647912,
                20.792504
              ],
              [
                105.647914,
                20.792499
              ],
              [
                105.647917,
                20.792494
              ],
              [
                105.64792,
                20.792489
              ],
              [
                105.647923,
                20.792484
              ],
              [
                105.647926,
                20.792479
              ],
              [
                105.64793,
                20.792473
              ],
              [
                105.647933,
                20.792468
              ],
              [
                105.647937,
                20.792462
              ],
              [
                105.647941,
                20.792456
              ],
              [
                105.647946,
                20.792451
              ],
              [
                105.647948,
                20.792448
              ],
              [
                105.64795,
                20.792445
              ],
              [
                105.647952,
                20.792442
              ],
              [
                105.647955,
                20.792439
              ],
              [
                105.647957,
                20.792436
              ],
              [
                105.64796,
                20.792433
              ],
              [
                105.647963,
                20.79243
              ],
              [
                105.647965,
                20.792427
              ],
              [
                105.647968,
                20.792424
              ],
              [
                105.647971,
                20.792421
              ],
              [
                105.647974,
                20.792418
              ],
              [
                105.647977,
                20.792415
              ],
              [
                105.64798,
                20.792412
              ],
              [
                105.647983,
                20.792409
              ],
              [
                105.647987,
                20.792406
              ],
              [
                105.64799,
                20.792403
              ],
              [
                105.647994,
                20.7924
              ],
              [
                105.647997,
                20.792397
              ],
              [
                105.648001,
                20.792394
              ],
              [
                105.648005,
                20.792391
              ],
              [
                105.648009,
                20.792388
              ],
              [
                105.648013,
                20.792385
              ],
              [
                105.648017,
                20.792382
              ],
              [
                105.648022,
                20.792379
              ],
              [
                105.648026,
                20.792376
              ],
              [
                105.648031,
                20.792374
              ],
              [
                105.648036,
                20.792371
              ],
              [
                105.648398,
                20.792103
              ],
              [
                105.646466,
                20.792263
              ],
              [
                105.646303,
                20.792279
              ],
              [
                105.64631,
                20.792322
              ],
              [
                105.646309,
                20.792322
              ],
              [
                105.646305,
                20.792334
              ],
              [
                105.646333,
                20.792702
              ],
              [
                105.646321,
                20.792912
              ],
              [
                105.646314,
                20.793061
              ],
              [
                105.646315,
                20.793355
              ],
              [
                105.646341,
                20.793503
              ],
              [
                105.646378,
                20.793711
              ],
              [
                105.646444,
                20.793987
              ],
              [
                105.646449,
                20.794013
              ],
              [
                105.646496,
                20.794266
              ],
              [
                105.646501,
                20.794362
              ],
              [
                105.646504,
                20.794455
              ],
              [
                105.646497,
                20.794611
              ],
              [
                105.646485,
                20.794709
              ],
              [
                105.646483,
                20.794719
              ],
              [
                105.646457,
                20.79487
              ],
              [
                105.646434,
                20.795006
              ],
              [
                105.646427,
                20.795027
              ],
              [
                105.646415,
                20.795067
              ],
              [
                105.646377,
                20.795139
              ],
              [
                105.646318,
                20.795218
              ],
              [
                105.646254,
                20.795287
              ],
              [
                105.646228,
                20.795314
              ],
              [
                105.646113,
                20.795403
              ],
              [
                105.646054,
                20.795441
              ],
              [
                105.646028,
                20.795457
              ],
              [
                105.645976,
                20.795503
              ],
              [
                105.645926,
                20.795572
              ],
              [
                105.645915,
                20.795591
              ],
              [
                105.645885,
                20.795643
              ],
              [
                105.645878,
                20.795656
              ],
              [
                105.64583,
                20.795769
              ],
              [
                105.645814,
                20.795826
              ],
              [
                105.645816,
                20.795869
              ],
              [
                105.645837,
                20.795911
              ],
              [
                105.645861,
                20.795939
              ],
              [
                105.645883,
                20.795965
              ],
              [
                105.64592,
                20.796021
              ],
              [
                105.645935,
                20.796065
              ],
              [
                105.645944,
                20.796112
              ],
              [
                105.645945,
                20.796202
              ],
              [
                105.645925,
                20.796312
              ],
              [
                105.645914,
                20.796382
              ],
              [
                105.645885,
                20.796433
              ],
              [
                105.645822,
                20.7965
              ],
              [
                105.645787,
                20.796529
              ],
              [
                105.645744,
                20.79655
              ],
              [
                105.645697,
                20.796547
              ],
              [
                105.645588,
                20.796514
              ],
              [
                105.64522,
                20.796406
              ],
              [
                105.644963,
                20.796331
              ],
              [
                105.644585,
                20.795322
              ],
              [
                105.644344,
                20.794681
              ],
              [
                105.644036,
                20.793894
              ],
              [
                105.643635,
                20.792853
              ],
              [
                105.643591,
                20.792738
              ],
              [
                105.643495,
                20.79277
              ],
              [
                105.643368,
                20.792832
              ],
              [
                105.64322,
                20.792912
              ],
              [
                105.642938,
                20.792901
              ],
              [
                105.642919,
                20.792924
              ],
              [
                105.642901,
                20.79304
              ],
              [
                105.642503,
                20.792955
              ],
              [
                105.642498,
                20.792863
              ],
              [
                105.642082,
                20.792817
              ],
              [
                105.6421,
                20.792751
              ],
              [
                105.642114,
                20.79262
              ],
              [
                105.642115,
                20.792619
              ],
              [
                105.642122,
                20.792579
              ],
              [
                105.642141,
                20.79254
              ],
              [
                105.642183,
                20.792489
              ],
              [
                105.642233,
                20.792438
              ],
              [
                105.642281,
                20.792383
              ],
              [
                105.642366,
                20.792301
              ],
              [
                105.642375,
                20.792285
              ],
              [
                105.642378,
                20.79227
              ],
              [
                105.642364,
                20.792254
              ],
              [
                105.642277,
                20.792192
              ],
              [
                105.642169,
                20.792104
              ],
              [
                105.642108,
                20.79205
              ],
              [
                105.642058,
                20.792024
              ],
              [
                105.642,
                20.792006
              ],
              [
                105.641852,
                20.791988
              ],
              [
                105.641763,
                20.791979
              ],
              [
                105.641634,
                20.791954
              ],
              [
                105.641533,
                20.791927
              ],
              [
                105.64146,
                20.791901
              ],
              [
                105.641416,
                20.791874
              ],
              [
                105.641317,
                20.791799
              ],
              [
                105.641277,
                20.79179
              ],
              [
                105.641157,
                20.791789
              ],
              [
                105.64107,
                20.791798
              ],
              [
                105.641025,
                20.791809
              ],
              [
                105.641011,
                20.791818
              ],
              [
                105.640995,
                20.791836
              ],
              [
                105.640983,
                20.79186
              ],
              [
                105.640976,
                20.791895
              ],
              [
                105.640978,
                20.791957
              ],
              [
                105.640974,
                20.792088
              ],
              [
                105.640971,
                20.79226
              ],
              [
                105.640955,
                20.792369
              ],
              [
                105.640933,
                20.792437
              ],
              [
                105.640907,
                20.792495
              ],
              [
                105.6409,
                20.792559
              ],
              [
                105.640898,
                20.79263
              ],
              [
                105.640904,
                20.792706
              ],
              [
                105.640751,
                20.792717
              ],
              [
                105.640726,
                20.792718
              ],
              [
                105.64061,
                20.792693
              ],
              [
                105.640601,
                20.792727
              ],
              [
                105.640554,
                20.792908
              ],
              [
                105.64026,
                20.79284
              ],
              [
                105.640226,
                20.792833
              ],
              [
                105.640042,
                20.792795
              ],
              [
                105.63995,
                20.792916
              ],
              [
                105.639549,
                20.793033
              ],
              [
                105.638737,
                20.793269
              ],
              [
                105.637855,
                20.793526
              ],
              [
                105.637836,
                20.793533
              ],
              [
                105.637442,
                20.793567
              ],
              [
                105.637241,
                20.7937
              ],
              [
                105.637126,
                20.793795
              ],
              [
                105.637035,
                20.793925
              ],
              [
                105.636768,
                20.794374
              ],
              [
                105.63675,
                20.794408
              ],
              [
                105.636538,
                20.79481
              ],
              [
                105.636386,
                20.795048
              ],
              [
                105.636165,
                20.795234
              ],
              [
                105.636064,
                20.795278
              ],
              [
                105.635986,
                20.795313
              ],
              [
                105.635779,
                20.795314
              ],
              [
                105.635428,
                20.79522
              ],
              [
                105.635306,
                20.795053
              ],
              [
                105.635136,
                20.794674
              ],
              [
                105.63499,
                20.794226
              ],
              [
                105.634843,
                20.793778
              ],
              [
                105.63455,
                20.793392
              ],
              [
                105.634528,
                20.793363
              ],
              [
                105.634496,
                20.793346
              ],
              [
                105.633809,
                20.792971
              ],
              [
                105.63372,
                20.792926
              ],
              [
                105.632956,
                20.793026
              ],
              [
                105.632313,
                20.793111
              ],
              [
                105.63167,
                20.793195
              ],
              [
                105.630994,
                20.793394
              ],
              [
                105.630756,
                20.793479
              ],
              [
                105.630656,
                20.793602
              ],
              [
                105.630627,
                20.793705
              ],
              [
                105.630628,
                20.793836
              ],
              [
                105.630648,
                20.79392
              ],
              [
                105.630938,
                20.7942
              ],
              [
                105.631085,
                20.794311
              ],
              [
                105.631605,
                20.794658
              ],
              [
                105.631881,
                20.794908
              ],
              [
                105.632116,
                20.795183
              ],
              [
                105.63218,
                20.795258
              ],
              [
                105.63241,
                20.79553
              ],
              [
                105.63255,
                20.795632
              ],
              [
                105.63269,
                20.795734
              ],
              [
                105.632805,
                20.795835
              ],
              [
                105.63318,
                20.796164
              ],
              [
                105.633201,
                20.796331
              ],
              [
                105.633186,
                20.79636
              ],
              [
                105.633187,
                20.796523
              ],
              [
                105.633155,
                20.796857
              ],
              [
                105.633155,
                20.796961
              ],
              [
                105.633205,
                20.797433
              ],
              [
                105.633243,
                20.797809
              ],
              [
                105.633315,
                20.797995
              ],
              [
                105.633494,
                20.798204
              ],
              [
                105.633709,
                20.798405
              ],
              [
                105.634143,
                20.799065
              ],
              [
                105.634181,
                20.799123
              ],
              [
                105.6343,
                20.799333
              ],
              [
                105.634431,
                20.799725
              ],
              [
                105.634527,
                20.800125
              ],
              [
                105.634665,
                20.800578
              ],
              [
                105.634622,
                20.801023
              ],
              [
                105.63435,
                20.801705
              ],
              [
                105.634181,
                20.802096
              ],
              [
                105.634264,
                20.802206
              ],
              [
                105.634266,
                20.80221
              ],
              [
                105.63429,
                20.802239
              ],
              [
                105.634338,
                20.80231
              ],
              [
                105.634344,
                20.802358
              ],
              [
                105.634313,
                20.802394
              ],
              [
                105.634271,
                20.802421
              ],
              [
                105.6341,
                20.802505
              ],
              [
                105.633938,
                20.802563
              ],
              [
                105.633814,
                20.802584
              ],
              [
                105.633642,
                20.802571
              ],
              [
                105.633557,
                20.80257
              ],
              [
                105.633435,
                20.802593
              ],
              [
                105.633383,
                20.802615
              ],
              [
                105.633319,
                20.802658
              ],
              [
                105.633202,
                20.802745
              ],
              [
                105.633078,
                20.802787
              ],
              [
                105.632989,
                20.802802
              ],
              [
                105.632777,
                20.802823
              ],
              [
                105.632608,
                20.802879
              ],
              [
                105.632551,
                20.802906
              ],
              [
                105.632532,
                20.802933
              ],
              [
                105.632513,
                20.802978
              ],
              [
                105.632504,
                20.803061
              ],
              [
                105.632509,
                20.803405
              ],
              [
                105.63251,
                20.803675
              ],
              [
                105.632508,
                20.803683
              ],
              [
                105.632503,
                20.803715
              ],
              [
                105.632488,
                20.80385
              ],
              [
                105.632488,
                20.803883
              ],
              [
                105.632501,
                20.803988
              ],
              [
                105.632524,
                20.804089
              ],
              [
                105.632576,
                20.804235
              ],
              [
                105.632704,
                20.804644
              ],
              [
                105.632759,
                20.804782
              ],
              [
                105.632808,
                20.804861
              ],
              [
                105.632833,
                20.804901
              ],
              [
                105.633,
                20.805153
              ],
              [
                105.633071,
                20.8053
              ],
              [
                105.633091,
                20.805465
              ],
              [
                105.633068,
                20.805636
              ],
              [
                105.633003,
                20.80578
              ],
              [
                105.632913,
                20.805933
              ],
              [
                105.632909,
                20.80594
              ],
              [
                105.632844,
                20.806066
              ],
              [
                105.632827,
                20.806243
              ],
              [
                105.632829,
                20.806285
              ],
              [
                105.632835,
                20.8064
              ],
              [
                105.632822,
                20.806547
              ],
              [
                105.632758,
                20.806796
              ],
              [
                105.632756,
                20.806805
              ],
              [
                105.632673,
                20.807055
              ],
              [
                105.632617,
                20.807195
              ],
              [
                105.632548,
                20.807367
              ],
              [
                105.632489,
                20.807488
              ],
              [
                105.632405,
                20.807608
              ],
              [
                105.632402,
                20.807611
              ],
              [
                105.63235,
                20.807682
              ],
              [
                105.632291,
                20.807792
              ],
              [
                105.63228,
                20.80784
              ],
              [
                105.632261,
                20.807929
              ],
              [
                105.632255,
                20.808006
              ],
              [
                105.632251,
                20.808051
              ],
              [
                105.632308,
                20.80832
              ],
              [
                105.632313,
                20.808367
              ],
              [
                105.632322,
                20.808453
              ],
              [
                105.632321,
                20.808578
              ],
              [
                105.632333,
                20.809011
              ],
              [
                105.632317,
                20.80934
              ],
              [
                105.63225,
                20.809678
              ],
              [
                105.632196,
                20.809867
              ],
              [
                105.632136,
                20.809987
              ],
              [
                105.632051,
                20.810072
              ],
              [
                105.631868,
                20.810185
              ],
              [
                105.631676,
                20.810294
              ],
              [
                105.631536,
                20.810424
              ],
              [
                105.631391,
                20.810609
              ],
              [
                105.6312,
                20.810871
              ],
              [
                105.631143,
                20.810996
              ],
              [
                105.631125,
                20.811188
              ],
              [
                105.63116,
                20.811381
              ],
              [
                105.631177,
                20.811441
              ],
              [
                105.631246,
                20.811489
              ],
              [
                105.631335,
                20.811509
              ],
              [
                105.631481,
                20.811508
              ],
              [
                105.631643,
                20.811504
              ],
              [
                105.631707,
                20.811503
              ],
              [
                105.631763,
                20.811551
              ],
              [
                105.631814,
                20.811612
              ],
              [
                105.631837,
                20.811642
              ],
              [
                105.631867,
                20.811716
              ],
              [
                105.631867,
                20.811816
              ],
              [
                105.631867,
                20.81182
              ],
              [
                105.631885,
                20.811875
              ],
              [
                105.631904,
                20.812016
              ],
              [
                105.631899,
                20.81221
              ],
              [
                105.631876,
                20.812354
              ],
              [
                105.631876,
                20.812359
              ],
              [
                105.631852,
                20.812421
              ],
              [
                105.631828,
                20.812485
              ],
              [
                105.63181,
                20.812587
              ],
              [
                105.631814,
                20.812678
              ],
              [
                105.631831,
                20.812798
              ],
              [
                105.631877,
                20.812999
              ],
              [
                105.631928,
                20.813186
              ],
              [
                105.631953,
                20.813232
              ],
              [
                105.631987,
                20.813296
              ],
              [
                105.632062,
                20.813378
              ],
              [
                105.632104,
                20.813435
              ],
              [
                105.632157,
                20.813509
              ],
              [
                105.632184,
                20.813578
              ],
              [
                105.632199,
                20.813631
              ],
              [
                105.632199,
                20.813698
              ],
              [
                105.632197,
                20.813756
              ],
              [
                105.632173,
                20.813828
              ],
              [
                105.632145,
                20.813886
              ],
              [
                105.632098,
                20.813913
              ],
              [
                105.632017,
                20.81394
              ],
              [
                105.631932,
                20.81395
              ],
              [
                105.630984,
                20.813881
              ],
              [
                105.630871,
                20.814024
              ],
              [
                105.630961,
                20.814275
              ],
              [
                105.631267,
                20.814609
              ],
              [
                105.631243,
                20.81492
              ],
              [
                105.63118,
                20.815135
              ],
              [
                105.630864,
                20.815447
              ],
              [
                105.630725,
                20.815794
              ],
              [
                105.63067,
                20.815827
              ],
              [
                105.630662,
                20.815838
              ],
              [
                105.630649,
                20.815847
              ],
              [
                105.630627,
                20.815852
              ],
              [
                105.630561,
                20.81589
              ],
              [
                105.630522,
                20.815876
              ],
              [
                105.630482,
                20.815886
              ],
              [
                105.630435,
                20.81589
              ],
              [
                105.630386,
                20.815866
              ],
              [
                105.630318,
                20.815817
              ],
              [
                105.630258,
                20.81578
              ],
              [
                105.630257,
                20.815779
              ],
              [
                105.630219,
                20.815755
              ],
              [
                105.630115,
                20.815705
              ],
              [
                105.630011,
                20.815669
              ],
              [
                105.629912,
                20.815668
              ],
              [
                105.629833,
                20.815684
              ],
              [
                105.629831,
                20.815684
              ],
              [
                105.629721,
                20.815729
              ],
              [
                105.629643,
                20.815765
              ],
              [
                105.629517,
                20.815762
              ],
              [
                105.62938,
                20.815733
              ],
              [
                105.629326,
                20.815709
              ],
              [
                105.629288,
                20.815674
              ],
              [
                105.629258,
                20.815613
              ],
              [
                105.629214,
                20.815567
              ],
              [
                105.629152,
                20.81553
              ],
              [
                105.628966,
                20.815495
              ],
              [
                105.62868,
                20.815469
              ],
              [
                105.628653,
                20.815467
              ],
              [
                105.628528,
                20.815462
              ],
              [
                105.628309,
                20.815444
              ],
              [
                105.628233,
                20.815434
              ],
              [
                105.628154,
                20.815374
              ],
              [
                105.628129,
                20.815313
              ],
              [
                105.628121,
                20.815232
              ],
              [
                105.628041,
                20.814442
              ],
              [
                105.627849,
                20.814482
              ],
              [
                105.627685,
                20.814489
              ],
              [
                105.627664,
                20.814491
              ],
              [
                105.62751,
                20.814509
              ],
              [
                105.6275,
                20.814512
              ],
              [
                105.627458,
                20.814512
              ],
              [
                105.627387,
                20.814504
              ],
              [
                105.627289,
                20.814448
              ],
              [
                105.627227,
                20.814382
              ],
              [
                105.627183,
                20.814333
              ],
              [
                105.627112,
                20.814292
              ],
              [
                105.627023,
                20.814265
              ],
              [
                105.626993,
                20.814265
              ],
              [
                105.62694,
                20.814379
              ],
              [
                105.627056,
                20.814705
              ],
              [
                105.627075,
                20.814702
              ],
              [
                105.627099,
                20.814707
              ],
              [
                105.627128,
                20.814719
              ],
              [
                105.627165,
                20.814743
              ],
              [
                105.627222,
                20.814801
              ],
              [
                105.627264,
                20.814861
              ],
              [
                105.62729,
                20.814906
              ],
              [
                105.627318,
                20.81498
              ],
              [
                105.627318,
                20.815102
              ],
              [
                105.627302,
                20.815293
              ],
              [
                105.627148,
                20.815683
              ],
              [
                105.627128,
                20.815725
              ],
              [
                105.627122,
                20.81574
              ],
              [
                105.627087,
                20.815827
              ],
              [
                105.627074,
                20.81586
              ],
              [
                105.627069,
                20.81588
              ],
              [
                105.627093,
                20.815898
              ],
              [
                105.627479,
                20.816062
              ],
              [
                105.627512,
                20.816062
              ],
              [
                105.627534,
                20.816049
              ],
              [
                105.627558,
                20.815994
              ],
              [
                105.627593,
                20.815912
              ],
              [
                105.627623,
                20.815855
              ],
              [
                105.627648,
                20.815852
              ],
              [
                105.627709,
                20.815885
              ],
              [
                105.627686,
                20.815929
              ],
              [
                105.627625,
                20.816033
              ],
              [
                105.627599,
                20.816078
              ],
              [
                105.627554,
                20.816169
              ],
              [
                105.627521,
                20.816246
              ],
              [
                105.6275,
                20.816344
              ],
              [
                105.627492,
                20.816437
              ],
              [
                105.627492,
                20.816507
              ],
              [
                105.627525,
                20.816569
              ],
              [
                105.627592,
                20.816617
              ],
              [
                105.627646,
                20.816623
              ],
              [
                105.627684,
                20.816603
              ],
              [
                105.627736,
                20.816495
              ],
              [
                105.627786,
                20.816405
              ],
              [
                105.62785,
                20.816341
              ],
              [
                105.627903,
                20.816263
              ],
              [
                105.62793,
                20.816213
              ],
              [
                105.627932,
                20.816211
              ],
              [
                105.627963,
                20.816172
              ],
              [
                105.628007,
                20.816153
              ],
              [
                105.628091,
                20.816166
              ],
              [
                105.628206,
                20.816184
              ],
              [
                105.628351,
                20.816186
              ],
              [
                105.628537,
                20.816142
              ],
              [
                105.628634,
                20.816102
              ],
              [
                105.628687,
                20.816083
              ],
              [
                105.628781,
                20.816082
              ],
              [
                105.628919,
                20.816107
              ],
              [
                105.629019,
                20.816142
              ],
              [
                105.629112,
                20.816168
              ],
              [
                105.629116,
                20.816169
              ],
              [
                105.629249,
                20.816183
              ],
              [
                105.629352,
                20.816195
              ],
              [
                105.629412,
                20.816242
              ],
              [
                105.629415,
                20.816297
              ],
              [
                105.62937,
                20.816408
              ],
              [
                105.629329,
                20.8165
              ],
              [
                105.629346,
                20.816564
              ],
              [
                105.62939,
                20.816617
              ],
              [
                105.629784,
                20.816785
              ],
              [
                105.630246,
                20.816914
              ],
              [
                105.630299,
                20.816921
              ],
              [
                105.630843,
                20.81699
              ],
              [
                105.631059,
                20.817013
              ],
              [
                105.631173,
                20.817046
              ],
              [
                105.631174,
                20.817047
              ],
              [
                105.631231,
                20.817117
              ],
              [
                105.631252,
                20.817195
              ],
              [
                105.631253,
                20.817275
              ],
              [
                105.631217,
                20.817349
              ],
              [
                105.631198,
                20.817388
              ],
              [
                105.631173,
                20.817433
              ],
              [
                105.631144,
                20.817485
              ],
              [
                105.63108,
                20.817597
              ],
              [
                105.631069,
                20.817755
              ],
              [
                105.631186,
                20.818056
              ],
              [
                105.631205,
                20.818083
              ],
              [
                105.631382,
                20.818327
              ],
              [
                105.631516,
                20.818516
              ],
              [
                105.631551,
                20.818577
              ],
              [
                105.631566,
                20.818603
              ],
              [
                105.631562,
                20.818691
              ],
              [
                105.631545,
                20.81874
              ],
              [
                105.631519,
                20.818817
              ],
              [
                105.631481,
                20.818915
              ],
              [
                105.631467,
                20.819027
              ],
              [
                105.631525,
                20.819159
              ],
              [
                105.631646,
                20.819285
              ],
              [
                105.631946,
                20.819523
              ],
              [
                105.632096,
                20.81962
              ],
              [
                105.632136,
                20.819651
              ],
              [
                105.63215,
                20.819662
              ],
              [
                105.632219,
                20.819718
              ],
              [
                105.632251,
                20.819778
              ],
              [
                105.63226,
                20.819836
              ],
              [
                105.632249,
                20.819915
              ],
              [
                105.632213,
                20.820016
              ],
              [
                105.632118,
                20.820192
              ],
              [
                105.632044,
                20.820319
              ],
              [
                105.632001,
                20.82036
              ],
              [
                105.631928,
                20.820401
              ],
              [
                105.631829,
                20.82042
              ],
              [
                105.631733,
                20.820423
              ],
              [
                105.631317,
                20.8204
              ],
              [
                105.631307,
                20.820399
              ],
              [
                105.631198,
                20.820393
              ],
              [
                105.631052,
                20.820367
              ],
              [
                105.63094,
                20.820327
              ],
              [
                105.630834,
                20.820271
              ],
              [
                105.630727,
                20.820158
              ],
              [
                105.630656,
                20.820061
              ],
              [
                105.630588,
                20.819967
              ],
              [
                105.630502,
                20.819878
              ],
              [
                105.630445,
                20.819838
              ],
              [
                105.630413,
                20.819828
              ],
              [
                105.630386,
                20.819825
              ],
              [
                105.630298,
                20.819979
              ],
              [
                105.630273,
                20.820147
              ],
              [
                105.630402,
                20.820332
              ],
              [
                105.630472,
                20.820387
              ],
              [
                105.630517,
                20.820442
              ],
              [
                105.63054,
                20.820484
              ],
              [
                105.630544,
                20.820516
              ],
              [
                105.630542,
                20.820545
              ],
              [
                105.630532,
                20.82057
              ],
              [
                105.630505,
                20.820583
              ],
              [
                105.63046,
                20.8206
              ],
              [
                105.630453,
                20.820636
              ],
              [
                105.630339,
                20.820648
              ],
              [
                105.630224,
                20.820661
              ],
              [
                105.630225,
                20.820662
              ],
              [
                105.630238,
                20.820816
              ],
              [
                105.63033,
                20.820828
              ],
              [
                105.630372,
                20.820827
              ],
              [
                105.630445,
                20.820825
              ],
              [
                105.6305,
                20.820824
              ],
              [
                105.630586,
                20.820843
              ],
              [
                105.630671,
                20.820863
              ],
              [
                105.630769,
                20.820884
              ],
              [
                105.630808,
                20.820893
              ],
              [
                105.630871,
                20.820898
              ],
              [
                105.630965,
                20.820883
              ],
              [
                105.631078,
                20.82085
              ],
              [
                105.631168,
                20.820823
              ],
              [
                105.631298,
                20.820787
              ],
              [
                105.631417,
                20.820759
              ],
              [
                105.631477,
                20.820749
              ],
              [
                105.631509,
                20.820749
              ],
              [
                105.631787,
                20.8208
              ],
              [
                105.632157,
                20.820859
              ],
              [
                105.632191,
                20.820862
              ],
              [
                105.632337,
                20.820872
              ],
              [
                105.632415,
                20.820877
              ],
              [
                105.632502,
                20.820852
              ],
              [
                105.632688,
                20.820798
              ],
              [
                105.632743,
                20.820786
              ],
              [
                105.632755,
                20.820786
              ],
              [
                105.632806,
                20.8208
              ],
              [
                105.632859,
                20.820838
              ],
              [
                105.632859,
                20.820838
              ],
              [
                105.632917,
                20.820977
              ],
              [
                105.632921,
                20.8212
              ],
              [
                105.632923,
                20.82126
              ],
              [
                105.632931,
                20.821303
              ],
              [
                105.633027,
                20.821471
              ],
              [
                105.633128,
                20.821647
              ],
              [
                105.63356,
                20.821632
              ],
              [
                105.633589,
                20.821607
              ],
              [
                105.633622,
                20.821598
              ],
              [
                105.633672,
                20.821616
              ],
              [
                105.633776,
                20.82168
              ],
              [
                105.6338,
                20.821705
              ],
              [
                105.633944,
                20.821857
              ],
              [
                105.634025,
                20.821991
              ],
              [
                105.634031,
                20.822005
              ],
              [
                105.634067,
                20.822082
              ],
              [
                105.634128,
                20.822153
              ],
              [
                105.63417,
                20.822174
              ],
              [
                105.634267,
                20.822148
              ],
              [
                105.634655,
                20.822043
              ],
              [
                105.63515,
                20.821993
              ],
              [
                105.635606,
                20.821502
              ],
              [
                105.636139,
                20.82144
              ],
              [
                105.636547,
                20.821486
              ],
              [
                105.636878,
                20.8217
              ],
              [
                105.63694,
                20.821823
              ],
              [
                105.636951,
                20.821829
              ],
              [
                105.637086,
                20.821933
              ],
              [
                105.637144,
                20.822154
              ],
              [
                105.63775,
                20.822393
              ],
              [
                105.638254,
                20.822589
              ],
              [
                105.63847,
                20.822691
              ],
              [
                105.638598,
                20.822818
              ],
              [
                105.638631,
                20.822883
              ],
              [
                105.638648,
                20.822899
              ],
              [
                105.639155,
                20.823378
              ],
              [
                105.639419,
                20.823608
              ],
              [
                105.639476,
                20.823658
              ],
              [
                105.639794,
                20.823934
              ],
              [
                105.639807,
                20.823945
              ],
              [
                105.639907,
                20.823969
              ],
              [
                105.639937,
                20.823975
              ],
              [
                105.640402,
                20.823951
              ],
              [
                105.640729,
                20.823956
              ],
              [
                105.640876,
                20.823978
              ],
              [
                105.641005,
                20.824019
              ],
              [
                105.641103,
                20.824074
              ],
              [
                105.641196,
                20.824148
              ],
              [
                105.641236,
                20.824215
              ],
              [
                105.641239,
                20.824274
              ],
              [
                105.64122,
                20.824361
              ],
              [
                105.641126,
                20.824574
              ],
              [
                105.641076,
                20.82472
              ],
              [
                105.641046,
                20.82497
              ],
              [
                105.641054,
                20.825093
              ],
              [
                105.641047,
                20.825164
              ],
              [
                105.641034,
                20.825219
              ],
              [
                105.640997,
                20.825326
              ],
              [
                105.640991,
                20.825367
              ],
              [
                105.640998,
                20.825402
              ],
              [
                105.641056,
                20.825478
              ],
              [
                105.641196,
                20.825635
              ],
              [
                105.641262,
                20.825711
              ],
              [
                105.641339,
                20.825764
              ],
              [
                105.641345,
                20.825767
              ],
              [
                105.641366,
                20.82578
              ],
              [
                105.641678,
                20.825925
              ],
              [
                105.641832,
                20.826001
              ],
              [
                105.641918,
                20.826062
              ],
              [
                105.641935,
                20.826092
              ],
              [
                105.641947,
                20.826137
              ],
              [
                105.641952,
                20.826187
              ],
              [
                105.641954,
                20.826287
              ],
              [
                105.641943,
                20.826455
              ],
              [
                105.6419,
                20.826729
              ],
              [
                105.641879,
                20.826874
              ],
              [
                105.641882,
                20.826923
              ],
              [
                105.641899,
                20.826973
              ],
              [
                105.641959,
                20.827078
              ],
              [
                105.642033,
                20.82721
              ],
              [
                105.642082,
                20.827317
              ],
              [
                105.642106,
                20.827407
              ],
              [
                105.642113,
                20.827485
              ],
              [
                105.64211,
                20.827581
              ],
              [
                105.642089,
                20.827728
              ],
              [
                105.642058,
                20.827838
              ],
              [
                105.642002,
                20.827998
              ],
              [
                105.641911,
                20.828209
              ],
              [
                105.641863,
                20.828291
              ],
              [
                105.64178,
                20.828418
              ],
              [
                105.641692,
                20.828503
              ],
              [
                105.641677,
                20.828513
              ],
              [
                105.64166,
                20.828528
              ],
              [
                105.641462,
                20.828654
              ],
              [
                105.641232,
                20.828771
              ],
              [
                105.64122,
                20.828777
              ],
              [
                105.641267,
                20.828853
              ],
              [
                105.641424,
                20.829111
              ],
              [
                105.640544,
                20.829937
              ],
              [
                105.64093,
                20.830624
              ],
              [
                105.642062,
                20.830973
              ],
              [
                105.642402,
                20.831068
              ],
              [
                105.64233,
                20.83128
              ],
              [
                105.642162,
                20.831734
              ],
              [
                105.641884,
                20.832486
              ],
              [
                105.641783,
                20.832757
              ],
              [
                105.641698,
                20.832986
              ],
              [
                105.641683,
                20.833029
              ],
              [
                105.641683,
                20.833029
              ],
              [
                105.641683,
                20.833029
              ],
              [
                105.639004,
                20.832511
              ],
              [
                105.636681,
                20.83209
              ],
              [
                105.636379,
                20.83204
              ],
              [
                105.636299,
                20.832029
              ],
              [
                105.636241,
                20.832204
              ],
              [
                105.636188,
                20.8323
              ],
              [
                105.636045,
                20.832453
              ],
              [
                105.63576,
                20.832651
              ],
              [
                105.635567,
                20.832807
              ],
              [
                105.635437,
                20.832918
              ],
              [
                105.635371,
                20.833065
              ],
              [
                105.635356,
                20.833208
              ],
              [
                105.635379,
                20.833339
              ],
              [
                105.635443,
                20.833536
              ],
              [
                105.635517,
                20.83365
              ],
              [
                105.635698,
                20.833804
              ],
              [
                105.635918,
                20.833986
              ],
              [
                105.635979,
                20.834093
              ],
              [
                105.636015,
                20.834257
              ],
              [
                105.636038,
                20.834454
              ],
              [
                105.636052,
                20.834702
              ],
              [
                105.63611,
                20.834947
              ],
              [
                105.636169,
                20.835284
              ],
              [
                105.636169,
                20.835386
              ],
              [
                105.636125,
                20.835494
              ],
              [
                105.636071,
                20.835565
              ],
              [
                105.635963,
                20.835632
              ],
              [
                105.63583,
                20.835671
              ],
              [
                105.635617,
                20.835687
              ],
              [
                105.635433,
                20.83572
              ],
              [
                105.635297,
                20.835816
              ],
              [
                105.63525,
                20.835933
              ],
              [
                105.635225,
                20.836053
              ],
              [
                105.635248,
                20.836214
              ],
              [
                105.635379,
                20.836431
              ],
              [
                105.635593,
                20.836747
              ],
              [
                105.635641,
                20.836884
              ],
              [
                105.635652,
                20.837025
              ],
              [
                105.635639,
                20.837186
              ],
              [
                105.635659,
                20.837315
              ],
              [
                105.635698,
                20.837419
              ],
              [
                105.635832,
                20.83755
              ],
              [
                105.636087,
                20.837791
              ],
              [
                105.636304,
                20.837972
              ],
              [
                105.636422,
                20.838172
              ],
              [
                105.636558,
                20.838543
              ],
              [
                105.636618,
                20.838771
              ],
              [
                105.636662,
                20.838947
              ],
              [
                105.636672,
                20.839022
              ],
              [
                105.636677,
                20.839053
              ],
              [
                105.636679,
                20.839118
              ],
              [
                105.636678,
                20.839216
              ],
              [
                105.636671,
                20.839285
              ],
              [
                105.636672,
                20.83937
              ],
              [
                105.63633,
                20.839301
              ],
              [
                105.636191,
                20.839288
              ],
              [
                105.636124,
                20.839297
              ],
              [
                105.636086,
                20.839311
              ],
              [
                105.635992,
                20.839227
              ],
              [
                105.635894,
                20.839186
              ],
              [
                105.635786,
                20.839159
              ],
              [
                105.635684,
                20.839152
              ],
              [
                105.63551,
                20.839162
              ],
              [
                105.635406,
                20.839172
              ],
              [
                105.635347,
                20.839155
              ],
              [
                105.635345,
                20.839153
              ],
              [
                105.635311,
                20.839104
              ],
              [
                105.63529,
                20.839073
              ],
              [
                105.635287,
                20.839063
              ],
              [
                105.635284,
                20.839054
              ],
              [
                105.635234,
                20.83886
              ],
              [
                105.635226,
                20.83883
              ],
              [
                105.635226,
                20.838829
              ],
              [
                105.63516,
                20.838782
              ],
              [
                105.635143,
                20.838769
              ],
              [
                105.635069,
                20.838732
              ],
              [
                105.635015,
                20.838631
              ],
              [
                105.634971,
                20.838606
              ],
              [
                105.63431,
                20.838633
              ],
              [
                105.633856,
                20.838538
              ],
              [
                105.633788,
                20.838524
              ],
              [
                105.633788,
                20.838523
              ],
              [
                105.633832,
                20.838214
              ],
              [
                105.633857,
                20.838014
              ],
              [
                105.633865,
                20.837772
              ],
              [
                105.633871,
                20.837586
              ],
              [
                105.633873,
                20.837404
              ],
              [
                105.633873,
                20.837389
              ],
              [
                105.633854,
                20.837238
              ],
              [
                105.63385,
                20.837201
              ],
              [
                105.633814,
                20.837055
              ],
              [
                105.63377,
                20.836951
              ],
              [
                105.633691,
                20.836846
              ],
              [
                105.63368,
                20.836831
              ],
              [
                105.633489,
                20.836632
              ],
              [
                105.633373,
                20.83652
              ],
              [
                105.632834,
                20.835998
              ],
              [
                105.632772,
                20.835939
              ],
              [
                105.632547,
                20.835727
              ],
              [
                105.632155,
                20.835358
              ],
              [
                105.632063,
                20.835312
              ],
              [
                105.632021,
                20.835302
              ],
              [
                105.631876,
                20.835266
              ],
              [
                105.631556,
                20.835185
              ],
              [
                105.630812,
                20.835012
              ],
              [
                105.63075,
                20.834998
              ],
              [
                105.630318,
                20.834895
              ],
              [
                105.630217,
                20.83487
              ],
              [
                105.629872,
                20.834786
              ],
              [
                105.629456,
                20.834672
              ],
              [
                105.629235,
                20.834598
              ],
              [
                105.629025,
                20.834526
              ],
              [
                105.628744,
                20.834428
              ],
              [
                105.62869,
                20.834409
              ],
              [
                105.628675,
                20.834404
              ],
              [
                105.628463,
                20.834326
              ],
              [
                105.628183,
                20.834186
              ],
              [
                105.627908,
                20.834022
              ],
              [
                105.627654,
                20.833865
              ],
              [
                105.627385,
                20.833697
              ],
              [
                105.627348,
                20.833673
              ],
              [
                105.626949,
                20.833415
              ],
              [
                105.626881,
                20.833377
              ],
              [
                105.62644,
                20.833135
              ],
              [
                105.626333,
                20.833072
              ],
              [
                105.626287,
                20.833044
              ],
              [
                105.626027,
                20.832891
              ],
              [
                105.626012,
                20.832883
              ],
              [
                105.625767,
                20.83276
              ],
              [
                105.625749,
                20.832753
              ],
              [
                105.625697,
                20.832741
              ],
              [
                105.625513,
                20.832698
              ],
              [
                105.625106,
                20.832652
              ],
              [
                105.625047,
                20.83264
              ],
              [
                105.624943,
                20.832618
              ],
              [
                105.624902,
                20.83261
              ],
              [
                105.624815,
                20.832548
              ],
              [
                105.624672,
                20.832391
              ],
              [
                105.624545,
                20.832211
              ],
              [
                105.624504,
                20.832152
              ],
              [
                105.624315,
                20.831948
              ],
              [
                105.624227,
                20.831886
              ],
              [
                105.624207,
                20.831872
              ],
              [
                105.624204,
                20.83187
              ],
              [
                105.624177,
                20.831851
              ],
              [
                105.624143,
                20.831839
              ],
              [
                105.624125,
                20.831832
              ],
              [
                105.624045,
                20.831803
              ],
              [
                105.624032,
                20.8318
              ],
              [
                105.623956,
                20.83179
              ],
              [
                105.623907,
                20.831782
              ],
              [
                105.623845,
                20.831774
              ],
              [
                105.623662,
                20.831774
              ],
              [
                105.623483,
                20.831778
              ],
              [
                105.623344,
                20.831795
              ],
              [
                105.623269,
                20.831804
              ],
              [
                105.6228,
                20.831852
              ],
              [
                105.622773,
                20.831855
              ],
              [
                105.622682,
                20.831864
              ],
              [
                105.622619,
                20.83187
              ],
              [
                105.622351,
                20.831894
              ],
              [
                105.621935,
                20.831899
              ],
              [
                105.621895,
                20.831897
              ],
              [
                105.621863,
                20.831896
              ],
              [
                105.621808,
                20.831893
              ],
              [
                105.621706,
                20.831889
              ],
              [
                105.621678,
                20.831877
              ],
              [
                105.621625,
                20.831855
              ],
              [
                105.621538,
                20.831818
              ],
              [
                105.621313,
                20.831682
              ],
              [
                105.621191,
                20.831585
              ],
              [
                105.62111,
                20.83152
              ],
              [
                105.620624,
                20.831134
              ],
              [
                105.62057,
                20.831092
              ],
              [
                105.620566,
                20.831088
              ],
              [
                105.62056,
                20.831085
              ],
              [
                105.62008,
                20.830811
              ],
              [
                105.619615,
                20.830597
              ],
              [
                105.61949,
                20.830573
              ],
              [
                105.619458,
                20.830566
              ],
              [
                105.619036,
                20.830539
              ],
              [
                105.618616,
                20.830525
              ],
              [
                105.618107,
                20.83049
              ],
              [
                105.617844,
                20.830454
              ],
              [
                105.618434,
                20.831221
              ],
              [
                105.618876,
                20.831795
              ],
              [
                105.618881,
                20.831904
              ],
              [
                105.618481,
                20.831794
              ],
              [
                105.618161,
                20.83171
              ],
              [
                105.617673,
                20.831547
              ],
              [
                105.61752,
                20.831515
              ],
              [
                105.617155,
                20.831516
              ],
              [
                105.616858,
                20.831546
              ],
              [
                105.616176,
                20.831696
              ],
              [
                105.615924,
                20.831795
              ],
              [
                105.615853,
                20.831863
              ],
              [
                105.615838,
                20.831887
              ],
              [
                105.615837,
                20.831888
              ],
              [
                105.615837,
                20.831889
              ],
              [
                105.615837,
                20.831889
              ],
              [
                105.615836,
                20.831894
              ],
              [
                105.615832,
                20.831915
              ],
              [
                105.615817,
                20.831982
              ],
              [
                105.615814,
                20.831998
              ],
              [
                105.61581,
                20.832014
              ],
              [
                105.615808,
                20.832026
              ],
              [
                105.615808,
                20.832027
              ],
              [
                105.615807,
                20.832028
              ],
              [
                105.615803,
                20.832048
              ],
              [
                105.615803,
                20.832049
              ],
              [
                105.615799,
                20.832068
              ],
              [
                105.615798,
                20.832074
              ],
              [
                105.615797,
                20.832076
              ],
              [
                105.615796,
                20.832082
              ],
              [
                105.615765,
                20.832209
              ],
              [
                105.615763,
                20.832215
              ],
              [
                105.615745,
                20.83229
              ],
              [
                105.615741,
                20.832314
              ],
              [
                105.615713,
                20.832464
              ],
              [
                105.615713,
                20.832465
              ],
              [
                105.615713,
                20.832465
              ],
              [
                105.615711,
                20.832477
              ],
              [
                105.615697,
                20.83253
              ],
              [
                105.615696,
                20.832534
              ],
              [
                105.615696,
                20.832535
              ],
              [
                105.615694,
                20.832542
              ],
              [
                105.615685,
                20.832577
              ],
              [
                105.615682,
                20.83259
              ],
              [
                105.615677,
                20.832609
              ],
              [
                105.61567,
                20.832638
              ],
              [
                105.615666,
                20.832652
              ],
              [
                105.615664,
                20.832661
              ],
              [
                105.615662,
                20.832668
              ],
              [
                105.615662,
                20.832668
              ],
              [
                105.61565,
                20.832715
              ],
              [
                105.615643,
                20.832741
              ],
              [
                105.615628,
                20.832811
              ],
              [
                105.615603,
                20.832931
              ],
              [
                105.615541,
                20.833133
              ],
              [
                105.615526,
                20.833186
              ],
              [
                105.615524,
                20.833191
              ],
              [
                105.615523,
                20.833197
              ],
              [
                105.615517,
                20.833216
              ],
              [
                105.615511,
                20.833238
              ],
              [
                105.615506,
                20.833255
              ],
              [
                105.615502,
                20.833267
              ],
              [
                105.6155,
                20.833277
              ],
              [
                105.615495,
                20.833292
              ],
              [
                105.615485,
                20.833327
              ],
              [
                105.615478,
                20.833346
              ],
              [
                105.615472,
                20.833362
              ],
              [
                105.615467,
                20.833375
              ],
              [
                105.615463,
                20.833387
              ],
              [
                105.615445,
                20.833434
              ],
              [
                105.615434,
                20.833464
              ],
              [
                105.615429,
                20.833477
              ],
              [
                105.615416,
                20.83351
              ],
              [
                105.615412,
                20.833523
              ],
              [
                105.615411,
                20.833524
              ],
              [
                105.615406,
                20.833535
              ],
              [
                105.615399,
                20.833552
              ],
              [
                105.615392,
                20.833569
              ],
              [
                105.615385,
                20.833585
              ],
              [
                105.615349,
                20.833669
              ],
              [
                105.615322,
                20.833731
              ],
              [
                105.615316,
                20.833744
              ],
              [
                105.615315,
                20.833748
              ],
              [
                105.615301,
                20.83378
              ],
              [
                105.6153,
                20.833782
              ],
              [
                105.615293,
                20.833796
              ],
              [
                105.615288,
                20.833808
              ],
              [
                105.615281,
                20.833822
              ],
              [
                105.615266,
                20.833853
              ],
              [
                105.615252,
                20.833883
              ],
              [
                105.615245,
                20.833898
              ],
              [
                105.615233,
                20.833924
              ],
              [
                105.615224,
                20.833942
              ],
              [
                105.615217,
                20.833956
              ],
              [
                105.615211,
                20.833969
              ],
              [
                105.615208,
                20.833974
              ],
              [
                105.615199,
                20.833989
              ],
              [
                105.61519,
                20.834004
              ],
              [
                105.61518,
                20.834019
              ],
              [
                105.615171,
                20.834035
              ],
              [
                105.61516,
                20.834052
              ],
              [
                105.615055,
                20.834223
              ],
              [
                105.615042,
                20.834242
              ],
              [
                105.614951,
                20.83436
              ],
              [
                105.61476,
                20.834607
              ],
              [
                105.614693,
                20.834694
              ],
              [
                105.614283,
                20.835164
              ],
              [
                105.614166,
                20.835298
              ],
              [
                105.613903,
                20.835598
              ],
              [
                105.613889,
                20.835615
              ],
              [
                105.613873,
                20.835628
              ],
              [
                105.613736,
                20.835747
              ],
              [
                105.613735,
                20.835745
              ],
              [
                105.6133,
                20.835642
              ],
              [
                105.612734,
                20.83544
              ],
              [
                105.61234,
                20.83549
              ],
              [
                105.61168,
                20.835803
              ],
              [
                105.611433,
                20.836049
              ],
              [
                105.611298,
                20.836213
              ],
              [
                105.611211,
                20.836318
              ],
              [
                105.611087,
                20.83646
              ],
              [
                105.610956,
                20.836598
              ],
              [
                105.610816,
                20.836777
              ],
              [
                105.61093,
                20.836921
              ],
              [
                105.610616,
                20.837295
              ],
              [
                105.610723,
                20.837395
              ],
              [
                105.61041,
                20.837655
              ],
              [
                105.610307,
                20.837741
              ],
              [
                105.609963,
                20.838029
              ],
              [
                105.609774,
                20.837852
              ],
              [
                105.609524,
                20.837767
              ],
              [
                105.609273,
                20.837761
              ],
              [
                105.609196,
                20.837794
              ],
              [
                105.608818,
                20.837949
              ],
              [
                105.608806,
                20.838055
              ],
              [
                105.608774,
                20.838265
              ],
              [
                105.608768,
                20.838361
              ],
              [
                105.608729,
                20.838431
              ],
              [
                105.608606,
                20.838534
              ],
              [
                105.608389,
                20.838753
              ],
              [
                105.608267,
                20.838841
              ],
              [
                105.608138,
                20.838893
              ],
              [
                105.608008,
                20.838964
              ],
              [
                105.607965,
                20.839026
              ],
              [
                105.607912,
                20.83912
              ],
              [
                105.608019,
                20.83913
              ],
              [
                105.608116,
                20.839201
              ],
              [
                105.608159,
                20.839238
              ],
              [
                105.608231,
                20.839298
              ],
              [
                105.608258,
                20.839295
              ],
              [
                105.608414,
                20.839318
              ],
              [
                105.608565,
                20.839327
              ],
              [
                105.608754,
                20.839319
              ],
              [
                105.608885,
                20.839326
              ],
              [
                105.608962,
                20.839343
              ],
              [
                105.609032,
                20.839371
              ],
              [
                105.609042,
                20.839377
              ],
              [
                105.609085,
                20.839403
              ],
              [
                105.609111,
                20.839433
              ],
              [
                105.609125,
                20.839448
              ],
              [
                105.609145,
                20.839492
              ],
              [
                105.60915,
                20.839501
              ],
              [
                105.60915,
                20.839505
              ],
              [
                105.609157,
                20.83958
              ],
              [
                105.609126,
                20.8397
              ],
              [
                105.609125,
                20.839704
              ],
              [
                105.6091,
                20.839807
              ],
              [
                105.609095,
                20.839866
              ],
              [
                105.609113,
                20.839953
              ],
              [
                105.609145,
                20.840143
              ],
              [
                105.60914,
                20.84026
              ],
              [
                105.609145,
                20.840354
              ],
              [
                105.609148,
                20.840365
              ],
              [
                105.609161,
                20.840418
              ],
              [
                105.609158,
                20.840452
              ],
              [
                105.609115,
                20.840513
              ],
              [
                105.60903,
                20.8406
              ],
              [
                105.608952,
                20.84068
              ],
              [
                105.608915,
                20.840736
              ],
              [
                105.608912,
                20.840763
              ],
              [
                105.608929,
                20.840799
              ],
              [
                105.609197,
                20.841045
              ],
              [
                105.609236,
                20.841068
              ],
              [
                105.609305,
                20.841092
              ],
              [
                105.609362,
                20.841131
              ],
              [
                105.609499,
                20.841282
              ],
              [
                105.609657,
                20.841501
              ],
              [
                105.609746,
                20.841626
              ],
              [
                105.609816,
                20.841725
              ],
              [
                105.609843,
                20.841763
              ],
              [
                105.609919,
                20.841871
              ],
              [
                105.609943,
                20.841885
              ],
              [
                105.609977,
                20.841888
              ],
              [
                105.610073,
                20.84201
              ],
              [
                105.609559,
                20.842769
              ],
              [
                105.608913,
                20.843723
              ],
              [
                105.6086,
                20.844186
              ],
              [
                105.608604,
                20.844296
              ],
              [
                105.608624,
                20.844809
              ],
              [
                105.608281,
                20.844859
              ],
              [
                105.608448,
                20.84624
              ],
              [
                105.608432,
                20.847131
              ],
              [
                105.608404,
                20.84739
              ],
              [
                105.608303,
                20.847559
              ],
              [
                105.608227,
                20.847607
              ],
              [
                105.607963,
                20.847675
              ],
              [
                105.60788,
                20.847713
              ],
              [
                105.607763,
                20.847802
              ],
              [
                105.607644,
                20.84792
              ],
              [
                105.607507,
                20.848137
              ],
              [
                105.607497,
                20.848345
              ],
              [
                105.607496,
                20.848367
              ],
              [
                105.607521,
                20.848407
              ],
              [
                105.607542,
                20.848442
              ],
              [
                105.607484,
                20.848452
              ],
              [
                105.607471,
                20.848422
              ],
              [
                105.607448,
                20.848379
              ],
              [
                105.607416,
                20.848329
              ],
              [
                105.607375,
                20.848283
              ],
              [
                105.607328,
                20.848245
              ],
              [
                105.607275,
                20.848206
              ],
              [
                105.607213,
                20.84817
              ],
              [
                105.607162,
                20.848137
              ],
              [
                105.607101,
                20.848102
              ],
              [
                105.607044,
                20.848071
              ],
              [
                105.606988,
                20.848038
              ],
              [
                105.60694,
                20.848005
              ],
              [
                105.606892,
                20.847972
              ],
              [
                105.606838,
                20.847936
              ],
              [
                105.606791,
                20.847904
              ],
              [
                105.606764,
                20.847886
              ],
              [
                105.606616,
                20.847832
              ],
              [
                105.606614,
                20.847828
              ],
              [
                105.606495,
                20.847702
              ],
              [
                105.606387,
                20.847499
              ],
              [
                105.606339,
                20.847301
              ],
              [
                105.606365,
                20.847017
              ],
              [
                105.60642,
                20.846758
              ],
              [
                105.606426,
                20.846603
              ],
              [
                105.606314,
                20.84654
              ],
              [
                105.606185,
                20.846505
              ],
              [
                105.606063,
                20.846519
              ],
              [
                105.606016,
                20.846569
              ],
              [
                105.605932,
                20.846749
              ],
              [
                105.605783,
                20.846931
              ],
              [
                105.605484,
                20.847295
              ],
              [
                105.605403,
                20.847327
              ],
              [
                105.605348,
                20.847317
              ],
              [
                105.605211,
                20.847229
              ],
              [
                105.604833,
                20.846776
              ],
              [
                105.604687,
                20.846612
              ],
              [
                105.604534,
                20.846532
              ],
              [
                105.604467,
                20.846514
              ],
              [
                105.604401,
                20.846495
              ],
              [
                105.60427,
                20.846469
              ],
              [
                105.604033,
                20.846444
              ],
              [
                105.603794,
                20.846457
              ],
              [
                105.603625,
                20.846417
              ],
              [
                105.603512,
                20.846359
              ],
              [
                105.603382,
                20.846273
              ],
              [
                105.603088,
                20.846038
              ],
              [
                105.602935,
                20.845883
              ],
              [
                105.602883,
                20.845743
              ],
              [
                105.602856,
                20.845585
              ],
              [
                105.602796,
                20.845525
              ],
              [
                105.602685,
                20.845513
              ],
              [
                105.602367,
                20.845664
              ],
              [
                105.602294,
                20.84573
              ],
              [
                105.602277,
                20.845789
              ],
              [
                105.602319,
                20.845863
              ],
              [
                105.60239,
                20.845953
              ],
              [
                105.6024,
                20.846034
              ],
              [
                105.602409,
                20.846115
              ],
              [
                105.602381,
                20.846232
              ],
              [
                105.60212,
                20.846489
              ],
              [
                105.60203,
                20.846641
              ],
              [
                105.602027,
                20.846748
              ],
              [
                105.602076,
                20.846853
              ],
              [
                105.602047,
                20.846951
              ],
              [
                105.602012,
                20.846982
              ],
              [
                105.601789,
                20.847182
              ],
              [
                105.601633,
                20.847326
              ],
              [
                105.601476,
                20.84747
              ],
              [
                105.601353,
                20.847677
              ],
              [
                105.601285,
                20.847881
              ],
              [
                105.601305,
                20.847967
              ],
              [
                105.601398,
                20.848029
              ],
              [
                105.601398,
                20.848031
              ],
              [
                105.601376,
                20.84838
              ],
              [
                105.601359,
                20.848668
              ],
              [
                105.601338,
                20.848808
              ],
              [
                105.601181,
                20.849693
              ],
              [
                105.601148,
                20.84972
              ],
              [
                105.60096,
                20.849833
              ],
              [
                105.600858,
                20.849866
              ],
              [
                105.600732,
                20.849891
              ],
              [
                105.6005,
                20.849938
              ],
              [
                105.60043,
                20.849626
              ],
              [
                105.600339,
                20.849296
              ],
              [
                105.600202,
                20.848906
              ],
              [
                105.600136,
                20.848768
              ],
              [
                105.599976,
                20.848839
              ],
              [
                105.599628,
                20.849526
              ],
              [
                105.599593,
                20.84966
              ],
              [
                105.599505,
                20.850002
              ],
              [
                105.599407,
                20.84999
              ],
              [
                105.599341,
                20.84998
              ],
              [
                105.599257,
                20.849965
              ],
              [
                105.59911,
                20.849938
              ],
              [
                105.599095,
                20.85
              ],
              [
                105.599052,
                20.850213
              ],
              [
                105.599027,
                20.850342
              ],
              [
                105.598974,
                20.850543
              ],
              [
                105.59896,
                20.850603
              ],
              [
                105.599265,
                20.850702
              ],
              [
                105.599609,
                20.850882
              ],
              [
                105.600515,
                20.851538
              ],
              [
                105.600799,
                20.851754
              ],
              [
                105.601027,
                20.851973
              ],
              [
                105.601164,
                20.852142
              ],
              [
                105.60162,
                20.852056
              ],
              [
                105.60162,
                20.852056
              ],
              [
                105.601713,
                20.852041
              ],
              [
                105.602159,
                20.851966
              ],
              [
                105.60279,
                20.851839
              ],
              [
                105.603197,
                20.851763
              ],
              [
                105.603316,
                20.851741
              ],
              [
                105.603842,
                20.851641
              ],
              [
                105.604393,
                20.851538
              ],
              [
                105.60489,
                20.851446
              ],
              [
                105.605598,
                20.851315
              ],
              [
                105.606482,
                20.851157
              ],
              [
                105.606562,
                20.851142
              ],
              [
                105.606987,
                20.851063
              ],
              [
                105.607327,
                20.850997
              ],
              [
                105.607597,
                20.850945
              ],
              [
                105.608052,
                20.850852
              ],
              [
                105.608238,
                20.850794
              ],
              [
                105.608427,
                20.850726
              ],
              [
                105.60865,
                20.850622
              ],
              [
                105.608888,
                20.85048
              ],
              [
                105.609185,
                20.850273
              ],
              [
                105.609364,
                20.850136
              ],
              [
                105.609436,
                20.85008
              ],
              [
                105.609574,
                20.849974
              ],
              [
                105.609888,
                20.849717
              ],
              [
                105.610054,
                20.849611
              ],
              [
                105.610083,
                20.849596
              ],
              [
                105.610134,
                20.849571
              ],
              [
                105.610428,
                20.849424
              ],
              [
                105.611065,
                20.849148
              ],
              [
                105.611518,
                20.848966
              ],
              [
                105.611609,
                20.848929
              ],
              [
                105.61161,
                20.848929
              ],
              [
                105.611672,
                20.848904
              ],
              [
                105.61218,
                20.848694
              ],
              [
                105.612585,
                20.848553
              ],
              [
                105.612907,
                20.848476
              ],
              [
                105.612907,
                20.848476
              ],
              [
                105.613228,
                20.848424
              ],
              [
                105.613619,
                20.848418
              ],
              [
                105.614129,
                20.848483
              ],
              [
                105.614226,
                20.8485
              ],
              [
                105.614601,
                20.848564
              ],
              [
                105.615171,
                20.848661
              ],
              [
                105.615239,
                20.848672
              ],
              [
                105.615731,
                20.848753
              ],
              [
                105.616606,
                20.848909
              ],
              [
                105.617594,
                20.849074
              ],
              [
                105.617615,
                20.849151
              ],
              [
                105.617647,
                20.849266
              ],
              [
                105.617757,
                20.849591
              ],
              [
                105.617892,
                20.849948
              ],
              [
                105.617936,
                20.850042
              ],
              [
                105.618195,
                20.850035
              ],
              [
                105.618408,
                20.850189
              ],
              [
                105.618788,
                20.85042
              ],
              [
                105.619,
                20.850636
              ],
              [
                105.619005,
                20.850642
              ],
              [
                105.619006,
                20.850642
              ],
              [
                105.619027,
                20.850638
              ],
              [
                105.619068,
                20.850631
              ],
              [
                105.619084,
                20.850591
              ],
              [
                105.619085,
                20.85059
              ],
              [
                105.619114,
                20.850545
              ],
              [
                105.619139,
                20.850511
              ],
              [
                105.619162,
                20.850484
              ],
              [
                105.61918,
                20.850464
              ],
              [
                105.619203,
                20.850453
              ],
              [
                105.619219,
                20.850458
              ],
              [
                105.619233,
                20.850471
              ],
              [
                105.619247,
                20.850485
              ],
              [
                105.619266,
                20.850502
              ],
              [
                105.619278,
                20.850516
              ],
              [
                105.619283,
                20.85052
              ],
              [
                105.619297,
                20.850537
              ],
              [
                105.619322,
                20.85053
              ],
              [
                105.619323,
                20.850526
              ],
              [
                105.619333,
                20.850509
              ],
              [
                105.619335,
                20.85051
              ],
              [
                105.619464,
                20.85062
              ],
              [
                105.619533,
                20.850671
              ],
              [
                105.619602,
                20.850683
              ],
              [
                105.619681,
                20.850671
              ],
              [
                105.619726,
                20.850636
              ],
              [
                105.619768,
                20.850636
              ],
              [
                105.619819,
                20.850585
              ],
              [
                105.619847,
                20.850574
              ],
              [
                105.619893,
                20.850593
              ],
              [
                105.620107,
                20.850676
              ],
              [
                105.620282,
                20.850771
              ],
              [
                105.620311,
                20.850807
              ],
              [
                105.620308,
                20.850852
              ],
              [
                105.620286,
                20.850899
              ],
              [
                105.62011,
                20.851042
              ],
              [
                105.620542,
                20.85132
              ],
              [
                105.620699,
                20.851165
              ],
              [
                105.620906,
                20.851245
              ],
              [
                105.621431,
                20.85154
              ],
              [
                105.622361,
                20.851927
              ],
              [
                105.622667,
                20.852219
              ],
              [
                105.622566,
                20.852345
              ],
              [
                105.622334,
                20.852688
              ],
              [
                105.62224,
                20.852828
              ],
              [
                105.622204,
                20.852889
              ],
              [
                105.622204,
                20.852924
              ],
              [
                105.622226,
                20.852967
              ],
              [
                105.622065,
                20.853066
              ],
              [
                105.621928,
                20.85321
              ],
              [
                105.62196,
                20.853432
              ],
              [
                105.621973,
                20.853475
              ],
              [
                105.622084,
                20.853826
              ],
              [
                105.622108,
                20.854185
              ],
              [
                105.622216,
                20.854485
              ],
              [
                105.62185,
                20.854687
              ],
              [
                105.621872,
                20.8547
              ],
              [
                105.621933,
                20.854798
              ],
              [
                105.622145,
                20.855169
              ],
              [
                105.622326,
                20.855474
              ],
              [
                105.622342,
                20.855524
              ],
              [
                105.622449,
                20.855732
              ],
              [
                105.622679,
                20.856175
              ],
              [
                105.622858,
                20.856442
              ],
              [
                105.62298,
                20.856513
              ],
              [
                105.623117,
                20.856526
              ],
              [
                105.62312,
                20.856529
              ],
              [
                105.623163,
                20.856531
              ],
              [
                105.623205,
                20.856532
              ],
              [
                105.623276,
                20.856508
              ],
              [
                105.623288,
                20.856504
              ],
              [
                105.623299,
                20.856499
              ],
              [
                105.623652,
                20.856594
              ],
              [
                105.623735,
                20.856824
              ],
              [
                105.623736,
                20.856836
              ],
              [
                105.623739,
                20.856953
              ],
              [
                105.623707,
                20.857147
              ],
              [
                105.62371,
                20.857226
              ],
              [
                105.623728,
                20.857293
              ],
              [
                105.623754,
                20.85752
              ],
              [
                105.623905,
                20.858827
              ],
              [
                105.623694,
                20.858876
              ],
              [
                105.623745,
                20.858954
              ],
              [
                105.623758,
                20.859068
              ],
              [
                105.623759,
                20.859157
              ],
              [
                105.623744,
                20.859322
              ],
              [
                105.623783,
                20.859525
              ],
              [
                105.62386,
                20.859651
              ],
              [
                105.624008,
                20.859713
              ],
              [
                105.624143,
                20.859805
              ],
              [
                105.624232,
                20.859898
              ],
              [
                105.624291,
                20.86001
              ],
              [
                105.624294,
                20.860099
              ],
              [
                105.624206,
                20.860331
              ],
              [
                105.624069,
                20.86053
              ],
              [
                105.624032,
                20.8607
              ],
              [
                105.624086,
                20.860891
              ],
              [
                105.624133,
                20.861108
              ],
              [
                105.624121,
                20.861297
              ],
              [
                105.624097,
                20.861398
              ],
              [
                105.624067,
                20.861462
              ],
              [
                105.623942,
                20.861606
              ],
              [
                105.623911,
                20.861682
              ],
              [
                105.623919,
                20.861757
              ],
              [
                105.623969,
                20.861832
              ],
              [
                105.62399,
                20.861849
              ],
              [
                105.624195,
                20.861951
              ],
              [
                105.624381,
                20.862056
              ],
              [
                105.624452,
                20.862099
              ],
              [
                105.624611,
                20.862126
              ],
              [
                105.624786,
                20.862082
              ],
              [
                105.624918,
                20.862034
              ],
              [
                105.62504,
                20.862014
              ],
              [
                105.625156,
                20.862029
              ],
              [
                105.625235,
                20.862051
              ],
              [
                105.625286,
                20.862099
              ],
              [
                105.625307,
                20.862208
              ],
              [
                105.625306,
                20.862462
              ],
              [
                105.625404,
                20.863174
              ],
              [
                105.625442,
                20.86323
              ],
              [
                105.625494,
                20.86325
              ],
              [
                105.625565,
                20.863265
              ],
              [
                105.625615,
                20.863243
              ],
              [
                105.625707,
                20.863169
              ],
              [
                105.625789,
                20.8631
              ],
              [
                105.625917,
                20.863059
              ],
              [
                105.626035,
                20.863054
              ],
              [
                105.626096,
                20.863072
              ],
              [
                105.626135,
                20.863129
              ],
              [
                105.62614,
                20.863214
              ],
              [
                105.626139,
                20.863249
              ],
              [
                105.626065,
                20.863448
              ],
              [
                105.625958,
                20.863565
              ],
              [
                105.625763,
                20.863633
              ],
              [
                105.625649,
                20.863698
              ],
              [
                105.62558,
                20.863758
              ],
              [
                105.62552,
                20.863842
              ],
              [
                105.625442,
                20.864124
              ],
              [
                105.625415,
                20.864193
              ],
              [
                105.625411,
                20.864234
              ],
              [
                105.625402,
                20.864342
              ],
              [
                105.625423,
                20.864482
              ],
              [
                105.625495,
                20.864577
              ],
              [
                105.625606,
                20.864639
              ],
              [
                105.625694,
                20.864727
              ],
              [
                105.62569,
                20.864816
              ],
              [
                105.625607,
                20.864899
              ],
              [
                105.625525,
                20.864972
              ],
              [
                105.625443,
                20.865099
              ],
              [
                105.625443,
                20.865217
              ],
              [
                105.625474,
                20.865326
              ],
              [
                105.625522,
                20.865388
              ],
              [
                105.625643,
                20.865468
              ],
              [
                105.625792,
                20.865501
              ],
              [
                105.625946,
                20.8655
              ],
              [
                105.62604,
                20.86548
              ],
              [
                105.626246,
                20.865397
              ],
              [
                105.626364,
                20.865385
              ],
              [
                105.62645,
                20.865411
              ],
              [
                105.626451,
                20.865415
              ],
              [
                105.626463,
                20.865447
              ],
              [
                105.626574,
                20.865448
              ],
              [
                105.626771,
                20.865419
              ],
              [
                105.626921,
                20.865359
              ],
              [
                105.626969,
                20.865313
              ],
              [
                105.627016,
                20.865267
              ],
              [
                105.627057,
                20.865223
              ],
              [
                105.627124,
                20.865192
              ],
              [
                105.627189,
                20.86519
              ],
              [
                105.62725,
                20.86522
              ],
              [
                105.62735,
                20.86534
              ],
              [
                105.62755,
                20.865467
              ],
              [
                105.627639,
                20.865526
              ],
              [
                105.627716,
                20.865574
              ],
              [
                105.627789,
                20.865639
              ],
              [
                105.627834,
                20.865726
              ],
              [
                105.627857,
                20.865869
              ],
              [
                105.627929,
                20.865976
              ],
              [
                105.628096,
                20.866134
              ],
              [
                105.628242,
                20.866309
              ],
              [
                105.628337,
                20.866355
              ],
              [
                105.628424,
                20.866397
              ],
              [
                105.628456,
                20.866396
              ],
              [
                105.628526,
                20.866444
              ],
              [
                105.628666,
                20.866659
              ],
              [
                105.62867,
                20.866667
              ],
              [
                105.628684,
                20.866708
              ],
              [
                105.628739,
                20.866865
              ],
              [
                105.628749,
                20.866895
              ],
              [
                105.628739,
                20.866989
              ],
              [
                105.628739,
                20.866995
              ],
              [
                105.628737,
                20.86701
              ],
              [
                105.628712,
                20.867257
              ],
              [
                105.628713,
                20.867379
              ],
              [
                105.628724,
                20.867418
              ],
              [
                105.628743,
                20.867458
              ],
              [
                105.628805,
                20.867505
              ],
              [
                105.628913,
                20.867554
              ],
              [
                105.629015,
                20.867589
              ],
              [
                105.629145,
                20.867625
              ],
              [
                105.629203,
                20.86764
              ],
              [
                105.629328,
                20.867674
              ],
              [
                105.62945,
                20.867677
              ],
              [
                105.629667,
                20.867641
              ],
              [
                105.629801,
                20.867608
              ],
              [
                105.629976,
                20.867611
              ],
              [
                105.630236,
                20.867664
              ],
              [
                105.6305,
                20.867763
              ],
              [
                105.630626,
                20.867838
              ],
              [
                105.630673,
                20.867844
              ],
              [
                105.630679,
                20.867845
              ],
              [
                105.630729,
                20.867841
              ],
              [
                105.630816,
                20.867805
              ],
              [
                105.630834,
                20.867786
              ],
              [
                105.630958,
                20.867627
              ],
              [
                105.631084,
                20.867491
              ],
              [
                105.631343,
                20.86743
              ],
              [
                105.631645,
                20.86741
              ],
              [
                105.631616,
                20.867523
              ],
              [
                105.631545,
                20.867691
              ],
              [
                105.631419,
                20.867945
              ],
              [
                105.631354,
                20.868088
              ],
              [
                105.631275,
                20.868165
              ],
              [
                105.631194,
                20.868268
              ],
              [
                105.631156,
                20.868337
              ],
              [
                105.631169,
                20.8684
              ],
              [
                105.631225,
                20.868452
              ],
              [
                105.631419,
                20.868485
              ],
              [
                105.631683,
                20.868522
              ],
              [
                105.631816,
                20.868552
              ],
              [
                105.631854,
                20.868595
              ],
              [
                105.631885,
                20.8687
              ],
              [
                105.631898,
                20.868798
              ],
              [
                105.631896,
                20.868863
              ],
              [
                105.631848,
                20.868932
              ],
              [
                105.631719,
                20.869009
              ],
              [
                105.631538,
                20.869065
              ],
              [
                105.631365,
                20.869099
              ],
              [
                105.6312,
                20.869171
              ],
              [
                105.631145,
                20.869253
              ],
              [
                105.631112,
                20.869368
              ],
              [
                105.631118,
                20.869437
              ],
              [
                105.631176,
                20.869492
              ],
              [
                105.631253,
                20.869522
              ],
              [
                105.631377,
                20.869541
              ],
              [
                105.631548,
                20.869584
              ],
              [
                105.631637,
                20.869638
              ],
              [
                105.631696,
                20.86971
              ],
              [
                105.63174,
                20.869815
              ],
              [
                105.631743,
                20.869889
              ],
              [
                105.63171,
                20.869965
              ],
              [
                105.631629,
                20.870049
              ],
              [
                105.631525,
                20.870088
              ],
              [
                105.631418,
                20.870095
              ],
              [
                105.631255,
                20.870063
              ],
              [
                105.631115,
                20.869984
              ],
              [
                105.630926,
                20.869877
              ],
              [
                105.63074,
                20.869681
              ],
              [
                105.630567,
                20.869484
              ],
              [
                105.630407,
                20.869395
              ],
              [
                105.630197,
                20.869328
              ],
              [
                105.630014,
                20.869321
              ],
              [
                105.629899,
                20.869343
              ],
              [
                105.629793,
                20.86943
              ],
              [
                105.629717,
                20.869577
              ],
              [
                105.629676,
                20.869713
              ],
              [
                105.62965,
                20.86985
              ],
              [
                105.629646,
                20.869965
              ],
              [
                105.629712,
                20.870075
              ],
              [
                105.629853,
                20.870222
              ],
              [
                105.630347,
                20.870607
              ],
              [
                105.630542,
                20.870764
              ],
              [
                105.630688,
                20.870857
              ],
              [
                105.630921,
                20.870956
              ],
              [
                105.631196,
                20.871056
              ],
              [
                105.631687,
                20.87122
              ],
              [
                105.631575,
                20.871895
              ],
              [
                105.63145,
                20.872326
              ],
              [
                105.631317,
                20.872494
              ],
              [
                105.63119,
                20.872518
              ],
              [
                105.630999,
                20.872513
              ],
              [
                105.630337,
                20.872288
              ],
              [
                105.630127,
                20.872283
              ],
              [
                105.63,
                20.872302
              ],
              [
                105.629917,
                20.872362
              ],
              [
                105.629786,
                20.872496
              ],
              [
                105.629743,
                20.872568
              ],
              [
                105.629671,
                20.872817
              ],
              [
                105.62964,
                20.872993
              ],
              [
                105.629656,
                20.873145
              ],
              [
                105.629714,
                20.873277
              ],
              [
                105.629811,
                20.8734
              ],
              [
                105.629938,
                20.873505
              ],
              [
                105.63009,
                20.873584
              ],
              [
                105.63042,
                20.873689
              ],
              [
                105.630824,
                20.873753
              ],
              [
                105.631203,
                20.873777
              ],
              [
                105.631165,
                20.874144
              ],
              [
                105.63119,
                20.874149
              ],
              [
                105.631307,
                20.874182
              ],
              [
                105.63141,
                20.874193
              ],
              [
                105.631551,
                20.874235
              ],
              [
                105.631646,
                20.874284
              ],
              [
                105.631743,
                20.874329
              ],
              [
                105.631861,
                20.874377
              ],
              [
                105.631957,
                20.874407
              ],
              [
                105.632212,
                20.874464
              ],
              [
                105.632354,
                20.874499
              ],
              [
                105.6325,
                20.874522
              ],
              [
                105.632633,
                20.874545
              ],
              [
                105.632888,
                20.874583
              ],
              [
                105.633148,
                20.874661
              ],
              [
                105.633364,
                20.874731
              ],
              [
                105.633591,
                20.874826
              ],
              [
                105.633679,
                20.874847
              ],
              [
                105.633826,
                20.8749
              ],
              [
                105.63387,
                20.874908
              ],
              [
                105.633963,
                20.874925
              ],
              [
                105.634073,
                20.874945
              ],
              [
                105.634249,
                20.874985
              ],
              [
                105.634441,
                20.87506
              ],
              [
                105.634532,
                20.87508
              ],
              [
                105.63456,
                20.875082
              ],
              [
                105.634579,
                20.875076
              ],
              [
                105.634837,
                20.875825
              ],
              [
                105.63529,
                20.87704
              ],
              [
                105.635542,
                20.877716
              ],
              [
                105.636129,
                20.879296
              ],
              [
                105.636663,
                20.880714
              ],
              [
                105.636692,
                20.880791
              ],
              [
                105.636884,
                20.880727
              ],
              [
                105.637238,
                20.880609
              ],
              [
                105.637866,
                20.880362
              ],
              [
                105.637947,
                20.880347
              ],
              [
                105.638038,
                20.880328
              ],
              [
                105.638271,
                20.880306
              ],
              [
                105.638448,
                20.880256
              ],
              [
                105.638732,
                20.880146
              ],
              [
                105.63877,
                20.880138
              ],
              [
                105.638868,
                20.880131
              ],
              [
                105.638964,
                20.880162
              ],
              [
                105.639246,
                20.880318
              ],
              [
                105.639292,
                20.880344
              ],
              [
                105.640474,
                20.881
              ],
              [
                105.641406,
                20.881517
              ],
              [
                105.64224,
                20.882054
              ],
              [
                105.642707,
                20.881789
              ],
              [
                105.643016,
                20.881684
              ],
              [
                105.643553,
                20.88161
              ],
              [
                105.644381,
                20.881507
              ],
              [
                105.645021,
                20.881418
              ],
              [
                105.64586,
                20.881278
              ],
              [
                105.648647,
                20.880711
              ],
              [
                105.648663,
                20.880709
              ],
              [
                105.648702,
                20.880695
              ],
              [
                105.649434,
                20.880437
              ],
              [
                105.649677,
                20.880351
              ],
              [
                105.64975,
                20.880247
              ],
              [
                105.64975,
                20.880228
              ],
              [
                105.64975,
                20.880228
              ]
            ]
          ]
        ]
      },
      "properties": {
        "code": "10081",
        "name": "Trần Phú",
        "nameEn": "Tran Phu",
        "fullName": "Xã Trần Phú",
        "fullNameEn": "Tran Phu Commune",
        "codeName": "tran_phu",
        "postalCode": "13423",
        "postalCodePrefix": "",
        "gisServerId": "diaphanhanhchinhcapxa_2025.3276",
        "areaKm2": 44.36
      }
    }
  ]
}