{
  "type": "FeatureCollection",
  "bbox": [
    105.812663,
    20.83571,
    105.875784,
    20.904356
  ],
  "features": [
    {
      "type": "Feature",
      "id": "10183",
      "bbox": [
        105.812663,
        20.83571,
        105.875784,
        20.904356
      ],
      "geometry": {
        "type": "MultiPolygon",
        "coordinates": [
          [
            [
              [
                105.839651,
                20.902793
              ],
              [
                105.840188,
                20.902514
              ],
              [
                105.840322,
                20.902445
              ],
              [
                105.840492,
                20.902353
              ],
              [
                105.840581,
                20.90231
              ],
              [
                105.841325,
                20.902022
              ],
              [
                105.841511,
                20.901969
              ],
              [
                105.841719,
                20.901917
              ],
              [
                105.842402,
                20.90174
              ],
              [
                105.842524,
                20.901721
              ],
              [
                105.843469,
                20.901431
              ],
              [
                105.844356,
                20.901238
              ],
              [
                105.844498,
                20.901208
              ],
              [
                105.844642,
                20.901163
              ],
              [
                105.844818,
                20.901107
              ],
              [
                105.844973,
                20.901056
              ],
              [
                105.84516,
                20.90098
              ],
              [
                105.845382,
                20.900894
              ],
              [
                105.845499,
                20.900842
              ],
              [
                105.845623,
                20.900794
              ],
              [
                105.845827,
                20.900743
              ],
              [
                105.846007,
                20.900695
              ],
              [
                105.846148,
                20.900649
              ],
              [
                105.846316,
                20.900596
              ],
              [
                105.846455,
                20.900553
              ],
              [
                105.846631,
                20.9005
              ],
              [
                105.846841,
                20.900438
              ],
              [
                105.846992,
                20.900397
              ],
              [
                105.847129,
                20.900354
              ],
              [
                105.847274,
                20.900307
              ],
              [
                105.847427,
                20.900271
              ],
              [
                105.847556,
                20.900236
              ],
              [
                105.847734,
                20.900191
              ],
              [
                105.847833,
                20.900139
              ],
              [
                105.847937,
                20.900102
              ],
              [
                105.848071,
                20.900072
              ],
              [
                105.848231,
                20.900012
              ],
              [
                105.848401,
                20.899963
              ],
              [
                105.848536,
                20.899934
              ],
              [
                105.848681,
                20.899901
              ],
              [
                105.849033,
                20.899795
              ],
              [
                105.849201,
                20.89974
              ],
              [
                105.849311,
                20.899705
              ],
              [
                105.849411,
                20.899665
              ],
              [
                105.849532,
                20.899618
              ],
              [
                105.849691,
                20.899571
              ],
              [
                105.84988,
                20.899515
              ],
              [
                105.850043,
                20.899465
              ],
              [
                105.850187,
                20.899421
              ],
              [
                105.850345,
                20.899383
              ],
              [
                105.850484,
                20.899339
              ],
              [
                105.850619,
                20.899295
              ],
              [
                105.850765,
                20.899252
              ],
              [
                105.850918,
                20.899195
              ],
              [
                105.851097,
                20.899129
              ],
              [
                105.851286,
                20.899041
              ],
              [
                105.85155,
                20.898934
              ],
              [
                105.85171,
                20.898863
              ],
              [
                105.851857,
                20.89878
              ],
              [
                105.851939,
                20.898733
              ],
              [
                105.852645,
                20.898115
              ],
              [
                105.853123,
                20.897685
              ],
              [
                105.853184,
                20.89763
              ],
              [
                105.853293,
                20.897531
              ],
              [
                105.853403,
                20.897434
              ],
              [
                105.853537,
                20.897319
              ],
              [
                105.853675,
                20.897201
              ],
              [
                105.853803,
                20.897092
              ],
              [
                105.853962,
                20.896985
              ],
              [
                105.854262,
                20.8968
              ],
              [
                105.854374,
                20.896702
              ],
              [
                105.854599,
                20.896479
              ],
              [
                105.854695,
                20.896353
              ],
              [
                105.854758,
                20.896257
              ],
              [
                105.854812,
                20.896176
              ],
              [
                105.85486,
                20.896087
              ],
              [
                105.854918,
                20.895984
              ],
              [
                105.854976,
                20.895879
              ],
              [
                105.854962,
                20.895702
              ],
              [
                105.855047,
                20.895564
              ],
              [
                105.855214,
                20.895423
              ],
              [
                105.85534,
                20.895367
              ],
              [
                105.855492,
                20.895372
              ],
              [
                105.855684,
                20.895402
              ],
              [
                105.85587,
                20.895413
              ],
              [
                105.856031,
                20.895402
              ],
              [
                105.856143,
                20.895366
              ],
              [
                105.856358,
                20.895349
              ],
              [
                105.856387,
                20.895354
              ],
              [
                105.856495,
                20.895256
              ],
              [
                105.856789,
                20.895226
              ],
              [
                105.857173,
                20.895337
              ],
              [
                105.857467,
                20.894999
              ],
              [
                105.857507,
                20.894847
              ],
              [
                105.857474,
                20.894824
              ],
              [
                105.85748,
                20.894807
              ],
              [
                105.857551,
                20.89462
              ],
              [
                105.857715,
                20.894668
              ],
              [
                105.858099,
                20.894768
              ],
              [
                105.858384,
                20.893896
              ],
              [
                105.858284,
                20.893865
              ],
              [
                105.85829,
                20.893846
              ],
              [
                105.858335,
                20.893695
              ],
              [
                105.858341,
                20.893672
              ],
              [
                105.858375,
                20.893527
              ],
              [
                105.858388,
                20.893468
              ],
              [
                105.858475,
                20.893267
              ],
              [
                105.858554,
                20.89304
              ],
              [
                105.858645,
                20.893069
              ],
              [
                105.858726,
                20.893061
              ],
              [
                105.858737,
                20.893025
              ],
              [
                105.858744,
                20.892917
              ],
              [
                105.858766,
                20.892833
              ],
              [
                105.858809,
                20.892714
              ],
              [
                105.858819,
                20.892646
              ],
              [
                105.858827,
                20.89259
              ],
              [
                105.858799,
                20.892533
              ],
              [
                105.858806,
                20.892501
              ],
              [
                105.858848,
                20.892392
              ],
              [
                105.858882,
                20.892304
              ],
              [
                105.858889,
                20.892207
              ],
              [
                105.858904,
                20.892192
              ],
              [
                105.859056,
                20.892187
              ],
              [
                105.859124,
                20.892187
              ],
              [
                105.859143,
                20.892171
              ],
              [
                105.859161,
                20.892138
              ],
              [
                105.859159,
                20.891951
              ],
              [
                105.859173,
                20.891876
              ],
              [
                105.85961,
                20.891883
              ],
              [
                105.859611,
                20.892027
              ],
              [
                105.859886,
                20.892035
              ],
              [
                105.859956,
                20.891891
              ],
              [
                105.860071,
                20.891251
              ],
              [
                105.860069,
                20.891243
              ],
              [
                105.860053,
                20.891181
              ],
              [
                105.86008,
                20.891175
              ],
              [
                105.860118,
                20.891165
              ],
              [
                105.860198,
                20.891146
              ],
              [
                105.860226,
                20.891144
              ],
              [
                105.860251,
                20.89114
              ],
              [
                105.860279,
                20.89113
              ],
              [
                105.860318,
                20.89111
              ],
              [
                105.860515,
                20.890987
              ],
              [
                105.860682,
                20.890869
              ],
              [
                105.860722,
                20.890839
              ],
              [
                105.860783,
                20.890899
              ],
              [
                105.860822,
                20.890925
              ],
              [
                105.860865,
                20.890936
              ],
              [
                105.860929,
                20.890936
              ],
              [
                105.860981,
                20.890921
              ],
              [
                105.861045,
                20.890907
              ],
              [
                105.861102,
                20.890888
              ],
              [
                105.861158,
                20.89085
              ],
              [
                105.861198,
                20.89082
              ],
              [
                105.861247,
                20.890798
              ],
              [
                105.861321,
                20.89077
              ],
              [
                105.8614,
                20.890758
              ],
              [
                105.861491,
                20.890737
              ],
              [
                105.861569,
                20.890711
              ],
              [
                105.861606,
                20.890702
              ],
              [
                105.861641,
                20.890697
              ],
              [
                105.861683,
                20.890697
              ],
              [
                105.861735,
                20.890687
              ],
              [
                105.861777,
                20.890679
              ],
              [
                105.861834,
                20.890674
              ],
              [
                105.86196,
                20.890671
              ],
              [
                105.86203,
                20.890677
              ],
              [
                105.862049,
                20.890679
              ],
              [
                105.862082,
                20.890683
              ],
              [
                105.862154,
                20.890695
              ],
              [
                105.862245,
                20.890714
              ],
              [
                105.86227,
                20.890716
              ],
              [
                105.862294,
                20.890713
              ],
              [
                105.86232,
                20.890709
              ],
              [
                105.862352,
                20.89071
              ],
              [
                105.862384,
                20.890716
              ],
              [
                105.862448,
                20.890727
              ],
              [
                105.8626,
                20.89075
              ],
              [
                105.862685,
                20.890766
              ],
              [
                105.86276,
                20.890785
              ],
              [
                105.863184,
                20.890896
              ],
              [
                105.863367,
                20.890915
              ],
              [
                105.863396,
                20.890922
              ],
              [
                105.863519,
                20.890973
              ],
              [
                105.863522,
                20.890977
              ],
              [
                105.863539,
                20.890987
              ],
              [
                105.86372,
                20.891074
              ],
              [
                105.863776,
                20.891092
              ],
              [
                105.863835,
                20.891118
              ],
              [
                105.86389,
                20.891155
              ],
              [
                105.863943,
                20.891205
              ],
              [
                105.863971,
                20.891226
              ],
              [
                105.864026,
                20.891256
              ],
              [
                105.864114,
                20.891307
              ],
              [
                105.864203,
                20.891356
              ],
              [
                105.864291,
                20.891416
              ],
              [
                105.864399,
                20.891474
              ],
              [
                105.864519,
                20.891531
              ],
              [
                105.864631,
                20.891607
              ],
              [
                105.864726,
                20.891673
              ],
              [
                105.864856,
                20.891728
              ],
              [
                105.86488,
                20.891734
              ],
              [
                105.865107,
                20.891776
              ],
              [
                105.865285,
                20.891835
              ],
              [
                105.865547,
                20.892007
              ],
              [
                105.86574,
                20.892125
              ],
              [
                105.865813,
                20.892192
              ],
              [
                105.86677,
                20.893066
              ],
              [
                105.866778,
                20.893065
              ],
              [
                105.866794,
                20.89307
              ],
              [
                105.86683,
                20.893095
              ],
              [
                105.866852,
                20.893113
              ],
              [
                105.866879,
                20.893135
              ],
              [
                105.866911,
                20.893161
              ],
              [
                105.866927,
                20.893182
              ],
              [
                105.866943,
                20.893213
              ],
              [
                105.866953,
                20.893244
              ],
              [
                105.866958,
                20.893269
              ],
              [
                105.866954,
                20.893296
              ],
              [
                105.866947,
                20.893318
              ],
              [
                105.866932,
                20.893348
              ],
              [
                105.86693,
                20.89337
              ],
              [
                105.866936,
                20.893393
              ],
              [
                105.867054,
                20.893473
              ],
              [
                105.867135,
                20.893459
              ],
              [
                105.867274,
                20.893435
              ],
              [
                105.867475,
                20.893398
              ],
              [
                105.867952,
                20.893308
              ],
              [
                105.868116,
                20.893278
              ],
              [
                105.868191,
                20.893264
              ],
              [
                105.869375,
                20.893052
              ],
              [
                105.870345,
                20.892882
              ],
              [
                105.870381,
                20.892876
              ],
              [
                105.870818,
                20.892799
              ],
              [
                105.871177,
                20.892735
              ],
              [
                105.870633,
                20.890835
              ],
              [
                105.870624,
                20.890802
              ],
              [
                105.870618,
                20.890788
              ],
              [
                105.870716,
                20.890771
              ],
              [
                105.871242,
                20.890661
              ],
              [
                105.871643,
                20.890585
              ],
              [
                105.871986,
                20.890518
              ],
              [
                105.872401,
                20.89042
              ],
              [
                105.872485,
                20.890404
              ],
              [
                105.872498,
                20.890405
              ],
              [
                105.873217,
                20.890262
              ],
              [
                105.873822,
                20.890127
              ],
              [
                105.874318,
                20.890037
              ],
              [
                105.874708,
                20.889963
              ],
              [
                105.874707,
                20.889929
              ],
              [
                105.874681,
                20.889101
              ],
              [
                105.874673,
                20.888869
              ],
              [
                105.87466,
                20.888457
              ],
              [
                105.87466,
                20.888453
              ],
              [
                105.87466,
                20.888452
              ],
              [
                105.874668,
                20.888448
              ],
              [
                105.874691,
                20.888436
              ],
              [
                105.874708,
                20.888395
              ],
              [
                105.874719,
                20.887859
              ],
              [
                105.874698,
                20.887859
              ],
              [
                105.874687,
                20.887844
              ],
              [
                105.874682,
                20.887831
              ],
              [
                105.874677,
                20.887467
              ],
              [
                105.874677,
                20.887465
              ],
              [
                105.874677,
                20.887459
              ],
              [
                105.874676,
                20.887436
              ],
              [
                105.874676,
                20.887431
              ],
              [
                105.874669,
                20.886935
              ],
              [
                105.87464,
                20.88531
              ],
              [
                105.874615,
                20.88499
              ],
              [
                105.87449,
                20.883933
              ],
              [
                105.874488,
                20.883912
              ],
              [
                105.87437,
                20.882946
              ],
              [
                105.874253,
                20.881997
              ],
              [
                105.874719,
                20.88199
              ],
              [
                105.875347,
                20.881981
              ],
              [
                105.875338,
                20.88172
              ],
              [
                105.875321,
                20.881244
              ],
              [
                105.875314,
                20.881053
              ],
              [
                105.875303,
                20.88073
              ],
              [
                105.875301,
                20.880687
              ],
              [
                105.875281,
                20.880111
              ],
              [
                105.875267,
                20.879717
              ],
              [
                105.875263,
                20.879607
              ],
              [
                105.875256,
                20.87942
              ],
              [
                105.87523,
                20.878577
              ],
              [
                105.875224,
                20.87838
              ],
              [
                105.875197,
                20.877494
              ],
              [
                105.875196,
                20.877438
              ],
              [
                105.875163,
                20.876774
              ],
              [
                105.875162,
                20.876752
              ],
              [
                105.87516,
                20.876717
              ],
              [
                105.875157,
                20.876638
              ],
              [
                105.875101,
                20.875338
              ],
              [
                105.875038,
                20.87423
              ],
              [
                105.875028,
                20.874014
              ],
              [
                105.875028,
                20.874013
              ],
              [
                105.87501,
                20.872941
              ],
              [
                105.875002,
                20.872431
              ],
              [
                105.875784,
                20.872365
              ],
              [
                105.87578,
                20.872364
              ],
              [
                105.875732,
                20.8709
              ],
              [
                105.875685,
                20.870906
              ],
              [
                105.875635,
                20.870912
              ],
              [
                105.874845,
                20.871014
              ],
              [
                105.874026,
                20.871124
              ],
              [
                105.873319,
                20.87121
              ],
              [
                105.873036,
                20.871245
              ],
              [
                105.87271,
                20.871285
              ],
              [
                105.872657,
                20.871292
              ],
              [
                105.87265,
                20.871293
              ],
              [
                105.872198,
                20.871353
              ],
              [
                105.871826,
                20.871399
              ],
              [
                105.871788,
                20.871404
              ],
              [
                105.871698,
                20.871415
              ],
              [
                105.871643,
                20.871422
              ],
              [
                105.871374,
                20.871456
              ],
              [
                105.871003,
                20.871504
              ],
              [
                105.870477,
                20.871573
              ],
              [
                105.870418,
                20.871581
              ],
              [
                105.870372,
                20.871587
              ],
              [
                105.869904,
                20.871648
              ],
              [
                105.869775,
                20.87167
              ],
              [
                105.869754,
                20.871511
              ],
              [
                105.869579,
                20.870277
              ],
              [
                105.869205,
                20.870311
              ],
              [
                105.868829,
                20.870329
              ],
              [
                105.868537,
                20.87034
              ],
              [
                105.86846,
                20.870344
              ],
              [
                105.868015,
                20.870372
              ],
              [
                105.867683,
                20.870401
              ],
              [
                105.86768,
                20.870379
              ],
              [
                105.867665,
                20.870203
              ],
              [
                105.867752,
                20.870095
              ],
              [
                105.867768,
                20.870047
              ],
              [
                105.867769,
                20.870045
              ],
              [
                105.867745,
                20.869858
              ],
              [
                105.867731,
                20.869755
              ],
              [
                105.86773,
                20.869747
              ],
              [
                105.867523,
                20.86954
              ],
              [
                105.867295,
                20.869521
              ],
              [
                105.86722,
                20.869642
              ],
              [
                105.867204,
                20.869769
              ],
              [
                105.866989,
                20.869776
              ],
              [
                105.866927,
                20.869776
              ],
              [
                105.866891,
                20.86953
              ],
              [
                105.866891,
                20.86953
              ],
              [
                105.866873,
                20.869361
              ],
              [
                105.866819,
                20.869227
              ],
              [
                105.866722,
                20.869091
              ],
              [
                105.866632,
                20.868956
              ],
              [
                105.866565,
                20.868796
              ],
              [
                105.866484,
                20.868447
              ],
              [
                105.866446,
                20.868359
              ],
              [
                105.866353,
                20.868204
              ],
              [
                105.866197,
                20.868
              ],
              [
                105.866171,
                20.867911
              ],
              [
                105.866166,
                20.867849
              ],
              [
                105.866208,
                20.867643
              ],
              [
                105.86634,
                20.867153
              ],
              [
                105.866361,
                20.867102
              ],
              [
                105.866542,
                20.867143
              ],
              [
                105.866712,
                20.867063
              ],
              [
                105.866948,
                20.86708
              ],
              [
                105.867,
                20.866928
              ],
              [
                105.86751,
                20.867037
              ],
              [
                105.867479,
                20.867106
              ],
              [
                105.867792,
                20.867213
              ],
              [
                105.867902,
                20.866943
              ],
              [
                105.867936,
                20.86686
              ],
              [
                105.867938,
                20.866855
              ],
              [
                105.867948,
                20.866831
              ],
              [
                105.867957,
                20.8668
              ],
              [
                105.867958,
                20.866796
              ],
              [
                105.868103,
                20.866277
              ],
              [
                105.868104,
                20.866276
              ],
              [
                105.868145,
                20.866009
              ],
              [
                105.867831,
                20.865781
              ],
              [
                105.867811,
                20.865769
              ],
              [
                105.867987,
                20.86555
              ],
              [
                105.867968,
                20.865537
              ],
              [
                105.867625,
                20.86531
              ],
              [
                105.867795,
                20.865057
              ],
              [
                105.867723,
                20.864975
              ],
              [
                105.867602,
                20.864908
              ],
              [
                105.867412,
                20.864904
              ],
              [
                105.867257,
                20.864957
              ],
              [
                105.867221,
                20.864895
              ],
              [
                105.867424,
                20.864261
              ],
              [
                105.867457,
                20.864172
              ],
              [
                105.867179,
                20.864074
              ],
              [
                105.867053,
                20.864026
              ],
              [
                105.866889,
                20.864059
              ],
              [
                105.866481,
                20.864
              ],
              [
                105.866454,
                20.863995
              ],
              [
                105.866435,
                20.864042
              ],
              [
                105.866404,
                20.864123
              ],
              [
                105.866375,
                20.864199
              ],
              [
                105.866255,
                20.864188
              ],
              [
                105.866071,
                20.863934
              ],
              [
                105.865919,
                20.862651
              ],
              [
                105.865126,
                20.862407
              ],
              [
                105.865125,
                20.862407
              ],
              [
                105.865126,
                20.862405
              ],
              [
                105.865529,
                20.861634
              ],
              [
                105.865713,
                20.861283
              ],
              [
                105.86576,
                20.861195
              ],
              [
                105.865882,
                20.861235
              ],
              [
                105.865933,
                20.861093
              ],
              [
                105.866271,
                20.861141
              ],
              [
                105.866356,
                20.860946
              ],
              [
                105.866389,
                20.860841
              ],
              [
                105.866407,
                20.860741
              ],
              [
                105.866415,
                20.860636
              ],
              [
                105.866408,
                20.860517
              ],
              [
                105.866379,
                20.86038
              ],
              [
                105.866314,
                20.860145
              ],
              [
                105.866019,
                20.859314
              ],
              [
                105.865678,
                20.858413
              ],
              [
                105.865678,
                20.858413
              ],
              [
                105.865569,
                20.858416
              ],
              [
                105.865443,
                20.858367
              ],
              [
                105.864523,
                20.85799
              ],
              [
                105.863887,
                20.857739
              ],
              [
                105.863729,
                20.858215
              ],
              [
                105.863235,
                20.859709
              ],
              [
                105.862807,
                20.859588
              ],
              [
                105.862628,
                20.859534
              ],
              [
                105.861899,
                20.859327
              ],
              [
                105.861316,
                20.859162
              ],
              [
                105.860665,
                20.858977
              ],
              [
                105.860506,
                20.858932
              ],
              [
                105.860169,
                20.858838
              ],
              [
                105.859226,
                20.858575
              ],
              [
                105.857966,
                20.858229
              ],
              [
                105.857664,
                20.858144
              ],
              [
                105.857479,
                20.858093
              ],
              [
                105.857317,
                20.858051
              ],
              [
                105.857282,
                20.858041
              ],
              [
                105.855826,
                20.857638
              ],
              [
                105.855796,
                20.857656
              ],
              [
                105.855159,
                20.85954
              ],
              [
                105.854825,
                20.860503
              ],
              [
                105.854596,
                20.861115
              ],
              [
                105.85442,
                20.861072
              ],
              [
                105.854013,
                20.86098
              ],
              [
                105.852833,
                20.860715
              ],
              [
                105.852687,
                20.860688
              ],
              [
                105.852661,
                20.860683
              ],
              [
                105.852606,
                20.860679
              ],
              [
                105.851983,
                20.860524
              ],
              [
                105.850836,
                20.860243
              ],
              [
                105.848648,
                20.859674
              ],
              [
                105.84805,
                20.859556
              ],
              [
                105.847962,
                20.859668
              ],
              [
                105.848305,
                20.85988
              ],
              [
                105.847648,
                20.860467
              ],
              [
                105.847734,
                20.860638
              ],
              [
                105.847815,
                20.860803
              ],
              [
                105.847869,
                20.860903
              ],
              [
                105.84789,
                20.860936
              ],
              [
                105.847863,
                20.860945
              ],
              [
                105.847368,
                20.86118
              ],
              [
                105.847006,
                20.861338
              ],
              [
                105.846949,
                20.861383
              ],
              [
                105.846878,
                20.861494
              ],
              [
                105.846868,
                20.861504
              ],
              [
                105.846797,
                20.861565
              ],
              [
                105.846625,
                20.861651
              ],
              [
                105.846232,
                20.861813
              ],
              [
                105.845997,
                20.861977
              ],
              [
                105.845972,
                20.861987
              ],
              [
                105.845862,
                20.861943
              ],
              [
                105.84571,
                20.861887
              ],
              [
                105.845342,
                20.86179
              ],
              [
                105.845299,
                20.861713
              ],
              [
                105.845253,
                20.86158
              ],
              [
                105.84508,
                20.861252
              ],
              [
                105.844908,
                20.861019
              ],
              [
                105.84483,
                20.860903
              ],
              [
                105.84483,
                20.860887
              ],
              [
                105.844868,
                20.860852
              ],
              [
                105.845113,
                20.860711
              ],
              [
                105.845395,
                20.860549
              ],
              [
                105.84546,
                20.860512
              ],
              [
                105.845513,
                20.860485
              ],
              [
                105.845804,
                20.860339
              ],
              [
                105.845362,
                20.859674
              ],
              [
                105.845191,
                20.859764
              ],
              [
                105.845177,
                20.859772
              ],
              [
                105.844958,
                20.85989
              ],
              [
                105.844822,
                20.859963
              ],
              [
                105.844692,
                20.860091
              ],
              [
                105.844669,
                20.860114
              ],
              [
                105.844401,
                20.860442
              ],
              [
                105.844101,
                20.860793
              ],
              [
                105.843909,
                20.860924
              ],
              [
                105.844163,
                20.861251
              ],
              [
                105.844501,
                20.86166
              ],
              [
                105.845066,
                20.862279
              ],
              [
                105.84559,
                20.862921
              ],
              [
                105.845925,
                20.86334
              ],
              [
                105.845818,
                20.863415
              ],
              [
                105.844648,
                20.864219
              ],
              [
                105.84462,
                20.864182
              ],
              [
                105.844458,
                20.864001
              ],
              [
                105.844206,
                20.863693
              ],
              [
                105.843705,
                20.8631
              ],
              [
                105.843267,
                20.862525
              ],
              [
                105.843084,
                20.862292
              ],
              [
                105.843041,
                20.862231
              ],
              [
                105.842699,
                20.861789
              ],
              [
                105.842558,
                20.861618
              ],
              [
                105.842337,
                20.861386
              ],
              [
                105.842518,
                20.86127
              ],
              [
                105.842524,
                20.861266
              ],
              [
                105.843352,
                20.860696
              ],
              [
                105.843496,
                20.860602
              ],
              [
                105.843915,
                20.860281
              ],
              [
                105.84431,
                20.85999
              ],
              [
                105.844606,
                20.859794
              ],
              [
                105.844645,
                20.859768
              ],
              [
                105.844892,
                20.859569
              ],
              [
                105.845405,
                20.859268
              ],
              [
                105.845522,
                20.859207
              ],
              [
                105.846267,
                20.858768
              ],
              [
                105.846444,
                20.858659
              ],
              [
                105.846608,
                20.858467
              ],
              [
                105.846993,
                20.857916
              ],
              [
                105.84723,
                20.857327
              ],
              [
                105.847234,
                20.857314
              ],
              [
                105.847239,
                20.857294
              ],
              [
                105.847338,
                20.856833
              ],
              [
                105.847367,
                20.856716
              ],
              [
                105.84745,
                20.856228
              ],
              [
                105.847442,
                20.855977
              ],
              [
                105.847376,
                20.855651
              ],
              [
                105.847375,
                20.855643
              ],
              [
                105.847371,
                20.855627
              ],
              [
                105.847344,
                20.855493
              ],
              [
                105.847187,
                20.855028
              ],
              [
                105.846983,
                20.855018
              ],
              [
                105.8468,
                20.855019
              ],
              [
                105.846711,
                20.854989
              ],
              [
                105.846026,
                20.85476
              ],
              [
                105.844837,
                20.854354
              ],
              [
                105.843242,
                20.85383
              ],
              [
                105.841579,
                20.85328
              ],
              [
                105.841221,
                20.853143
              ],
              [
                105.840888,
                20.853026
              ],
              [
                105.840527,
                20.852895
              ],
              [
                105.840114,
                20.852759
              ],
              [
                105.840068,
                20.852744
              ],
              [
                105.83989,
                20.852896
              ],
              [
                105.839578,
                20.853164
              ],
              [
                105.839367,
                20.853344
              ],
              [
                105.839306,
                20.853403
              ],
              [
                105.839238,
                20.853376
              ],
              [
                105.838927,
                20.853369
              ],
              [
                105.838268,
                20.852738
              ],
              [
                105.838208,
                20.852791
              ],
              [
                105.837797,
                20.852413
              ],
              [
                105.837777,
                20.852382
              ],
              [
                105.837742,
                20.852392
              ],
              [
                105.837434,
                20.852391
              ],
              [
                105.837435,
                20.852123
              ],
              [
                105.837387,
                20.851969
              ],
              [
                105.837304,
                20.85164
              ],
              [
                105.837226,
                20.851343
              ],
              [
                105.837215,
                20.851303
              ],
              [
                105.837182,
                20.851196
              ],
              [
                105.837186,
                20.85119
              ],
              [
                105.837124,
                20.851015
              ],
              [
                105.83707,
                20.850827
              ],
              [
                105.836925,
                20.850485
              ],
              [
                105.836838,
                20.85028
              ],
              [
                105.836634,
                20.849712
              ],
              [
                105.836552,
                20.849559
              ],
              [
                105.836521,
                20.849518
              ],
              [
                105.836398,
                20.849357
              ],
              [
                105.835658,
                20.848456
              ],
              [
                105.835594,
                20.848369
              ],
              [
                105.835492,
                20.84823
              ],
              [
                105.83539,
                20.848135
              ],
              [
                105.8353,
                20.848051
              ],
              [
                105.835089,
                20.847867
              ],
              [
                105.834956,
                20.847736
              ],
              [
                105.834713,
                20.847562
              ],
              [
                105.834535,
                20.847448
              ],
              [
                105.834366,
                20.847339
              ],
              [
                105.834236,
                20.847271
              ],
              [
                105.834136,
                20.847219
              ],
              [
                105.834007,
                20.847188
              ],
              [
                105.833392,
                20.846962
              ],
              [
                105.832692,
                20.846719
              ],
              [
                105.832664,
                20.846709
              ],
              [
                105.831817,
                20.846399
              ],
              [
                105.831507,
                20.846358
              ],
              [
                105.830957,
                20.846275
              ],
              [
                105.829335,
                20.846127
              ],
              [
                105.8293,
                20.846124
              ],
              [
                105.829237,
                20.846128
              ],
              [
                105.829024,
                20.84443
              ],
              [
                105.828854,
                20.842979
              ],
              [
                105.828758,
                20.842223
              ],
              [
                105.828698,
                20.841749
              ],
              [
                105.828698,
                20.841746
              ],
              [
                105.828604,
                20.841005
              ],
              [
                105.828464,
                20.839913
              ],
              [
                105.828426,
                20.839611
              ],
              [
                105.828347,
                20.838978
              ],
              [
                105.828199,
                20.837708
              ],
              [
                105.828195,
                20.837603
              ],
              [
                105.828225,
                20.837556
              ],
              [
                105.828252,
                20.837515
              ],
              [
                105.828203,
                20.837478
              ],
              [
                105.82813,
                20.837423
              ],
              [
                105.828022,
                20.837282
              ],
              [
                105.827577,
                20.836086
              ],
              [
                105.827581,
                20.835997
              ],
              [
                105.827467,
                20.836045
              ],
              [
                105.826991,
                20.836442
              ],
              [
                105.826252,
                20.83571
              ],
              [
                105.826174,
                20.835778
              ],
              [
                105.825893,
                20.836026
              ],
              [
                105.825281,
                20.836582
              ],
              [
                105.824923,
                20.836809
              ],
              [
                105.824832,
                20.836864
              ],
              [
                105.824628,
                20.836979
              ],
              [
                105.824484,
                20.837029
              ],
              [
                105.824406,
                20.83706
              ],
              [
                105.824314,
                20.837088
              ],
              [
                105.824098,
                20.837302
              ],
              [
                105.823994,
                20.837434
              ],
              [
                105.823796,
                20.837813
              ],
              [
                105.823703,
                20.837853
              ],
              [
                105.823579,
                20.837931
              ],
              [
                105.823431,
                20.83816
              ],
              [
                105.823365,
                20.838282
              ],
              [
                105.823093,
                20.838789
              ],
              [
                105.822793,
                20.83938
              ],
              [
                105.822309,
                20.84025
              ],
              [
                105.821831,
                20.84112
              ],
              [
                105.821815,
                20.841154
              ],
              [
                105.822424,
                20.841275
              ],
              [
                105.823132,
                20.841408
              ],
              [
                105.823479,
                20.841476
              ],
              [
                105.823547,
                20.841498
              ],
              [
                105.823566,
                20.841513
              ],
              [
                105.823568,
                20.841515
              ],
              [
                105.823582,
                20.841574
              ],
              [
                105.823427,
                20.842474
              ],
              [
                105.823395,
                20.842676
              ],
              [
                105.823111,
                20.844495
              ],
              [
                105.823016,
                20.845017
              ],
              [
                105.822997,
                20.845123
              ],
              [
                105.822992,
                20.845151
              ],
              [
                105.822738,
                20.846545
              ],
              [
                105.82269,
                20.846805
              ],
              [
                105.822609,
                20.847257
              ],
              [
                105.822602,
                20.847305
              ],
              [
                105.822598,
                20.847342
              ],
              [
                105.822301,
                20.849017
              ],
              [
                105.822104,
                20.850141
              ],
              [
                105.822058,
                20.8504
              ],
              [
                105.822049,
                20.850453
              ],
              [
                105.82194,
                20.851031
              ],
              [
                105.821889,
                20.851339
              ],
              [
                105.821795,
                20.851832
              ],
              [
                105.821425,
                20.853958
              ],
              [
                105.821423,
                20.853962
              ],
              [
                105.821437,
                20.853975
              ],
              [
                105.821698,
                20.854845
              ],
              [
                105.821675,
                20.854852
              ],
              [
                105.821772,
                20.85519
              ],
              [
                105.821868,
                20.855506
              ],
              [
                105.821977,
                20.855863
              ],
              [
                105.822105,
                20.856218
              ],
              [
                105.822132,
                20.85633
              ],
              [
                105.822146,
                20.856389
              ],
              [
                105.822078,
                20.856395
              ],
              [
                105.822028,
                20.856396
              ],
              [
                105.821969,
                20.856398
              ],
              [
                105.821547,
                20.856429
              ],
              [
                105.821085,
                20.856472
              ],
              [
                105.820698,
                20.856567
              ],
              [
                105.82049,
                20.856646
              ],
              [
                105.820361,
                20.856694
              ],
              [
                105.819927,
                20.856918
              ],
              [
                105.819779,
                20.857024
              ],
              [
                105.819718,
                20.857068
              ],
              [
                105.819661,
                20.857131
              ],
              [
                105.819531,
                20.857309
              ],
              [
                105.819504,
                20.857358
              ],
              [
                105.819438,
                20.857509
              ],
              [
                105.819411,
                20.857644
              ],
              [
                105.819398,
                20.857793
              ],
              [
                105.819431,
                20.858032
              ],
              [
                105.819441,
                20.858064
              ],
              [
                105.819481,
                20.858151
              ],
              [
                105.819473,
                20.858176
              ],
              [
                105.819499,
                20.858253
              ],
              [
                105.819373,
                20.858487
              ],
              [
                105.819374,
                20.858487
              ],
              [
                105.819417,
                20.858525
              ],
              [
                105.81958,
                20.858658
              ],
              [
                105.819927,
                20.858884
              ],
              [
                105.820241,
                20.859079
              ],
              [
                105.820338,
                20.859125
              ],
              [
                105.820423,
                20.859147
              ],
              [
                105.820589,
                20.859149
              ],
              [
                105.820808,
                20.859149
              ],
              [
                105.820825,
                20.859149
              ],
              [
                105.820802,
                20.859403
              ],
              [
                105.820671,
                20.860405
              ],
              [
                105.820669,
                20.860421
              ],
              [
                105.822328,
                20.860892
              ],
              [
                105.824043,
                20.861397
              ],
              [
                105.824133,
                20.861424
              ],
              [
                105.824425,
                20.861511
              ],
              [
                105.824454,
                20.861517
              ],
              [
                105.824452,
                20.861529
              ],
              [
                105.824347,
                20.862019
              ],
              [
                105.824331,
                20.862087
              ],
              [
                105.824276,
                20.862319
              ],
              [
                105.824037,
                20.862868
              ],
              [
                105.823618,
                20.863739
              ],
              [
                105.823589,
                20.863797
              ],
              [
                105.823036,
                20.864945
              ],
              [
                105.822793,
                20.86546
              ],
              [
                105.823454,
                20.865975
              ],
              [
                105.823217,
                20.866209
              ],
              [
                105.823347,
                20.866348
              ],
              [
                105.823254,
                20.866453
              ],
              [
                105.823475,
                20.86671
              ],
              [
                105.822954,
                20.867154
              ],
              [
                105.823166,
                20.867614
              ],
              [
                105.823393,
                20.868095
              ],
              [
                105.823401,
                20.868111
              ],
              [
                105.8238,
                20.868851
              ],
              [
                105.823989,
                20.869253
              ],
              [
                105.824118,
                20.86953
              ],
              [
                105.824096,
                20.869781
              ],
              [
                105.823881,
                20.869782
              ],
              [
                105.823523,
                20.869752
              ],
              [
                105.823125,
                20.869747
              ],
              [
                105.822831,
                20.869769
              ],
              [
                105.822447,
                20.869806
              ],
              [
                105.822083,
                20.869849
              ],
              [
                105.821845,
                20.869899
              ],
              [
                105.821465,
                20.86999
              ],
              [
                105.820936,
                20.870192
              ],
              [
                105.820462,
                20.870354
              ],
              [
                105.820093,
                20.870447
              ],
              [
                105.819582,
                20.870542
              ],
              [
                105.819187,
                20.870586
              ],
              [
                105.817618,
                20.870586
              ],
              [
                105.817567,
                20.870582
              ],
              [
                105.816949,
                20.87051
              ],
              [
                105.816639,
                20.870469
              ],
              [
                105.815861,
                20.870343
              ],
              [
                105.815608,
                20.870298
              ],
              [
                105.81545,
                20.870982
              ],
              [
                105.815454,
                20.870983
              ],
              [
                105.815541,
                20.871029
              ],
              [
                105.815696,
                20.871427
              ],
              [
                105.815596,
                20.871494
              ],
              [
                105.815509,
                20.871557
              ],
              [
                105.815418,
                20.87163
              ],
              [
                105.815389,
                20.871675
              ],
              [
                105.815338,
                20.871743
              ],
              [
                105.81582,
                20.872525
              ],
              [
                105.815827,
                20.872538
              ],
              [
                105.815896,
                20.872641
              ],
              [
                105.816088,
                20.872931
              ],
              [
                105.816491,
                20.873597
              ],
              [
                105.816749,
                20.874014
              ],
              [
                105.816756,
                20.874025
              ],
              [
                105.816792,
                20.874105
              ],
              [
                105.816712,
                20.874388
              ],
              [
                105.816544,
                20.874861
              ],
              [
                105.816331,
                20.87545
              ],
              [
                105.816119,
                20.876076
              ],
              [
                105.816042,
                20.876304
              ],
              [
                105.815967,
                20.87653
              ],
              [
                105.815855,
                20.876853
              ],
              [
                105.815814,
                20.876969
              ],
              [
                105.815662,
                20.877429
              ],
              [
                105.815533,
                20.877768
              ],
              [
                105.815494,
                20.877881
              ],
              [
                105.815482,
                20.877941
              ],
              [
                105.815455,
                20.878009
              ],
              [
                105.815442,
                20.878048
              ],
              [
                105.815439,
                20.878069
              ],
              [
                105.815488,
                20.878184
              ],
              [
                105.815595,
                20.878405
              ],
              [
                105.815652,
                20.878524
              ],
              [
                105.815666,
                20.878552
              ],
              [
                105.815694,
                20.878609
              ],
              [
                105.815771,
                20.878753
              ],
              [
                105.815827,
                20.878866
              ],
              [
                105.815929,
                20.8791
              ],
              [
                105.815958,
                20.879172
              ],
              [
                105.815967,
                20.879188
              ],
              [
                105.816001,
                20.879229
              ],
              [
                105.816085,
                20.879307
              ],
              [
                105.816151,
                20.879359
              ],
              [
                105.816218,
                20.879423
              ],
              [
                105.816166,
                20.879436
              ],
              [
                105.815475,
                20.879658
              ],
              [
                105.814147,
                20.879966
              ],
              [
                105.81454,
                20.881994
              ],
              [
                105.814678,
                20.883077
              ],
              [
                105.81475,
                20.883421
              ],
              [
                105.814919,
                20.884018
              ],
              [
                105.815123,
                20.884617
              ],
              [
                105.815627,
                20.88596
              ],
              [
                105.815661,
                20.886061
              ],
              [
                105.814969,
                20.886351
              ],
              [
                105.814948,
                20.886366
              ],
              [
                105.81459,
                20.886626
              ],
              [
                105.814501,
                20.88669
              ],
              [
                105.814277,
                20.886867
              ],
              [
                105.814169,
                20.887302
              ],
              [
                105.81414,
                20.887485
              ],
              [
                105.814139,
                20.887492
              ],
              [
                105.814051,
                20.887906
              ],
              [
                105.81403,
                20.88808
              ],
              [
                105.814013,
                20.888132
              ],
              [
                105.813968,
                20.888178
              ],
              [
                105.813944,
                20.888245
              ],
              [
                105.8139,
                20.88841
              ],
              [
                105.813785,
                20.888871
              ],
              [
                105.813735,
                20.889082
              ],
              [
                105.81362,
                20.889574
              ],
              [
                105.813562,
                20.889889
              ],
              [
                105.813527,
                20.890085
              ],
              [
                105.813515,
                20.890217
              ],
              [
                105.813503,
                20.89044
              ],
              [
                105.813485,
                20.890548
              ],
              [
                105.813441,
                20.890746
              ],
              [
                105.813288,
                20.891122
              ],
              [
                105.813132,
                20.891534
              ],
              [
                105.813007,
                20.891901
              ],
              [
                105.812982,
                20.891975
              ],
              [
                105.812885,
                20.892262
              ],
              [
                105.812872,
                20.8923
              ],
              [
                105.812805,
                20.892652
              ],
              [
                105.812728,
                20.893076
              ],
              [
                105.812707,
                20.893315
              ],
              [
                105.812717,
                20.893484
              ],
              [
                105.812726,
                20.893654
              ],
              [
                105.812733,
                20.893693
              ],
              [
                105.812758,
                20.893836
              ],
              [
                105.812839,
                20.894203
              ],
              [
                105.812901,
                20.894445
              ],
              [
                105.81292,
                20.894607
              ],
              [
                105.812923,
                20.894715
              ],
              [
                105.81291,
                20.89485
              ],
              [
                105.812904,
                20.894885
              ],
              [
                105.8129,
                20.894913
              ],
              [
                105.812893,
                20.894958
              ],
              [
                105.812858,
                20.895194
              ],
              [
                105.812849,
                20.895248
              ],
              [
                105.812864,
                20.895252
              ],
              [
                105.812915,
                20.895266
              ],
              [
                105.812944,
                20.8953
              ],
              [
                105.813002,
                20.895307
              ],
              [
                105.813057,
                20.895312
              ],
              [
                105.813109,
                20.895317
              ],
              [
                105.813162,
                20.895322
              ],
              [
                105.813202,
                20.895324
              ],
              [
                105.813241,
                20.895325
              ],
              [
                105.813349,
                20.895331
              ],
              [
                105.81346,
                20.895336
              ],
              [
                105.813516,
                20.895339
              ],
              [
                105.813595,
                20.895343
              ],
              [
                105.813638,
                20.895338
              ],
              [
                105.813908,
                20.895345
              ],
              [
                105.814183,
                20.895351
              ],
              [
                105.814282,
                20.895354
              ],
              [
                105.814381,
                20.895357
              ],
              [
                105.814424,
                20.895358
              ],
              [
                105.814467,
                20.895359
              ],
              [
                105.814532,
                20.895361
              ],
              [
                105.814598,
                20.895363
              ],
              [
                105.814713,
                20.895372
              ],
              [
                105.814827,
                20.895381
              ],
              [
                105.814891,
                20.895388
              ],
              [
                105.814961,
                20.895396
              ],
              [
                105.814983,
                20.895416
              ],
              [
                105.815004,
                20.895437
              ],
              [
                105.815,
                20.89544
              ],
              [
                105.814937,
                20.895482
              ],
              [
                105.814895,
                20.895505
              ],
              [
                105.814882,
                20.895512
              ],
              [
                105.814839,
                20.895535
              ],
              [
                105.814669,
                20.895626
              ],
              [
                105.814403,
                20.895764
              ],
              [
                105.814381,
                20.895776
              ],
              [
                105.814193,
                20.895881
              ],
              [
                105.813915,
                20.896055
              ],
              [
                105.813864,
                20.896087
              ],
              [
                105.813769,
                20.89615
              ],
              [
                105.813764,
                20.896153
              ],
              [
                105.813712,
                20.896187
              ],
              [
                105.813698,
                20.896197
              ],
              [
                105.813685,
                20.896206
              ],
              [
                105.813617,
                20.896251
              ],
              [
                105.813561,
                20.896288
              ],
              [
                105.813464,
                20.896352
              ],
              [
                105.813408,
                20.896387
              ],
              [
                105.813363,
                20.89641
              ],
              [
                105.813326,
                20.896429
              ],
              [
                105.813286,
                20.896454
              ],
              [
                105.813248,
                20.896477
              ],
              [
                105.81319,
                20.896516
              ],
              [
                105.813161,
                20.896537
              ],
              [
                105.813154,
                20.896542
              ],
              [
                105.81315,
                20.896546
              ],
              [
                105.813142,
                20.896551
              ],
              [
                105.813122,
                20.896566
              ],
              [
                105.813043,
                20.896619
              ],
              [
                105.812911,
                20.896699
              ],
              [
                105.812821,
                20.896755
              ],
              [
                105.812803,
                20.896765
              ],
              [
                105.812795,
                20.89677
              ],
              [
                105.812776,
                20.896781
              ],
              [
                105.812771,
                20.896785
              ],
              [
                105.812757,
                20.896793
              ],
              [
                105.812752,
                20.896796
              ],
              [
                105.812727,
                20.896815
              ],
              [
                105.812699,
                20.896841
              ],
              [
                105.812685,
                20.896859
              ],
              [
                105.812678,
                20.896866
              ],
              [
                105.812667,
                20.896887
              ],
              [
                105.812665,
                20.896896
              ],
              [
                105.812665,
                20.896897
              ],
              [
                105.812665,
                20.896897
              ],
              [
                105.812663,
                20.896913
              ],
              [
                105.812663,
                20.896973
              ],
              [
                105.812663,
                20.896984
              ],
              [
                105.812667,
                20.897039
              ],
              [
                105.812674,
                20.897084
              ],
              [
                105.812696,
                20.897137
              ],
              [
                105.812698,
                20.897141
              ],
              [
                105.812746,
                20.897273
              ],
              [
                105.812764,
                20.897323
              ],
              [
                105.812767,
                20.897333
              ],
              [
                105.81277,
                20.897347
              ],
              [
                105.812777,
                20.89738
              ],
              [
                105.81278,
                20.897405
              ],
              [
                105.812784,
                20.897452
              ],
              [
                105.812784,
                20.897457
              ],
              [
                105.812782,
                20.897524
              ],
              [
                105.81277,
                20.897607
              ],
              [
                105.812762,
                20.897663
              ],
              [
                105.81276,
                20.897684
              ],
              [
                105.812755,
                20.897739
              ],
              [
                105.812752,
                20.897788
              ],
              [
                105.812741,
                20.897848
              ],
              [
                105.812725,
                20.897935
              ],
              [
                105.812696,
                20.898064
              ],
              [
                105.812678,
                20.898146
              ],
              [
                105.812677,
                20.898152
              ],
              [
                105.812674,
                20.898167
              ],
              [
                105.812689,
                20.898168
              ],
              [
                105.812703,
                20.89817
              ],
              [
                105.812703,
                20.89817
              ],
              [
                105.812723,
                20.898173
              ],
              [
                105.812774,
                20.898186
              ],
              [
                105.813244,
                20.898365
              ],
              [
                105.81326,
                20.898371
              ],
              [
                105.813277,
                20.898378
              ],
              [
                105.813557,
                20.898485
              ],
              [
                105.813569,
                20.898489
              ],
              [
                105.81358,
                20.898494
              ],
              [
                105.814176,
                20.898721
              ],
              [
                105.814194,
                20.898728
              ],
              [
                105.814211,
                20.898735
              ],
              [
                105.814381,
                20.898799
              ],
              [
                105.814416,
                20.898813
              ],
              [
                105.814705,
                20.898929
              ],
              [
                105.814705,
                20.898929
              ],
              [
                105.814764,
                20.898952
              ],
              [
                105.814765,
                20.898953
              ],
              [
                105.814784,
                20.89896
              ],
              [
                105.814807,
                20.898967
              ],
              [
                105.814826,
                20.898972
              ],
              [
                105.814838,
                20.898975
              ],
              [
                105.814845,
                20.898978
              ],
              [
                105.815383,
                20.899185
              ],
              [
                105.815402,
                20.899193
              ],
              [
                105.815419,
                20.899199
              ],
              [
                105.815434,
                20.899205
              ],
              [
                105.815936,
                20.899396
              ],
              [
                105.815953,
                20.899403
              ],
              [
                105.816207,
                20.899532
              ],
              [
                105.816124,
                20.899682
              ],
              [
                105.816041,
                20.899859
              ],
              [
                105.816,
                20.899975
              ],
              [
                105.815979,
                20.900091
              ],
              [
                105.815967,
                20.900208
              ],
              [
                105.815961,
                20.900315
              ],
              [
                105.815968,
                20.900496
              ],
              [
                105.815981,
                20.900668
              ],
              [
                105.816006,
                20.900806
              ],
              [
                105.816062,
                20.900997
              ],
              [
                105.816106,
                20.901149
              ],
              [
                105.816132,
                20.901273
              ],
              [
                105.816157,
                20.901409
              ],
              [
                105.816173,
                20.901573
              ],
              [
                105.816179,
                20.901754
              ],
              [
                105.816161,
                20.90192
              ],
              [
                105.816133,
                20.902055
              ],
              [
                105.81608,
                20.90221
              ],
              [
                105.815995,
                20.902351
              ],
              [
                105.815908,
                20.902465
              ],
              [
                105.815778,
                20.902572
              ],
              [
                105.815702,
                20.90266
              ],
              [
                105.815952,
                20.90282
              ],
              [
                105.815973,
                20.902833
              ],
              [
                105.815984,
                20.90284
              ],
              [
                105.816012,
                20.902856
              ],
              [
                105.816043,
                20.902868
              ],
              [
                105.816078,
                20.902879
              ],
              [
                105.816113,
                20.902888
              ],
              [
                105.816149,
                20.902894
              ],
              [
                105.816211,
                20.902901
              ],
              [
                105.81655,
                20.902934
              ],
              [
                105.818283,
                20.903102
              ],
              [
                105.81908,
                20.903181
              ],
              [
                105.81989,
                20.903251
              ],
              [
                105.8203,
                20.903292
              ],
              [
                105.820927,
                20.903354
              ],
              [
                105.820952,
                20.903356
              ],
              [
                105.820959,
                20.903357
              ],
              [
                105.820964,
                20.903357
              ],
              [
                105.821539,
                20.903408
              ],
              [
                105.822523,
                20.903477
              ],
              [
                105.823309,
                20.903539
              ],
              [
                105.823388,
                20.903546
              ],
              [
                105.823409,
                20.903547
              ],
              [
                105.823445,
                20.90355
              ],
              [
                105.823455,
                20.903551
              ],
              [
                105.823553,
                20.903556
              ],
              [
                105.8237,
                20.903558
              ],
              [
                105.823866,
                20.903564
              ],
              [
                105.823969,
                20.903574
              ],
              [
                105.824069,
                20.903598
              ],
              [
                105.824091,
                20.903604
              ],
              [
                105.824103,
                20.903608
              ],
              [
                105.824113,
                20.903613
              ],
              [
                105.824123,
                20.903619
              ],
              [
                105.824132,
                20.903625
              ],
              [
                105.824137,
                20.903632
              ],
              [
                105.824142,
                20.90364
              ],
              [
                105.824146,
                20.903646
              ],
              [
                105.82421,
                20.903764
              ],
              [
                105.824308,
                20.903739
              ],
              [
                105.824335,
                20.903734
              ],
              [
                105.824347,
                20.903734
              ],
              [
                105.824358,
                20.903734
              ],
              [
                105.824362,
                20.903743
              ],
              [
                105.82439,
                20.903811
              ],
              [
                105.824395,
                20.903823
              ],
              [
                105.824412,
                20.903816
              ],
              [
                105.824527,
                20.903772
              ],
              [
                105.824532,
                20.903769
              ],
              [
                105.824535,
                20.903766
              ],
              [
                105.824536,
                20.903761
              ],
              [
                105.824535,
                20.903755
              ],
              [
                105.82452,
                20.9037
              ],
              [
                105.824519,
                20.903694
              ],
              [
                105.824519,
                20.903688
              ],
              [
                105.824522,
                20.903681
              ],
              [
                105.824527,
                20.903678
              ],
              [
                105.824534,
                20.903674
              ],
              [
                105.824612,
                20.903656
              ],
              [
                105.824618,
                20.903654
              ],
              [
                105.824624,
                20.903651
              ],
              [
                105.824629,
                20.903646
              ],
              [
                105.824631,
                20.903644
              ],
              [
                105.824633,
                20.90364
              ],
              [
                105.82463,
                20.9036
              ],
              [
                105.82463,
                20.903597
              ],
              [
                105.824632,
                20.903593
              ],
              [
                105.824634,
                20.903591
              ],
              [
                105.824639,
                20.903589
              ],
              [
                105.824649,
                20.903587
              ],
              [
                105.824798,
                20.903557
              ],
              [
                105.824818,
                20.903553
              ],
              [
                105.824862,
                20.90354
              ],
              [
                105.824882,
                20.903534
              ],
              [
                105.824883,
                20.903506
              ],
              [
                105.824883,
                20.903458
              ],
              [
                105.824887,
                20.903445
              ],
              [
                105.824895,
                20.903433
              ],
              [
                105.825101,
                20.903388
              ],
              [
                105.825296,
                20.90335
              ],
              [
                105.825311,
                20.903338
              ],
              [
                105.825307,
                20.903191
              ],
              [
                105.825308,
                20.903085
              ],
              [
                105.825311,
                20.903056
              ],
              [
                105.825316,
                20.903038
              ],
              [
                105.825331,
                20.903019
              ],
              [
                105.825354,
                20.903003
              ],
              [
                105.825378,
                20.90299
              ],
              [
                105.8254,
                20.902985
              ],
              [
                105.825425,
                20.902983
              ],
              [
                105.825453,
                20.902982
              ],
              [
                105.825476,
                20.902981
              ],
              [
                105.825496,
                20.902977
              ],
              [
                105.825518,
                20.902968
              ],
              [
                105.825533,
                20.902956
              ],
              [
                105.825547,
                20.902941
              ],
              [
                105.825569,
                20.902897
              ],
              [
                105.82557,
                20.90289
              ],
              [
                105.825574,
                20.902866
              ],
              [
                105.825565,
                20.902785
              ],
              [
                105.825555,
                20.90274
              ],
              [
                105.82555,
                20.902716
              ],
              [
                105.825536,
                20.902693
              ],
              [
                105.825522,
                20.902667
              ],
              [
                105.825509,
                20.902641
              ],
              [
                105.825501,
                20.902627
              ],
              [
                105.825492,
                20.902614
              ],
              [
                105.825477,
                20.902553
              ],
              [
                105.825462,
                20.902493
              ],
              [
                105.82546,
                20.902469
              ],
              [
                105.825458,
                20.902445
              ],
              [
                105.825457,
                20.902429
              ],
              [
                105.825457,
                20.902414
              ],
              [
                105.825457,
                20.902413
              ],
              [
                105.825459,
                20.902393
              ],
              [
                105.82546,
                20.902374
              ],
              [
                105.825458,
                20.902347
              ],
              [
                105.825455,
                20.902319
              ],
              [
                105.825446,
                20.902304
              ],
              [
                105.825436,
                20.902288
              ],
              [
                105.825429,
                20.902279
              ],
              [
                105.825424,
                20.902272
              ],
              [
                105.825413,
                20.902255
              ],
              [
                105.825408,
                20.902241
              ],
              [
                105.825402,
                20.902224
              ],
              [
                105.8254,
                20.902205
              ],
              [
                105.825398,
                20.90218
              ],
              [
                105.825388,
                20.90209
              ],
              [
                105.825378,
                20.902006
              ],
              [
                105.825376,
                20.901988
              ],
              [
                105.825373,
                20.901971
              ],
              [
                105.825372,
                20.901948
              ],
              [
                105.82537,
                20.901925
              ],
              [
                105.825374,
                20.901897
              ],
              [
                105.825377,
                20.90187
              ],
              [
                105.825378,
                20.901846
              ],
              [
                105.82538,
                20.901823
              ],
              [
                105.82538,
                20.901788
              ],
              [
                105.82538,
                20.901753
              ],
              [
                105.825383,
                20.901721
              ],
              [
                105.825386,
                20.901688
              ],
              [
                105.825389,
                20.901667
              ],
              [
                105.825392,
                20.901643
              ],
              [
                105.825394,
                20.901632
              ],
              [
                105.825398,
                20.901612
              ],
              [
                105.825402,
                20.901591
              ],
              [
                105.825409,
                20.901573
              ],
              [
                105.825416,
                20.901555
              ],
              [
                105.825433,
                20.901525
              ],
              [
                105.825449,
                20.901494
              ],
              [
                105.825487,
                20.901449
              ],
              [
                105.825524,
                20.901403
              ],
              [
                105.825534,
                20.901378
              ],
              [
                105.825544,
                20.901353
              ],
              [
                105.825556,
                20.901309
              ],
              [
                105.825568,
                20.901265
              ],
              [
                105.82558,
                20.90122
              ],
              [
                105.825592,
                20.901175
              ],
              [
                105.825613,
                20.901111
              ],
              [
                105.825633,
                20.901046
              ],
              [
                105.825648,
                20.901005
              ],
              [
                105.825663,
                20.900963
              ],
              [
                105.825672,
                20.900907
              ],
              [
                105.82568,
                20.900851
              ],
              [
                105.825686,
                20.900809
              ],
              [
                105.825691,
                20.900767
              ],
              [
                105.825689,
                20.900729
              ],
              [
                105.825687,
                20.900692
              ],
              [
                105.825684,
                20.900675
              ],
              [
                105.825679,
                20.900627
              ],
              [
                105.825674,
                20.900608
              ],
              [
                105.825676,
                20.900608
              ],
              [
                105.825797,
                20.900631
              ],
              [
                105.825899,
                20.900645
              ],
              [
                105.826079,
                20.900655
              ],
              [
                105.82626,
                20.900655
              ],
              [
                105.826481,
                20.900655
              ],
              [
                105.826802,
                20.900669
              ],
              [
                105.826934,
                20.900668
              ],
              [
                105.826938,
                20.900668
              ],
              [
                105.826951,
                20.90062
              ],
              [
                105.827006,
                20.900402
              ],
              [
                105.82709,
                20.900066
              ],
              [
                105.827159,
                20.899773
              ],
              [
                105.827213,
                20.899583
              ],
              [
                105.827232,
                20.899541
              ],
              [
                105.82725,
                20.899516
              ],
              [
                105.827251,
                20.899515
              ],
              [
                105.827269,
                20.8995
              ],
              [
                105.827255,
                20.899465
              ],
              [
                105.827244,
                20.899437
              ],
              [
                105.827238,
                20.899427
              ],
              [
                105.827225,
                20.899404
              ],
              [
                105.82639,
                20.898023
              ],
              [
                105.827593,
                20.897472
              ],
              [
                105.827861,
                20.897367
              ],
              [
                105.828659,
                20.896868
              ],
              [
                105.829421,
                20.898225
              ],
              [
                105.829766,
                20.898827
              ],
              [
                105.830607,
                20.900361
              ],
              [
                105.830923,
                20.900244
              ],
              [
                105.830926,
                20.900248
              ],
              [
                105.830926,
                20.900249
              ],
              [
                105.831182,
                20.900778
              ],
              [
                105.8312,
                20.900812
              ],
              [
                105.831253,
                20.900914
              ],
              [
                105.831264,
                20.900936
              ],
              [
                105.831307,
                20.901019
              ],
              [
                105.831343,
                20.901089
              ],
              [
                105.831401,
                20.901063
              ],
              [
                105.831515,
                20.901107
              ],
              [
                105.831603,
                20.901141
              ],
              [
                105.831832,
                20.901231
              ],
              [
                105.831929,
                20.901281
              ],
              [
                105.831981,
                20.901309
              ],
              [
                105.831982,
                20.901396
              ],
              [
                105.832261,
                20.901422
              ],
              [
                105.832275,
                20.901423
              ],
              [
                105.832698,
                20.901467
              ],
              [
                105.832945,
                20.901525
              ],
              [
                105.832827,
                20.901846
              ],
              [
                105.8328,
                20.901934
              ],
              [
                105.832741,
                20.902124
              ],
              [
                105.832697,
                20.902304
              ],
              [
                105.832665,
                20.902472
              ],
              [
                105.832648,
                20.902597
              ],
              [
                105.832632,
                20.90277
              ],
              [
                105.832637,
                20.902923
              ],
              [
                105.832699,
                20.903111
              ],
              [
                105.832776,
                20.903285
              ],
              [
                105.832838,
                20.903405
              ],
              [
                105.832924,
                20.903556
              ],
              [
                105.833038,
                20.903717
              ],
              [
                105.833153,
                20.903852
              ],
              [
                105.833325,
                20.90398
              ],
              [
                105.833523,
                20.904103
              ],
              [
                105.833772,
                20.904253
              ],
              [
                105.834155,
                20.904287
              ],
              [
                105.834293,
                20.9043
              ],
              [
                105.834475,
                20.904323
              ],
              [
                105.834634,
                20.904338
              ],
              [
                105.834784,
                20.904352
              ],
              [
                105.834943,
                20.904356
              ],
              [
                105.835082,
                20.904347
              ],
              [
                105.835209,
                20.90433
              ],
              [
                105.835337,
                20.904312
              ],
              [
                105.83544,
                20.904295
              ],
              [
                105.835573,
                20.904268
              ],
              [
                105.835726,
                20.904234
              ],
              [
                105.835811,
                20.904212
              ],
              [
                105.836757,
                20.903938
              ],
              [
                105.83782,
                20.903621
              ],
              [
                105.838951,
                20.903159
              ],
              [
                105.839037,
                20.903116
              ],
              [
                105.839193,
                20.903031
              ],
              [
                105.839651,
                20.902793
              ],
              [
                105.839651,
                20.902793
              ]
            ]
          ]
        ]
      },
      "properties": {
        "code": "10183",
        "name": "Thường Tín",
        "nameEn": "Thuong Tin",
        "fullName": "Xã Thường Tín",
        "fullNameEn": "Thuong Tin Commune",
        "codeName": "thuong_tin",
        "postalCode": "13606",
        "postalCodePrefix": "",
        "gisServerId": "diaphanhanhchinhcapxa_2025.3166",
        "areaKm2": 28.29
      }
    }
  ]
}