{
  "type": "FeatureCollection",
  "bbox": [
    105.663787,
    20.597056,
    105.777072,
    20.71194
  ],
  "features": [
    {
      "type": "Feature",
      "id": "10441",
      "bbox": [
        105.663787,
        20.597056,
        105.777072,
        20.71194
      ],
      "geometry": {
        "type": "MultiPolygon",
        "coordinates": [
          [
            [
              [
                105.745539,
                20.711826
              ],
              [
                105.745595,
                20.711705
              ],
              [
                105.745709,
                20.711783
              ],
              [
                105.74627,
                20.711185
              ],
              [
                105.746316,
                20.711134
              ],
              [
                105.746369,
                20.711098
              ],
              [
                105.74661,
                20.711315
              ],
              [
                105.746769,
                20.71136
              ],
              [
                105.747875,
                20.710304
              ],
              [
                105.748476,
                20.709746
              ],
              [
                105.749906,
                20.708528
              ],
              [
                105.750191,
                20.708297
              ],
              [
                105.750731,
                20.707853
              ],
              [
                105.751134,
                20.707533
              ],
              [
                105.751508,
                20.707254
              ],
              [
                105.751879,
                20.706933
              ],
              [
                105.752131,
                20.706734
              ],
              [
                105.753348,
                20.705772
              ],
              [
                105.753798,
                20.705446
              ],
              [
                105.754371,
                20.705031
              ],
              [
                105.754478,
                20.705145
              ],
              [
                105.754546,
                20.705217
              ],
              [
                105.754723,
                20.705057
              ],
              [
                105.754825,
                20.704965
              ],
              [
                105.755578,
                20.705673
              ],
              [
                105.755981,
                20.706067
              ],
              [
                105.756697,
                20.706701
              ],
              [
                105.756828,
                20.706826
              ],
              [
                105.756893,
                20.706842
              ],
              [
                105.756968,
                20.706848
              ],
              [
                105.757129,
                20.706783
              ],
              [
                105.75764,
                20.706288
              ],
              [
                105.758097,
                20.705826
              ],
              [
                105.758152,
                20.70579
              ],
              [
                105.758203,
                20.705787
              ],
              [
                105.758272,
                20.705828
              ],
              [
                105.758912,
                20.706511
              ],
              [
                105.759226,
                20.706868
              ],
              [
                105.760267,
                20.706493
              ],
              [
                105.761294,
                20.706027
              ],
              [
                105.761314,
                20.706014
              ],
              [
                105.761269,
                20.705916
              ],
              [
                105.761159,
                20.705725
              ],
              [
                105.761081,
                20.705597
              ],
              [
                105.761802,
                20.705319
              ],
              [
                105.76197,
                20.705268
              ],
              [
                105.762013,
                20.705239
              ],
              [
                105.762431,
                20.705006
              ],
              [
                105.762123,
                20.704271
              ],
              [
                105.761702,
                20.703489
              ],
              [
                105.761179,
                20.702459
              ],
              [
                105.760936,
                20.702007
              ],
              [
                105.760437,
                20.701335
              ],
              [
                105.759679,
                20.700517
              ],
              [
                105.758877,
                20.699747
              ],
              [
                105.758264,
                20.699286
              ],
              [
                105.757239,
                20.698712
              ],
              [
                105.756448,
                20.698315
              ],
              [
                105.755314,
                20.697878
              ],
              [
                105.754829,
                20.697753
              ],
              [
                105.753994,
                20.69761
              ],
              [
                105.753316,
                20.697565
              ],
              [
                105.753002,
                20.697556
              ],
              [
                105.752375,
                20.697527
              ],
              [
                105.751879,
                20.69745
              ],
              [
                105.751879,
                20.69745
              ],
              [
                105.750459,
                20.69734
              ],
              [
                105.748879,
                20.697219
              ],
              [
                105.748196,
                20.697124
              ],
              [
                105.747217,
                20.696962
              ],
              [
                105.746551,
                20.696814
              ],
              [
                105.745973,
                20.696643
              ],
              [
                105.745434,
                20.696397
              ],
              [
                105.744646,
                20.695918
              ],
              [
                105.744131,
                20.695558
              ],
              [
                105.743607,
                20.695154
              ],
              [
                105.742947,
                20.694523
              ],
              [
                105.742777,
                20.694298
              ],
              [
                105.742647,
                20.693861
              ],
              [
                105.74258,
                20.693326
              ],
              [
                105.742584,
                20.692467
              ],
              [
                105.742611,
                20.692242
              ],
              [
                105.742614,
                20.692221
              ],
              [
                105.742692,
                20.691584
              ],
              [
                105.742832,
                20.690845
              ],
              [
                105.743118,
                20.690203
              ],
              [
                105.74346,
                20.689591
              ],
              [
                105.743771,
                20.689175
              ],
              [
                105.744018,
                20.688865
              ],
              [
                105.744281,
                20.688592
              ],
              [
                105.74504,
                20.68791
              ],
              [
                105.745574,
                20.687388
              ],
              [
                105.745891,
                20.687164
              ],
              [
                105.746198,
                20.68691
              ],
              [
                105.746501,
                20.68666
              ],
              [
                105.746699,
                20.686514
              ],
              [
                105.747671,
                20.685878
              ],
              [
                105.748378,
                20.685332
              ],
              [
                105.749687,
                20.684293
              ],
              [
                105.751072,
                20.683175
              ],
              [
                105.751724,
                20.682647
              ],
              [
                105.75276,
                20.682107
              ],
              [
                105.753488,
                20.681523
              ],
              [
                105.754404,
                20.680772
              ],
              [
                105.754478,
                20.680717
              ],
              [
                105.754969,
                20.680354
              ],
              [
                105.755954,
                20.679624
              ],
              [
                105.755955,
                20.679624
              ],
              [
                105.756049,
                20.679554
              ],
              [
                105.757132,
                20.678742
              ],
              [
                105.758805,
                20.677639
              ],
              [
                105.761575,
                20.675886
              ],
              [
                105.761958,
                20.675646
              ],
              [
                105.763134,
                20.674909
              ],
              [
                105.764992,
                20.673745
              ],
              [
                105.767409,
                20.672248
              ],
              [
                105.769054,
                20.671198
              ],
              [
                105.771282,
                20.669604
              ],
              [
                105.77279,
                20.66822
              ],
              [
                105.774225,
                20.666826
              ],
              [
                105.775684,
                20.665214
              ],
              [
                105.776469,
                20.664346
              ],
              [
                105.777072,
                20.663807
              ],
              [
                105.775439,
                20.662613
              ],
              [
                105.772819,
                20.660345
              ],
              [
                105.772773,
                20.660304
              ],
              [
                105.773308,
                20.659977
              ],
              [
                105.771151,
                20.659604
              ],
              [
                105.770982,
                20.658076
              ],
              [
                105.770925,
                20.657385
              ],
              [
                105.770959,
                20.655482
              ],
              [
                105.769678,
                20.655645
              ],
              [
                105.769598,
                20.655577
              ],
              [
                105.769531,
                20.655495
              ],
              [
                105.769462,
                20.654691
              ],
              [
                105.769453,
                20.654585
              ],
              [
                105.769408,
                20.654
              ],
              [
                105.766837,
                20.654279
              ],
              [
                105.766826,
                20.654188
              ],
              [
                105.766815,
                20.654096
              ],
              [
                105.7668,
                20.654001
              ],
              [
                105.766738,
                20.65359
              ],
              [
                105.766717,
                20.653291
              ],
              [
                105.766684,
                20.652843
              ],
              [
                105.766712,
                20.652446
              ],
              [
                105.766752,
                20.651797
              ],
              [
                105.766743,
                20.651793
              ],
              [
                105.766707,
                20.651778
              ],
              [
                105.766705,
                20.651777
              ],
              [
                105.766598,
                20.651816
              ],
              [
                105.766254,
                20.652098
              ],
              [
                105.766044,
                20.65232
              ],
              [
                105.765766,
                20.652654
              ],
              [
                105.765625,
                20.652837
              ],
              [
                105.765468,
                20.653061
              ],
              [
                105.765233,
                20.653667
              ],
              [
                105.765083,
                20.654105
              ],
              [
                105.765081,
                20.654081
              ],
              [
                105.76506,
                20.653894
              ],
              [
                105.765056,
                20.653861
              ],
              [
                105.765046,
                20.653779
              ],
              [
                105.765039,
                20.653713
              ],
              [
                105.765033,
                20.653661
              ],
              [
                105.765025,
                20.653599
              ],
              [
                105.765019,
                20.653547
              ],
              [
                105.765017,
                20.65352
              ],
              [
                105.765016,
                20.653503
              ],
              [
                105.765012,
                20.653455
              ],
              [
                105.765008,
                20.653398
              ],
              [
                105.765004,
                20.653343
              ],
              [
                105.764996,
                20.653237
              ],
              [
                105.764991,
                20.65317
              ],
              [
                105.764988,
                20.653129
              ],
              [
                105.764981,
                20.653035
              ],
              [
                105.764978,
                20.652983
              ],
              [
                105.764974,
                20.652936
              ],
              [
                105.764973,
                20.652921
              ],
              [
                105.76497,
                20.652894
              ],
              [
                105.764965,
                20.652845
              ],
              [
                105.764965,
                20.652842
              ],
              [
                105.764963,
                20.652825
              ],
              [
                105.764956,
                20.652752
              ],
              [
                105.764952,
                20.652712
              ],
              [
                105.764946,
                20.652654
              ],
              [
                105.764942,
                20.652607
              ],
              [
                105.764936,
                20.652551
              ],
              [
                105.764933,
                20.652516
              ],
              [
                105.764847,
                20.652522
              ],
              [
                105.764844,
                20.652498
              ],
              [
                105.763894,
                20.652612
              ],
              [
                105.763338,
                20.652682
              ],
              [
                105.762969,
                20.652727
              ],
              [
                105.762483,
                20.652775
              ],
              [
                105.762326,
                20.650489
              ],
              [
                105.761073,
                20.650634
              ],
              [
                105.759737,
                20.650789
              ],
              [
                105.758139,
                20.650966
              ],
              [
                105.757319,
                20.651056
              ],
              [
                105.75676,
                20.650481
              ],
              [
                105.756468,
                20.650179
              ],
              [
                105.756196,
                20.649944
              ],
              [
                105.757309,
                20.648307
              ],
              [
                105.757316,
                20.64824
              ],
              [
                105.757845,
                20.647444
              ],
              [
                105.756929,
                20.647123
              ],
              [
                105.756819,
                20.646995
              ],
              [
                105.75633,
                20.64744
              ],
              [
                105.755957,
                20.647658
              ],
              [
                105.755923,
                20.647675
              ],
              [
                105.755851,
                20.647555
              ],
              [
                105.755785,
                20.647497
              ],
              [
                105.755657,
                20.647386
              ],
              [
                105.755147,
                20.646989
              ],
              [
                105.755627,
                20.646574
              ],
              [
                105.756087,
                20.646175
              ],
              [
                105.756134,
                20.646136
              ],
              [
                105.755813,
                20.645772
              ],
              [
                105.75555,
                20.645489
              ],
              [
                105.755137,
                20.645034
              ],
              [
                105.75467,
                20.644542
              ],
              [
                105.75463,
                20.644499
              ],
              [
                105.754626,
                20.644495
              ],
              [
                105.754271,
                20.644119
              ],
              [
                105.754263,
                20.644127
              ],
              [
                105.75246,
                20.645882
              ],
              [
                105.752525,
                20.645943
              ],
              [
                105.752588,
                20.646002
              ],
              [
                105.752656,
                20.646066
              ],
              [
                105.752736,
                20.646141
              ],
              [
                105.752816,
                20.646217
              ],
              [
                105.752839,
                20.646238
              ],
              [
                105.752853,
                20.646253
              ],
              [
                105.752889,
                20.646293
              ],
              [
                105.752902,
                20.646307
              ],
              [
                105.752868,
                20.646335
              ],
              [
                105.751878,
                20.647369
              ],
              [
                105.751465,
                20.647788
              ],
              [
                105.751374,
                20.647884
              ],
              [
                105.750569,
                20.648724
              ],
              [
                105.751878,
                20.649814
              ],
              [
                105.751878,
                20.649815
              ],
              [
                105.751878,
                20.649815
              ],
              [
                105.752339,
                20.650205
              ],
              [
                105.752347,
                20.650315
              ],
              [
                105.752393,
                20.650987
              ],
              [
                105.752416,
                20.65145
              ],
              [
                105.752382,
                20.651543
              ],
              [
                105.752327,
                20.651616
              ],
              [
                105.752193,
                20.651782
              ],
              [
                105.752194,
                20.651782
              ],
              [
                105.752122,
                20.651876
              ],
              [
                105.751878,
                20.652169
              ],
              [
                105.751679,
                20.652408
              ],
              [
                105.751516,
                20.652607
              ],
              [
                105.751327,
                20.652863
              ],
              [
                105.751198,
                20.653004
              ],
              [
                105.751125,
                20.653077
              ],
              [
                105.750976,
                20.653224
              ],
              [
                105.751214,
                20.653449
              ],
              [
                105.75136,
                20.653619
              ],
              [
                105.751419,
                20.653692
              ],
              [
                105.750922,
                20.654109
              ],
              [
                105.75086,
                20.654162
              ],
              [
                105.75061,
                20.65444
              ],
              [
                105.750497,
                20.654567
              ],
              [
                105.750484,
                20.654557
              ],
              [
                105.750457,
                20.654533
              ],
              [
                105.750423,
                20.654502
              ],
              [
                105.750393,
                20.654475
              ],
              [
                105.750379,
                20.654458
              ],
              [
                105.750374,
                20.654448
              ],
              [
                105.750367,
                20.654435
              ],
              [
                105.750354,
                20.654416
              ],
              [
                105.75034,
                20.654397
              ],
              [
                105.750326,
                20.654379
              ],
              [
                105.750316,
                20.654365
              ],
              [
                105.75031,
                20.654355
              ],
              [
                105.750304,
                20.654348
              ],
              [
                105.750298,
                20.65434
              ],
              [
                105.750292,
                20.654334
              ],
              [
                105.750286,
                20.654327
              ],
              [
                105.750279,
                20.654319
              ],
              [
                105.750272,
                20.654313
              ],
              [
                105.750265,
                20.654306
              ],
              [
                105.750255,
                20.654292
              ],
              [
                105.75024,
                20.654274
              ],
              [
                105.750215,
                20.654255
              ],
              [
                105.750178,
                20.654224
              ],
              [
                105.750151,
                20.654183
              ],
              [
                105.750136,
                20.654148
              ],
              [
                105.750133,
                20.654141
              ],
              [
                105.750126,
                20.654123
              ],
              [
                105.750113,
                20.654099
              ],
              [
                105.750098,
                20.654072
              ],
              [
                105.750079,
                20.654043
              ],
              [
                105.750054,
                20.654015
              ],
              [
                105.750029,
                20.653987
              ],
              [
                105.750029,
                20.653987
              ],
              [
                105.750003,
                20.653962
              ],
              [
                105.749982,
                20.653942
              ],
              [
                105.749964,
                20.653925
              ],
              [
                105.749948,
                20.653909
              ],
              [
                105.749931,
                20.653887
              ],
              [
                105.749911,
                20.653861
              ],
              [
                105.749889,
                20.653834
              ],
              [
                105.749867,
                20.653805
              ],
              [
                105.749841,
                20.653775
              ],
              [
                105.749814,
                20.653741
              ],
              [
                105.749795,
                20.653701
              ],
              [
                105.749782,
                20.653662
              ],
              [
                105.749767,
                20.65362
              ],
              [
                105.749746,
                20.653573
              ],
              [
                105.749732,
                20.653539
              ],
              [
                105.749726,
                20.653519
              ],
              [
                105.749725,
                20.653514
              ],
              [
                105.749719,
                20.653498
              ],
              [
                105.749701,
                20.65346
              ],
              [
                105.749669,
                20.653402
              ],
              [
                105.749635,
                20.653342
              ],
              [
                105.749602,
                20.653287
              ],
              [
                105.749569,
                20.653232
              ],
              [
                105.749528,
                20.653171
              ],
              [
                105.749472,
                20.653095
              ],
              [
                105.749404,
                20.653009
              ],
              [
                105.749337,
                20.652923
              ],
              [
                105.749279,
                20.652849
              ],
              [
                105.74924,
                20.652797
              ],
              [
                105.749209,
                20.652758
              ],
              [
                105.749166,
                20.652707
              ],
              [
                105.749107,
                20.652642
              ],
              [
                105.749047,
                20.652576
              ],
              [
                105.748975,
                20.652499
              ],
              [
                105.748887,
                20.652407
              ],
              [
                105.748869,
                20.652388
              ],
              [
                105.748792,
                20.652306
              ],
              [
                105.748727,
                20.652234
              ],
              [
                105.748687,
                20.652189
              ],
              [
                105.748574,
                20.652058
              ],
              [
                105.748464,
                20.651929
              ],
              [
                105.74838,
                20.651829
              ],
              [
                105.748379,
                20.651827
              ],
              [
                105.748335,
                20.651774
              ],
              [
                105.748304,
                20.651739
              ],
              [
                105.74825,
                20.651673
              ],
              [
                105.748177,
                20.651582
              ],
              [
                105.748123,
                20.651516
              ],
              [
                105.748094,
                20.65148
              ],
              [
                105.748045,
                20.651418
              ],
              [
                105.747947,
                20.651294
              ],
              [
                105.747823,
                20.651139
              ],
              [
                105.7477,
                20.650989
              ],
              [
                105.747584,
                20.650848
              ],
              [
                105.747495,
                20.65074
              ],
              [
                105.747436,
                20.650671
              ],
              [
                105.747389,
                20.650619
              ],
              [
                105.747342,
                20.650567
              ],
              [
                105.747288,
                20.650506
              ],
              [
                105.747225,
                20.650436
              ],
              [
                105.74716,
                20.650364
              ],
              [
                105.747093,
                20.650289
              ],
              [
                105.747021,
                20.650208
              ],
              [
                105.746934,
                20.650109
              ],
              [
                105.746838,
                20.649997
              ],
              [
                105.746786,
                20.649936
              ],
              [
                105.746744,
                20.649886
              ],
              [
                105.746737,
                20.649878
              ],
              [
                105.746668,
                20.649795
              ],
              [
                105.746627,
                20.649736
              ],
              [
                105.746606,
                20.649699
              ],
              [
                105.746581,
                20.649661
              ],
              [
                105.746544,
                20.649611
              ],
              [
                105.746506,
                20.649557
              ],
              [
                105.746496,
                20.649542
              ],
              [
                105.746483,
                20.64952
              ],
              [
                105.746404,
                20.649432
              ],
              [
                105.746342,
                20.649408
              ],
              [
                105.746306,
                20.649389
              ],
              [
                105.746263,
                20.649363
              ],
              [
                105.746217,
                20.649337
              ],
              [
                105.746171,
                20.649316
              ],
              [
                105.74596,
                20.649279
              ],
              [
                105.745817,
                20.649259
              ],
              [
                105.745786,
                20.649259
              ],
              [
                105.745706,
                20.649268
              ],
              [
                105.745555,
                20.649267
              ],
              [
                105.745473,
                20.649274
              ],
              [
                105.745432,
                20.649286
              ],
              [
                105.745381,
                20.6493
              ],
              [
                105.745327,
                20.649315
              ],
              [
                105.745273,
                20.649331
              ],
              [
                105.745217,
                20.649351
              ],
              [
                105.745156,
                20.649375
              ],
              [
                105.745093,
                20.649401
              ],
              [
                105.745026,
                20.64943
              ],
              [
                105.744963,
                20.649458
              ],
              [
                105.744916,
                20.649481
              ],
              [
                105.744876,
                20.649501
              ],
              [
                105.744919,
                20.649696
              ],
              [
                105.745015,
                20.649878
              ],
              [
                105.745053,
                20.649935
              ],
              [
                105.745184,
                20.650258
              ],
              [
                105.745332,
                20.650521
              ],
              [
                105.745456,
                20.650739
              ],
              [
                105.745824,
                20.650883
              ],
              [
                105.745893,
                20.650916
              ],
              [
                105.746385,
                20.651139
              ],
              [
                105.746663,
                20.651264
              ],
              [
                105.746927,
                20.65148
              ],
              [
                105.747135,
                20.651681
              ],
              [
                105.748134,
                20.652649
              ],
              [
                105.74828,
                20.652792
              ],
              [
                105.748294,
                20.652806
              ],
              [
                105.748274,
                20.652814
              ],
              [
                105.748272,
                20.652814
              ],
              [
                105.748198,
                20.652841
              ],
              [
                105.748003,
                20.65291
              ],
              [
                105.747921,
                20.652929
              ],
              [
                105.747808,
                20.652955
              ],
              [
                105.747677,
                20.652984
              ],
              [
                105.747524,
                20.653017
              ],
              [
                105.747629,
                20.652993
              ],
              [
                105.747505,
                20.653021
              ],
              [
                105.747481,
                20.653026
              ],
              [
                105.747403,
                20.653043
              ],
              [
                105.747303,
                20.653065
              ],
              [
                105.74728,
                20.65307
              ],
              [
                105.747271,
                20.653072
              ],
              [
                105.747144,
                20.653104
              ],
              [
                105.747134,
                20.653106
              ],
              [
                105.747086,
                20.653118
              ],
              [
                105.746825,
                20.653184
              ],
              [
                105.746807,
                20.653188
              ],
              [
                105.746632,
                20.653225
              ],
              [
                105.746553,
                20.653241
              ],
              [
                105.746502,
                20.653252
              ],
              [
                105.746372,
                20.65328
              ],
              [
                105.746303,
                20.653294
              ],
              [
                105.746308,
                20.653354
              ],
              [
                105.746713,
                20.653734
              ],
              [
                105.746768,
                20.653777
              ],
              [
                105.747323,
                20.65427
              ],
              [
                105.748384,
                20.655209
              ],
              [
                105.748822,
                20.655607
              ],
              [
                105.748851,
                20.655634
              ],
              [
                105.748865,
                20.655646
              ],
              [
                105.748526,
                20.656044
              ],
              [
                105.748524,
                20.656046
              ],
              [
                105.748063,
                20.656549
              ],
              [
                105.747669,
                20.656991
              ],
              [
                105.74744,
                20.657262
              ],
              [
                105.747243,
                20.657469
              ],
              [
                105.747258,
                20.65748
              ],
              [
                105.747395,
                20.657618
              ],
              [
                105.748049,
                20.658021
              ],
              [
                105.748326,
                20.658181
              ],
              [
                105.748876,
                20.658734
              ],
              [
                105.749756,
                20.659652
              ],
              [
                105.749859,
                20.659814
              ],
              [
                105.750136,
                20.660054
              ],
              [
                105.750239,
                20.660113
              ],
              [
                105.750169,
                20.660184
              ],
              [
                105.749546,
                20.660813
              ],
              [
                105.748862,
                20.661529
              ],
              [
                105.74808,
                20.66235
              ],
              [
                105.747926,
                20.662514
              ],
              [
                105.747775,
                20.662675
              ],
              [
                105.74776,
                20.66269
              ],
              [
                105.747263,
                20.663219
              ],
              [
                105.746607,
                20.663859
              ],
              [
                105.745583,
                20.664901
              ],
              [
                105.74534,
                20.665151
              ],
              [
                105.745255,
                20.665142
              ],
              [
                105.74519,
                20.665208
              ],
              [
                105.745023,
                20.665377
              ],
              [
                105.744674,
                20.665707
              ],
              [
                105.744258,
                20.666148
              ],
              [
                105.744082,
                20.666335
              ],
              [
                105.743714,
                20.666722
              ],
              [
                105.743921,
                20.666913
              ],
              [
                105.744246,
                20.667154
              ],
              [
                105.744455,
                20.667313
              ],
              [
                105.744477,
                20.667338
              ],
              [
                105.744475,
                20.667341
              ],
              [
                105.744451,
                20.667377
              ],
              [
                105.744435,
                20.66741
              ],
              [
                105.744417,
                20.667443
              ],
              [
                105.744408,
                20.667458
              ],
              [
                105.744364,
                20.667489
              ],
              [
                105.744301,
                20.667518
              ],
              [
                105.744171,
                20.667539
              ],
              [
                105.744074,
                20.667568
              ],
              [
                105.744069,
                20.667571
              ],
              [
                105.744019,
                20.667597
              ],
              [
                105.743962,
                20.667651
              ],
              [
                105.743788,
                20.667856
              ],
              [
                105.743675,
                20.667976
              ],
              [
                105.743979,
                20.668322
              ],
              [
                105.744386,
                20.668861
              ],
              [
                105.744126,
                20.669273
              ],
              [
                105.744061,
                20.669313
              ],
              [
                105.743669,
                20.669377
              ],
              [
                105.74343,
                20.669209
              ],
              [
                105.742901,
                20.668874
              ],
              [
                105.742555,
                20.66861
              ],
              [
                105.74221,
                20.668339
              ],
              [
                105.742194,
                20.668282
              ],
              [
                105.742193,
                20.668139
              ],
              [
                105.742136,
                20.667985
              ],
              [
                105.741741,
                20.667502
              ],
              [
                105.741201,
                20.667942
              ],
              [
                105.741034,
                20.667652
              ],
              [
                105.741019,
                20.667627
              ],
              [
                105.740965,
                20.667522
              ],
              [
                105.74094,
                20.667474
              ],
              [
                105.740936,
                20.667467
              ],
              [
                105.740837,
                20.667298
              ],
              [
                105.740708,
                20.667079
              ],
              [
                105.740599,
                20.666893
              ],
              [
                105.740513,
                20.666747
              ],
              [
                105.740459,
                20.666654
              ],
              [
                105.740413,
                20.666548
              ],
              [
                105.740369,
                20.666474
              ],
              [
                105.740316,
                20.666383
              ],
              [
                105.739584,
                20.666976
              ],
              [
                105.738256,
                20.668047
              ],
              [
                105.737456,
                20.668657
              ],
              [
                105.737257,
                20.668824
              ],
              [
                105.736443,
                20.669489
              ],
              [
                105.735753,
                20.670054
              ],
              [
                105.735356,
                20.670371
              ],
              [
                105.734157,
                20.671366
              ],
              [
                105.734117,
                20.671399
              ],
              [
                105.734091,
                20.67142
              ],
              [
                105.733665,
                20.671763
              ],
              [
                105.7327,
                20.672512
              ],
              [
                105.73207,
                20.673004
              ],
              [
                105.730704,
                20.674121
              ],
              [
                105.729909,
                20.674803
              ],
              [
                105.729861,
                20.674842
              ],
              [
                105.729669,
                20.674996
              ],
              [
                105.729388,
                20.675222
              ],
              [
                105.72935,
                20.675252
              ],
              [
                105.729285,
                20.675306
              ],
              [
                105.728488,
                20.674807
              ],
              [
                105.727839,
                20.674427
              ],
              [
                105.727331,
                20.674122
              ],
              [
                105.726349,
                20.673564
              ],
              [
                105.726031,
                20.67337
              ],
              [
                105.726124,
                20.673238
              ],
              [
                105.725352,
                20.672755
              ],
              [
                105.724812,
                20.672431
              ],
              [
                105.72356,
                20.67172
              ],
              [
                105.723571,
                20.671693
              ],
              [
                105.723708,
                20.671374
              ],
              [
                105.723607,
                20.671325
              ],
              [
                105.722755,
                20.670917
              ],
              [
                105.722782,
                20.670847
              ],
              [
                105.722796,
                20.670803
              ],
              [
                105.723335,
                20.669495
              ],
              [
                105.723783,
                20.668417
              ],
              [
                105.723951,
                20.668012
              ],
              [
                105.72444,
                20.666974
              ],
              [
                105.724458,
                20.666942
              ],
              [
                105.72519,
                20.665597
              ],
              [
                105.725955,
                20.664197
              ],
              [
                105.72571,
                20.664009
              ],
              [
                105.725462,
                20.663772
              ],
              [
                105.725187,
                20.663511
              ],
              [
                105.724638,
                20.663094
              ],
              [
                105.724242,
                20.662831
              ],
              [
                105.723929,
                20.662598
              ],
              [
                105.723629,
                20.662351
              ],
              [
                105.723336,
                20.662118
              ],
              [
                105.723184,
                20.662042
              ],
              [
                105.722961,
                20.661973
              ],
              [
                105.722912,
                20.661958
              ],
              [
                105.722827,
                20.661944
              ],
              [
                105.722897,
                20.661807
              ],
              [
                105.722903,
                20.661738
              ],
              [
                105.72288,
                20.66167
              ],
              [
                105.722813,
                20.661577
              ],
              [
                105.722816,
                20.661535
              ],
              [
                105.722919,
                20.661339
              ],
              [
                105.722906,
                20.661328
              ],
              [
                105.72278,
                20.661291
              ],
              [
                105.722663,
                20.661257
              ],
              [
                105.722491,
                20.66125
              ],
              [
                105.72241,
                20.661247
              ],
              [
                105.722178,
                20.661155
              ],
              [
                105.721808,
                20.660934
              ],
              [
                105.721659,
                20.660752
              ],
              [
                105.721456,
                20.66057
              ],
              [
                105.721279,
                20.660471
              ],
              [
                105.721189,
                20.66042
              ],
              [
                105.721214,
                20.660362
              ],
              [
                105.721305,
                20.660155
              ],
              [
                105.721097,
                20.660048
              ],
              [
                105.720833,
                20.659913
              ],
              [
                105.720815,
                20.659904
              ],
              [
                105.720721,
                20.659856
              ],
              [
                105.720708,
                20.659849
              ],
              [
                105.720638,
                20.659813
              ],
              [
                105.720619,
                20.659799
              ],
              [
                105.720612,
                20.659811
              ],
              [
                105.720592,
                20.659841
              ],
              [
                105.720342,
                20.660225
              ],
              [
                105.720232,
                20.660434
              ],
              [
                105.720165,
                20.660562
              ],
              [
                105.720077,
                20.660728
              ],
              [
                105.71983,
                20.660619
              ],
              [
                105.718858,
                20.660182
              ],
              [
                105.717802,
                20.659679
              ],
              [
                105.717035,
                20.659299
              ],
              [
                105.716907,
                20.659236
              ],
              [
                105.716725,
                20.659106
              ],
              [
                105.716688,
                20.658935
              ],
              [
                105.716614,
                20.658767
              ],
              [
                105.716578,
                20.658587
              ],
              [
                105.716537,
                20.658375
              ],
              [
                105.716453,
                20.657946
              ],
              [
                105.716405,
                20.657867
              ],
              [
                105.716341,
                20.657763
              ],
              [
                105.716106,
                20.657376
              ],
              [
                105.716081,
                20.657343
              ],
              [
                105.716068,
                20.657307
              ],
              [
                105.715836,
                20.656927
              ],
              [
                105.715653,
                20.656667
              ],
              [
                105.715599,
                20.65637
              ],
              [
                105.715528,
                20.656178
              ],
              [
                105.715506,
                20.656117
              ],
              [
                105.715474,
                20.656001
              ],
              [
                105.715428,
                20.655833
              ],
              [
                105.715379,
                20.655654
              ],
              [
                105.71533,
                20.655477
              ],
              [
                105.715306,
                20.655391
              ],
              [
                105.715167,
                20.654798
              ],
              [
                105.71516,
                20.654772
              ],
              [
                105.71516,
                20.654768
              ],
              [
                105.715141,
                20.65461
              ],
              [
                105.715094,
                20.654211
              ],
              [
                105.715093,
                20.654119
              ],
              [
                105.71509,
                20.654096
              ],
              [
                105.715092,
                20.654084
              ],
              [
                105.71514,
                20.653771
              ],
              [
                105.715224,
                20.65357
              ],
              [
                105.71528,
                20.653436
              ],
              [
                105.715422,
                20.653301
              ],
              [
                105.715788,
                20.653205
              ],
              [
                105.715974,
                20.653205
              ],
              [
                105.716237,
                20.653247
              ],
              [
                105.71634,
                20.653295
              ],
              [
                105.716505,
                20.653373
              ],
              [
                105.716649,
                20.653441
              ],
              [
                105.716925,
                20.653525
              ],
              [
                105.71714,
                20.65359
              ],
              [
                105.71728,
                20.653631
              ],
              [
                105.717727,
                20.6538
              ],
              [
                105.717904,
                20.653915
              ],
              [
                105.718202,
                20.653719
              ],
              [
                105.718359,
                20.653365
              ],
              [
                105.718455,
                20.653285
              ],
              [
                105.718256,
                20.653132
              ],
              [
                105.718247,
                20.653122
              ],
              [
                105.718226,
                20.653103
              ],
              [
                105.718223,
                20.6531
              ],
              [
                105.71822,
                20.653075
              ],
              [
                105.718214,
                20.653034
              ],
              [
                105.718198,
                20.652926
              ],
              [
                105.718153,
                20.652818
              ],
              [
                105.718096,
                20.652739
              ],
              [
                105.718068,
                20.652653
              ],
              [
                105.718049,
                20.65258
              ],
              [
                105.718053,
                20.652501
              ],
              [
                105.718071,
                20.652449
              ],
              [
                105.71817,
                20.652338
              ],
              [
                105.718341,
                20.652163
              ],
              [
                105.718408,
                20.65208
              ],
              [
                105.718435,
                20.652014
              ],
              [
                105.718439,
                20.651943
              ],
              [
                105.718411,
                20.65188
              ],
              [
                105.718353,
                20.651827
              ],
              [
                105.718284,
                20.651795
              ],
              [
                105.717957,
                20.651708
              ],
              [
                105.717806,
                20.651652
              ],
              [
                105.71758,
                20.651532
              ],
              [
                105.717522,
                20.651487
              ],
              [
                105.717483,
                20.651421
              ],
              [
                105.717727,
                20.65101
              ],
              [
                105.717979,
                20.650431
              ],
              [
                105.717922,
                20.650264
              ],
              [
                105.717754,
                20.650135
              ],
              [
                105.717826,
                20.649676
              ],
              [
                105.717972,
                20.649478
              ],
              [
                105.718108,
                20.649293
              ],
              [
                105.718251,
                20.649007
              ],
              [
                105.71855,
                20.648584
              ],
              [
                105.71866,
                20.648316
              ],
              [
                105.718572,
                20.648192
              ],
              [
                105.718305,
                20.647798
              ],
              [
                105.71826,
                20.647701
              ],
              [
                105.718244,
                20.647667
              ],
              [
                105.718526,
                20.647458
              ],
              [
                105.718551,
                20.647416
              ],
              [
                105.718861,
                20.647125
              ],
              [
                105.718994,
                20.646996
              ],
              [
                105.719035,
                20.646929
              ],
              [
                105.719353,
                20.646461
              ],
              [
                105.719562,
                20.646094
              ],
              [
                105.72012,
                20.645191
              ],
              [
                105.7203,
                20.644937
              ],
              [
                105.72039,
                20.644752
              ],
              [
                105.720468,
                20.644629
              ],
              [
                105.72056,
                20.644557
              ],
              [
                105.720842,
                20.644349
              ],
              [
                105.720949,
                20.644244
              ],
              [
                105.721003,
                20.64416
              ],
              [
                105.721037,
                20.644083
              ],
              [
                105.721043,
                20.644017
              ],
              [
                105.72103,
                20.643915
              ],
              [
                105.721011,
                20.643817
              ],
              [
                105.720985,
                20.643685
              ],
              [
                105.720984,
                20.643614
              ],
              [
                105.721009,
                20.643536
              ],
              [
                105.721113,
                20.643353
              ],
              [
                105.721246,
                20.643125
              ],
              [
                105.721359,
                20.642892
              ],
              [
                105.721418,
                20.642751
              ],
              [
                105.721475,
                20.642575
              ],
              [
                105.721523,
                20.642433
              ],
              [
                105.721535,
                20.642359
              ],
              [
                105.721537,
                20.642234
              ],
              [
                105.721448,
                20.641699
              ],
              [
                105.721448,
                20.641601
              ],
              [
                105.72147,
                20.64152
              ],
              [
                105.721516,
                20.641433
              ],
              [
                105.721556,
                20.641361
              ],
              [
                105.721561,
                20.641328
              ],
              [
                105.721661,
                20.640931
              ],
              [
                105.72172,
                20.64061
              ],
              [
                105.721877,
                20.640461
              ],
              [
                105.722075,
                20.640418
              ],
              [
                105.722253,
                20.640391
              ],
              [
                105.722648,
                20.640205
              ],
              [
                105.723068,
                20.639926
              ],
              [
                105.723591,
                20.639589
              ],
              [
                105.723655,
                20.63951
              ],
              [
                105.723766,
                20.639344
              ],
              [
                105.723845,
                20.639148
              ],
              [
                105.723886,
                20.639004
              ],
              [
                105.72389,
                20.638941
              ],
              [
                105.723927,
                20.638769
              ],
              [
                105.72374,
                20.63866
              ],
              [
                105.723274,
                20.638428
              ],
              [
                105.722984,
                20.638344
              ],
              [
                105.72285,
                20.638226
              ],
              [
                105.722743,
                20.638111
              ],
              [
                105.722731,
                20.638015
              ],
              [
                105.722745,
                20.637896
              ],
              [
                105.722806,
                20.637717
              ],
              [
                105.722758,
                20.637358
              ],
              [
                105.722646,
                20.6369
              ],
              [
                105.722402,
                20.63643
              ],
              [
                105.722531,
                20.636269
              ],
              [
                105.722536,
                20.636262
              ],
              [
                105.72258,
                20.636156
              ],
              [
                105.722645,
                20.635928
              ],
              [
                105.722647,
                20.635677
              ],
              [
                105.722689,
                20.635587
              ],
              [
                105.72276,
                20.635282
              ],
              [
                105.722831,
                20.635092
              ],
              [
                105.722998,
                20.634844
              ],
              [
                105.723013,
                20.634747
              ],
              [
                105.723023,
                20.634531
              ],
              [
                105.723026,
                20.634392
              ],
              [
                105.723236,
                20.63422
              ],
              [
                105.723561,
                20.633894
              ],
              [
                105.723879,
                20.633502
              ],
              [
                105.724611,
                20.632667
              ],
              [
                105.725213,
                20.631897
              ],
              [
                105.72547,
                20.631509
              ],
              [
                105.725572,
                20.631293
              ],
              [
                105.725624,
                20.631056
              ],
              [
                105.725673,
                20.630246
              ],
              [
                105.725676,
                20.630084
              ],
              [
                105.72564,
                20.629984
              ],
              [
                105.725362,
                20.629601
              ],
              [
                105.725251,
                20.629502
              ],
              [
                105.725071,
                20.62938
              ],
              [
                105.724799,
                20.629285
              ],
              [
                105.724583,
                20.629174
              ],
              [
                105.724407,
                20.629046
              ],
              [
                105.724265,
                20.628918
              ],
              [
                105.724158,
                20.628764
              ],
              [
                105.724054,
                20.628606
              ],
              [
                105.723912,
                20.628309
              ],
              [
                105.723689,
                20.627955
              ],
              [
                105.723586,
                20.62783
              ],
              [
                105.723509,
                20.627788
              ],
              [
                105.723437,
                20.627746
              ],
              [
                105.722978,
                20.6275
              ],
              [
                105.722825,
                20.627405
              ],
              [
                105.722606,
                20.627176
              ],
              [
                105.722475,
                20.627
              ],
              [
                105.722337,
                20.626771
              ],
              [
                105.722235,
                20.626628
              ],
              [
                105.722227,
                20.626583
              ],
              [
                105.72225,
                20.626513
              ],
              [
                105.722298,
                20.626446
              ],
              [
                105.722446,
                20.626135
              ],
              [
                105.72256,
                20.625991
              ],
              [
                105.72283,
                20.625726
              ],
              [
                105.722917,
                20.625636
              ],
              [
                105.722985,
                20.625625
              ],
              [
                105.723096,
                20.625635
              ],
              [
                105.723202,
                20.625624
              ],
              [
                105.72337,
                20.62568
              ],
              [
                105.723558,
                20.625805
              ],
              [
                105.72366,
                20.62583
              ],
              [
                105.723813,
                20.625775
              ],
              [
                105.724052,
                20.625617
              ],
              [
                105.724321,
                20.625375
              ],
              [
                105.72453,
                20.625206
              ],
              [
                105.724636,
                20.625062
              ],
              [
                105.72467,
                20.624997
              ],
              [
                105.724681,
                20.624929
              ],
              [
                105.724928,
                20.624806
              ],
              [
                105.725228,
                20.624554
              ],
              [
                105.725326,
                20.624449
              ],
              [
                105.72546,
                20.624375
              ],
              [
                105.725567,
                20.624301
              ],
              [
                105.725615,
                20.624271
              ],
              [
                105.725748,
                20.624256
              ],
              [
                105.725886,
                20.62422
              ],
              [
                105.726092,
                20.624141
              ],
              [
                105.726311,
                20.624041
              ],
              [
                105.726333,
                20.624021
              ],
              [
                105.726203,
                20.623932
              ],
              [
                105.726031,
                20.623746
              ],
              [
                105.725801,
                20.6235
              ],
              [
                105.725655,
                20.623292
              ],
              [
                105.725609,
                20.623199
              ],
              [
                105.725521,
                20.623056
              ],
              [
                105.725402,
                20.622852
              ],
              [
                105.72531,
                20.622648
              ],
              [
                105.72529,
                20.622566
              ],
              [
                105.725277,
                20.622229
              ],
              [
                105.725292,
                20.622053
              ],
              [
                105.725287,
                20.621971
              ],
              [
                105.725252,
                20.621845
              ],
              [
                105.725195,
                20.621677
              ],
              [
                105.725075,
                20.621365
              ],
              [
                105.724971,
                20.621075
              ],
              [
                105.724936,
                20.620968
              ],
              [
                105.7249,
                20.620696
              ],
              [
                105.72485,
                20.620506
              ],
              [
                105.724696,
                20.620234
              ],
              [
                105.724524,
                20.620012
              ],
              [
                105.724287,
                20.619794
              ],
              [
                105.723973,
                20.619584
              ],
              [
                105.723698,
                20.619438
              ],
              [
                105.72324,
                20.619153
              ],
              [
                105.722839,
                20.618857
              ],
              [
                105.722735,
                20.61875
              ],
              [
                105.722613,
                20.618546
              ],
              [
                105.722547,
                20.618425
              ],
              [
                105.722501,
                20.618235
              ],
              [
                105.722489,
                20.618117
              ],
              [
                105.722503,
                20.617937
              ],
              [
                105.722525,
                20.61784
              ],
              [
                105.722578,
                20.617657
              ],
              [
                105.722732,
                20.617432
              ],
              [
                105.722365,
                20.617193
              ],
              [
                105.722331,
                20.617171
              ],
              [
                105.721732,
                20.616804
              ],
              [
                105.721487,
                20.616607
              ],
              [
                105.721155,
                20.616347
              ],
              [
                105.720829,
                20.616022
              ],
              [
                105.720734,
                20.615944
              ],
              [
                105.72057,
                20.61584
              ],
              [
                105.72037,
                20.615718
              ],
              [
                105.720417,
                20.61553
              ],
              [
                105.720483,
                20.615308
              ],
              [
                105.720498,
                20.61523
              ],
              [
                105.720497,
                20.615155
              ],
              [
                105.720485,
                20.615108
              ],
              [
                105.720443,
                20.615006
              ],
              [
                105.720383,
                20.614888
              ],
              [
                105.720367,
                20.614855
              ],
              [
                105.720279,
                20.614708
              ],
              [
                105.720194,
                20.614544
              ],
              [
                105.720092,
                20.61426
              ],
              [
                105.72004,
                20.614136
              ],
              [
                105.720022,
                20.614087
              ],
              [
                105.719971,
                20.613959
              ],
              [
                105.719966,
                20.613865
              ],
              [
                105.719946,
                20.613744
              ],
              [
                105.719915,
                20.613683
              ],
              [
                105.719805,
                20.613622
              ],
              [
                105.71964,
                20.613571
              ],
              [
                105.71963,
                20.613563
              ],
              [
                105.71927,
                20.613484
              ],
              [
                105.719136,
                20.613453
              ],
              [
                105.719087,
                20.613406
              ],
              [
                105.719021,
                20.61331
              ],
              [
                105.718864,
                20.613031
              ],
              [
                105.718768,
                20.612862
              ],
              [
                105.718718,
                20.612698
              ],
              [
                105.718624,
                20.612246
              ],
              [
                105.718439,
                20.611777
              ],
              [
                105.718331,
                20.611462
              ],
              [
                105.718269,
                20.611287
              ],
              [
                105.71812,
                20.611112
              ],
              [
                105.71786,
                20.610908
              ],
              [
                105.717554,
                20.610676
              ],
              [
                105.717332,
                20.610487
              ],
              [
                105.717496,
                20.610451
              ],
              [
                105.71771,
                20.610418
              ],
              [
                105.717931,
                20.610385
              ],
              [
                105.718056,
                20.610341
              ],
              [
                105.718208,
                20.610272
              ],
              [
                105.718265,
                20.610255
              ],
              [
                105.718581,
                20.610127
              ],
              [
                105.718721,
                20.610044
              ],
              [
                105.718807,
                20.609979
              ],
              [
                105.718819,
                20.609968
              ],
              [
                105.718906,
                20.609907
              ],
              [
                105.719039,
                20.609838
              ],
              [
                105.719351,
                20.609719
              ],
              [
                105.719549,
                20.609628
              ],
              [
                105.71983,
                20.609451
              ],
              [
                105.720012,
                20.609354
              ],
              [
                105.720145,
                20.609314
              ],
              [
                105.720363,
                20.609316
              ],
              [
                105.720709,
                20.609369
              ],
              [
                105.720945,
                20.609407
              ],
              [
                105.721178,
                20.609392
              ],
              [
                105.721349,
                20.609337
              ],
              [
                105.721493,
                20.609233
              ],
              [
                105.721614,
                20.609075
              ],
              [
                105.721709,
                20.608909
              ],
              [
                105.721852,
                20.608611
              ],
              [
                105.721991,
                20.608241
              ],
              [
                105.722044,
                20.608058
              ],
              [
                105.722147,
                20.608097
              ],
              [
                105.722231,
                20.608125
              ],
              [
                105.722307,
                20.608114
              ],
              [
                105.722444,
                20.608053
              ],
              [
                105.723019,
                20.607661
              ],
              [
                105.723391,
                20.607313
              ],
              [
                105.723771,
                20.607039
              ],
              [
                105.724564,
                20.606675
              ],
              [
                105.724688,
                20.606627
              ],
              [
                105.724903,
                20.606568
              ],
              [
                105.725108,
                20.606499
              ],
              [
                105.725173,
                20.606449
              ],
              [
                105.725221,
                20.606368
              ],
              [
                105.725314,
                20.606196
              ],
              [
                105.725411,
                20.606038
              ],
              [
                105.725554,
                20.605881
              ],
              [
                105.725631,
                20.605812
              ],
              [
                105.725742,
                20.605775
              ],
              [
                105.725943,
                20.605757
              ],
              [
                105.726187,
                20.60574
              ],
              [
                105.726449,
                20.60569
              ],
              [
                105.726874,
                20.605579
              ],
              [
                105.726866,
                20.605574
              ],
              [
                105.726867,
                20.605577
              ],
              [
                105.726849,
                20.605565
              ],
              [
                105.726786,
                20.605496
              ],
              [
                105.726456,
                20.605137
              ],
              [
                105.725699,
                20.604264
              ],
              [
                105.725201,
                20.603577
              ],
              [
                105.724265,
                20.602284
              ],
              [
                105.72411,
                20.602156
              ],
              [
                105.723609,
                20.601758
              ],
              [
                105.723379,
                20.601578
              ],
              [
                105.723338,
                20.601535
              ],
              [
                105.723314,
                20.601511
              ],
              [
                105.723221,
                20.601397
              ],
              [
                105.723116,
                20.601255
              ],
              [
                105.722963,
                20.601052
              ],
              [
                105.722879,
                20.600913
              ],
              [
                105.722627,
                20.600551
              ],
              [
                105.722398,
                20.600255
              ],
              [
                105.722398,
                20.600255
              ],
              [
                105.722288,
                20.600108
              ],
              [
                105.722281,
                20.600099
              ],
              [
                105.722205,
                20.599998
              ],
              [
                105.722194,
                20.599984
              ],
              [
                105.722193,
                20.599982
              ],
              [
                105.722086,
                20.599839
              ],
              [
                105.72208,
                20.599831
              ],
              [
                105.721974,
                20.59969
              ],
              [
                105.721886,
                20.599573
              ],
              [
                105.721649,
                20.599271
              ],
              [
                105.721591,
                20.599234
              ],
              [
                105.721536,
                20.599217
              ],
              [
                105.721485,
                20.599218
              ],
              [
                105.721201,
                20.598981
              ],
              [
                105.718709,
                20.597056
              ],
              [
                105.718277,
                20.597306
              ],
              [
                105.717373,
                20.597697
              ],
              [
                105.717108,
                20.597874
              ],
              [
                105.716724,
                20.598295
              ],
              [
                105.716717,
                20.598292
              ],
              [
                105.715205,
                20.597797
              ],
              [
                105.715204,
                20.597797
              ],
              [
                105.715198,
                20.597795
              ],
              [
                105.715034,
                20.597866
              ],
              [
                105.714662,
                20.597984
              ],
              [
                105.714395,
                20.598054
              ],
              [
                105.714042,
                20.598157
              ],
              [
                105.713796,
                20.598261
              ],
              [
                105.71363,
                20.598381
              ],
              [
                105.713477,
                20.598511
              ],
              [
                105.71325,
                20.598608
              ],
              [
                105.71298,
                20.59868
              ],
              [
                105.71281,
                20.598731
              ],
              [
                105.712574,
                20.598792
              ],
              [
                105.712395,
                20.598811
              ],
              [
                105.712165,
                20.598792
              ],
              [
                105.711764,
                20.598809
              ],
              [
                105.711557,
                20.598824
              ],
              [
                105.711473,
                20.598848
              ],
              [
                105.711385,
                20.5989
              ],
              [
                105.711083,
                20.599157
              ],
              [
                105.711003,
                20.599215
              ],
              [
                105.71095,
                20.599237
              ],
              [
                105.710866,
                20.599255
              ],
              [
                105.710764,
                20.599259
              ],
              [
                105.710531,
                20.599267
              ],
              [
                105.710333,
                20.599275
              ],
              [
                105.71025,
                20.599304
              ],
              [
                105.710094,
                20.599405
              ],
              [
                105.709813,
                20.599543
              ],
              [
                105.709676,
                20.599568
              ],
              [
                105.709545,
                20.599538
              ],
              [
                105.709484,
                20.599478
              ],
              [
                105.70935,
                20.599317
              ],
              [
                105.709194,
                20.599228
              ],
              [
                105.709011,
                20.599171
              ],
              [
                105.709007,
                20.59917
              ],
              [
                105.709004,
                20.599169
              ],
              [
                105.708975,
                20.599161
              ],
              [
                105.708969,
                20.599159
              ],
              [
                105.708807,
                20.599092
              ],
              [
                105.708646,
                20.598982
              ],
              [
                105.708448,
                20.598859
              ],
              [
                105.708078,
                20.598682
              ],
              [
                105.70792,
                20.598939
              ],
              [
                105.707882,
                20.599001
              ],
              [
                105.707438,
                20.599562
              ],
              [
                105.707435,
                20.599564
              ],
              [
                105.707421,
                20.599573
              ],
              [
                105.70724,
                20.599802
              ],
              [
                105.706661,
                20.600407
              ],
              [
                105.706617,
                20.600453
              ],
              [
                105.706468,
                20.600626
              ],
              [
                105.706327,
                20.600748
              ],
              [
                105.706176,
                20.600877
              ],
              [
                105.705629,
                20.601346
              ],
              [
                105.705616,
                20.601357
              ],
              [
                105.705557,
                20.601408
              ],
              [
                105.704831,
                20.601749
              ],
              [
                105.704765,
                20.601796
              ],
              [
                105.704741,
                20.601813
              ],
              [
                105.704305,
                20.602127
              ],
              [
                105.704275,
                20.602149
              ],
              [
                105.704089,
                20.602339
              ],
              [
                105.704067,
                20.60237
              ],
              [
                105.703931,
                20.602565
              ],
              [
                105.703804,
                20.602747
              ],
              [
                105.703794,
                20.602769
              ],
              [
                105.703701,
                20.602978
              ],
              [
                105.703687,
                20.603269
              ],
              [
                105.703686,
                20.603291
              ],
              [
                105.703722,
                20.60346
              ],
              [
                105.703746,
                20.603576
              ],
              [
                105.703751,
                20.603597
              ],
              [
                105.703752,
                20.6036
              ],
              [
                105.703774,
                20.603638
              ],
              [
                105.703963,
                20.603971
              ],
              [
                105.704093,
                20.604128
              ],
              [
                105.704468,
                20.604414
              ],
              [
                105.70498,
                20.604985
              ],
              [
                105.705172,
                20.6053
              ],
              [
                105.705211,
                20.605404
              ],
              [
                105.705273,
                20.605701
              ],
              [
                105.705266,
                20.605881
              ],
              [
                105.705229,
                20.606067
              ],
              [
                105.705154,
                20.606225
              ],
              [
                105.705012,
                20.606402
              ],
              [
                105.70501,
                20.606405
              ],
              [
                105.704806,
                20.606665
              ],
              [
                105.704753,
                20.606757
              ],
              [
                105.704683,
                20.60701
              ],
              [
                105.704672,
                20.607077
              ],
              [
                105.704656,
                20.60717
              ],
              [
                105.704649,
                20.60721
              ],
              [
                105.704643,
                20.607245
              ],
              [
                105.70464,
                20.607288
              ],
              [
                105.704632,
                20.607403
              ],
              [
                105.70463,
                20.607438
              ],
              [
                105.704661,
                20.607708
              ],
              [
                105.704689,
                20.607827
              ],
              [
                105.704861,
                20.608244
              ],
              [
                105.704984,
                20.608472
              ],
              [
                105.705106,
                20.608774
              ],
              [
                105.705111,
                20.608805
              ],
              [
                105.705167,
                20.609144
              ],
              [
                105.705145,
                20.609345
              ],
              [
                105.7051,
                20.60951
              ],
              [
                105.704957,
                20.609726
              ],
              [
                105.704634,
                20.610032
              ],
              [
                105.704284,
                20.610293
              ],
              [
                105.704265,
                20.610307
              ],
              [
                105.704006,
                20.610477
              ],
              [
                105.703782,
                20.610632
              ],
              [
                105.703659,
                20.61076
              ],
              [
                105.7036,
                20.610894
              ],
              [
                105.703568,
                20.610991
              ],
              [
                105.703581,
                20.611089
              ],
              [
                105.703613,
                20.61121
              ],
              [
                105.703761,
                20.611442
              ],
              [
                105.70396,
                20.611734
              ],
              [
                105.704023,
                20.611922
              ],
              [
                105.704052,
                20.612034
              ],
              [
                105.704054,
                20.612048
              ],
              [
                105.704072,
                20.61213
              ],
              [
                105.704094,
                20.612362
              ],
              [
                105.704122,
                20.612501
              ],
              [
                105.704136,
                20.612628
              ],
              [
                105.704128,
                20.612797
              ],
              [
                105.704123,
                20.612889
              ],
              [
                105.704122,
                20.612915
              ],
              [
                105.704102,
                20.612991
              ],
              [
                105.704046,
                20.613145
              ],
              [
                105.704031,
                20.613179
              ],
              [
                105.70397,
                20.613244
              ],
              [
                105.703932,
                20.613285
              ],
              [
                105.703699,
                20.61353
              ],
              [
                105.703696,
                20.613533
              ],
              [
                105.704801,
                20.613976
              ],
              [
                105.704933,
                20.61403
              ],
              [
                105.704893,
                20.614235
              ],
              [
                105.704715,
                20.614578
              ],
              [
                105.704157,
                20.615638
              ],
              [
                105.703419,
                20.617065
              ],
              [
                105.701431,
                20.620781
              ],
              [
                105.701068,
                20.621459
              ],
              [
                105.700944,
                20.621707
              ],
              [
                105.700934,
                20.621764
              ],
              [
                105.700933,
                20.621766
              ],
              [
                105.700852,
                20.621778
              ],
              [
                105.700733,
                20.621795
              ],
              [
                105.700186,
                20.621831
              ],
              [
                105.69992,
                20.621844
              ],
              [
                105.699801,
                20.621864
              ],
              [
                105.699765,
                20.621886
              ],
              [
                105.699718,
                20.621933
              ],
              [
                105.699668,
                20.62204
              ],
              [
                105.699653,
                20.622107
              ],
              [
                105.698677,
                20.622281
              ],
              [
                105.698676,
                20.622278
              ],
              [
                105.698418,
                20.621608
              ],
              [
                105.698325,
                20.621449
              ],
              [
                105.697903,
                20.620725
              ],
              [
                105.697594,
                20.620411
              ],
              [
                105.697202,
                20.620213
              ],
              [
                105.697068,
                20.620164
              ],
              [
                105.696831,
                20.620198
              ],
              [
                105.696644,
                20.620174
              ],
              [
                105.696465,
                20.620207
              ],
              [
                105.696275,
                20.620201
              ],
              [
                105.696169,
                20.620162
              ],
              [
                105.696018,
                20.620137
              ],
              [
                105.695846,
                20.620205
              ],
              [
                105.695681,
                20.620242
              ],
              [
                105.69549,
                20.620392
              ],
              [
                105.695485,
                20.620402
              ],
              [
                105.695426,
                20.620414
              ],
              [
                105.69519,
                20.620512
              ],
              [
                105.695043,
                20.620573
              ],
              [
                105.692258,
                20.62195
              ],
              [
                105.691988,
                20.622085
              ],
              [
                105.691218,
                20.621354
              ],
              [
                105.691041,
                20.621242
              ],
              [
                105.691032,
                20.621237
              ],
              [
                105.690895,
                20.621469
              ],
              [
                105.690895,
                20.621469
              ],
              [
                105.690402,
                20.621175
              ],
              [
                105.689326,
                20.620138
              ],
              [
                105.689195,
                20.619912
              ],
              [
                105.688965,
                20.619483
              ],
              [
                105.688712,
                20.619254
              ],
              [
                105.688513,
                20.619133
              ],
              [
                105.688071,
                20.61898
              ],
              [
                105.687986,
                20.618383
              ],
              [
                105.687819,
                20.617995
              ],
              [
                105.687637,
                20.617731
              ],
              [
                105.687629,
                20.617691
              ],
              [
                105.68759,
                20.617557
              ],
              [
                105.687531,
                20.617454
              ],
              [
                105.6875,
                20.617371
              ],
              [
                105.687468,
                20.617134
              ],
              [
                105.687412,
                20.616956
              ],
              [
                105.687368,
                20.616778
              ],
              [
                105.687318,
                20.616606
              ],
              [
                105.687318,
                20.616604
              ],
              [
                105.687261,
                20.616353
              ],
              [
                105.687225,
                20.616306
              ],
              [
                105.687002,
                20.616009
              ],
              [
                105.68694,
                20.615933
              ],
              [
                105.686219,
                20.616328
              ],
              [
                105.685125,
                20.616889
              ],
              [
                105.685119,
                20.616886
              ],
              [
                105.684938,
                20.6168
              ],
              [
                105.684935,
                20.616799
              ],
              [
                105.68475,
                20.616784
              ],
              [
                105.684721,
                20.61678
              ],
              [
                105.684715,
                20.616778
              ],
              [
                105.684714,
                20.616778
              ],
              [
                105.684397,
                20.616678
              ],
              [
                105.684264,
                20.616611
              ],
              [
                105.684153,
                20.616536
              ],
              [
                105.684069,
                20.616493
              ],
              [
                105.683974,
                20.616453
              ],
              [
                105.683851,
                20.616453
              ],
              [
                105.683587,
                20.616459
              ],
              [
                105.68339,
                20.616406
              ],
              [
                105.683389,
                20.616405
              ],
              [
                105.683383,
                20.616404
              ],
              [
                105.683167,
                20.616323
              ],
              [
                105.683161,
                20.616321
              ],
              [
                105.682964,
                20.616382
              ],
              [
                105.682705,
                20.616556
              ],
              [
                105.682446,
                20.616808
              ],
              [
                105.682136,
                20.617144
              ],
              [
                105.681852,
                20.617498
              ],
              [
                105.681572,
                20.617884
              ],
              [
                105.681446,
                20.617755
              ],
              [
                105.681436,
                20.617684
              ],
              [
                105.681429,
                20.617684
              ],
              [
                105.681429,
                20.617682
              ],
              [
                105.68128,
                20.61768
              ],
              [
                105.681106,
                20.617767
              ],
              [
                105.680998,
                20.617862
              ],
              [
                105.680923,
                20.617945
              ],
              [
                105.680762,
                20.617826
              ],
              [
                105.680507,
                20.617647
              ],
              [
                105.680385,
                20.617562
              ],
              [
                105.680167,
                20.617453
              ],
              [
                105.679916,
                20.617328
              ],
              [
                105.679634,
                20.617245
              ],
              [
                105.679556,
                20.617253
              ],
              [
                105.679397,
                20.617301
              ],
              [
                105.67918,
                20.617362
              ],
              [
                105.679172,
                20.617364
              ],
              [
                105.678885,
                20.617411
              ],
              [
                105.678448,
                20.617486
              ],
              [
                105.678031,
                20.617588
              ],
              [
                105.677776,
                20.617653
              ],
              [
                105.677543,
                20.617692
              ],
              [
                105.677826,
                20.616937
              ],
              [
                105.677803,
                20.616817
              ],
              [
                105.67776,
                20.616679
              ],
              [
                105.677683,
                20.616559
              ],
              [
                105.677502,
                20.616446
              ],
              [
                105.677339,
                20.616388
              ],
              [
                105.677252,
                20.616328
              ],
              [
                105.677144,
                20.616225
              ],
              [
                105.677077,
                20.616175
              ],
              [
                105.677071,
                20.616174
              ],
              [
                105.67707,
                20.616173
              ],
              [
                105.676969,
                20.616148
              ],
              [
                105.676889,
                20.616222
              ],
              [
                105.676793,
                20.616293
              ],
              [
                105.676791,
                20.616295
              ],
              [
                105.676689,
                20.616359
              ],
              [
                105.676637,
                20.61638
              ],
              [
                105.676493,
                20.616408
              ],
              [
                105.676378,
                20.616441
              ],
              [
                105.676347,
                20.616449
              ],
              [
                105.676225,
                20.616503
              ],
              [
                105.676087,
                20.616578
              ],
              [
                105.676015,
                20.616618
              ],
              [
                105.675972,
                20.616631
              ],
              [
                105.675872,
                20.61666
              ],
              [
                105.675689,
                20.616713
              ],
              [
                105.675543,
                20.616778
              ],
              [
                105.675328,
                20.61689
              ],
              [
                105.675271,
                20.61692
              ],
              [
                105.675196,
                20.616836
              ],
              [
                105.674934,
                20.616683
              ],
              [
                105.674928,
                20.616681
              ],
              [
                105.674928,
                20.616681
              ],
              [
                105.674799,
                20.616646
              ],
              [
                105.674615,
                20.616439
              ],
              [
                105.674512,
                20.616235
              ],
              [
                105.67426,
                20.616137
              ],
              [
                105.674257,
                20.616137
              ],
              [
                105.674253,
                20.616135
              ],
              [
                105.673688,
                20.616029
              ],
              [
                105.673582,
                20.616154
              ],
              [
                105.673347,
                20.615956
              ],
              [
                105.673343,
                20.615957
              ],
              [
                105.67334,
                20.615954
              ],
              [
                105.673025,
                20.616037
              ],
              [
                105.672673,
                20.616378
              ],
              [
                105.672652,
                20.616478
              ],
              [
                105.672591,
                20.616482
              ],
              [
                105.672492,
                20.616514
              ],
              [
                105.672359,
                20.616575
              ],
              [
                105.672243,
                20.616627
              ],
              [
                105.67213,
                20.616669
              ],
              [
                105.672116,
                20.616671
              ],
              [
                105.672038,
                20.616684
              ],
              [
                105.67194,
                20.616699
              ],
              [
                105.671931,
                20.616699
              ],
              [
                105.671789,
                20.616713
              ],
              [
                105.671781,
                20.616714
              ],
              [
                105.671512,
                20.616752
              ],
              [
                105.671319,
                20.616796
              ],
              [
                105.671194,
                20.616825
              ],
              [
                105.670887,
                20.616878
              ],
              [
                105.670738,
                20.616972
              ],
              [
                105.670587,
                20.617116
              ],
              [
                105.670534,
                20.617073
              ],
              [
                105.670511,
                20.617059
              ],
              [
                105.670509,
                20.61706
              ],
              [
                105.670331,
                20.617246
              ],
              [
                105.669971,
                20.61752
              ],
              [
                105.669719,
                20.61768
              ],
              [
                105.669491,
                20.617803
              ],
              [
                105.66927,
                20.617775
              ],
              [
                105.668976,
                20.617736
              ],
              [
                105.66897,
                20.617734
              ],
              [
                105.668969,
                20.617734
              ],
              [
                105.668721,
                20.61766
              ],
              [
                105.668294,
                20.617479
              ],
              [
                105.667927,
                20.617265
              ],
              [
                105.667499,
                20.61693
              ],
              [
                105.667137,
                20.616731
              ],
              [
                105.667137,
                20.61673
              ],
              [
                105.666946,
                20.616681
              ],
              [
                105.666721,
                20.616685
              ],
              [
                105.666516,
                20.616786
              ],
              [
                105.666399,
                20.617009
              ],
              [
                105.666339,
                20.617131
              ],
              [
                105.666199,
                20.617473
              ],
              [
                105.66597,
                20.618016
              ],
              [
                105.66589,
                20.618501
              ],
              [
                105.665814,
                20.619338
              ],
              [
                105.665814,
                20.619343
              ],
              [
                105.66583,
                20.619572
              ],
              [
                105.665923,
                20.61994
              ],
              [
                105.66599,
                20.62015
              ],
              [
                105.666052,
                20.620408
              ],
              [
                105.666073,
                20.620484
              ],
              [
                105.666078,
                20.620556
              ],
              [
                105.666079,
                20.620633
              ],
              [
                105.666059,
                20.620704
              ],
              [
                105.666044,
                20.620747
              ],
              [
                105.665983,
                20.620843
              ],
              [
                105.665963,
                20.62093
              ],
              [
                105.665963,
                20.621001
              ],
              [
                105.665964,
                20.621044
              ],
              [
                105.665974,
                20.621082
              ],
              [
                105.666046,
                20.621192
              ],
              [
                105.666127,
                20.621292
              ],
              [
                105.666265,
                20.621416
              ],
              [
                105.66659,
                20.621643
              ],
              [
                105.667072,
                20.621847
              ],
              [
                105.667096,
                20.62267
              ],
              [
                105.666988,
                20.623623
              ],
              [
                105.66658,
                20.624012
              ],
              [
                105.666567,
                20.624022
              ],
              [
                105.666052,
                20.624485
              ],
              [
                105.66594,
                20.624599
              ],
              [
                105.665629,
                20.624915
              ],
              [
                105.665594,
                20.625024
              ],
              [
                105.665582,
                20.625084
              ],
              [
                105.665585,
                20.625217
              ],
              [
                105.665589,
                20.625353
              ],
              [
                105.665532,
                20.625472
              ],
              [
                105.6654,
                20.625604
              ],
              [
                105.665327,
                20.625667
              ],
              [
                105.665045,
                20.625911
              ],
              [
                105.664533,
                20.626313
              ],
              [
                105.664439,
                20.626528
              ],
              [
                105.664307,
                20.627001
              ],
              [
                105.664093,
                20.627378
              ],
              [
                105.663787,
                20.628209
              ],
              [
                105.664135,
                20.628313
              ],
              [
                105.664374,
                20.628416
              ],
              [
                105.664566,
                20.628642
              ],
              [
                105.664611,
                20.628694
              ],
              [
                105.664959,
                20.629239
              ],
              [
                105.665063,
                20.629376
              ],
              [
                105.665866,
                20.630291
              ],
              [
                105.665928,
                20.63031
              ],
              [
                105.665928,
                20.63031
              ],
              [
                105.665934,
                20.630312
              ],
              [
                105.665968,
                20.630258
              ],
              [
                105.666038,
                20.630097
              ],
              [
                105.666199,
                20.629773
              ],
              [
                105.666262,
                20.629683
              ],
              [
                105.666262,
                20.629683
              ],
              [
                105.6663,
                20.629656
              ],
              [
                105.666309,
                20.629653
              ],
              [
                105.666328,
                20.629648
              ],
              [
                105.666359,
                20.629638
              ],
              [
                105.666469,
                20.629628
              ],
              [
                105.66668,
                20.629616
              ],
              [
                105.666899,
                20.629597
              ],
              [
                105.667118,
                20.629577
              ],
              [
                105.667133,
                20.629576
              ],
              [
                105.667488,
                20.629504
              ],
              [
                105.667529,
                20.629468
              ],
              [
                105.667555,
                20.629416
              ],
              [
                105.667607,
                20.629209
              ],
              [
                105.667672,
                20.629008
              ],
              [
                105.66872,
                20.629508
              ],
              [
                105.668785,
                20.629539
              ],
              [
                105.669142,
                20.62977
              ],
              [
                105.669378,
                20.630158
              ],
              [
                105.669597,
                20.630677
              ],
              [
                105.669668,
                20.630964
              ],
              [
                105.669605,
                20.631173
              ],
              [
                105.66975,
                20.631343
              ],
              [
                105.66988,
                20.631495
              ],
              [
                105.669931,
                20.631554
              ],
              [
                105.670218,
                20.632007
              ],
              [
                105.670691,
                20.632621
              ],
              [
                105.670786,
                20.632657
              ],
              [
                105.670788,
                20.632657
              ],
              [
                105.670793,
                20.632659
              ],
              [
                105.670996,
                20.632688
              ],
              [
                105.671402,
                20.632609
              ],
              [
                105.671763,
                20.632362
              ],
              [
                105.672004,
                20.632178
              ],
              [
                105.672022,
                20.632164
              ],
              [
                105.672192,
                20.631793
              ],
              [
                105.673015,
                20.629799
              ],
              [
                105.673294,
                20.62914
              ],
              [
                105.674276,
                20.629119
              ],
              [
                105.674828,
                20.629135
              ],
              [
                105.675147,
                20.629192
              ],
              [
                105.675381,
                20.629358
              ],
              [
                105.675477,
                20.629662
              ],
              [
                105.675643,
                20.629877
              ],
              [
                105.676,
                20.63009
              ],
              [
                105.676404,
                20.630238
              ],
              [
                105.676502,
                20.630274
              ],
              [
                105.676506,
                20.630274
              ],
              [
                105.676509,
                20.630276
              ],
              [
                105.676719,
                20.630323
              ],
              [
                105.676915,
                20.630292
              ],
              [
                105.677283,
                20.63004
              ],
              [
                105.677459,
                20.629764
              ],
              [
                105.677692,
                20.629303
              ],
              [
                105.677945,
                20.629003
              ],
              [
                105.678191,
                20.628745
              ],
              [
                105.67826,
                20.628571
              ],
              [
                105.67837,
                20.628545
              ],
              [
                105.6788,
                20.628915
              ],
              [
                105.679438,
                20.629227
              ],
              [
                105.679744,
                20.629343
              ],
              [
                105.679748,
                20.629344
              ],
              [
                105.680812,
                20.629563
              ],
              [
                105.680816,
                20.629565
              ],
              [
                105.680819,
                20.629565
              ],
              [
                105.680996,
                20.629628
              ],
              [
                105.681001,
                20.62963
              ],
              [
                105.681246,
                20.629637
              ],
              [
                105.681183,
                20.630067
              ],
              [
                105.681716,
                20.630234
              ],
              [
                105.682045,
                20.630452
              ],
              [
                105.68207,
                20.630657
              ],
              [
                105.682119,
                20.630682
              ],
              [
                105.682434,
                20.630849
              ],
              [
                105.682211,
                20.631156
              ],
              [
                105.682936,
                20.631777
              ],
              [
                105.684504,
                20.633122
              ],
              [
                105.683901,
                20.634388
              ],
              [
                105.683383,
                20.635477
              ],
              [
                105.684015,
                20.636032
              ],
              [
                105.684293,
                20.636276
              ],
              [
                105.684612,
                20.63655
              ],
              [
                105.684961,
                20.636857
              ],
              [
                105.685016,
                20.636896
              ],
              [
                105.685043,
                20.636916
              ],
              [
                105.685407,
                20.637177
              ],
              [
                105.685805,
                20.63745
              ],
              [
                105.685917,
                20.637513
              ],
              [
                105.685918,
                20.637513
              ],
              [
                105.686357,
                20.637715
              ],
              [
                105.686411,
                20.637741
              ],
              [
                105.686526,
                20.637793
              ],
              [
                105.68683,
                20.637933
              ],
              [
                105.686728,
                20.638029
              ],
              [
                105.686566,
                20.638183
              ],
              [
                105.686434,
                20.638241
              ],
              [
                105.686424,
                20.638245
              ],
              [
                105.68633,
                20.638293
              ],
              [
                105.686268,
                20.638334
              ],
              [
                105.686201,
                20.638393
              ],
              [
                105.686191,
                20.638402
              ],
              [
                105.686122,
                20.638463
              ],
              [
                105.686085,
                20.638496
              ],
              [
                105.685955,
                20.638613
              ],
              [
                105.685819,
                20.638728
              ],
              [
                105.685734,
                20.638794
              ],
              [
                105.685705,
                20.638816
              ],
              [
                105.685679,
                20.638836
              ],
              [
                105.685641,
                20.638865
              ],
              [
                105.685577,
                20.638906
              ],
              [
                105.685476,
                20.638961
              ],
              [
                105.685409,
                20.638994
              ],
              [
                105.685392,
                20.638999
              ],
              [
                105.685379,
                20.639003
              ],
              [
                105.685318,
                20.639023
              ],
              [
                105.685243,
                20.639035
              ],
              [
                105.685083,
                20.639047
              ],
              [
                105.684832,
                20.639068
              ],
              [
                105.684811,
                20.639071
              ],
              [
                105.684763,
                20.639078
              ],
              [
                105.684712,
                20.639095
              ],
              [
                105.684643,
                20.639124
              ],
              [
                105.684542,
                20.63918
              ],
              [
                105.684502,
                20.639209
              ],
              [
                105.684467,
                20.639249
              ],
              [
                105.684422,
                20.639303
              ],
              [
                105.684385,
                20.639357
              ],
              [
                105.684358,
                20.639426
              ],
              [
                105.684329,
                20.639525
              ],
              [
                105.684327,
                20.639532
              ],
              [
                105.68427,
                20.639728
              ],
              [
                105.684238,
                20.63982
              ],
              [
                105.684222,
                20.639849
              ],
              [
                105.684202,
                20.63988
              ],
              [
                105.684171,
                20.639909
              ],
              [
                105.684163,
                20.639915
              ],
              [
                105.684133,
                20.639936
              ],
              [
                105.684095,
                20.639957
              ],
              [
                105.68404,
                20.639978
              ],
              [
                105.683973,
                20.639996
              ],
              [
                105.683925,
                20.640009
              ],
              [
                105.683875,
                20.640017
              ],
              [
                105.683858,
                20.640019
              ],
              [
                105.683812,
                20.640019
              ],
              [
                105.683744,
                20.640018
              ],
              [
                105.683679,
                20.640017
              ],
              [
                105.683524,
                20.639998
              ],
              [
                105.683453,
                20.639989
              ],
              [
                105.683444,
                20.639988
              ],
              [
                105.683387,
                20.639981
              ],
              [
                105.683214,
                20.639958
              ],
              [
                105.683185,
                20.639955
              ],
              [
                105.683178,
                20.63997
              ],
              [
                105.683164,
                20.639999
              ],
              [
                105.683157,
                20.640015
              ],
              [
                105.683154,
                20.640105
              ],
              [
                105.683154,
                20.640109
              ],
              [
                105.683154,
                20.640129
              ],
              [
                105.683127,
                20.640209
              ],
              [
                105.683118,
                20.640238
              ],
              [
                105.683064,
                20.640293
              ],
              [
                105.683038,
                20.64032
              ],
              [
                105.682912,
                20.640366
              ],
              [
                105.682837,
                20.640368
              ],
              [
                105.682731,
                20.640372
              ],
              [
                105.682713,
                20.640369
              ],
              [
                105.682602,
                20.640352
              ],
              [
                105.682594,
                20.640351
              ],
              [
                105.68259,
                20.64035
              ],
              [
                105.682471,
                20.640287
              ],
              [
                105.682402,
                20.640215
              ],
              [
                105.682372,
                20.640154
              ],
              [
                105.682353,
                20.640064
              ],
              [
                105.682332,
                20.639919
              ],
              [
                105.682302,
                20.639862
              ],
              [
                105.682236,
                20.63985
              ],
              [
                105.682235,
                20.639894
              ],
              [
                105.682245,
                20.639942
              ],
              [
                105.682255,
                20.640009
              ],
              [
                105.682268,
                20.640068
              ],
              [
                105.682273,
                20.640108
              ],
              [
                105.682274,
                20.640127
              ],
              [
                105.682274,
                20.640128
              ],
              [
                105.682273,
                20.64017
              ],
              [
                105.68227,
                20.640191
              ],
              [
                105.682269,
                20.640201
              ],
              [
                105.682267,
                20.640211
              ],
              [
                105.682256,
                20.640249
              ],
              [
                105.68224,
                20.640285
              ],
              [
                105.68223,
                20.640302
              ],
              [
                105.682218,
                20.640318
              ],
              [
                105.682191,
                20.640349
              ],
              [
                105.68215,
                20.640394
              ],
              [
                105.682113,
                20.640439
              ],
              [
                105.682075,
                20.640489
              ],
              [
                105.682047,
                20.640525
              ],
              [
                105.682036,
                20.64054
              ],
              [
                105.681999,
                20.640594
              ],
              [
                105.681964,
                20.640658
              ],
              [
                105.68193,
                20.640724
              ],
              [
                105.681895,
                20.640787
              ],
              [
                105.681856,
                20.640848
              ],
              [
                105.681819,
                20.640903
              ],
              [
                105.681778,
                20.640953
              ],
              [
                105.681775,
                20.640956
              ],
              [
                105.681724,
                20.641009
              ],
              [
                105.681715,
                20.641018
              ],
              [
                105.681669,
                20.641062
              ],
              [
                105.681665,
                20.641066
              ],
              [
                105.681609,
                20.641119
              ],
              [
                105.681558,
                20.641161
              ],
              [
                105.6815,
                20.641203
              ],
              [
                105.681476,
                20.641223
              ],
              [
                105.681452,
                20.641242
              ],
              [
                105.681404,
                20.641287
              ],
              [
                105.681312,
                20.641381
              ],
              [
                105.681276,
                20.641416
              ],
              [
                105.681263,
                20.641429
              ],
              [
                105.681215,
                20.641476
              ],
              [
                105.681172,
                20.641518
              ],
              [
                105.681125,
                20.641566
              ],
              [
                105.681077,
                20.641615
              ],
              [
                105.681031,
                20.641659
              ],
              [
                105.681024,
                20.641666
              ],
              [
                105.680978,
                20.641712
              ],
              [
                105.680962,
                20.64173
              ],
              [
                105.680935,
                20.641766
              ],
              [
                105.680901,
                20.641822
              ],
              [
                105.680863,
                20.641885
              ],
              [
                105.680817,
                20.641946
              ],
              [
                105.6808,
                20.641966
              ],
              [
                105.680773,
                20.641997
              ],
              [
                105.680733,
                20.642044
              ],
              [
                105.680684,
                20.642096
              ],
              [
                105.680642,
                20.642147
              ],
              [
                105.68063,
                20.642164
              ],
              [
                105.680609,
                20.6422
              ],
              [
                105.680582,
                20.642259
              ],
              [
                105.680559,
                20.642322
              ],
              [
                105.680533,
                20.642384
              ],
              [
                105.680523,
                20.642403
              ],
              [
                105.680499,
                20.64244
              ],
              [
                105.68046,
                20.642491
              ],
              [
                105.680422,
                20.642537
              ],
              [
                105.680333,
                20.642639
              ],
              [
                105.68029,
                20.642696
              ],
              [
                105.680252,
                20.64275
              ],
              [
                105.680219,
                20.642802
              ],
              [
                105.680214,
                20.642811
              ],
              [
                105.680188,
                20.64286
              ],
              [
                105.68016,
                20.642922
              ],
              [
                105.68014,
                20.642986
              ],
              [
                105.680124,
                20.643054
              ],
              [
                105.680098,
                20.643184
              ],
              [
                105.680087,
                20.643248
              ],
              [
                105.680078,
                20.643308
              ],
              [
                105.680067,
                20.643374
              ],
              [
                105.680058,
                20.643441
              ],
              [
                105.680047,
                20.643515
              ],
              [
                105.680043,
                20.643542
              ],
              [
                105.680036,
                20.643587
              ],
              [
                105.680027,
                20.643654
              ],
              [
                105.680019,
                20.643716
              ],
              [
                105.680012,
                20.643778
              ],
              [
                105.680001,
                20.643842
              ],
              [
                105.679996,
                20.643875
              ],
              [
                105.679992,
                20.643901
              ],
              [
                105.679987,
                20.643961
              ],
              [
                105.679984,
                20.644009
              ],
              [
                105.679976,
                20.644089
              ],
              [
                105.679966,
                20.644142
              ],
              [
                105.67995,
                20.644206
              ],
              [
                105.679933,
                20.644267
              ],
              [
                105.679914,
                20.644327
              ],
              [
                105.679889,
                20.644386
              ],
              [
                105.679876,
                20.644423
              ],
              [
                105.679866,
                20.644448
              ],
              [
                105.679847,
                20.644508
              ],
              [
                105.679847,
                20.644509
              ],
              [
                105.67983,
                20.644566
              ],
              [
                105.679828,
                20.644575
              ],
              [
                105.679814,
                20.644622
              ],
              [
                105.679814,
                20.644625
              ],
              [
                105.679813,
                20.644627
              ],
              [
                105.679793,
                20.644683
              ],
              [
                105.679771,
                20.644732
              ],
              [
                105.679758,
                20.644758
              ],
              [
                105.679731,
                20.644804
              ],
              [
                105.6797,
                20.644856
              ],
              [
                105.679694,
                20.644864
              ],
              [
                105.67967,
                20.644903
              ],
              [
                105.679667,
                20.644909
              ],
              [
                105.679631,
                20.64496
              ],
              [
                105.679592,
                20.645006
              ],
              [
                105.679551,
                20.645052
              ],
              [
                105.679512,
                20.645097
              ],
              [
                105.679473,
                20.645142
              ],
              [
                105.679457,
                20.645158
              ],
              [
                105.679429,
                20.645188
              ],
              [
                105.679421,
                20.645195
              ],
              [
                105.679381,
                20.645231
              ],
              [
                105.679368,
                20.64524
              ],
              [
                105.679324,
                20.645272
              ],
              [
                105.679322,
                20.645273
              ],
              [
                105.679249,
                20.645317
              ],
              [
                105.679217,
                20.645336
              ],
              [
                105.679192,
                20.645359
              ],
              [
                105.679173,
                20.645375
              ],
              [
                105.679161,
                20.645388
              ],
              [
                105.679156,
                20.645394
              ],
              [
                105.679129,
                20.645431
              ],
              [
                105.679096,
                20.645494
              ],
              [
                105.679081,
                20.645532
              ],
              [
                105.679075,
                20.645552
              ],
              [
                105.67907,
                20.645575
              ],
              [
                105.679067,
                20.645593
              ],
              [
                105.679066,
                20.645596
              ],
              [
                105.679064,
                20.645613
              ],
              [
                105.679064,
                20.645619
              ],
              [
                105.679063,
                20.645639
              ],
              [
                105.679063,
                20.645641
              ],
              [
                105.679067,
                20.645682
              ],
              [
                105.679074,
                20.645711
              ],
              [
                105.679082,
                20.645745
              ],
              [
                105.679091,
                20.645772
              ],
              [
                105.6791,
                20.645799
              ],
              [
                105.679103,
                20.645809
              ],
              [
                105.679125,
                20.645871
              ],
              [
                105.679153,
                20.645939
              ],
              [
                105.679161,
                20.645962
              ],
              [
                105.679172,
                20.646002
              ],
              [
                105.679174,
                20.646008
              ],
              [
                105.679189,
                20.646075
              ],
              [
                105.679199,
                20.646134
              ],
              [
                105.679201,
                20.646144
              ],
              [
                105.679204,
                20.646216
              ],
              [
                105.679204,
                20.646238
              ],
              [
                105.679205,
                20.646278
              ],
              [
                105.679205,
                20.64628
              ],
              [
                105.679201,
                20.646342
              ],
              [
                105.679193,
                20.646404
              ],
              [
                105.679191,
                20.646415
              ],
              [
                105.679184,
                20.646447
              ],
              [
                105.679178,
                20.646468
              ],
              [
                105.67917,
                20.646488
              ],
              [
                105.679153,
                20.646525
              ],
              [
                105.679152,
                20.646527
              ],
              [
                105.679145,
                20.646539
              ],
              [
                105.679122,
                20.646584
              ],
              [
                105.67912,
                20.646587
              ],
              [
                105.679089,
                20.646643
              ],
              [
                105.679066,
                20.646684
              ],
              [
                105.679054,
                20.646706
              ],
              [
                105.679053,
                20.646707
              ],
              [
                105.679051,
                20.646711
              ],
              [
                105.679025,
                20.646761
              ],
              [
                105.679025,
                20.646762
              ],
              [
                105.679022,
                20.646767
              ],
              [
                105.678996,
                20.646824
              ],
              [
                105.678978,
                20.646873
              ],
              [
                105.678976,
                20.646879
              ],
              [
                105.678958,
                20.646938
              ],
              [
                105.678939,
                20.647001
              ],
              [
                105.678933,
                20.647028
              ],
              [
                105.678927,
                20.647058
              ],
              [
                105.678925,
                20.647065
              ],
              [
                105.678909,
                20.64713
              ],
              [
                105.678908,
                20.647133
              ],
              [
                105.678905,
                20.647143
              ],
              [
                105.678889,
                20.647195
              ],
              [
                105.678885,
                20.647208
              ],
              [
                105.67887,
                20.647257
              ],
              [
                105.678865,
                20.647291
              ],
              [
                105.678865,
                20.647296
              ],
              [
                105.678865,
                20.647316
              ],
              [
                105.678867,
                20.647337
              ],
              [
                105.678875,
                20.647379
              ],
              [
                105.67888,
                20.647397
              ],
              [
                105.678891,
                20.64744
              ],
              [
                105.678914,
                20.6475
              ],
              [
                105.67894,
                20.647564
              ],
              [
                105.678948,
                20.647583
              ],
              [
                105.678957,
                20.647604
              ],
              [
                105.678979,
                20.647654
              ],
              [
                105.678999,
                20.647698
              ],
              [
                105.679006,
                20.647716
              ],
              [
                105.67901,
                20.647725
              ],
              [
                105.679026,
                20.647763
              ],
              [
                105.679053,
                20.647824
              ],
              [
                105.679073,
                20.647867
              ],
              [
                105.679079,
                20.64788
              ],
              [
                105.679083,
                20.647888
              ],
              [
                105.679111,
                20.647956
              ],
              [
                105.679122,
                20.647986
              ],
              [
                105.679135,
                20.648021
              ],
              [
                105.679157,
                20.648082
              ],
              [
                105.679177,
                20.648146
              ],
              [
                105.679194,
                20.648206
              ],
              [
                105.679198,
                20.648218
              ],
              [
                105.679203,
                20.648236
              ],
              [
                105.67923,
                20.64828
              ],
              [
                105.679261,
                20.648329
              ],
              [
                105.679269,
                20.648348
              ],
              [
                105.679283,
                20.648387
              ],
              [
                105.679294,
                20.648418
              ],
              [
                105.679305,
                20.648448
              ],
              [
                105.679321,
                20.648485
              ],
              [
                105.679331,
                20.648502
              ],
              [
                105.679366,
                20.648552
              ],
              [
                105.679406,
                20.648603
              ],
              [
                105.679445,
                20.648652
              ],
              [
                105.679472,
                20.64869
              ],
              [
                105.679483,
                20.648705
              ],
              [
                105.679492,
                20.648718
              ],
              [
                105.679512,
                20.648746
              ],
              [
                105.679537,
                20.64878
              ],
              [
                105.679562,
                20.648813
              ],
              [
                105.679582,
                20.648839
              ],
              [
                105.679603,
                20.648864
              ],
              [
                105.679643,
                20.648914
              ],
              [
                105.679685,
                20.648964
              ],
              [
                105.679723,
                20.649008
              ],
              [
                105.679724,
                20.649009
              ],
              [
                105.679762,
                20.649055
              ],
              [
                105.679768,
                20.649063
              ],
              [
                105.679797,
                20.649099
              ],
              [
                105.679807,
                20.649115
              ],
              [
                105.679819,
                20.649132
              ],
              [
                105.679821,
                20.649134
              ],
              [
                105.679837,
                20.649158
              ],
              [
                105.679867,
                20.649214
              ],
              [
                105.679895,
                20.649278
              ],
              [
                105.679895,
                20.649279
              ],
              [
                105.679921,
                20.649343
              ],
              [
                105.679933,
                20.649375
              ],
              [
                105.679944,
                20.649407
              ],
              [
                105.679968,
                20.649469
              ],
              [
                105.679988,
                20.64953
              ],
              [
                105.680007,
                20.649593
              ],
              [
                105.680008,
                20.649597
              ],
              [
                105.68001,
                20.649604
              ],
              [
                105.680026,
                20.64966
              ],
              [
                105.680046,
                20.649728
              ],
              [
                105.680067,
                20.649791
              ],
              [
                105.680087,
                20.64985
              ],
              [
                105.68009,
                20.649856
              ],
              [
                105.680108,
                20.649902
              ],
              [
                105.68011,
                20.649907
              ],
              [
                105.680135,
                20.649963
              ],
              [
                105.680162,
                20.650024
              ],
              [
                105.680189,
                20.650084
              ],
              [
                105.680213,
                20.650144
              ],
              [
                105.680223,
                20.650171
              ],
              [
                105.680237,
                20.650211
              ],
              [
                105.680262,
                20.650273
              ],
              [
                105.680288,
                20.65033
              ],
              [
                105.680313,
                20.650385
              ],
              [
                105.680334,
                20.650441
              ],
              [
                105.680342,
                20.650461
              ],
              [
                105.680347,
                20.650477
              ],
              [
                105.680354,
                20.650498
              ],
              [
                105.680373,
                20.650556
              ],
              [
                105.680386,
                20.650598
              ],
              [
                105.680573,
                20.650969
              ],
              [
                105.680603,
                20.651029
              ],
              [
                105.680649,
                20.651121
              ],
              [
                105.680689,
                20.6512
              ],
              [
                105.680695,
                20.651214
              ],
              [
                105.68071,
                20.651243
              ],
              [
                105.680742,
                20.651294
              ],
              [
                105.680751,
                20.651307
              ],
              [
                105.680783,
                20.651354
              ],
              [
                105.680823,
                20.651403
              ],
              [
                105.680865,
                20.651452
              ],
              [
                105.680907,
                20.6515
              ],
              [
                105.680945,
                20.651548
              ],
              [
                105.680978,
                20.651595
              ],
              [
                105.681013,
                20.651648
              ],
              [
                105.681047,
                20.651705
              ],
              [
                105.681075,
                20.651765
              ],
              [
                105.681078,
                20.651772
              ],
              [
                105.681107,
                20.651842
              ],
              [
                105.681108,
                20.651844
              ],
              [
                105.68113,
                20.651908
              ],
              [
                105.681151,
                20.651977
              ],
              [
                105.681163,
                20.652032
              ],
              [
                105.681166,
                20.652042
              ],
              [
                105.681168,
                20.652053
              ],
              [
                105.68118,
                20.652116
              ],
              [
                105.681183,
                20.65213
              ],
              [
                105.681186,
                20.652146
              ],
              [
                105.681196,
                20.652192
              ],
              [
                105.681203,
                20.652216
              ],
              [
                105.681214,
                20.652254
              ],
              [
                105.681232,
                20.652311
              ],
              [
                105.68124,
                20.652337
              ],
              [
                105.681242,
                20.652345
              ],
              [
                105.681238,
                20.652351
              ],
              [
                105.681229,
                20.652355
              ],
              [
                105.681179,
                20.652376
              ],
              [
                105.681096,
                20.652411
              ],
              [
                105.681078,
                20.652516
              ],
              [
                105.681074,
                20.652525
              ],
              [
                105.681066,
                20.652542
              ],
              [
                105.681051,
                20.652577
              ],
              [
                105.681025,
                20.652667
              ],
              [
                105.680988,
                20.652832
              ],
              [
                105.680946,
                20.652992
              ],
              [
                105.680903,
                20.653078
              ],
              [
                105.680848,
                20.653135
              ],
              [
                105.68078,
                20.653202
              ],
              [
                105.680731,
                20.653246
              ],
              [
                105.680706,
                20.653265
              ],
              [
                105.680676,
                20.653289
              ],
              [
                105.680617,
                20.653346
              ],
              [
                105.680538,
                20.653427
              ],
              [
                105.680477,
                20.653487
              ],
              [
                105.680447,
                20.653513
              ],
              [
                105.680436,
                20.653522
              ],
              [
                105.680426,
                20.653532
              ],
              [
                105.680397,
                20.653565
              ],
              [
                105.680329,
                20.65365
              ],
              [
                105.680233,
                20.653773
              ],
              [
                105.680161,
                20.653876
              ],
              [
                105.680152,
                20.653891
              ],
              [
                105.679631,
                20.654342
              ],
              [
                105.680043,
                20.654811
              ],
              [
                105.68026,
                20.655097
              ],
              [
                105.680356,
                20.655294
              ],
              [
                105.680549,
                20.655759
              ],
              [
                105.680569,
                20.656189
              ],
              [
                105.68035,
                20.656273
              ],
              [
                105.680047,
                20.656562
              ],
              [
                105.679965,
                20.656712
              ],
              [
                105.679874,
                20.656949
              ],
              [
                105.679795,
                20.657196
              ],
              [
                105.679731,
                20.657525
              ],
              [
                105.679662,
                20.657639
              ],
              [
                105.679578,
                20.657711
              ],
              [
                105.679252,
                20.657962
              ],
              [
                105.679011,
                20.658455
              ],
              [
                105.678719,
                20.6589
              ],
              [
                105.678579,
                20.659128
              ],
              [
                105.678565,
                20.659423
              ],
              [
                105.678636,
                20.659896
              ],
              [
                105.678743,
                20.660157
              ],
              [
                105.678881,
                20.660358
              ],
              [
                105.679043,
                20.660762
              ],
              [
                105.679176,
                20.661229
              ],
              [
                105.67929,
                20.661246
              ],
              [
                105.67976,
                20.661318
              ],
              [
                105.679899,
                20.661346
              ],
              [
                105.679907,
                20.661348
              ],
              [
                105.679908,
                20.661349
              ],
              [
                105.679944,
                20.661369
              ],
              [
                105.680199,
                20.661514
              ],
              [
                105.680531,
                20.66177
              ],
              [
                105.680786,
                20.661971
              ],
              [
                105.680801,
                20.661981
              ],
              [
                105.680881,
                20.662019
              ],
              [
                105.680959,
                20.662055
              ],
              [
                105.681025,
                20.662087
              ],
              [
                105.68109,
                20.662117
              ],
              [
                105.681407,
                20.662267
              ],
              [
                105.681411,
                20.662267
              ],
              [
                105.681414,
                20.662269
              ],
              [
                105.681858,
                20.662343
              ],
              [
                105.681629,
                20.662567
              ],
              [
                105.681342,
                20.662688
              ],
              [
                105.681009,
                20.662884
              ],
              [
                105.680943,
                20.662945
              ],
              [
                105.680863,
                20.663019
              ],
              [
                105.6805,
                20.663434
              ],
              [
                105.680481,
                20.663455
              ],
              [
                105.680358,
                20.66368
              ],
              [
                105.680302,
                20.663782
              ],
              [
                105.680267,
                20.663845
              ],
              [
                105.680259,
                20.663858
              ],
              [
                105.680072,
                20.66418
              ],
              [
                105.679826,
                20.664593
              ],
              [
                105.67963,
                20.664845
              ],
              [
                105.679572,
                20.664897
              ],
              [
                105.679529,
                20.664935
              ],
              [
                105.679413,
                20.664987
              ],
              [
                105.679301,
                20.665038
              ],
              [
                105.679225,
                20.665074
              ],
              [
                105.679249,
                20.665338
              ],
              [
                105.679255,
                20.6654
              ],
              [
                105.679271,
                20.665588
              ],
              [
                105.679278,
                20.665996
              ],
              [
                105.679283,
                20.666096
              ],
              [
                105.679284,
                20.666106
              ],
              [
                105.679289,
                20.666144
              ],
              [
                105.679295,
                20.666181
              ],
              [
                105.679301,
                20.666229
              ],
              [
                105.679309,
                20.666282
              ],
              [
                105.679319,
                20.666354
              ],
              [
                105.679328,
                20.66642
              ],
              [
                105.679338,
                20.666489
              ],
              [
                105.679344,
                20.666535
              ],
              [
                105.67936,
                20.666646
              ],
              [
                105.679395,
                20.666896
              ],
              [
                105.679402,
                20.66695
              ],
              [
                105.679411,
                20.667018
              ],
              [
                105.679419,
                20.667072
              ],
              [
                105.679431,
                20.667159
              ],
              [
                105.6794,
                20.667344
              ],
              [
                105.679141,
                20.667776
              ],
              [
                105.679148,
                20.667871
              ],
              [
                105.679182,
                20.668319
              ],
              [
                105.679071,
                20.668413
              ],
              [
                105.678525,
                20.668721
              ],
              [
                105.678506,
                20.668732
              ],
              [
                105.678014,
                20.66901
              ],
              [
                105.677936,
                20.669103
              ],
              [
                105.677729,
                20.669351
              ],
              [
                105.677445,
                20.669645
              ],
              [
                105.67725,
                20.670047
              ],
              [
                105.677072,
                20.670167
              ],
              [
                105.676809,
                20.670193
              ],
              [
                105.676478,
                20.670226
              ],
              [
                105.676457,
                20.670229
              ],
              [
                105.676438,
                20.669879
              ],
              [
                105.676435,
                20.669808
              ],
              [
                105.676408,
                20.669249
              ],
              [
                105.676397,
                20.669021
              ],
              [
                105.676382,
                20.668725
              ],
              [
                105.67638,
                20.668677
              ],
              [
                105.676364,
                20.668475
              ],
              [
                105.67635,
                20.668296
              ],
              [
                105.676331,
                20.668048
              ],
              [
                105.676328,
                20.668014
              ],
              [
                105.676323,
                20.667945
              ],
              [
                105.676321,
                20.667916
              ],
              [
                105.676315,
                20.667839
              ],
              [
                105.676311,
                20.667791
              ],
              [
                105.676309,
                20.667768
              ],
              [
                105.676307,
                20.667741
              ],
              [
                105.676305,
                20.667708
              ],
              [
                105.676311,
                20.667595
              ],
              [
                105.676311,
                20.667588
              ],
              [
                105.676324,
                20.66758
              ],
              [
                105.676349,
                20.667572
              ],
              [
                105.676372,
                20.667572
              ],
              [
                105.676404,
                20.667572
              ],
              [
                105.677025,
                20.667572
              ],
              [
                105.67706,
                20.667562
              ],
              [
                105.677128,
                20.667286
              ],
              [
                105.677303,
                20.666576
              ],
              [
                105.677417,
                20.666115
              ],
              [
                105.677467,
                20.665897
              ],
              [
                105.677477,
                20.665818
              ],
              [
                105.677476,
                20.665761
              ],
              [
                105.677435,
                20.665629
              ],
              [
                105.677379,
                20.665582
              ],
              [
                105.677303,
                20.665551
              ],
              [
                105.677002,
                20.665458
              ],
              [
                105.676959,
                20.665447
              ],
              [
                105.676814,
                20.665409
              ],
              [
                105.676902,
                20.66484
              ],
              [
                105.676913,
                20.664767
              ],
              [
                105.676546,
                20.664475
              ],
              [
                105.676256,
                20.664354
              ],
              [
                105.676285,
                20.664186
              ],
              [
                105.676293,
                20.664139
              ],
              [
                105.6763,
                20.664067
              ],
              [
                105.675911,
                20.663944
              ],
              [
                105.675411,
                20.663786
              ],
              [
                105.675409,
                20.663785
              ],
              [
                105.675239,
                20.663767
              ],
              [
                105.675168,
                20.663834
              ],
              [
                105.675151,
                20.663862
              ],
              [
                105.674734,
                20.664534
              ],
              [
                105.674451,
                20.664956
              ],
              [
                105.674414,
                20.664956
              ],
              [
                105.674402,
                20.66496
              ],
              [
                105.674344,
                20.664956
              ],
              [
                105.674314,
                20.664955
              ],
              [
                105.674174,
                20.664918
              ],
              [
                105.674168,
                20.664917
              ],
              [
                105.673963,
                20.664864
              ],
              [
                105.673862,
                20.664837
              ],
              [
                105.673855,
                20.664836
              ],
              [
                105.673841,
                20.664832
              ],
              [
                105.673782,
                20.664826
              ],
              [
                105.673741,
                20.664832
              ],
              [
                105.673703,
                20.664854
              ],
              [
                105.673702,
                20.664854
              ],
              [
                105.673632,
                20.66496
              ],
              [
                105.673584,
                20.665055
              ],
              [
                105.673568,
                20.665086
              ],
              [
                105.67349,
                20.66524
              ],
              [
                105.673421,
                20.665377
              ],
              [
                105.673418,
                20.665384
              ],
              [
                105.673357,
                20.665538
              ],
              [
                105.673141,
                20.666079
              ],
              [
                105.672989,
                20.666419
              ],
              [
                105.672848,
                20.666734
              ],
              [
                105.672791,
                20.666818
              ],
              [
                105.672762,
                20.666847
              ],
              [
                105.672735,
                20.666874
              ],
              [
                105.672734,
                20.666874
              ],
              [
                105.672715,
                20.666894
              ],
              [
                105.672692,
                20.666918
              ],
              [
                105.672677,
                20.666938
              ],
              [
                105.672666,
                20.666953
              ],
              [
                105.672657,
                20.666966
              ],
              [
                105.672569,
                20.667131
              ],
              [
                105.672518,
                20.667243
              ],
              [
                105.67248,
                20.667327
              ],
              [
                105.672223,
                20.667892
              ],
              [
                105.672202,
                20.667983
              ],
              [
                105.672217,
                20.668039
              ],
              [
                105.672272,
                20.668136
              ],
              [
                105.672277,
                20.668145
              ],
              [
                105.672298,
                20.668181
              ],
              [
                105.672332,
                20.668239
              ],
              [
                105.672379,
                20.668318
              ],
              [
                105.672393,
                20.668341
              ],
              [
                105.67247,
                20.668472
              ],
              [
                105.672499,
                20.66852
              ],
              [
                105.672508,
                20.668536
              ],
              [
                105.672606,
                20.668699
              ],
              [
                105.672636,
                20.668749
              ],
              [
                105.672672,
                20.668809
              ],
              [
                105.672708,
                20.668871
              ],
              [
                105.672732,
                20.668913
              ],
              [
                105.672817,
                20.669059
              ],
              [
                105.67282,
                20.669063
              ],
              [
                105.672828,
                20.669076
              ],
              [
                105.672936,
                20.66925
              ],
              [
                105.672958,
                20.669285
              ],
              [
                105.673029,
                20.669399
              ],
              [
                105.67303,
                20.669402
              ],
              [
                105.673053,
                20.669442
              ],
              [
                105.673113,
                20.669544
              ],
              [
                105.673149,
                20.669608
              ],
              [
                105.673153,
                20.669614
              ],
              [
                105.673158,
                20.669622
              ],
              [
                105.673179,
                20.669659
              ],
              [
                105.67319,
                20.669678
              ],
              [
                105.67323,
                20.669747
              ],
              [
                105.673237,
                20.669758
              ],
              [
                105.673264,
                20.669803
              ],
              [
                105.673314,
                20.669886
              ],
              [
                105.673345,
                20.669938
              ],
              [
                105.673349,
                20.669944
              ],
              [
                105.673376,
                20.669989
              ],
              [
                105.673417,
                20.670056
              ],
              [
                105.673445,
                20.670103
              ],
              [
                105.673455,
                20.670119
              ],
              [
                105.673472,
                20.670147
              ],
              [
                105.673474,
                20.670151
              ],
              [
                105.673475,
                20.670151
              ],
              [
                105.673473,
                20.670152
              ],
              [
                105.6734,
                20.670188
              ],
              [
                105.6734,
                20.670189
              ],
              [
                105.673222,
                20.670311
              ],
              [
                105.673297,
                20.670412
              ],
              [
                105.672546,
                20.671087
              ],
              [
                105.671949,
                20.671622
              ],
              [
                105.672104,
                20.671912
              ],
              [
                105.672134,
                20.672084
              ],
              [
                105.671846,
                20.672208
              ],
              [
                105.671487,
                20.672946
              ],
              [
                105.671317,
                20.67308
              ],
              [
                105.67131,
                20.673232
              ],
              [
                105.671228,
                20.674273
              ],
              [
                105.671109,
                20.674549
              ],
              [
                105.670716,
                20.674831
              ],
              [
                105.670273,
                20.674982
              ],
              [
                105.670038,
                20.675061
              ],
              [
                105.669905,
                20.675199
              ],
              [
                105.669847,
                20.675446
              ],
              [
                105.669799,
                20.675813
              ],
              [
                105.669817,
                20.675815
              ],
              [
                105.670082,
                20.67584
              ],
              [
                105.670358,
                20.675867
              ],
              [
                105.670602,
                20.675906
              ],
              [
                105.670775,
                20.675962
              ],
              [
                105.670932,
                20.676045
              ],
              [
                105.6711,
                20.676137
              ],
              [
                105.671224,
                20.676215
              ],
              [
                105.671345,
                20.676327
              ],
              [
                105.671451,
                20.676292
              ],
              [
                105.671731,
                20.676421
              ],
              [
                105.671884,
                20.676403
              ],
              [
                105.671951,
                20.67655
              ],
              [
                105.672251,
                20.676518
              ],
              [
                105.672363,
                20.676445
              ],
              [
                105.672432,
                20.676401
              ],
              [
                105.672515,
                20.676376
              ],
              [
                105.672849,
                20.676343
              ],
              [
                105.673008,
                20.676301
              ],
              [
                105.673472,
                20.67619
              ],
              [
                105.673457,
                20.675986
              ],
              [
                105.673397,
                20.675544
              ],
              [
                105.673325,
                20.6749
              ],
              [
                105.673331,
                20.67479
              ],
              [
                105.673796,
                20.6747
              ],
              [
                105.674644,
                20.674494
              ],
              [
                105.674933,
                20.674428
              ],
              [
                105.674196,
                20.67183
              ],
              [
                105.674185,
                20.6718
              ],
              [
                105.674177,
                20.671777
              ],
              [
                105.674163,
                20.671738
              ],
              [
                105.674771,
                20.671679
              ],
              [
                105.676335,
                20.671558
              ],
              [
                105.676515,
                20.671605
              ],
              [
                105.676638,
                20.671647
              ],
              [
                105.676695,
                20.671639
              ],
              [
                105.676724,
                20.671636
              ],
              [
                105.677016,
                20.671597
              ],
              [
                105.677454,
                20.671227
              ],
              [
                105.677919,
                20.670984
              ],
              [
                105.678864,
                20.669869
              ],
              [
                105.67948,
                20.668985
              ],
              [
                105.679828,
                20.66848
              ],
              [
                105.680003,
                20.668227
              ],
              [
                105.680237,
                20.667887
              ],
              [
                105.680508,
                20.667827
              ],
              [
                105.680763,
                20.667828
              ],
              [
                105.681004,
                20.66793
              ],
              [
                105.681313,
                20.667915
              ],
              [
                105.681572,
                20.667731
              ],
              [
                105.681796,
                20.66769
              ],
              [
                105.682363,
                20.667706
              ],
              [
                105.682642,
                20.667827
              ],
              [
                105.682904,
                20.667967
              ],
              [
                105.683088,
                20.668044
              ],
              [
                105.683464,
                20.668168
              ],
              [
                105.683677,
                20.668329
              ],
              [
                105.683887,
                20.66839
              ],
              [
                105.683929,
                20.66837
              ],
              [
                105.683992,
                20.668333
              ],
              [
                105.685346,
                20.667918
              ],
              [
                105.68626,
                20.667612
              ],
              [
                105.687823,
                20.667154
              ],
              [
                105.688814,
                20.666855
              ],
              [
                105.689379,
                20.666661
              ],
              [
                105.689429,
                20.666646
              ],
              [
                105.689553,
                20.666609
              ],
              [
                105.68989,
                20.666538
              ],
              [
                105.69004,
                20.666529
              ],
              [
                105.690388,
                20.666555
              ],
              [
                105.690728,
                20.666568
              ],
              [
                105.690825,
                20.666787
              ],
              [
                105.69121,
                20.667701
              ],
              [
                105.69162,
                20.6687
              ],
              [
                105.692159,
                20.669954
              ],
              [
                105.692178,
                20.670001
              ],
              [
                105.692424,
                20.670614
              ],
              [
                105.693113,
                20.672271
              ],
              [
                105.693302,
                20.67274
              ],
              [
                105.693312,
                20.672738
              ],
              [
                105.693547,
                20.672709
              ],
              [
                105.694022,
                20.672651
              ],
              [
                105.694228,
                20.672626
              ],
              [
                105.694436,
                20.6726
              ],
              [
                105.694655,
                20.672573
              ],
              [
                105.695056,
                20.672517
              ],
              [
                105.695111,
                20.67251
              ],
              [
                105.695676,
                20.672431
              ],
              [
                105.696087,
                20.672374
              ],
              [
                105.696113,
                20.67237
              ],
              [
                105.696416,
                20.672311
              ],
              [
                105.696509,
                20.672293
              ],
              [
                105.696583,
                20.672279
              ],
              [
                105.696732,
                20.67225
              ],
              [
                105.696827,
                20.672231
              ],
              [
                105.696846,
                20.672228
              ],
              [
                105.696857,
                20.672225
              ],
              [
                105.696933,
                20.672207
              ],
              [
                105.697056,
                20.672179
              ],
              [
                105.697113,
                20.672165
              ],
              [
                105.697138,
                20.672159
              ],
              [
                105.697171,
                20.672152
              ],
              [
                105.697203,
                20.672151
              ],
              [
                105.69672,
                20.672258
              ],
              [
                105.697209,
                20.672151
              ],
              [
                105.697217,
                20.672148
              ],
              [
                105.697248,
                20.672135
              ],
              [
                105.697356,
                20.672091
              ],
              [
                105.697556,
                20.672009
              ],
              [
                105.697643,
                20.671973
              ],
              [
                105.697703,
                20.671948
              ],
              [
                105.697817,
                20.671902
              ],
              [
                105.697913,
                20.671863
              ],
              [
                105.698086,
                20.671792
              ],
              [
                105.698107,
                20.671783
              ],
              [
                105.698142,
                20.671767
              ],
              [
                105.698233,
                20.671727
              ],
              [
                105.698395,
                20.671654
              ],
              [
                105.698436,
                20.671662
              ],
              [
                105.698556,
                20.671693
              ],
              [
                105.698767,
                20.671714
              ],
              [
                105.699613,
                20.671684
              ],
              [
                105.69968,
                20.671683
              ],
              [
                105.699725,
                20.671682
              ],
              [
                105.699962,
                20.671678
              ],
              [
                105.699955,
                20.671748
              ],
              [
                105.699948,
                20.671825
              ],
              [
                105.699935,
                20.671905
              ],
              [
                105.699927,
                20.671969
              ],
              [
                105.699922,
                20.67202
              ],
              [
                105.699911,
                20.672083
              ],
              [
                105.699892,
                20.67216
              ],
              [
                105.699878,
                20.67222
              ],
              [
                105.699868,
                20.672263
              ],
              [
                105.699851,
                20.672322
              ],
              [
                105.699823,
                20.672409
              ],
              [
                105.699792,
                20.672497
              ],
              [
                105.699761,
                20.672572
              ],
              [
                105.69973,
                20.672644
              ],
              [
                105.699582,
                20.673032
              ],
              [
                105.69934,
                20.673513
              ],
              [
                105.699202,
                20.673873
              ],
              [
                105.699189,
                20.673935
              ],
              [
                105.699175,
                20.674005
              ],
              [
                105.699166,
                20.67405
              ],
              [
                105.699161,
                20.674083
              ],
              [
                105.699157,
                20.674126
              ],
              [
                105.699153,
                20.674181
              ],
              [
                105.699151,
                20.674235
              ],
              [
                105.699149,
                20.674294
              ],
              [
                105.699148,
                20.674357
              ],
              [
                105.699148,
                20.674408
              ],
              [
                105.699149,
                20.674446
              ],
              [
                105.699149,
                20.67446
              ],
              [
                105.699265,
                20.674484
              ],
              [
                105.69954,
                20.674539
              ],
              [
                105.699714,
                20.674441
              ],
              [
                105.699744,
                20.674422
              ],
              [
                105.699754,
                20.674416
              ],
              [
                105.699788,
                20.674394
              ],
              [
                105.699795,
                20.67439
              ],
              [
                105.699805,
                20.674384
              ],
              [
                105.699815,
                20.674377
              ],
              [
                105.699852,
                20.674354
              ],
              [
                105.699867,
                20.674344
              ],
              [
                105.69987,
                20.674343
              ],
              [
                105.699881,
                20.674335
              ],
              [
                105.699916,
                20.674313
              ],
              [
                105.699931,
                20.674303
              ],
              [
                105.699967,
                20.67428
              ],
              [
                105.69997,
                20.674278
              ],
              [
                105.699981,
                20.674271
              ],
              [
                105.700029,
                20.67424
              ],
              [
                105.700037,
                20.674235
              ],
              [
                105.700057,
                20.674222
              ],
              [
                105.700063,
                20.674218
              ],
              [
                105.700083,
                20.674205
              ],
              [
                105.700055,
                20.674145
              ],
              [
                105.700046,
                20.674104
              ],
              [
                105.700037,
                20.674065
              ],
              [
                105.700032,
                20.674041
              ],
              [
                105.700036,
                20.674041
              ],
              [
                105.700041,
                20.674041
              ],
              [
                105.700089,
                20.674047
              ],
              [
                105.700172,
                20.674063
              ],
              [
                105.700398,
                20.674114
              ],
              [
                105.70052,
                20.674138
              ],
              [
                105.700536,
                20.674141
              ],
              [
                105.700551,
                20.674144
              ],
              [
                105.7006,
                20.674151
              ],
              [
                105.700711,
                20.674168
              ],
              [
                105.700918,
                20.674198
              ],
              [
                105.701009,
                20.674211
              ],
              [
                105.701075,
                20.67422
              ],
              [
                105.701102,
                20.674223
              ],
              [
                105.701538,
                20.6743
              ],
              [
                105.701543,
                20.674302
              ],
              [
                105.701609,
                20.67431
              ],
              [
                105.701616,
                20.67431
              ],
              [
                105.701742,
                20.674347
              ],
              [
                105.70197,
                20.674388
              ],
              [
                105.702367,
                20.674441
              ],
              [
                105.702947,
                20.674509
              ],
              [
                105.702878,
                20.674826
              ],
              [
                105.702842,
                20.675113
              ],
              [
                105.702785,
                20.675568
              ],
              [
                105.702609,
                20.676589
              ],
              [
                105.702513,
                20.677149
              ],
              [
                105.702461,
                20.677451
              ],
              [
                105.702346,
                20.678314
              ],
              [
                105.702298,
                20.678643
              ],
              [
                105.702298,
                20.678643
              ],
              [
                105.702298,
                20.678643
              ],
              [
                105.702298,
                20.678643
              ],
              [
                105.702298,
                20.678643
              ],
              [
                105.702298,
                20.678643
              ],
              [
                105.702298,
                20.678643
              ],
              [
                105.702046,
                20.680362
              ],
              [
                105.702023,
                20.680653
              ],
              [
                105.702336,
                20.680783
              ],
              [
                105.70291,
                20.681004
              ],
              [
                105.703396,
                20.681224
              ],
              [
                105.704484,
                20.681744
              ],
              [
                105.705552,
                20.682218
              ],
              [
                105.706365,
                20.682569
              ],
              [
                105.706939,
                20.682838
              ],
              [
                105.707116,
                20.682914
              ],
              [
                105.707584,
                20.683114
              ],
              [
                105.707658,
                20.683146
              ],
              [
                105.707862,
                20.683243
              ],
              [
                105.708301,
                20.683451
              ],
              [
                105.708381,
                20.683475
              ],
              [
                105.708453,
                20.683483
              ],
              [
                105.708637,
                20.683464
              ],
              [
                105.70896,
                20.683592
              ],
              [
                105.70993,
                20.68397
              ],
              [
                105.70998,
                20.683992
              ],
              [
                105.709989,
                20.683972
              ],
              [
                105.710744,
                20.682632
              ],
              [
                105.711174,
                20.682828
              ],
              [
                105.711215,
                20.682847
              ],
              [
                105.711272,
                20.682756
              ],
              [
                105.711322,
                20.682677
              ],
              [
                105.711376,
                20.682592
              ],
              [
                105.711423,
                20.682519
              ],
              [
                105.711471,
                20.682443
              ],
              [
                105.711526,
                20.682355
              ],
              [
                105.711592,
                20.682252
              ],
              [
                105.71164,
                20.682175
              ],
              [
                105.712033,
                20.682389
              ],
              [
                105.712404,
                20.682598
              ],
              [
                105.713229,
                20.683062
              ],
              [
                105.713354,
                20.683133
              ],
              [
                105.714459,
                20.68375
              ],
              [
                105.715659,
                20.684426
              ],
              [
                105.717411,
                20.685441
              ],
              [
                105.718585,
                20.683911
              ],
              [
                105.719498,
                20.682709
              ],
              [
                105.721329,
                20.683558
              ],
              [
                105.72002,
                20.685176
              ],
              [
                105.719385,
                20.685986
              ],
              [
                105.718973,
                20.686514
              ],
              [
                105.718578,
                20.687051
              ],
              [
                105.718552,
                20.687085
              ],
              [
                105.718522,
                20.687204
              ],
              [
                105.719141,
                20.687169
              ],
              [
                105.720298,
                20.687105
              ],
              [
                105.720276,
                20.687282
              ],
              [
                105.719243,
                20.688574
              ],
              [
                105.718082,
                20.690028
              ],
              [
                105.716844,
                20.691557
              ],
              [
                105.715981,
                20.692664
              ],
              [
                105.715973,
                20.692716
              ],
              [
                105.716002,
                20.69279
              ],
              [
                105.716479,
                20.69345
              ],
              [
                105.717778,
                20.695307
              ],
              [
                105.718566,
                20.696404
              ],
              [
                105.718706,
                20.696556
              ],
              [
                105.718798,
                20.696657
              ],
              [
                105.719056,
                20.69701
              ],
              [
                105.720294,
                20.698695
              ],
              [
                105.720339,
                20.698881
              ],
              [
                105.720657,
                20.698647
              ],
              [
                105.721641,
                20.697948
              ],
              [
                105.723341,
                20.696808
              ],
              [
                105.724384,
                20.696102
              ],
              [
                105.724413,
                20.696136
              ],
              [
                105.724451,
                20.69618
              ],
              [
                105.725097,
                20.696931
              ],
              [
                105.725359,
                20.697236
              ],
              [
                105.72555,
                20.697458
              ],
              [
                105.72601,
                20.697988
              ],
              [
                105.7262,
                20.698208
              ],
              [
                105.726553,
                20.698615
              ],
              [
                105.727106,
                20.699258
              ],
              [
                105.727292,
                20.699474
              ],
              [
                105.727665,
                20.699908
              ],
              [
                105.727997,
                20.700277
              ],
              [
                105.728009,
                20.70029
              ],
              [
                105.728329,
                20.700646
              ],
              [
                105.728336,
                20.700653
              ],
              [
                105.729034,
                20.701352
              ],
              [
                105.729051,
                20.701368
              ],
              [
                105.729262,
                20.70158
              ],
              [
                105.729436,
                20.701754
              ],
              [
                105.73035,
                20.702667
              ],
              [
                105.730405,
                20.702721
              ],
              [
                105.730475,
                20.702792
              ],
              [
                105.731376,
                20.703695
              ],
              [
                105.731479,
                20.703798
              ],
              [
                105.731652,
                20.703973
              ],
              [
                105.731696,
                20.704018
              ],
              [
                105.73253,
                20.70486
              ],
              [
                105.732571,
                20.704887
              ],
              [
                105.732591,
                20.704887
              ],
              [
                105.732642,
                20.704862
              ],
              [
                105.732711,
                20.70479
              ],
              [
                105.73286,
                20.704635
              ],
              [
                105.733202,
                20.704277
              ],
              [
                105.733526,
                20.70394
              ],
              [
                105.733568,
                20.703917
              ],
              [
                105.733601,
                20.703917
              ],
              [
                105.733644,
                20.703941
              ],
              [
                105.733879,
                20.704186
              ],
              [
                105.734285,
                20.704606
              ],
              [
                105.734785,
                20.705106
              ],
              [
                105.735012,
                20.705333
              ],
              [
                105.735015,
                20.705336
              ],
              [
                105.735278,
                20.705598
              ],
              [
                105.736247,
                20.706578
              ],
              [
                105.736541,
                20.706875
              ],
              [
                105.736655,
                20.706955
              ],
              [
                105.736785,
                20.706757
              ],
              [
                105.738129,
                20.707473
              ],
              [
                105.738674,
                20.707754
              ],
              [
                105.739477,
                20.708168
              ],
              [
                105.741352,
                20.709168
              ],
              [
                105.74141,
                20.709102
              ],
              [
                105.741428,
                20.709115
              ],
              [
                105.742808,
                20.71007
              ],
              [
                105.743645,
                20.710691
              ],
              [
                105.74442,
                20.711264
              ],
              [
                105.744888,
                20.711516
              ],
              [
                105.744981,
                20.711566
              ],
              [
                105.74497,
                20.711588
              ],
              [
                105.745003,
                20.711611
              ],
              [
                105.745251,
                20.711787
              ],
              [
                105.745468,
                20.71194
              ],
              [
                105.745497,
                20.711877
              ],
              [
                105.745539,
                20.711826
              ],
              [
                105.745539,
                20.711826
              ]
            ]
          ]
        ]
      },
      "properties": {
        "code": "10441",
        "name": "Mỹ Đức",
        "nameEn": "My Duc",
        "fullName": "Xã Mỹ Đức",
        "fullNameEn": "My Duc Commune",
        "codeName": "my_duc",
        "postalCode": "13728",
        "postalCodePrefix": "",
        "gisServerId": "diaphanhanhchinhcapxa_2025.3210",
        "areaKm2": 52.73
      }
    }
  ]
}