{
  "type": "FeatureCollection",
  "bbox": [
    105.660757,
    20.666529,
    105.771045,
    20.765306
  ],
  "features": [
    {
      "type": "Feature",
      "id": "10465",
      "bbox": [
        105.660757,
        20.666529,
        105.771045,
        20.765306
      ],
      "geometry": {
        "type": "MultiPolygon",
        "coordinates": [
          [
            [
              [
                105.70092,
                20.762692
              ],
              [
                105.701332,
                20.762659
              ],
              [
                105.701367,
                20.763035
              ],
              [
                105.701745,
                20.762951
              ],
              [
                105.702046,
                20.762939
              ],
              [
                105.702058,
                20.762655
              ],
              [
                105.702028,
                20.762329
              ],
              [
                105.702023,
                20.762104
              ],
              [
                105.701991,
                20.761931
              ],
              [
                105.702418,
                20.761967
              ],
              [
                105.702529,
                20.761642
              ],
              [
                105.702756,
                20.761616
              ],
              [
                105.702958,
                20.761592
              ],
              [
                105.702964,
                20.761892
              ],
              [
                105.702973,
                20.762289
              ],
              [
                105.702876,
                20.76233
              ],
              [
                105.70281,
                20.762357
              ],
              [
                105.702875,
                20.762629
              ],
              [
                105.70297,
                20.763024
              ],
              [
                105.702985,
                20.763086
              ],
              [
                105.703037,
                20.763304
              ],
              [
                105.703089,
                20.763522
              ],
              [
                105.703096,
                20.76355
              ],
              [
                105.703114,
                20.76355
              ],
              [
                105.703432,
                20.763519
              ],
              [
                105.703553,
                20.763594
              ],
              [
                105.703999,
                20.762953
              ],
              [
                105.704778,
                20.761789
              ],
              [
                105.70532,
                20.760983
              ],
              [
                105.705856,
                20.760163
              ],
              [
                105.705912,
                20.760196
              ],
              [
                105.705961,
                20.760223
              ],
              [
                105.706745,
                20.7607
              ],
              [
                105.706828,
                20.760749
              ],
              [
                105.707894,
                20.76138
              ],
              [
                105.708021,
                20.761457
              ],
              [
                105.708136,
                20.761527
              ],
              [
                105.708863,
                20.761968
              ],
              [
                105.7091,
                20.762161
              ],
              [
                105.709188,
                20.762232
              ],
              [
                105.709633,
                20.762593
              ],
              [
                105.70981,
                20.762737
              ],
              [
                105.709904,
                20.762812
              ],
              [
                105.710183,
                20.763036
              ],
              [
                105.71049,
                20.763282
              ],
              [
                105.710532,
                20.763316
              ],
              [
                105.710923,
                20.763661
              ],
              [
                105.711048,
                20.763771
              ],
              [
                105.712024,
                20.762984
              ],
              [
                105.712753,
                20.762247
              ],
              [
                105.713161,
                20.761849
              ],
              [
                105.713228,
                20.761849
              ],
              [
                105.713295,
                20.761806
              ],
              [
                105.713648,
                20.76146
              ],
              [
                105.71371,
                20.761417
              ],
              [
                105.713748,
                20.76141
              ],
              [
                105.714278,
                20.760847
              ],
              [
                105.715284,
                20.761804
              ],
              [
                105.715809,
                20.762247
              ],
              [
                105.716219,
                20.762355
              ],
              [
                105.716367,
                20.762301
              ],
              [
                105.716503,
                20.7622
              ],
              [
                105.716923,
                20.762662
              ],
              [
                105.716935,
                20.76268
              ],
              [
                105.717167,
                20.763041
              ],
              [
                105.717362,
                20.762937
              ],
              [
                105.717774,
                20.762671
              ],
              [
                105.718877,
                20.76198
              ],
              [
                105.71865,
                20.761716
              ],
              [
                105.718136,
                20.761323
              ],
              [
                105.717151,
                20.760213
              ],
              [
                105.7168,
                20.759776
              ],
              [
                105.716174,
                20.759025
              ],
              [
                105.71581,
                20.758576
              ],
              [
                105.715461,
                20.758129
              ],
              [
                105.714911,
                20.757475
              ],
              [
                105.714246,
                20.756875
              ],
              [
                105.713012,
                20.755833
              ],
              [
                105.711887,
                20.754978
              ],
              [
                105.710783,
                20.754123
              ],
              [
                105.709867,
                20.753545
              ],
              [
                105.7092,
                20.753191
              ],
              [
                105.708139,
                20.752724
              ],
              [
                105.707101,
                20.752297
              ],
              [
                105.706369,
                20.75193
              ],
              [
                105.705594,
                20.751714
              ],
              [
                105.704953,
                20.75156
              ],
              [
                105.704381,
                20.751525
              ],
              [
                105.703686,
                20.751563
              ],
              [
                105.701486,
                20.751623
              ],
              [
                105.699489,
                20.751616
              ],
              [
                105.698515,
                20.751549
              ],
              [
                105.697846,
                20.751276
              ],
              [
                105.69737,
                20.750816
              ],
              [
                105.697239,
                20.750444
              ],
              [
                105.696959,
                20.749015
              ],
              [
                105.696638,
                20.747699
              ],
              [
                105.696475,
                20.74641
              ],
              [
                105.696437,
                20.745766
              ],
              [
                105.696556,
                20.744972
              ],
              [
                105.696867,
                20.744028
              ],
              [
                105.697004,
                20.743284
              ],
              [
                105.697212,
                20.742655
              ],
              [
                105.697402,
                20.742208
              ],
              [
                105.697699,
                20.741893
              ],
              [
                105.698102,
                20.74171
              ],
              [
                105.698365,
                20.741742
              ],
              [
                105.698822,
                20.741889
              ],
              [
                105.699824,
                20.742397
              ],
              [
                105.699917,
                20.742444
              ],
              [
                105.699986,
                20.742479
              ],
              [
                105.700996,
                20.742756
              ],
              [
                105.701874,
                20.74295
              ],
              [
                105.702699,
                20.743079
              ],
              [
                105.70426,
                20.743089
              ],
              [
                105.706434,
                20.742882
              ],
              [
                105.708419,
                20.74256
              ],
              [
                105.71103,
                20.742095
              ],
              [
                105.71237,
                20.741742
              ],
              [
                105.71396,
                20.741355
              ],
              [
                105.715694,
                20.740902
              ],
              [
                105.717762,
                20.74048
              ],
              [
                105.719388,
                20.7403
              ],
              [
                105.720964,
                20.739921
              ],
              [
                105.722839,
                20.739434
              ],
              [
                105.724318,
                20.738899
              ],
              [
                105.725303,
                20.73863
              ],
              [
                105.725978,
                20.738528
              ],
              [
                105.726592,
                20.738484
              ],
              [
                105.727433,
                20.738332
              ],
              [
                105.727638,
                20.738278
              ],
              [
                105.728134,
                20.738147
              ],
              [
                105.728162,
                20.738133
              ],
              [
                105.729114,
                20.737656
              ],
              [
                105.730399,
                20.736816
              ],
              [
                105.731522,
                20.736092
              ],
              [
                105.731845,
                20.735818
              ],
              [
                105.732036,
                20.735503
              ],
              [
                105.732105,
                20.735073
              ],
              [
                105.732231,
                20.734097
              ],
              [
                105.732542,
                20.732947
              ],
              [
                105.733096,
                20.731524
              ],
              [
                105.733336,
                20.730399
              ],
              [
                105.733447,
                20.729671
              ],
              [
                105.733408,
                20.728944
              ],
              [
                105.733068,
                20.727524
              ],
              [
                105.732819,
                20.726814
              ],
              [
                105.732487,
                20.726163
              ],
              [
                105.732143,
                20.725826
              ],
              [
                105.731545,
                20.725283
              ],
              [
                105.730962,
                20.724591
              ],
              [
                105.730871,
                20.724415
              ],
              [
                105.730701,
                20.724088
              ],
              [
                105.730523,
                20.723519
              ],
              [
                105.73046,
                20.723089
              ],
              [
                105.730537,
                20.722816
              ],
              [
                105.730738,
                20.722559
              ],
              [
                105.731087,
                20.722293
              ],
              [
                105.731814,
                20.722017
              ],
              [
                105.732847,
                20.721798
              ],
              [
                105.733549,
                20.721812
              ],
              [
                105.734689,
                20.721923
              ],
              [
                105.7357,
                20.722315
              ],
              [
                105.736834,
                20.722963
              ],
              [
                105.737539,
                20.723654
              ],
              [
                105.738182,
                20.724263
              ],
              [
                105.739211,
                20.724953
              ],
              [
                105.740752,
                20.726194
              ],
              [
                105.741833,
                20.726776
              ],
              [
                105.743959,
                20.727486
              ],
              [
                105.745771,
                20.727932
              ],
              [
                105.747606,
                20.728247
              ],
              [
                105.749201,
                20.728256
              ],
              [
                105.749529,
                20.728223
              ],
              [
                105.749808,
                20.72816
              ],
              [
                105.75022,
                20.728144
              ],
              [
                105.750336,
                20.728146
              ],
              [
                105.750389,
                20.728149
              ],
              [
                105.750426,
                20.728151
              ],
              [
                105.750469,
                20.728153
              ],
              [
                105.751636,
                20.728359
              ],
              [
                105.751879,
                20.728368
              ],
              [
                105.751879,
                20.728368
              ],
              [
                105.751881,
                20.728368
              ],
              [
                105.752349,
                20.728416
              ],
              [
                105.752634,
                20.728443
              ],
              [
                105.753822,
                20.728522
              ],
              [
                105.754747,
                20.728634
              ],
              [
                105.75545,
                20.728731
              ],
              [
                105.755793,
                20.72884
              ],
              [
                105.756421,
                20.729132
              ],
              [
                105.757183,
                20.729566
              ],
              [
                105.7584,
                20.730545
              ],
              [
                105.759361,
                20.731109
              ],
              [
                105.760159,
                20.731501
              ],
              [
                105.760697,
                20.731625
              ],
              [
                105.76105,
                20.731644
              ],
              [
                105.761501,
                20.731569
              ],
              [
                105.761724,
                20.731473
              ],
              [
                105.762076,
                20.731287
              ],
              [
                105.762698,
                20.730774
              ],
              [
                105.762855,
                20.730641
              ],
              [
                105.763279,
                20.730392
              ],
              [
                105.764198,
                20.729893
              ],
              [
                105.764785,
                20.729611
              ],
              [
                105.765698,
                20.729038
              ],
              [
                105.766016,
                20.728832
              ],
              [
                105.767074,
                20.728116
              ],
              [
                105.768344,
                20.727268
              ],
              [
                105.768729,
                20.726987
              ],
              [
                105.769222,
                20.726532
              ],
              [
                105.769468,
                20.726305
              ],
              [
                105.769864,
                20.725871
              ],
              [
                105.770407,
                20.7252
              ],
              [
                105.77087,
                20.724308
              ],
              [
                105.771036,
                20.723855
              ],
              [
                105.771045,
                20.723507
              ],
              [
                105.770996,
                20.723171
              ],
              [
                105.770877,
                20.722939
              ],
              [
                105.770764,
                20.722803
              ],
              [
                105.770517,
                20.722646
              ],
              [
                105.770191,
                20.722532
              ],
              [
                105.769595,
                20.72241
              ],
              [
                105.76946,
                20.722382
              ],
              [
                105.768669,
                20.722317
              ],
              [
                105.768137,
                20.722283
              ],
              [
                105.767543,
                20.722175
              ],
              [
                105.766962,
                20.721999
              ],
              [
                105.766283,
                20.721712
              ],
              [
                105.765286,
                20.721174
              ],
              [
                105.764466,
                20.720725
              ],
              [
                105.764064,
                20.720406
              ],
              [
                105.763647,
                20.720023
              ],
              [
                105.763165,
                20.719462
              ],
              [
                105.762643,
                20.718569
              ],
              [
                105.762277,
                20.717723
              ],
              [
                105.762152,
                20.717308
              ],
              [
                105.762057,
                20.716782
              ],
              [
                105.762038,
                20.71636
              ],
              [
                105.76207,
                20.715992
              ],
              [
                105.762124,
                20.715676
              ],
              [
                105.762192,
                20.715323
              ],
              [
                105.762369,
                20.714816
              ],
              [
                105.762599,
                20.71372
              ],
              [
                105.76275,
                20.712656
              ],
              [
                105.762957,
                20.711349
              ],
              [
                105.763111,
                20.710338
              ],
              [
                105.763135,
                20.709822
              ],
              [
                105.763159,
                20.709305
              ],
              [
                105.763219,
                20.708257
              ],
              [
                105.763155,
                20.707378
              ],
              [
                105.763064,
                20.707
              ],
              [
                105.762962,
                20.706537
              ],
              [
                105.762895,
                20.706232
              ],
              [
                105.762628,
                20.705501
              ],
              [
                105.762557,
                20.705307
              ],
              [
                105.762431,
                20.705006
              ],
              [
                105.762013,
                20.705239
              ],
              [
                105.76197,
                20.705268
              ],
              [
                105.761802,
                20.705319
              ],
              [
                105.761081,
                20.705597
              ],
              [
                105.761159,
                20.705725
              ],
              [
                105.761269,
                20.705916
              ],
              [
                105.761314,
                20.706014
              ],
              [
                105.761294,
                20.706027
              ],
              [
                105.760267,
                20.706493
              ],
              [
                105.759226,
                20.706868
              ],
              [
                105.758912,
                20.706511
              ],
              [
                105.758272,
                20.705828
              ],
              [
                105.758203,
                20.705787
              ],
              [
                105.758152,
                20.70579
              ],
              [
                105.758097,
                20.705826
              ],
              [
                105.75764,
                20.706288
              ],
              [
                105.757129,
                20.706783
              ],
              [
                105.756968,
                20.706848
              ],
              [
                105.756893,
                20.706842
              ],
              [
                105.756828,
                20.706826
              ],
              [
                105.756697,
                20.706701
              ],
              [
                105.755981,
                20.706067
              ],
              [
                105.755578,
                20.705673
              ],
              [
                105.754825,
                20.704965
              ],
              [
                105.754723,
                20.705057
              ],
              [
                105.754546,
                20.705217
              ],
              [
                105.754478,
                20.705145
              ],
              [
                105.754371,
                20.705031
              ],
              [
                105.753798,
                20.705446
              ],
              [
                105.753348,
                20.705772
              ],
              [
                105.752131,
                20.706734
              ],
              [
                105.751879,
                20.706933
              ],
              [
                105.751508,
                20.707254
              ],
              [
                105.751134,
                20.707533
              ],
              [
                105.750731,
                20.707853
              ],
              [
                105.750191,
                20.708297
              ],
              [
                105.749906,
                20.708528
              ],
              [
                105.748476,
                20.709746
              ],
              [
                105.747875,
                20.710304
              ],
              [
                105.746769,
                20.71136
              ],
              [
                105.74661,
                20.711315
              ],
              [
                105.746369,
                20.711098
              ],
              [
                105.746316,
                20.711134
              ],
              [
                105.74627,
                20.711185
              ],
              [
                105.745709,
                20.711783
              ],
              [
                105.745595,
                20.711705
              ],
              [
                105.745539,
                20.711826
              ],
              [
                105.745497,
                20.711877
              ],
              [
                105.745468,
                20.71194
              ],
              [
                105.745251,
                20.711787
              ],
              [
                105.745003,
                20.711611
              ],
              [
                105.74497,
                20.711588
              ],
              [
                105.744981,
                20.711566
              ],
              [
                105.744888,
                20.711516
              ],
              [
                105.74442,
                20.711264
              ],
              [
                105.743645,
                20.710691
              ],
              [
                105.742808,
                20.71007
              ],
              [
                105.741428,
                20.709115
              ],
              [
                105.74141,
                20.709102
              ],
              [
                105.741352,
                20.709168
              ],
              [
                105.739477,
                20.708168
              ],
              [
                105.738674,
                20.707754
              ],
              [
                105.738129,
                20.707473
              ],
              [
                105.736785,
                20.706757
              ],
              [
                105.736655,
                20.706955
              ],
              [
                105.736541,
                20.706875
              ],
              [
                105.736247,
                20.706578
              ],
              [
                105.735278,
                20.705598
              ],
              [
                105.735015,
                20.705336
              ],
              [
                105.735012,
                20.705333
              ],
              [
                105.734785,
                20.705106
              ],
              [
                105.734285,
                20.704606
              ],
              [
                105.733879,
                20.704186
              ],
              [
                105.733644,
                20.703941
              ],
              [
                105.733601,
                20.703917
              ],
              [
                105.733568,
                20.703917
              ],
              [
                105.733526,
                20.70394
              ],
              [
                105.733202,
                20.704277
              ],
              [
                105.73286,
                20.704635
              ],
              [
                105.732711,
                20.70479
              ],
              [
                105.732642,
                20.704862
              ],
              [
                105.732591,
                20.704887
              ],
              [
                105.732571,
                20.704887
              ],
              [
                105.73253,
                20.70486
              ],
              [
                105.731696,
                20.704018
              ],
              [
                105.731652,
                20.703973
              ],
              [
                105.731479,
                20.703798
              ],
              [
                105.731376,
                20.703695
              ],
              [
                105.730475,
                20.702792
              ],
              [
                105.730405,
                20.702721
              ],
              [
                105.73035,
                20.702667
              ],
              [
                105.729436,
                20.701754
              ],
              [
                105.729262,
                20.70158
              ],
              [
                105.729051,
                20.701368
              ],
              [
                105.729034,
                20.701352
              ],
              [
                105.728336,
                20.700653
              ],
              [
                105.728329,
                20.700646
              ],
              [
                105.728009,
                20.70029
              ],
              [
                105.727997,
                20.700277
              ],
              [
                105.727665,
                20.699908
              ],
              [
                105.727292,
                20.699474
              ],
              [
                105.727106,
                20.699258
              ],
              [
                105.726553,
                20.698615
              ],
              [
                105.7262,
                20.698208
              ],
              [
                105.72601,
                20.697988
              ],
              [
                105.72555,
                20.697458
              ],
              [
                105.725359,
                20.697236
              ],
              [
                105.725097,
                20.696931
              ],
              [
                105.724451,
                20.69618
              ],
              [
                105.724413,
                20.696136
              ],
              [
                105.724384,
                20.696102
              ],
              [
                105.723341,
                20.696808
              ],
              [
                105.721641,
                20.697948
              ],
              [
                105.720657,
                20.698647
              ],
              [
                105.720339,
                20.698881
              ],
              [
                105.720294,
                20.698695
              ],
              [
                105.719056,
                20.69701
              ],
              [
                105.718798,
                20.696657
              ],
              [
                105.718706,
                20.696556
              ],
              [
                105.718566,
                20.696404
              ],
              [
                105.717778,
                20.695307
              ],
              [
                105.716479,
                20.69345
              ],
              [
                105.716002,
                20.69279
              ],
              [
                105.715973,
                20.692716
              ],
              [
                105.715981,
                20.692664
              ],
              [
                105.716844,
                20.691557
              ],
              [
                105.718082,
                20.690028
              ],
              [
                105.719243,
                20.688574
              ],
              [
                105.720276,
                20.687282
              ],
              [
                105.720298,
                20.687105
              ],
              [
                105.719141,
                20.687169
              ],
              [
                105.718522,
                20.687204
              ],
              [
                105.718552,
                20.687085
              ],
              [
                105.718578,
                20.687051
              ],
              [
                105.718973,
                20.686514
              ],
              [
                105.719385,
                20.685986
              ],
              [
                105.72002,
                20.685176
              ],
              [
                105.721329,
                20.683558
              ],
              [
                105.719498,
                20.682709
              ],
              [
                105.718585,
                20.683911
              ],
              [
                105.717411,
                20.685441
              ],
              [
                105.715659,
                20.684426
              ],
              [
                105.714459,
                20.68375
              ],
              [
                105.713354,
                20.683133
              ],
              [
                105.713229,
                20.683062
              ],
              [
                105.712404,
                20.682598
              ],
              [
                105.712033,
                20.682389
              ],
              [
                105.71164,
                20.682175
              ],
              [
                105.711592,
                20.682252
              ],
              [
                105.711526,
                20.682355
              ],
              [
                105.711471,
                20.682443
              ],
              [
                105.711423,
                20.682519
              ],
              [
                105.711376,
                20.682592
              ],
              [
                105.711322,
                20.682677
              ],
              [
                105.711272,
                20.682756
              ],
              [
                105.711215,
                20.682847
              ],
              [
                105.711174,
                20.682828
              ],
              [
                105.710744,
                20.682632
              ],
              [
                105.709989,
                20.683972
              ],
              [
                105.70998,
                20.683992
              ],
              [
                105.70993,
                20.68397
              ],
              [
                105.70896,
                20.683592
              ],
              [
                105.708637,
                20.683464
              ],
              [
                105.708453,
                20.683483
              ],
              [
                105.708381,
                20.683475
              ],
              [
                105.708301,
                20.683451
              ],
              [
                105.707862,
                20.683243
              ],
              [
                105.707658,
                20.683146
              ],
              [
                105.707584,
                20.683114
              ],
              [
                105.707116,
                20.682914
              ],
              [
                105.706939,
                20.682838
              ],
              [
                105.706365,
                20.682569
              ],
              [
                105.705552,
                20.682218
              ],
              [
                105.704484,
                20.681744
              ],
              [
                105.703396,
                20.681224
              ],
              [
                105.70291,
                20.681004
              ],
              [
                105.702336,
                20.680783
              ],
              [
                105.702023,
                20.680653
              ],
              [
                105.702046,
                20.680362
              ],
              [
                105.702298,
                20.678643
              ],
              [
                105.702298,
                20.678643
              ],
              [
                105.702298,
                20.678643
              ],
              [
                105.702298,
                20.678643
              ],
              [
                105.702298,
                20.678643
              ],
              [
                105.702298,
                20.678643
              ],
              [
                105.702298,
                20.678643
              ],
              [
                105.702346,
                20.678314
              ],
              [
                105.702461,
                20.677451
              ],
              [
                105.702513,
                20.677149
              ],
              [
                105.702609,
                20.676589
              ],
              [
                105.702785,
                20.675568
              ],
              [
                105.702842,
                20.675113
              ],
              [
                105.702878,
                20.674826
              ],
              [
                105.702947,
                20.674509
              ],
              [
                105.702367,
                20.674441
              ],
              [
                105.70197,
                20.674388
              ],
              [
                105.701742,
                20.674347
              ],
              [
                105.701616,
                20.67431
              ],
              [
                105.701609,
                20.67431
              ],
              [
                105.701543,
                20.674302
              ],
              [
                105.701538,
                20.6743
              ],
              [
                105.701102,
                20.674223
              ],
              [
                105.701075,
                20.67422
              ],
              [
                105.701009,
                20.674211
              ],
              [
                105.700918,
                20.674198
              ],
              [
                105.700711,
                20.674168
              ],
              [
                105.7006,
                20.674151
              ],
              [
                105.700551,
                20.674144
              ],
              [
                105.700536,
                20.674141
              ],
              [
                105.70052,
                20.674138
              ],
              [
                105.700398,
                20.674114
              ],
              [
                105.700172,
                20.674063
              ],
              [
                105.700089,
                20.674047
              ],
              [
                105.700041,
                20.674041
              ],
              [
                105.700036,
                20.674041
              ],
              [
                105.700032,
                20.674041
              ],
              [
                105.700037,
                20.674065
              ],
              [
                105.700046,
                20.674104
              ],
              [
                105.700055,
                20.674145
              ],
              [
                105.700083,
                20.674205
              ],
              [
                105.700063,
                20.674218
              ],
              [
                105.700057,
                20.674222
              ],
              [
                105.700037,
                20.674235
              ],
              [
                105.700029,
                20.67424
              ],
              [
                105.699981,
                20.674271
              ],
              [
                105.69997,
                20.674278
              ],
              [
                105.699967,
                20.67428
              ],
              [
                105.699931,
                20.674303
              ],
              [
                105.699916,
                20.674313
              ],
              [
                105.699881,
                20.674335
              ],
              [
                105.69987,
                20.674343
              ],
              [
                105.699867,
                20.674344
              ],
              [
                105.699852,
                20.674354
              ],
              [
                105.699815,
                20.674377
              ],
              [
                105.699805,
                20.674384
              ],
              [
                105.699795,
                20.67439
              ],
              [
                105.699788,
                20.674394
              ],
              [
                105.699754,
                20.674416
              ],
              [
                105.699744,
                20.674422
              ],
              [
                105.699714,
                20.674441
              ],
              [
                105.69954,
                20.674539
              ],
              [
                105.699265,
                20.674484
              ],
              [
                105.699149,
                20.67446
              ],
              [
                105.699149,
                20.674446
              ],
              [
                105.699148,
                20.674408
              ],
              [
                105.699148,
                20.674357
              ],
              [
                105.699149,
                20.674294
              ],
              [
                105.699151,
                20.674235
              ],
              [
                105.699153,
                20.674181
              ],
              [
                105.699157,
                20.674126
              ],
              [
                105.699161,
                20.674083
              ],
              [
                105.699166,
                20.67405
              ],
              [
                105.699175,
                20.674005
              ],
              [
                105.699189,
                20.673935
              ],
              [
                105.699202,
                20.673873
              ],
              [
                105.69934,
                20.673513
              ],
              [
                105.699582,
                20.673032
              ],
              [
                105.69973,
                20.672644
              ],
              [
                105.699761,
                20.672572
              ],
              [
                105.699792,
                20.672497
              ],
              [
                105.699823,
                20.672409
              ],
              [
                105.699851,
                20.672322
              ],
              [
                105.699868,
                20.672263
              ],
              [
                105.699878,
                20.67222
              ],
              [
                105.699892,
                20.67216
              ],
              [
                105.699911,
                20.672083
              ],
              [
                105.699922,
                20.67202
              ],
              [
                105.699927,
                20.671969
              ],
              [
                105.699935,
                20.671905
              ],
              [
                105.699948,
                20.671825
              ],
              [
                105.699955,
                20.671748
              ],
              [
                105.699962,
                20.671678
              ],
              [
                105.699725,
                20.671682
              ],
              [
                105.69968,
                20.671683
              ],
              [
                105.699613,
                20.671684
              ],
              [
                105.698767,
                20.671714
              ],
              [
                105.698556,
                20.671693
              ],
              [
                105.698436,
                20.671662
              ],
              [
                105.698395,
                20.671654
              ],
              [
                105.698233,
                20.671727
              ],
              [
                105.698142,
                20.671767
              ],
              [
                105.698107,
                20.671783
              ],
              [
                105.698086,
                20.671792
              ],
              [
                105.697913,
                20.671863
              ],
              [
                105.697817,
                20.671902
              ],
              [
                105.697703,
                20.671948
              ],
              [
                105.697643,
                20.671973
              ],
              [
                105.697556,
                20.672009
              ],
              [
                105.697356,
                20.672091
              ],
              [
                105.697248,
                20.672135
              ],
              [
                105.697217,
                20.672148
              ],
              [
                105.697209,
                20.672151
              ],
              [
                105.69672,
                20.672258
              ],
              [
                105.697203,
                20.672151
              ],
              [
                105.697171,
                20.672152
              ],
              [
                105.697138,
                20.672159
              ],
              [
                105.697113,
                20.672165
              ],
              [
                105.697056,
                20.672179
              ],
              [
                105.696933,
                20.672207
              ],
              [
                105.696857,
                20.672225
              ],
              [
                105.696846,
                20.672228
              ],
              [
                105.696827,
                20.672231
              ],
              [
                105.696732,
                20.67225
              ],
              [
                105.696583,
                20.672279
              ],
              [
                105.696509,
                20.672293
              ],
              [
                105.696416,
                20.672311
              ],
              [
                105.696113,
                20.67237
              ],
              [
                105.696087,
                20.672374
              ],
              [
                105.695676,
                20.672431
              ],
              [
                105.695111,
                20.67251
              ],
              [
                105.695056,
                20.672517
              ],
              [
                105.694655,
                20.672573
              ],
              [
                105.694436,
                20.6726
              ],
              [
                105.694228,
                20.672626
              ],
              [
                105.694022,
                20.672651
              ],
              [
                105.693547,
                20.672709
              ],
              [
                105.693312,
                20.672738
              ],
              [
                105.693302,
                20.67274
              ],
              [
                105.693113,
                20.672271
              ],
              [
                105.692424,
                20.670614
              ],
              [
                105.692178,
                20.670001
              ],
              [
                105.692159,
                20.669954
              ],
              [
                105.69162,
                20.6687
              ],
              [
                105.69121,
                20.667701
              ],
              [
                105.690825,
                20.666787
              ],
              [
                105.690728,
                20.666568
              ],
              [
                105.690388,
                20.666555
              ],
              [
                105.69004,
                20.666529
              ],
              [
                105.68989,
                20.666538
              ],
              [
                105.689553,
                20.666609
              ],
              [
                105.689429,
                20.666646
              ],
              [
                105.689379,
                20.666661
              ],
              [
                105.688814,
                20.666855
              ],
              [
                105.687823,
                20.667154
              ],
              [
                105.68626,
                20.667612
              ],
              [
                105.685346,
                20.667918
              ],
              [
                105.683992,
                20.668333
              ],
              [
                105.683929,
                20.66837
              ],
              [
                105.683887,
                20.66839
              ],
              [
                105.683677,
                20.668329
              ],
              [
                105.683464,
                20.668168
              ],
              [
                105.683088,
                20.668044
              ],
              [
                105.682904,
                20.667967
              ],
              [
                105.682642,
                20.667827
              ],
              [
                105.682363,
                20.667706
              ],
              [
                105.681796,
                20.66769
              ],
              [
                105.681572,
                20.667731
              ],
              [
                105.681313,
                20.667915
              ],
              [
                105.681004,
                20.66793
              ],
              [
                105.680763,
                20.667828
              ],
              [
                105.680508,
                20.667827
              ],
              [
                105.680237,
                20.667887
              ],
              [
                105.680003,
                20.668227
              ],
              [
                105.679828,
                20.66848
              ],
              [
                105.67948,
                20.668985
              ],
              [
                105.678864,
                20.669869
              ],
              [
                105.677919,
                20.670984
              ],
              [
                105.677454,
                20.671227
              ],
              [
                105.677016,
                20.671597
              ],
              [
                105.676724,
                20.671636
              ],
              [
                105.676695,
                20.671639
              ],
              [
                105.676638,
                20.671647
              ],
              [
                105.676515,
                20.671605
              ],
              [
                105.676335,
                20.671558
              ],
              [
                105.674771,
                20.671679
              ],
              [
                105.674163,
                20.671738
              ],
              [
                105.674177,
                20.671777
              ],
              [
                105.674185,
                20.6718
              ],
              [
                105.674196,
                20.67183
              ],
              [
                105.674933,
                20.674428
              ],
              [
                105.674644,
                20.674494
              ],
              [
                105.673796,
                20.6747
              ],
              [
                105.673331,
                20.67479
              ],
              [
                105.673325,
                20.6749
              ],
              [
                105.673397,
                20.675544
              ],
              [
                105.673457,
                20.675986
              ],
              [
                105.673472,
                20.67619
              ],
              [
                105.673008,
                20.676301
              ],
              [
                105.672849,
                20.676343
              ],
              [
                105.672515,
                20.676376
              ],
              [
                105.672432,
                20.676401
              ],
              [
                105.672363,
                20.676445
              ],
              [
                105.672251,
                20.676518
              ],
              [
                105.671951,
                20.67655
              ],
              [
                105.671884,
                20.676403
              ],
              [
                105.671731,
                20.676421
              ],
              [
                105.671451,
                20.676292
              ],
              [
                105.671345,
                20.676327
              ],
              [
                105.671224,
                20.676215
              ],
              [
                105.6711,
                20.676137
              ],
              [
                105.670932,
                20.676045
              ],
              [
                105.670775,
                20.675962
              ],
              [
                105.670602,
                20.675906
              ],
              [
                105.670358,
                20.675867
              ],
              [
                105.670082,
                20.67584
              ],
              [
                105.669817,
                20.675815
              ],
              [
                105.669799,
                20.675813
              ],
              [
                105.6698,
                20.675834
              ],
              [
                105.669808,
                20.676051
              ],
              [
                105.669623,
                20.676049
              ],
              [
                105.669604,
                20.67606
              ],
              [
                105.669522,
                20.676109
              ],
              [
                105.669471,
                20.676151
              ],
              [
                105.669434,
                20.676259
              ],
              [
                105.669549,
                20.676563
              ],
              [
                105.66955,
                20.676748
              ],
              [
                105.669506,
                20.676898
              ],
              [
                105.669424,
                20.676967
              ],
              [
                105.669405,
                20.676982
              ],
              [
                105.669284,
                20.676988
              ],
              [
                105.669208,
                20.67706
              ],
              [
                105.669171,
                20.677114
              ],
              [
                105.669171,
                20.677276
              ],
              [
                105.669223,
                20.677473
              ],
              [
                105.669211,
                20.677551
              ],
              [
                105.669141,
                20.677605
              ],
              [
                105.6689,
                20.677755
              ],
              [
                105.668774,
                20.677887
              ],
              [
                105.668742,
                20.677989
              ],
              [
                105.668724,
                20.678048
              ],
              [
                105.668722,
                20.678073
              ],
              [
                105.668694,
                20.678479
              ],
              [
                105.668587,
                20.678706
              ],
              [
                105.668422,
                20.678749
              ],
              [
                105.668316,
                20.678839
              ],
              [
                105.668221,
                20.6791
              ],
              [
                105.668157,
                20.679278
              ],
              [
                105.668094,
                20.679449
              ],
              [
                105.668084,
                20.679472
              ],
              [
                105.668026,
                20.67965
              ],
              [
                105.667966,
                20.679857
              ],
              [
                105.667944,
                20.680032
              ],
              [
                105.667941,
                20.680056
              ],
              [
                105.667933,
                20.680098
              ],
              [
                105.667933,
                20.6801
              ],
              [
                105.668209,
                20.680126
              ],
              [
                105.668326,
                20.680123
              ],
              [
                105.668518,
                20.68011
              ],
              [
                105.668621,
                20.680103
              ],
              [
                105.66875,
                20.680095
              ],
              [
                105.668694,
                20.680258
              ],
              [
                105.668619,
                20.680479
              ],
              [
                105.668626,
                20.68048
              ],
              [
                105.669122,
                20.680583
              ],
              [
                105.669122,
                20.680584
              ],
              [
                105.669128,
                20.680585
              ],
              [
                105.669244,
                20.680848
              ],
              [
                105.669245,
                20.680851
              ],
              [
                105.669612,
                20.680791
              ],
              [
                105.669766,
                20.680766
              ],
              [
                105.671465,
                20.680247
              ],
              [
                105.671975,
                20.680091
              ],
              [
                105.672322,
                20.679985
              ],
              [
                105.672474,
                20.680225
              ],
              [
                105.672514,
                20.680289
              ],
              [
                105.672579,
                20.680388
              ],
              [
                105.672765,
                20.680673
              ],
              [
                105.672812,
                20.680745
              ],
              [
                105.673195,
                20.681329
              ],
              [
                105.67323,
                20.68134
              ],
              [
                105.673263,
                20.681324
              ],
              [
                105.673662,
                20.681129
              ],
              [
                105.673664,
                20.681128
              ],
              [
                105.673806,
                20.681011
              ],
              [
                105.673982,
                20.680862
              ],
              [
                105.673983,
                20.680862
              ],
              [
                105.674002,
                20.680843
              ],
              [
                105.674675,
                20.682048
              ],
              [
                105.67468,
                20.682047
              ],
              [
                105.674682,
                20.68205
              ],
              [
                105.674852,
                20.682017
              ],
              [
                105.676043,
                20.681805
              ],
              [
                105.676237,
                20.682211
              ],
              [
                105.676243,
                20.682211
              ],
              [
                105.676244,
                20.682213
              ],
              [
                105.677221,
                20.682235
              ],
              [
                105.677621,
                20.683653
              ],
              [
                105.677688,
                20.684023
              ],
              [
                105.677689,
                20.684048
              ],
              [
                105.678963,
                20.684066
              ],
              [
                105.67915,
                20.684066
              ],
              [
                105.679151,
                20.684071
              ],
              [
                105.679151,
                20.684072
              ],
              [
                105.679196,
                20.684277
              ],
              [
                105.679276,
                20.68465
              ],
              [
                105.679284,
                20.684685
              ],
              [
                105.679308,
                20.684798
              ],
              [
                105.679575,
                20.685877
              ],
              [
                105.679655,
                20.686202
              ],
              [
                105.679665,
                20.686242
              ],
              [
                105.679746,
                20.686611
              ],
              [
                105.679928,
                20.687439
              ],
              [
                105.679934,
                20.68748
              ],
              [
                105.67993,
                20.687597
              ],
              [
                105.679897,
                20.68777
              ],
              [
                105.679896,
                20.687773
              ],
              [
                105.679847,
                20.687908
              ],
              [
                105.679832,
                20.68791
              ],
              [
                105.679805,
                20.687917
              ],
              [
                105.679781,
                20.687927
              ],
              [
                105.679759,
                20.68794
              ],
              [
                105.679738,
                20.687955
              ],
              [
                105.679721,
                20.687971
              ],
              [
                105.679707,
                20.687992
              ],
              [
                105.679695,
                20.688018
              ],
              [
                105.679685,
                20.68805
              ],
              [
                105.679677,
                20.688084
              ],
              [
                105.679669,
                20.688116
              ],
              [
                105.679663,
                20.688143
              ],
              [
                105.679658,
                20.688168
              ],
              [
                105.679654,
                20.68819
              ],
              [
                105.679651,
                20.688212
              ],
              [
                105.679649,
                20.688234
              ],
              [
                105.679647,
                20.688254
              ],
              [
                105.679646,
                20.688273
              ],
              [
                105.679645,
                20.688293
              ],
              [
                105.679643,
                20.688318
              ],
              [
                105.679639,
                20.688349
              ],
              [
                105.679631,
                20.688387
              ],
              [
                105.679631,
                20.688388
              ],
              [
                105.679619,
                20.688428
              ],
              [
                105.679606,
                20.688465
              ],
              [
                105.679605,
                20.688465
              ],
              [
                105.679611,
                20.688557
              ],
              [
                105.679618,
                20.688649
              ],
              [
                105.679426,
                20.689269
              ],
              [
                105.679287,
                20.689372
              ],
              [
                105.67928,
                20.689399
              ],
              [
                105.679413,
                20.689508
              ],
              [
                105.679445,
                20.689534
              ],
              [
                105.679669,
                20.689678
              ],
              [
                105.679696,
                20.689737
              ],
              [
                105.679705,
                20.689756
              ],
              [
                105.679708,
                20.689761
              ],
              [
                105.679707,
                20.689764
              ],
              [
                105.679692,
                20.689815
              ],
              [
                105.679618,
                20.689875
              ],
              [
                105.67959,
                20.689897
              ],
              [
                105.679545,
                20.689984
              ],
              [
                105.67953,
                20.690056
              ],
              [
                105.679488,
                20.690092
              ],
              [
                105.679283,
                20.690218
              ],
              [
                105.679032,
                20.690406
              ],
              [
                105.678866,
                20.690497
              ],
              [
                105.678678,
                20.690585
              ],
              [
                105.67855,
                20.690734
              ],
              [
                105.67855,
                20.690813
              ],
              [
                105.67857,
                20.690846
              ],
              [
                105.678669,
                20.690893
              ],
              [
                105.678673,
                20.690894
              ],
              [
                105.678842,
                20.690916
              ],
              [
                105.678944,
                20.69093
              ],
              [
                105.679096,
                20.690973
              ],
              [
                105.679097,
                20.690973
              ],
              [
                105.679103,
                20.690975
              ],
              [
                105.6792,
                20.69102
              ],
              [
                105.679264,
                20.691086
              ],
              [
                105.67928,
                20.691111
              ],
              [
                105.679302,
                20.691146
              ],
              [
                105.679509,
                20.691368
              ],
              [
                105.67958,
                20.691394
              ],
              [
                105.679649,
                20.691394
              ],
              [
                105.679726,
                20.691362
              ],
              [
                105.679819,
                20.691355
              ],
              [
                105.679878,
                20.691357
              ],
              [
                105.679931,
                20.69133
              ],
              [
                105.679961,
                20.691294
              ],
              [
                105.679987,
                20.691237
              ],
              [
                105.680042,
                20.691175
              ],
              [
                105.680164,
                20.691141
              ],
              [
                105.680266,
                20.691133
              ],
              [
                105.680385,
                20.691164
              ],
              [
                105.680386,
                20.691164
              ],
              [
                105.680464,
                20.691216
              ],
              [
                105.680507,
                20.691275
              ],
              [
                105.680533,
                20.691311
              ],
              [
                105.680587,
                20.691416
              ],
              [
                105.680653,
                20.691509
              ],
              [
                105.680761,
                20.6916
              ],
              [
                105.680832,
                20.69169
              ],
              [
                105.680865,
                20.691769
              ],
              [
                105.680886,
                20.691848
              ],
              [
                105.680899,
                20.691919
              ],
              [
                105.680882,
                20.692128
              ],
              [
                105.680916,
                20.69224
              ],
              [
                105.681,
                20.692397
              ],
              [
                105.681003,
                20.692478
              ],
              [
                105.680988,
                20.692543
              ],
              [
                105.680961,
                20.692701
              ],
              [
                105.680985,
                20.69283
              ],
              [
                105.681059,
                20.693523
              ],
              [
                105.681057,
                20.693588
              ],
              [
                105.681129,
                20.693686
              ],
              [
                105.681342,
                20.694153
              ],
              [
                105.681592,
                20.694395
              ],
              [
                105.681765,
                20.694617
              ],
              [
                105.681929,
                20.694898
              ],
              [
                105.68195,
                20.694963
              ],
              [
                105.682068,
                20.695331
              ],
              [
                105.682107,
                20.695706
              ],
              [
                105.682108,
                20.695718
              ],
              [
                105.682056,
                20.695812
              ],
              [
                105.682054,
                20.695814
              ],
              [
                105.681968,
                20.695874
              ],
              [
                105.681694,
                20.696064
              ],
              [
                105.681693,
                20.696065
              ],
              [
                105.68162,
                20.696114
              ],
              [
                105.681512,
                20.696187
              ],
              [
                105.681501,
                20.696201
              ],
              [
                105.681424,
                20.696303
              ],
              [
                105.681422,
                20.696307
              ],
              [
                105.681372,
                20.696381
              ],
              [
                105.681338,
                20.696539
              ],
              [
                105.681294,
                20.696624
              ],
              [
                105.681141,
                20.696914
              ],
              [
                105.681087,
                20.69703
              ],
              [
                105.681036,
                20.697256
              ],
              [
                105.681057,
                20.697447
              ],
              [
                105.681116,
                20.697679
              ],
              [
                105.681143,
                20.697757
              ],
              [
                105.681209,
                20.69784
              ],
              [
                105.681317,
                20.697923
              ],
              [
                105.681463,
                20.698048
              ],
              [
                105.681609,
                20.698281
              ],
              [
                105.681766,
                20.698531
              ],
              [
                105.68184,
                20.698699
              ],
              [
                105.681855,
                20.698836
              ],
              [
                105.681851,
                20.698896
              ],
              [
                105.68175,
                20.699065
              ],
              [
                105.681525,
                20.699174
              ],
              [
                105.681252,
                20.699306
              ],
              [
                105.681124,
                20.699365
              ],
              [
                105.681025,
                20.699366
              ],
              [
                105.680927,
                20.69932
              ],
              [
                105.680921,
                20.699318
              ],
              [
                105.68092,
                20.699318
              ],
              [
                105.680708,
                20.699261
              ],
              [
                105.68053,
                20.699227
              ],
              [
                105.680422,
                20.69923
              ],
              [
                105.680315,
                20.699279
              ],
              [
                105.680239,
                20.699321
              ],
              [
                105.680127,
                20.699414
              ],
              [
                105.680079,
                20.699454
              ],
              [
                105.680053,
                20.699524
              ],
              [
                105.680037,
                20.699733
              ],
              [
                105.680003,
                20.699904
              ],
              [
                105.679885,
                20.70007
              ],
              [
                105.679817,
                20.700236
              ],
              [
                105.67982,
                20.700386
              ],
              [
                105.679851,
                20.700586
              ],
              [
                105.679832,
                20.700672
              ],
              [
                105.679802,
                20.700723
              ],
              [
                105.679707,
                20.700827
              ],
              [
                105.679643,
                20.70091
              ],
              [
                105.679464,
                20.700986
              ],
              [
                105.679266,
                20.701094
              ],
              [
                105.679134,
                20.701242
              ],
              [
                105.679039,
                20.70145
              ],
              [
                105.678918,
                20.701559
              ],
              [
                105.678905,
                20.701567
              ],
              [
                105.678631,
                20.701705
              ],
              [
                105.678527,
                20.701784
              ],
              [
                105.678357,
                20.701901
              ],
              [
                105.678328,
                20.701921
              ],
              [
                105.677945,
                20.7021
              ],
              [
                105.677609,
                20.702487
              ],
              [
                105.677611,
                20.702489
              ],
              [
                105.67758,
                20.702518
              ],
              [
                105.677482,
                20.702611
              ],
              [
                105.677042,
                20.702871
              ],
              [
                105.676883,
                20.70302
              ],
              [
                105.676856,
                20.703045
              ],
              [
                105.67654,
                20.703329
              ],
              [
                105.676476,
                20.70337
              ],
              [
                105.676322,
                20.703388
              ],
              [
                105.676053,
                20.703358
              ],
              [
                105.676052,
                20.703358
              ],
              [
                105.675793,
                20.703271
              ],
              [
                105.675696,
                20.703222
              ],
              [
                105.675566,
                20.703202
              ],
              [
                105.675355,
                20.703218
              ],
              [
                105.67487,
                20.70371
              ],
              [
                105.674521,
                20.70407
              ],
              [
                105.674373,
                20.704366
              ],
              [
                105.674329,
                20.704575
              ],
              [
                105.674317,
                20.704746
              ],
              [
                105.6743,
                20.704826
              ],
              [
                105.674283,
                20.704872
              ],
              [
                105.674138,
                20.704967
              ],
              [
                105.673955,
                20.705062
              ],
              [
                105.673648,
                20.705253
              ],
              [
                105.673398,
                20.705431
              ],
              [
                105.673268,
                20.705512
              ],
              [
                105.673072,
                20.705707
              ],
              [
                105.67299,
                20.705794
              ],
              [
                105.67299,
                20.705795
              ],
              [
                105.672915,
                20.70593
              ],
              [
                105.672515,
                20.706778
              ],
              [
                105.672515,
                20.706942
              ],
              [
                105.672494,
                20.707042
              ],
              [
                105.672456,
                20.707075
              ],
              [
                105.67241,
                20.707096
              ],
              [
                105.672256,
                20.707159
              ],
              [
                105.672104,
                20.707226
              ],
              [
                105.671974,
                20.707259
              ],
              [
                105.671854,
                20.707331
              ],
              [
                105.671724,
                20.707388
              ],
              [
                105.671628,
                20.70746
              ],
              [
                105.671534,
                20.707529
              ],
              [
                105.671409,
                20.707662
              ],
              [
                105.671235,
                20.707932
              ],
              [
                105.671169,
                20.708033
              ],
              [
                105.671085,
                20.708159
              ],
              [
                105.670906,
                20.708432
              ],
              [
                105.670672,
                20.708758
              ],
              [
                105.670656,
                20.708794
              ],
              [
                105.67066,
                20.708881
              ],
              [
                105.670689,
                20.709003
              ],
              [
                105.670693,
                20.709096
              ],
              [
                105.670642,
                20.709219
              ],
              [
                105.670513,
                20.709383
              ],
              [
                105.670428,
                20.709485
              ],
              [
                105.670197,
                20.709731
              ],
              [
                105.670115,
                20.709887
              ],
              [
                105.670099,
                20.709968
              ],
              [
                105.670097,
                20.710025
              ],
              [
                105.670148,
                20.710183
              ],
              [
                105.670222,
                20.710296
              ],
              [
                105.670336,
                20.710394
              ],
              [
                105.670378,
                20.710442
              ],
              [
                105.670397,
                20.710513
              ],
              [
                105.670372,
                20.710618
              ],
              [
                105.670265,
                20.710858
              ],
              [
                105.670154,
                20.71093
              ],
              [
                105.669939,
                20.710987
              ],
              [
                105.669723,
                20.71109
              ],
              [
                105.669568,
                20.711225
              ],
              [
                105.669429,
                20.711384
              ],
              [
                105.669344,
                20.71145
              ],
              [
                105.66922,
                20.711507
              ],
              [
                105.669107,
                20.711543
              ],
              [
                105.668827,
                20.711628
              ],
              [
                105.668695,
                20.711663
              ],
              [
                105.668405,
                20.711752
              ],
              [
                105.668291,
                20.711813
              ],
              [
                105.668275,
                20.711851
              ],
              [
                105.668286,
                20.712052
              ],
              [
                105.668251,
                20.712228
              ],
              [
                105.668242,
                20.712372
              ],
              [
                105.668262,
                20.712491
              ],
              [
                105.668297,
                20.712554
              ],
              [
                105.668415,
                20.71267
              ],
              [
                105.668543,
                20.71278
              ],
              [
                105.668552,
                20.712813
              ],
              [
                105.66854,
                20.71284
              ],
              [
                105.66841,
                20.712855
              ],
              [
                105.668178,
                20.712886
              ],
              [
                105.668073,
                20.712895
              ],
              [
                105.667988,
                20.712931
              ],
              [
                105.667984,
                20.712935
              ],
              [
                105.667983,
                20.712935
              ],
              [
                105.667952,
                20.712965
              ],
              [
                105.667909,
                20.713036
              ],
              [
                105.667852,
                20.713201
              ],
              [
                105.667815,
                20.713309
              ],
              [
                105.667856,
                20.713425
              ],
              [
                105.668017,
                20.713729
              ],
              [
                105.668182,
                20.713902
              ],
              [
                105.668052,
                20.713947
              ],
              [
                105.667834,
                20.714082
              ],
              [
                105.667777,
                20.714122
              ],
              [
                105.667739,
                20.714193
              ],
              [
                105.667724,
                20.71431
              ],
              [
                105.66775,
                20.714412
              ],
              [
                105.667803,
                20.714487
              ],
              [
                105.667862,
                20.714599
              ],
              [
                105.667862,
                20.71474
              ],
              [
                105.667838,
                20.714848
              ],
              [
                105.667916,
                20.715929
              ],
              [
                105.667484,
                20.715927
              ],
              [
                105.667027,
                20.715895
              ],
              [
                105.66673,
                20.715823
              ],
              [
                105.666725,
                20.715821
              ],
              [
                105.666723,
                20.715821
              ],
              [
                105.666494,
                20.715747
              ],
              [
                105.666325,
                20.715691
              ],
              [
                105.666169,
                20.71564
              ],
              [
                105.666107,
                20.715643
              ],
              [
                105.666027,
                20.715676
              ],
              [
                105.665971,
                20.715778
              ],
              [
                105.665923,
                20.715853
              ],
              [
                105.665819,
                20.715937
              ],
              [
                105.665651,
                20.715947
              ],
              [
                105.665403,
                20.716037
              ],
              [
                105.665264,
                20.716098
              ],
              [
                105.665172,
                20.716223
              ],
              [
                105.665097,
                20.716397
              ],
              [
                105.665081,
                20.716484
              ],
              [
                105.6651,
                20.716616
              ],
              [
                105.665117,
                20.716717
              ],
              [
                105.665183,
                20.716864
              ],
              [
                105.665214,
                20.717014
              ],
              [
                105.665199,
                20.717129
              ],
              [
                105.665128,
                20.717412
              ],
              [
                105.664984,
                20.717646
              ],
              [
                105.664916,
                20.717765
              ],
              [
                105.66486,
                20.717951
              ],
              [
                105.664845,
                20.718098
              ],
              [
                105.66488,
                20.718235
              ],
              [
                105.664907,
                20.718353
              ],
              [
                105.664907,
                20.718457
              ],
              [
                105.664851,
                20.718557
              ],
              [
                105.664703,
                20.718698
              ],
              [
                105.664414,
                20.718896
              ],
              [
                105.664288,
                20.718925
              ],
              [
                105.66414,
                20.718947
              ],
              [
                105.663812,
                20.718963
              ],
              [
                105.663648,
                20.719
              ],
              [
                105.663363,
                20.719144
              ],
              [
                105.663238,
                20.719288
              ],
              [
                105.663155,
                20.719432
              ],
              [
                105.663045,
                20.71959
              ],
              [
                105.662985,
                20.719881
              ],
              [
                105.662925,
                20.720186
              ],
              [
                105.662934,
                20.720351
              ],
              [
                105.663019,
                20.720623
              ],
              [
                105.663046,
                20.720723
              ],
              [
                105.663093,
                20.720915
              ],
              [
                105.663098,
                20.720922
              ],
              [
                105.663098,
                20.721047
              ],
              [
                105.662886,
                20.721084
              ],
              [
                105.662524,
                20.721128
              ],
              [
                105.662263,
                20.721281
              ],
              [
                105.662073,
                20.721483
              ],
              [
                105.661952,
                20.721516
              ],
              [
                105.661811,
                20.721574
              ],
              [
                105.661461,
                20.721823
              ],
              [
                105.66126,
                20.722003
              ],
              [
                105.661219,
                20.722157
              ],
              [
                105.661064,
                20.722739
              ],
              [
                105.660939,
                20.722997
              ],
              [
                105.66093,
                20.723015
              ],
              [
                105.660826,
                20.723294
              ],
              [
                105.660757,
                20.723669
              ],
              [
                105.660917,
                20.723754
              ],
              [
                105.661357,
                20.724025
              ],
              [
                105.66199,
                20.724416
              ],
              [
                105.66224,
                20.725535
              ],
              [
                105.662286,
                20.72566
              ],
              [
                105.662318,
                20.725672
              ],
              [
                105.662324,
                20.725675
              ],
              [
                105.66261,
                20.725648
              ],
              [
                105.662873,
                20.725676
              ],
              [
                105.662877,
                20.725676
              ],
              [
                105.662949,
                20.725712
              ],
              [
                105.663003,
                20.725801
              ],
              [
                105.662978,
                20.726088
              ],
              [
                105.662832,
                20.72682
              ],
              [
                105.6628,
                20.727251
              ],
              [
                105.662839,
                20.727383
              ],
              [
                105.663076,
                20.727687
              ],
              [
                105.66326,
                20.727866
              ],
              [
                105.663787,
                20.728479
              ],
              [
                105.664347,
                20.72977
              ],
              [
                105.664967,
                20.731206
              ],
              [
                105.665392,
                20.732354
              ],
              [
                105.665402,
                20.732376
              ],
              [
                105.665704,
                20.733007
              ],
              [
                105.666097,
                20.733588
              ],
              [
                105.666109,
                20.733598
              ],
              [
                105.666251,
                20.733913
              ],
              [
                105.666445,
                20.734114
              ],
              [
                105.666686,
                20.734365
              ],
              [
                105.666952,
                20.73477
              ],
              [
                105.667064,
                20.735054
              ],
              [
                105.667056,
                20.735058
              ],
              [
                105.668378,
                20.736103
              ],
              [
                105.669096,
                20.736957
              ],
              [
                105.66936,
                20.737047
              ],
              [
                105.670893,
                20.737077
              ],
              [
                105.67169,
                20.736148
              ],
              [
                105.673209,
                20.735479
              ],
              [
                105.67363,
                20.734331
              ],
              [
                105.674085,
                20.733911
              ],
              [
                105.674036,
                20.733466
              ],
              [
                105.674622,
                20.732676
              ],
              [
                105.674808,
                20.732609
              ],
              [
                105.675056,
                20.732601
              ],
              [
                105.676899,
                20.733828
              ],
              [
                105.677119,
                20.734099
              ],
              [
                105.677349,
                20.734211
              ],
              [
                105.67763,
                20.734212
              ],
              [
                105.678093,
                20.733772
              ],
              [
                105.67819,
                20.733522
              ],
              [
                105.678295,
                20.733442
              ],
              [
                105.678646,
                20.733191
              ],
              [
                105.678991,
                20.73344
              ],
              [
                105.679643,
                20.733761
              ],
              [
                105.679682,
                20.73383
              ],
              [
                105.680877,
                20.736695
              ],
              [
                105.6818,
                20.738911
              ],
              [
                105.681984,
                20.739352
              ],
              [
                105.681975,
                20.739627
              ],
              [
                105.681963,
                20.73984
              ],
              [
                105.681983,
                20.740232
              ],
              [
                105.681996,
                20.740813
              ],
              [
                105.682021,
                20.74146
              ],
              [
                105.68203,
                20.741771
              ],
              [
                105.682044,
                20.742034
              ],
              [
                105.682053,
                20.742344
              ],
              [
                105.682044,
                20.742576
              ],
              [
                105.682297,
                20.742607
              ],
              [
                105.682832,
                20.74281
              ],
              [
                105.683376,
                20.743023
              ],
              [
                105.683686,
                20.743252
              ],
              [
                105.684056,
                20.743589
              ],
              [
                105.684421,
                20.743924
              ],
              [
                105.684694,
                20.744126
              ],
              [
                105.684891,
                20.744216
              ],
              [
                105.685426,
                20.744464
              ],
              [
                105.685737,
                20.744594
              ],
              [
                105.685778,
                20.744704
              ],
              [
                105.68581,
                20.744861
              ],
              [
                105.685462,
                20.744976
              ],
              [
                105.685405,
                20.744994
              ],
              [
                105.68538,
                20.745001
              ],
              [
                105.685386,
                20.745068
              ],
              [
                105.68539,
                20.745122
              ],
              [
                105.685403,
                20.745257
              ],
              [
                105.685401,
                20.745341
              ],
              [
                105.685395,
                20.745367
              ],
              [
                105.68535,
                20.745425
              ],
              [
                105.685279,
                20.745503
              ],
              [
                105.685064,
                20.745709
              ],
              [
                105.684734,
                20.74604
              ],
              [
                105.684706,
                20.74608
              ],
              [
                105.684709,
                20.746113
              ],
              [
                105.684845,
                20.746653
              ],
              [
                105.684999,
                20.74726
              ],
              [
                105.684971,
                20.747272
              ],
              [
                105.684459,
                20.747649
              ],
              [
                105.683935,
                20.748048
              ],
              [
                105.683917,
                20.748047
              ],
              [
                105.683806,
                20.748267
              ],
              [
                105.683787,
                20.748294
              ],
              [
                105.683731,
                20.748307
              ],
              [
                105.683696,
                20.748315
              ],
              [
                105.683166,
                20.748437
              ],
              [
                105.683134,
                20.748444
              ],
              [
                105.6831,
                20.748451
              ],
              [
                105.683098,
                20.748519
              ],
              [
                105.683106,
                20.749241
              ],
              [
                105.683129,
                20.75026
              ],
              [
                105.683164,
                20.751115
              ],
              [
                105.683206,
                20.752299
              ],
              [
                105.683245,
                20.75313
              ],
              [
                105.683286,
                20.754061
              ],
              [
                105.683316,
                20.754912
              ],
              [
                105.683338,
                20.755561
              ],
              [
                105.683364,
                20.756229
              ],
              [
                105.683386,
                20.756903
              ],
              [
                105.683402,
                20.757452
              ],
              [
                105.683424,
                20.757916
              ],
              [
                105.683446,
                20.758493
              ],
              [
                105.683464,
                20.759169
              ],
              [
                105.683476,
                20.759655
              ],
              [
                105.683509,
                20.760215
              ],
              [
                105.683515,
                20.760539
              ],
              [
                105.683678,
                20.760444
              ],
              [
                105.684199,
                20.760099
              ],
              [
                105.685724,
                20.759115
              ],
              [
                105.686848,
                20.758554
              ],
              [
                105.68842,
                20.757888
              ],
              [
                105.68842,
                20.757889
              ],
              [
                105.688421,
                20.757892
              ],
              [
                105.688427,
                20.757911
              ],
              [
                105.688428,
                20.757915
              ],
              [
                105.68843,
                20.757922
              ],
              [
                105.688467,
                20.758048
              ],
              [
                105.688469,
                20.758056
              ],
              [
                105.688498,
                20.758157
              ],
              [
                105.688561,
                20.758373
              ],
              [
                105.688578,
                20.758431
              ],
              [
                105.688714,
                20.758896
              ],
              [
                105.688933,
                20.759659
              ],
              [
                105.68895,
                20.759718
              ],
              [
                105.68896,
                20.759754
              ],
              [
                105.688994,
                20.759871
              ],
              [
                105.689032,
                20.760005
              ],
              [
                105.689074,
                20.760153
              ],
              [
                105.689094,
                20.760223
              ],
              [
                105.689104,
                20.760257
              ],
              [
                105.689109,
                20.760276
              ],
              [
                105.689204,
                20.760608
              ],
              [
                105.689243,
                20.760746
              ],
              [
                105.689352,
                20.761125
              ],
              [
                105.689363,
                20.761165
              ],
              [
                105.689366,
                20.761175
              ],
              [
                105.68938,
                20.76122
              ],
              [
                105.689414,
                20.761336
              ],
              [
                105.689487,
                20.761588
              ],
              [
                105.689509,
                20.761662
              ],
              [
                105.689644,
                20.762122
              ],
              [
                105.689666,
                20.762199
              ],
              [
                105.689672,
                20.762219
              ],
              [
                105.689701,
                20.762319
              ],
              [
                105.689892,
                20.763027
              ],
              [
                105.690161,
                20.763728
              ],
              [
                105.690202,
                20.763949
              ],
              [
                105.690263,
                20.764069
              ],
              [
                105.690391,
                20.764497
              ],
              [
                105.690472,
                20.764799
              ],
              [
                105.690588,
                20.765306
              ],
              [
                105.691123,
                20.765278
              ],
              [
                105.69152,
                20.765254
              ],
              [
                105.692326,
                20.765202
              ],
              [
                105.692494,
                20.76516
              ],
              [
                105.694598,
                20.764995
              ],
              [
                105.695642,
                20.764905
              ],
              [
                105.696968,
                20.764794
              ],
              [
                105.699135,
                20.764599
              ],
              [
                105.701147,
                20.76442
              ],
              [
                105.701135,
                20.764345
              ],
              [
                105.701129,
                20.76421
              ],
              [
                105.700907,
                20.763016
              ],
              [
                105.700855,
                20.762709
              ],
              [
                105.70092,
                20.762692
              ],
              [
                105.70092,
                20.762692
              ]
            ]
          ]
        ]
      },
      "properties": {
        "code": "10465",
        "name": "Hồng Sơn",
        "nameEn": "Hong Son",
        "fullName": "Xã Hồng Sơn",
        "fullNameEn": "Hong Son Commune",
        "codeName": "hong_son",
        "postalCode": "13718",
        "postalCodePrefix": "",
        "gisServerId": "diaphanhanhchinhcapxa_2025.3212",
        "areaKm2": 54.38
      }
    }
  ]
}